year,season,date,habitat,night,web,trap,recap,species,sex,age,weight_g
1995,F,1995-10-24,JC,1,1,24,N,DIME,NA,NA,0
1995,F,1995-10-24,JC,1,1,48,N,DIME,F,A,40
1995,F,1995-10-24,JC,1,1,58,N,DIME,F,A,41
1995,F,1995-10-24,JC,1,1,72,N,DIME,F,A,37
1995,F,1995-10-24,JC,1,1,88,N,PELE,F,A,22
1995,F,1995-10-24,JC,1,1,107,N,DIME,F,A,41
1995,F,1995-10-24,JC,1,1,132,N,DIME,M,A,35
1995,F,1995-10-24,JC,1,1,133,N,DIME,M,A,44
1995,F,1995-10-24,JC,1,1,138,N,REME,M,A,12
1995,F,1995-10-24,JC,1,1,139,N,DIME,F,A,38
1995,F,1995-10-24,JC,1,1,143,N,DIME,M,A,37
1995,F,1995-10-24,JC,1,2,4,N,NEAL,F,A,160
1995,F,1995-10-24,JC,1,2,6,N,NEAL,F,A,178
1995,F,1995-10-24,JC,1,2,12,N,ONAR,M,A,18
1995,F,1995-10-24,JC,1,2,21,N,DIME,M,A,40
1995,F,1995-10-24,JC,1,2,36,N,DIME,M,A,37
1995,F,1995-10-24,JC,1,2,42,N,DIME,F,A,46
1995,F,1995-10-24,JC,1,2,48,N,DIME,F,A,38
1995,F,1995-10-24,JC,1,2,58,N,DIME,F,A,42
1995,F,1995-10-24,JC,1,2,59,N,DIME,F,A,40
1995,F,1995-10-24,JC,1,2,60,N,NEAL,NA,J,110
1995,F,1995-10-24,JC,1,2,72,N,DIME,M,A,43
1995,F,1995-10-24,JC,1,2,74,N,DIME,F,A,38
1995,F,1995-10-24,JC,1,2,79,N,PELE,F,A,24
1995,F,1995-10-24,JC,1,2,82,N,DIME,M,A,43
1995,F,1995-10-24,JC,1,2,83,N,DIME,M,A,42
1995,F,1995-10-24,JC,1,2,100,N,DIME,F,A,38
1995,F,1995-10-24,JC,1,2,132,N,DIME,M,A,43
1995,F,1995-10-24,JC,1,2,133,N,ONAR,F,A,0
1995,F,1995-10-24,JC,1,2,137,N,DIME,F,A,39
1995,F,1995-10-24,JC,1,2,144,N,DIME,M,A,46
1995,F,1995-10-24,JC,1,3,10,N,NEAL,F,A,205
1995,F,1995-10-24,JC,1,3,20,N,DIME,M,A,41
1995,F,1995-10-24,JC,1,3,23,N,DIME,F,A,39
1995,F,1995-10-24,JC,1,3,34,N,DIME,M,A,45
1995,F,1995-10-24,JC,1,3,36,N,DIME,M,A,42
1995,F,1995-10-24,JC,1,3,45,N,DIME,M,A,46
1995,F,1995-10-24,JC,1,3,47,N,DIME,F,A,47
1995,F,1995-10-24,JC,1,3,52,N,ONAR,M,A,18
1995,F,1995-10-24,JC,1,3,59,N,DIME,M,A,37
1995,F,1995-10-24,JC,1,3,70,N,DIME,NA,NA,0
1995,F,1995-10-24,JC,1,3,80,N,DIME,M,A,39
1995,F,1995-10-24,JC,1,3,82,N,DIME,M,A,36
1995,F,1995-10-24,JC,1,3,84,N,DIME,M,A,36
1995,F,1995-10-24,JC,1,3,87,N,ONAR,F,A,16
1995,F,1995-10-24,JC,1,3,99,N,REME,F,A,11
1995,F,1995-10-24,JC,1,3,100,N,DIME,M,A,38
1995,F,1995-10-24,JC,1,3,104,N,DIME,F,A,32
1995,F,1995-10-24,JC,1,3,107,N,DIME,M,A,46
1995,F,1995-10-24,JC,1,3,108,N,DIME,M,A,42
1995,F,1995-10-24,JC,1,3,114,N,PELE,F,A,30
1995,F,1995-10-24,JC,1,3,119,N,DIME,M,A,41
1995,F,1995-10-24,JC,1,3,134,N,NEAL,M,A,202
1995,F,1995-10-24,JC,1,3,139,N,DIME,M,A,39
1995,F,1995-10-24,JC,1,3,140,N,DIME,M,A,42
1995,F,1995-10-24,JC,1,3,144,N,DIME,M,A,46
1995,F,1995-10-25,JC,2,1,12,N,ONAR,F,A,17
1995,F,1995-10-25,JC,2,1,33,N,DIME,M,A,38
1995,F,1995-10-25,JC,2,1,43,N,CHPE,NA,NA,23
1995,F,1995-10-25,JC,2,1,47,N,ONAR,F,A,18
1995,F,1995-10-25,JC,2,1,55,N,NEAL,NA,J,85
1995,F,1995-10-25,JC,2,1,60,N,DIME,M,A,46
1995,F,1995-10-25,JC,2,1,69,N,SIHI,NA,NA,0
1995,F,1995-10-25,JC,2,1,71,N,DIME,F,A,51
1995,F,1995-10-25,JC,2,1,72,N,DIME,F,A,34
1995,F,1995-10-25,JC,2,1,81,N,DIME,M,A,39
1995,F,1995-10-25,JC,2,1,90,N,ONAR,F,A,17
1995,F,1995-10-25,JC,2,1,108,N,NEAL,M,A,145
1995,F,1995-10-25,JC,2,1,140,N,DIME,F,A,44
1995,F,1995-10-25,JC,2,1,143,N,PELE,NA,A,27
1995,F,1995-10-25,JC,2,2,11,N,DIME,F,A,41
1995,F,1995-10-25,JC,2,2,26,N,PELE,M,A,18
1995,F,1995-10-25,JC,2,2,36,N,ONAR,M,A,19
1995,F,1995-10-25,JC,2,2,45,N,DIME,F,A,39
1995,F,1995-10-25,JC,2,2,47,N,DIME,F,A,44
1995,F,1995-10-25,JC,2,2,48,N,SPSP,M,A,102
1995,F,1995-10-25,JC,2,2,55,N,ONAR,F,A,20
1995,F,1995-10-25,JC,2,2,68,N,PGFL,M,A,10
1995,F,1995-10-25,JC,2,2,104,N,REME,NA,NA,0
1995,F,1995-10-25,JC,2,2,107,N,PELE,M,A,22
1995,F,1995-10-25,JC,2,2,142,N,REME,F,A,20
1995,F,1995-10-25,JC,2,3,12,N,DIME,M,A,47
1995,F,1995-10-25,JC,2,3,70,N,SPSP,F,A,68
1995,F,1995-10-25,JC,2,3,105,N,DIME,F,A,44
1995,F,1995-10-25,JC,2,3,126,N,ONAR,NA,NA,18
1995,F,1995-10-25,JC,2,3,143,N,NEAL,NA,J,120
1995,F,1995-10-26,JC,3,1,7,N,NEAL,F,A,155
1995,F,1995-10-26,JC,3,1,18,N,NEAL,F,A,0
1995,F,1995-10-26,JC,3,1,21,N,DIME,NA,A,36
1995,F,1995-10-26,JC,3,1,34,N,NEAL,NA,J,80
1995,F,1995-10-26,JC,3,1,39,N,DIME,M,A,43
1995,F,1995-10-26,JC,3,1,41,N,DIME,F,A,39
1995,F,1995-10-26,JC,3,1,42,N,DIME,F,A,36
1995,F,1995-10-26,JC,3,1,47,N,DIME,NA,J,33
1995,F,1995-10-26,JC,3,1,58,N,NEAL,NA,J,130
1995,F,1995-10-26,JC,3,1,59,N,DIME,NA,NA,0
1995,F,1995-10-26,JC,3,1,83,N,NEAL,NA,J,80
1995,F,1995-10-26,JC,3,1,96,N,DIME,M,A,40
1995,F,1995-10-26,JC,3,1,107,N,NEAL,F,A,215
1995,F,1995-10-26,JC,3,1,117,N,DIME,F,A,38
1995,F,1995-10-26,JC,3,1,120,N,NEAL,M,A,198
1995,F,1995-10-26,JC,3,2,24,N,ONAR,F,A,0
1995,F,1995-10-26,JC,3,2,35,N,REME,M,A,10
1995,F,1995-10-26,JC,3,2,36,N,PGFL,M,A,9
1995,F,1995-10-26,JC,3,2,57,N,DIME,F,A,40
1995,F,1995-10-26,JC,3,2,83,N,NEAL,F,A,182
1995,F,1995-10-26,JC,3,2,100,N,ONAR,F,A,22
1995,F,1995-10-26,JC,3,2,120,N,NEAL,M,A,185
1995,F,1995-10-26,JC,3,3,8,N,REME,F,A,15
1995,F,1995-10-26,JC,3,3,20,N,DIME,F,A,42
1995,F,1995-10-26,JC,3,3,22,N,DIME,F,A,38
1995,F,1995-10-26,JC,3,3,24,N,ONAR,M,A,22
1995,F,1995-10-26,JC,3,3,27,N,NEAL,M,A,170
1995,F,1995-10-26,JC,3,3,40,N,NEAL,NA,J,125
1995,F,1995-10-26,JC,3,3,53,N,ONAR,F,A,19
1995,F,1995-10-26,JC,3,3,92,N,ONAR,M,A,16
1996,F,1996-10-17,JC,2,2,12,N,NEAL,F,A,155
1996,F,1996-10-17,JC,2,2,36,N,NEAL,NA,J,82
1996,F,1996-10-17,JC,2,2,55,N,DIME,M,A,54
1996,F,1996-10-17,JC,2,2,58,N,DIME,F,A,44
1996,F,1996-10-17,JC,2,2,59,N,NEAL,F,A,180
1996,F,1996-10-17,JC,2,2,61,N,ONAR,NA,J,11
1996,F,1996-10-17,JC,2,2,64,N,ONAR,F,A,12
1996,F,1996-10-17,JC,2,2,72,N,NEAL,M,A,190
1996,F,1996-10-17,JC,2,2,82,N,NEAL,NA,J,82
1996,F,1996-10-17,JC,2,2,96,N,DIME,NA,J,31
1996,F,1996-10-17,JC,2,2,103,N,PELE,M,A,18
1996,F,1996-10-17,JC,2,2,106,N,DIME,NA,J,25
1996,F,1996-10-17,JC,2,2,108,N,DIME,M,A,51
1996,F,1996-10-17,JC,2,2,114,N,NEAL,NA,J,85
1996,F,1996-10-17,JC,2,2,135,N,NEAL,M,A,235
1996,F,1996-10-17,JC,2,2,141,N,DIME,NA,J,24
1996,F,1996-10-17,JC,2,3,7,N,NEAL,NA,J,110
1996,F,1996-10-17,JC,2,3,12,N,NEAL,NA,J,91
1996,F,1996-10-17,JC,2,3,28,N,NEAL,M,A,190
1996,F,1996-10-17,JC,2,3,30,N,DIME,M,A,51
1996,F,1996-10-17,JC,2,3,31,N,DIME,NA,J,34
1996,F,1996-10-17,JC,2,3,40,N,SPSP,M,A,90
1996,F,1996-10-17,JC,2,3,54,N,DIME,M,A,50
1996,F,1996-10-17,JC,2,3,60,N,DIME,M,A,36
1996,F,1996-10-17,JC,2,3,68,N,NEAL,M,A,0
1996,F,1996-10-17,JC,2,3,83,N,NEAL,M,A,180
1996,F,1996-10-17,JC,2,3,84,N,DIME,NA,J,26
1996,F,1996-10-17,JC,2,3,96,N,NEAL,M,A,160
1996,F,1996-10-17,JC,2,3,103,N,NEAL,F,A,160
1996,F,1996-10-17,JC,2,3,105,N,NEAL,F,A,220
1996,F,1996-10-17,JC,2,3,118,N,DIME,NA,J,28
1996,F,1996-10-17,JC,2,3,131,N,DIME,F,A,48
1996,F,1996-10-17,JC,2,3,132,N,NEAL,NA,J,110
1996,F,1996-10-17,JC,2,3,137,N,ONAR,M,A,20
1996,F,1996-10-17,JC,2,3,139,N,DIME,NA,J,21
1996,F,1996-10-17,JC,2,3,140,N,DIME,F,A,44
1996,F,1996-10-17,JC,2,3,141,N,DIME,M,A,55
1996,F,1996-10-17,JC,2,3,143,N,ONAR,F,A,18
1996,F,1996-10-17,JC,2,3,144,N,CHPE,M,A,12
1996,F,1996-10-17,JC,2,1,11,N,DIME,M,A,48
1996,F,1996-10-17,JC,2,1,12,N,DIME,F,A,53
1996,F,1996-10-17,JC,2,1,25,N,DIME,M,A,46
1996,F,1996-10-17,JC,2,1,36,N,DIME,F,A,29
1996,F,1996-10-17,JC,2,1,60,N,DIME,F,A,30
1996,F,1996-10-17,JC,2,1,93,N,DIME,NA,J,21
1996,F,1996-10-17,JC,2,1,94,N,NEAL,F,A,175
1996,F,1996-10-17,JC,2,1,100,N,DIME,M,A,41
1996,F,1996-10-17,JC,2,1,120,N,NEAL,M,A,170
1996,F,1996-10-17,JC,2,1,126,N,ONAR,NA,J,34
1996,F,1996-10-18,JC,3,1,31,N,NEAL,NA,J,110
1996,F,1996-10-18,JC,3,1,49,N,PELE,M,A,22
1996,F,1996-10-18,JC,3,1,80,N,DIME,M,A,41
1996,F,1996-10-18,JC,3,1,84,N,ONAR,F,A,21
1996,F,1996-10-18,JC,3,1,96,N,DIME,M,A,37
1996,F,1996-10-18,JC,3,1,132,N,ONAR,M,A,20
1996,F,1996-10-18,JC,3,1,140,N,ONAR,F,A,19
1996,F,1996-10-18,JC,3,2,28,N,CHPE,M,A,13
1996,F,1996-10-18,JC,3,2,32,N,ONAR,M,A,14
1996,F,1996-10-18,JC,3,2,34,N,ONAR,M,A,22
1996,F,1996-10-18,JC,3,2,35,N,NEAL,F,A,125
1996,F,1996-10-18,JC,3,2,61,N,ONAR,F,A,14
1996,F,1996-10-18,JC,3,2,84,N,DIME,F,A,41
1996,F,1996-10-18,JC,3,2,127,N,ONAR,F,A,15
1996,F,1996-10-18,JC,3,2,133,N,CHPE,M,A,14
1996,F,1996-10-18,JC,3,2,143,N,ONAR,F,A,15
1996,F,1996-10-18,JC,3,3,22,N,NEAL,F,A,160
1996,F,1996-10-18,JC,3,3,36,N,DIME,M,A,54
1996,F,1996-10-18,JC,3,3,59,N,SPSP,M,A,91
1996,F,1996-10-18,JC,3,3,78,N,DIME,NA,J,34
1996,F,1996-10-18,JC,3,3,82,N,PELE,F,A,34
1996,F,1996-10-18,JC,3,3,90,N,PGFL,F,A,9
1996,F,1996-10-18,JC,3,3,92,N,DIME,F,A,42
1996,F,1996-10-18,JC,3,3,92,N,DIME,F,A,45
1996,F,1996-10-18,JC,3,3,93,N,DIME,F,A,42
1996,F,1996-10-18,JC,3,3,95,N,DIME,F,A,45
1996,F,1996-10-18,JC,3,3,103,N,CHPE,M,A,74
1996,F,1996-10-18,JC,3,3,128,N,ONAR,F,A,22
1996,F,1996-10-18,JC,3,3,130,N,DIME,F,A,55
1996,F,1996-10-18,JC,3,3,131,N,DIME,F,A,57
1996,F,1996-10-18,JC,3,3,132,N,NEAL,F,A,232
1996,F,1996-10-18,JC,3,3,139,N,DIME,NA,J,21
1997,F,1997-10-28,JC,1,1,2,N,DIME,M,A,37
1997,F,1997-10-28,JC,1,1,10,N,DIME,F,A,44
1997,F,1997-10-28,JC,1,1,11,N,DIME,F,A,39
1997,F,1997-10-28,JC,1,1,12,N,DIME,M,A,44
1997,F,1997-10-28,JC,1,1,19,N,DIME,F,A,43
1997,F,1997-10-28,JC,1,1,21,N,NEAL,NA,J,83
1997,F,1997-10-28,JC,1,1,22,N,ONAR,NA,J,16
1997,F,1997-10-28,JC,1,1,23,N,DIME,F,A,46
1997,F,1997-10-28,JC,1,1,31,N,DIME,M,A,46
1997,F,1997-10-28,JC,1,1,35,N,DIME,M,A,40
1997,F,1997-10-28,JC,1,1,36,N,DIME,F,A,43
1997,F,1997-10-28,JC,1,1,41,N,NEAL,F,A,152
1997,F,1997-10-28,JC,1,1,42,N,ONAR,NA,J,17
1997,F,1997-10-28,JC,1,1,46,N,DIME,M,A,48
1997,F,1997-10-28,JC,1,1,47,N,DIME,M,A,44
1997,F,1997-10-28,JC,1,1,48,N,DIME,F,A,41
1997,F,1997-10-28,JC,1,1,55,N,DIME,M,A,44
1997,F,1997-10-28,JC,1,1,57,N,DIME,F,A,45
1997,F,1997-10-28,JC,1,1,58,N,DIME,NA,J,38
1997,F,1997-10-28,JC,1,1,59,N,DIME,F,A,37
1997,F,1997-10-28,JC,1,1,60,N,DIME,M,A,46
1997,F,1997-10-28,JC,1,1,69,N,DIME,M,A,44
1997,F,1997-10-28,JC,1,1,70,N,DIME,M,A,39
1997,F,1997-10-28,JC,1,1,72,N,REME,M,A,12
1997,F,1997-10-28,JC,1,1,74,N,DIME,F,A,44
1997,F,1997-10-28,JC,1,1,82,N,DIME,F,A,38
1997,F,1997-10-28,JC,1,1,84,N,DIME,M,A,39
1997,F,1997-10-28,JC,1,1,86,N,DIME,F,A,44
1997,F,1997-10-28,JC,1,1,91,N,ONAR,F,A,19
1997,F,1997-10-28,JC,1,1,92,N,DIME,F,A,38
1997,F,1997-10-28,JC,1,1,93,N,NEAL,NA,J,120
1997,F,1997-10-28,JC,1,1,103,N,DIME,M,A,44
1997,F,1997-10-28,JC,1,1,105,N,DIME,M,A,37
1997,F,1997-10-28,JC,1,1,110,N,DIME,NA,J,36
1997,F,1997-10-28,JC,1,2,110,N,ONAR,M,A,20
1997,F,1997-10-28,JC,1,1,111,N,REME,F,A,12
1997,F,1997-10-28,JC,1,1,113,N,ONAR,F,A,22
1997,F,1997-10-28,JC,1,1,114,N,DIME,M,A,39
1997,F,1997-10-28,JC,1,1,116,N,SIHI,M,A,68
1997,F,1997-10-28,JC,1,1,117,N,NEAL,F,A,170
1997,F,1997-10-28,JC,1,1,120,N,DIME,M,A,38
1997,F,1997-10-28,JC,1,1,128,N,NEAL,F,A,230
1997,F,1997-10-28,JC,1,1,131,N,DIME,F,A,38
1997,F,1997-10-28,JC,1,1,132,N,NEAL,F,A,137
1997,F,1997-10-28,JC,1,1,136,N,DIME,M,A,41
1997,F,1997-10-28,JC,1,1,138,N,ONAR,F,A,19
1997,F,1997-10-28,JC,1,1,140,N,DIME,M,A,40
1997,F,1997-10-28,JC,1,1,141,N,DIME,NA,J,39
1997,F,1997-10-28,JC,1,1,142,N,DIME,F,A,37
1997,F,1997-10-28,JC,1,1,143,N,DIME,M,A,40
1997,F,1997-10-28,JC,1,1,144,N,REME,M,A,9
1997,F,1997-10-28,JC,1,1,89,N,DIME,M,A,39
1997,F,1997-10-28,JC,1,2,4,N,NEAL,M,A,175
1997,F,1997-10-28,JC,1,2,7,N,DIME,M,A,43
1997,F,1997-10-28,JC,1,2,9,N,DIME,M,A,39
1997,F,1997-10-28,JC,1,2,15,N,DIME,M,A,36
1997,F,1997-10-28,JC,1,2,18,N,DIME,F,A,39
1997,F,1997-10-28,JC,1,2,20,N,DIME,F,A,38
1997,F,1997-10-28,JC,1,2,21,N,PGFL,M,A,6
1997,F,1997-10-28,JC,1,2,24,N,DIME,M,A,43
1997,F,1997-10-28,JC,1,2,28,N,ONAR,F,A,27
1997,F,1997-10-28,JC,1,2,30,N,DIME,F,A,39
1997,F,1997-10-28,JC,1,2,32,N,DIME,F,A,46
1997,F,1997-10-28,JC,1,2,35,N,DIME,M,A,48
1997,F,1997-10-28,JC,1,2,36,N,DIME,M,A,50
1997,F,1997-10-28,JC,1,2,39,N,DIME,M,A,39
1997,F,1997-10-28,JC,1,2,47,N,DIME,M,A,38
1997,F,1997-10-28,JC,1,2,52,N,DIME,F,A,48
1997,F,1997-10-28,JC,1,2,55,N,DIME,M,A,41
1997,F,1997-10-28,JC,1,2,56,N,DIME,M,A,48
1997,F,1997-10-28,JC,1,2,57,N,DIME,F,A,37
1997,F,1997-10-28,JC,1,2,68,N,NEAL,F,A,0
1997,F,1997-10-28,JC,1,2,70,N,DIME,F,A,42
1997,F,1997-10-28,JC,1,2,72,N,DIME,M,A,37
1997,F,1997-10-28,JC,1,2,76,N,PELE,M,A,18
1997,F,1997-10-28,JC,1,2,78,N,DIME,M,A,41
1997,F,1997-10-28,JC,1,2,79,N,DIME,M,A,39
1997,F,1997-10-28,JC,1,2,83,N,DIME,M,A,37
1997,F,1997-10-28,JC,1,2,84,N,DIME,F,A,37
1997,F,1997-10-28,JC,1,2,86,N,DIME,F,A,37
1997,F,1997-10-28,JC,1,2,88,N,DIME,M,A,39
1997,F,1997-10-28,JC,1,2,90,N,NEAL,NA,J,95
1997,F,1997-10-28,JC,1,2,92,N,DIME,M,A,42
1997,F,1997-10-28,JC,1,2,93,N,DIME,M,A,41
1997,F,1997-10-28,JC,1,2,94,N,DIME,M,A,39
1997,F,1997-10-28,JC,1,2,95,N,DIME,M,A,43
1997,F,1997-10-28,JC,1,2,96,N,DIME,F,A,0
1997,F,1997-10-28,JC,1,2,99,N,ONAR,F,A,19
1997,F,1997-10-28,JC,1,2,100,N,PELE,F,A,28
1997,F,1997-10-28,JC,1,2,102,N,DIME,M,A,40
1997,F,1997-10-28,JC,1,2,103,N,PELE,NA,NA,0
1997,F,1997-10-28,JC,1,2,104,N,DIME,F,A,41
1997,F,1997-10-28,JC,1,2,105,N,DIME,M,A,48
1997,F,1997-10-28,JC,1,2,106,N,DIME,M,A,40
1997,F,1997-10-28,JC,1,2,108,N,DIME,M,A,45
1997,F,1997-10-28,JC,1,2,113,N,PGFL,F,A,5
1997,F,1997-10-28,JC,1,2,114,N,ONAR,F,A,17
1997,F,1997-10-28,JC,1,2,115,N,DIME,F,A,36
1997,F,1997-10-28,JC,1,2,120,N,DIME,M,A,38
1997,F,1997-10-28,JC,1,2,125,N,DIME,NA,NA,0
1997,F,1997-10-28,JC,1,2,129,N,NEAL,NA,J,98
1997,F,1997-10-28,JC,1,2,130,N,DIME,F,A,41
1997,F,1997-10-28,JC,1,2,132,N,DIME,M,A,45
1997,F,1997-10-28,JC,1,2,139,N,DIME,M,A,44
1997,F,1997-10-28,JC,1,2,141,N,DIME,F,A,46
1997,F,1997-10-28,JC,1,2,141,N,DIME,M,A,50
1997,F,1997-10-28,JC,1,2,142,N,DIME,NA,NA,0
1997,F,1997-10-28,JC,1,2,144,N,DIME,F,A,42
1997,F,1997-10-29,JC,2,2,108,N,DIME,M,A,52
1997,F,1997-10-28,JC,1,3,4,N,CHPE,M,A,14
1997,F,1997-10-28,JC,1,3,5,N,PELE,F,A,19
1997,F,1997-10-28,JC,1,3,6,N,DIME,F,A,46
1997,F,1997-10-28,JC,1,3,7,N,CHPE,F,A,15
1997,F,1997-10-28,JC,1,3,8,N,ONAR,M,A,17
1997,F,1997-10-28,JC,1,3,9,N,NEAL,NA,J,142
1997,F,1997-10-28,JC,1,3,10,N,DIME,M,A,44
1997,F,1997-10-28,JC,1,3,11,N,PELE,F,A,26
1997,F,1997-10-28,JC,1,3,12,N,DIME,F,A,46
1997,F,1997-10-28,JC,1,3,17,N,DIME,F,A,35
1997,F,1997-10-28,JC,1,3,18,N,DIME,M,A,42
1997,F,1997-10-28,JC,1,3,20,N,DIME,NA,J,36
1997,F,1997-10-28,JC,1,3,21,N,DIME,M,A,38
1997,F,1997-10-28,JC,1,3,24,N,NEAL,F,A,182
1997,F,1997-10-28,JC,1,3,26,N,DIME,NA,J,34
1997,F,1997-10-28,JC,1,3,30,N,PELE,M,A,19
1997,F,1997-10-28,JC,1,3,31,N,DIME,F,A,38
1997,F,1997-10-28,JC,1,3,34,N,DIME,NA,J,36
1997,F,1997-10-28,JC,1,3,36,N,DIME,F,A,42
1997,F,1997-10-28,JC,1,3,89,N,DIME,F,A,42
1997,F,1997-10-28,JC,1,3,42,N,DIME,M,A,39
1997,F,1997-10-28,JC,1,3,44,N,ONAR,M,A,22
1997,F,1997-10-28,JC,1,3,47,N,DIME,M,A,38
1997,F,1997-10-28,JC,1,3,48,N,DIME,F,A,43
1997,F,1997-10-28,JC,1,3,61,N,DIME,M,A,38
1997,F,1997-10-28,JC,1,3,65,N,DIME,M,A,37
1997,F,1997-10-28,JC,1,3,66,N,DIME,F,A,36
1997,F,1997-10-28,JC,1,3,67,N,PELE,F,A,19
1997,F,1997-10-28,JC,1,3,68,N,DIME,F,A,38
1997,F,1997-10-28,JC,1,3,70,N,DIME,M,A,44
1997,F,1997-10-28,JC,1,3,76,N,DIME,M,A,47
1997,F,1997-10-28,JC,1,3,78,N,DIME,M,A,48
1997,F,1997-10-28,JC,1,3,82,N,DIME,M,A,42
1997,F,1997-10-28,JC,1,3,83,N,DIME,F,A,43
1997,F,1997-10-28,JC,1,3,87,N,CHPE,F,A,9
1997,F,1997-10-28,JC,1,3,90,N,PGFL,M,A,6
1997,F,1997-10-28,JC,1,3,91,N,SIHI,M,A,58
1997,F,1997-10-28,JC,1,3,92,N,DIME,F,A,38
1997,F,1997-10-28,JC,1,3,93,N,DIME,NA,J,31
1997,F,1997-10-28,JC,1,3,95,N,DIME,M,A,45
1997,F,1997-10-28,JC,1,3,104,N,DIME,M,A,41
1997,F,1997-10-28,JC,1,3,105,N,DIME,NA,NA,0
1997,F,1997-10-28,JC,1,3,106,N,SIHI,F,A,58
1997,F,1997-10-28,JC,1,3,107,N,DIME,M,A,41
1997,F,1997-10-28,JC,1,3,118,N,DIME,F,A,44
1997,F,1997-10-28,JC,1,3,119,N,DIME,NA,J,0
1997,F,1997-10-28,JC,1,3,120,N,DIME,M,A,45
1997,F,1997-10-28,JC,1,3,122,N,NEAL,F,A,0
1997,F,1997-10-28,JC,1,3,125,N,ONAR,F,A,19
1997,F,1997-10-28,JC,1,3,127,N,DIME,NA,J,32
1997,F,1997-10-28,JC,1,3,130,N,DIME,M,A,45
1997,F,1997-10-28,JC,1,3,134,N,DIME,NA,J,32
1997,F,1997-10-28,JC,1,3,137,N,DIME,F,A,41
1997,F,1997-10-28,JC,1,3,140,N,ONAR,NA,NA,0
1997,F,1997-10-29,JC,2,1,32,N,DIME,F,A,46
1997,F,1997-10-29,JC,2,1,33,N,PGFL,M,A,6
1997,F,1997-10-29,JC,2,1,138,N,SIHI,F,A,75
1997,F,1997-10-29,JC,2,1,41,N,ONAR,M,A,19
1997,F,1997-10-29,JC,2,1,81,N,DIME,M,A,41
1997,F,1997-10-29,JC,2,1,84,N,DIME,M,A,42
1997,F,1997-10-29,JC,2,1,91,N,DIME,M,A,45
1997,F,1997-10-29,JC,2,1,100,N,PELE,NA,NA,0
1997,F,1997-10-29,JC,2,1,104,N,DIME,F,A,38
1997,F,1997-10-29,JC,2,1,110,N,PELE,F,A,19
1997,F,1997-10-29,JC,2,1,117,N,PGFL,M,A,6
1997,F,1997-10-29,JC,2,1,121,N,DIME,F,A,45
1997,F,1997-10-29,JC,2,1,132,N,DIME,F,A,38
1997,F,1997-10-29,JC,2,1,137,N,SIHI,M,A,56
1997,F,1997-10-29,JC,2,1,141,N,ONAR,F,A,23
1997,F,1997-10-29,JC,2,2,21,N,DIME,M,A,52
1997,F,1997-10-29,JC,2,2,25,N,DIME,M,A,42
1997,F,1997-10-29,JC,2,2,26,N,DIME,M,A,47
1997,F,1997-10-29,JC,2,2,30,N,DIME,M,A,48
1997,F,1997-10-29,JC,2,2,33,N,CHPE,M,A,13
1997,F,1997-10-29,JC,2,2,35,N,CHPE,F,A,14
1997,F,1997-10-29,JC,2,2,36,N,DIME,F,A,39
1997,F,1997-10-29,JC,2,2,47,N,SIHI,M,A,63
1997,F,1997-10-29,JC,2,2,57,N,SIHI,NA,NA,0
1997,F,1997-10-29,JC,2,2,67,N,CHPE,F,A,16
1997,F,1997-10-29,JC,2,2,72,N,DIME,M,A,38
1997,F,1997-10-29,JC,2,2,86,N,ONAR,NA,J,16
1997,F,1997-10-29,JC,2,2,88,N,ONAR,M,A,21
1997,F,1997-10-29,JC,2,2,92,N,DIME,M,A,39
1997,F,1997-10-29,JC,2,2,97,N,PELE,M,A,22
1997,F,1997-10-29,JC,2,2,104,N,CHPE,M,A,12
1997,F,1997-10-29,JC,2,2,106,N,NEAL,NA,J,95
1997,F,1997-10-29,JC,2,2,110,N,CHPE,F,A,13
1997,F,1997-10-29,JC,2,2,119,N,NEAL,NA,J,162
1997,F,1997-10-29,JC,2,2,128,N,DIME,F,A,40
1997,F,1997-10-29,JC,2,2,135,N,DIME,M,A,42
1997,F,1997-10-29,JC,2,3,7,N,DIME,M,A,0
1997,F,1997-10-29,JC,2,3,18,N,ONAR,NA,J,19
1997,F,1997-10-29,JC,2,3,21,N,ONAR,M,A,22
1997,F,1997-10-29,JC,2,3,22,N,DIME,M,A,41
1997,F,1997-10-29,JC,2,3,20,N,DIME,M,A,32
1997,F,1997-10-29,JC,2,3,44,N,SPSP,M,A,89
1997,F,1997-10-29,JC,2,3,45,N,DIME,F,A,36
1997,F,1997-10-29,JC,2,3,47,N,DIME,M,A,40
1997,F,1997-10-29,JC,2,3,49,N,DIME,NA,NA,0
1997,F,1997-10-29,JC,2,3,52,N,DIME,F,A,41
1997,F,1997-10-29,JC,2,3,53,N,DIME,F,A,40
1997,F,1997-10-29,JC,2,3,55,N,DIME,NA,NA,0
1997,F,1997-10-29,JC,2,3,56,N,DIME,M,A,39
1997,F,1997-10-29,JC,2,3,57,N,NEAL,M,A,190
1997,F,1997-10-29,JC,2,3,58,N,DIME,M,A,42
1997,F,1997-10-29,JC,2,3,60,N,DIME,F,A,38
1997,F,1997-10-29,JC,2,3,65,N,DIME,NA,J,21
1997,F,1997-10-29,JC,2,3,68,N,SIHI,F,A,80
1997,F,1997-10-29,JC,2,3,70,N,DIME,NA,NA,0
1997,F,1997-10-29,JC,2,3,100,N,DIME,M,A,39
1997,F,1997-10-29,JC,2,3,101,N,PELE,M,A,17
1997,F,1997-10-29,JC,2,3,102,N,DIME,F,A,40
1997,F,1997-10-29,JC,2,3,105,N,PGFL,F,A,6
1997,F,1997-10-29,JC,2,3,106,N,SIHI,M,A,62
1997,F,1997-10-29,JC,2,3,107,N,SIHI,M,A,80
1997,F,1997-10-29,JC,2,3,108,N,NEAL,F,A,220
1997,F,1997-10-29,JC,2,3,112,N,ONAR,F,A,19
1997,F,1997-10-29,JC,2,3,118,N,DIME,M,A,43
1997,F,1997-10-29,JC,2,3,120,N,DIME,M,A,0
1997,F,1997-10-29,JC,2,3,125,N,PELE,NA,J,14
1997,F,1997-10-29,JC,2,3,127,N,CHPE,M,A,12
1997,F,1997-10-29,JC,2,3,130,N,DIME,NA,NA,0
1997,F,1997-10-29,JC,2,3,143,N,DIME,F,A,38
1997,F,1997-10-30,JC,3,1,31,N,DIME,F,A,42
1997,F,1997-10-30,JC,3,1,40,N,NEAL,M,A,250
1997,F,1997-10-30,JC,3,1,45,N,DIME,F,A,36
1997,F,1997-10-30,JC,3,1,50,N,PELE,M,A,20
1997,F,1997-10-30,JC,3,1,60,N,SIHI,M,A,60
1997,F,1997-10-30,JC,3,1,75,N,PELE,NA,NA,0
1997,F,1997-10-30,JC,3,1,77,N,SIHI,M,A,36
1997,F,1997-10-30,JC,3,1,83,N,PGFL,F,A,8
1997,F,1997-10-30,JC,3,1,86,N,DIME,M,A,38
1997,F,1997-10-30,JC,3,1,91,N,DIME,F,A,35
1997,F,1997-10-30,JC,3,1,106,N,NEAL,F,A,210
1997,F,1997-10-30,JC,3,1,108,N,ONAR,F,A,22
1997,F,1997-10-30,JC,3,1,112,N,DIME,M,A,38
1997,F,1997-10-30,JC,3,1,116,N,SIHI,F,A,90
1997,F,1997-10-30,JC,3,1,141,N,DIME,NA,NA,0
1997,F,1997-10-30,JC,3,1,144,N,DIME,M,A,42
1997,F,1997-10-30,JC,3,2,29,N,NEAL,F,A,165
1997,F,1997-10-30,JC,3,2,33,N,DIME,NA,J,25
1997,F,1997-10-30,JC,3,2,39,N,ONAR,NA,NA,0
1997,F,1997-10-30,JC,3,2,45,N,DIME,M,A,40
1997,F,1997-10-30,JC,3,2,47,N,PGFL,M,A,6
1997,F,1997-10-30,JC,3,2,48,N,PELE,NA,J,16
1997,F,1997-10-30,JC,3,2,56,N,NEAL,F,A,205
1997,F,1997-10-30,JC,3,2,60,N,NEAL,M,A,230
1997,F,1997-10-30,JC,3,2,67,N,ONAR,F,A,27
1997,F,1997-10-30,JC,3,2,72,N,NEAL,M,A,200
1997,F,1997-10-30,JC,3,2,76,N,DIME,M,A,40
1997,F,1997-10-30,JC,3,2,77,N,SPSP,F,A,0
1997,F,1997-10-30,JC,3,2,81,N,NEAL,NA,J,36
1997,F,1997-10-30,JC,3,2,91,N,CHPE,F,A,15
1997,F,1997-10-30,JC,3,2,118,N,SIHI,F,A,59
1997,F,1997-10-30,JC,3,2,135,N,NEAL,M,A,230
1997,F,1997-10-30,JC,3,2,139,N,ONAR,M,A,19
1997,F,1997-10-30,JC,3,2,144,N,SIHI,M,A,60
1997,F,1997-10-30,JC,3,3,10,N,NEAL,F,A,160
1997,F,1997-10-30,JC,3,3,12,N,DIME,M,A,31
1997,F,1997-10-30,JC,3,3,52,N,DISP,F,A,120
1997,F,1997-10-30,JC,3,3,54,N,DIME,M,A,38
1997,F,1997-10-30,JC,3,3,60,N,DIME,M,A,42
1997,F,1997-10-30,JC,3,3,66,N,DIME,F,A,48
1997,F,1997-10-30,JC,3,3,76,N,DIME,M,A,40
1997,F,1997-10-30,JC,3,3,85,N,DIME,M,A,42
1997,F,1997-10-30,JC,3,3,97,N,DIME,M,A,39
1997,F,1997-10-30,JC,3,3,119,N,NEAL,F,A,235
1997,F,1997-10-30,JC,3,3,120,N,DIME,NA,NA,0
1997,F,1997-10-30,JC,3,3,138,N,DIME,M,A,42
1997,F,1997-10-30,JC,3,3,144,N,NEAL,M,A,120
1998,F,1998-10-29,JC,1,1,10,N,DIME,M,A,37
1998,F,1998-10-29,JC,1,1,24,N,DIME,NA,NA,0
1998,F,1998-10-29,JC,1,1,35,N,DIME,F,A,41
1998,F,1998-10-29,JC,1,1,43,N,DIME,M,A,48
1998,F,1998-10-29,JC,1,1,46,N,DIME,F,A,42
1998,F,1998-10-29,JC,1,1,48,N,NEAL,F,A,120
1998,F,1998-10-29,JC,1,1,67,N,DIME,M,A,41
1998,F,1998-10-29,JC,1,1,70,N,DIME,F,A,42
1998,F,1998-10-29,JC,1,1,72,N,DIME,M,A,36
1998,F,1998-10-29,JC,1,1,75,N,NEAL,M,A,139
1998,F,1998-10-29,JC,1,1,84,N,DIME,F,A,40
1998,F,1998-10-29,JC,1,1,90,N,SPSP,M,A,0
1998,F,1998-10-29,JC,1,1,108,N,DIME,F,A,39
1998,F,1998-10-29,JC,1,1,120,N,DIME,F,A,41
1998,F,1998-10-29,JC,1,1,140,N,NEAL,F,A,245
1998,F,1998-10-29,JC,1,1,142,N,DIME,M,A,39
1998,F,1998-10-29,JC,1,2,11,N,DIME,M,A,38
1998,F,1998-10-29,JC,1,2,22,N,DIME,M,A,38
1998,F,1998-10-29,JC,1,2,35,N,DIME,M,A,38
1998,F,1998-10-29,JC,1,2,36,N,DIME,F,A,40
1998,F,1998-10-29,JC,1,2,45,N,DIME,M,A,40
1998,F,1998-10-29,JC,1,2,47,N,NEAL,F,A,185
1998,F,1998-10-29,JC,1,2,48,N,DIME,M,A,39
1998,F,1998-10-29,JC,1,2,55,N,ONAR,NA,J,15
1998,F,1998-10-29,JC,1,2,60,N,DIME,M,A,44
1998,F,1998-10-29,JC,1,2,70,N,DIME,F,A,36
1998,F,1998-10-29,JC,1,2,76,N,DIME,M,A,41
1998,F,1998-10-29,JC,1,2,81,N,DIME,M,A,39
1998,F,1998-10-29,JC,1,2,83,N,CHPE,M,A,15
1998,F,1998-10-29,JC,1,2,84,N,DIME,M,A,39
1998,F,1998-10-29,JC,1,2,89,N,DIME,F,A,38
1998,F,1998-10-29,JC,1,2,91,N,DIME,M,A,43
1998,F,1998-10-29,JC,1,2,93,N,DIME,M,A,42
1998,F,1998-10-29,JC,1,2,94,N,NEAL,F,A,135
1998,F,1998-10-29,JC,1,2,95,N,DIME,M,A,42
1998,F,1998-10-29,JC,1,2,110,N,ONAR,F,A,21
1998,F,1998-10-29,JC,1,2,113,N,DIME,F,A,39
1998,F,1998-10-29,JC,1,2,114,N,DIME,M,A,42
1998,F,1998-10-29,JC,1,2,116,N,DIME,F,A,38
1998,F,1998-10-29,JC,1,2,141,N,REME,M,A,11
1998,F,1998-10-29,JC,1,2,143,N,DIME,M,A,42
1998,F,1998-10-29,JC,1,3,8,N,NEAL,F,A,165
1998,F,1998-10-29,JC,1,3,17,N,CHPE,M,A,12
1998,F,1998-10-29,JC,1,3,23,N,DIME,M,A,41
1998,F,1998-10-29,JC,1,3,34,N,DIME,F,A,41
1998,F,1998-10-29,JC,1,3,36,N,DIME,F,A,37
1998,F,1998-10-29,JC,1,3,41,N,DIME,F,A,37
1998,F,1998-10-29,JC,1,3,45,N,DIME,F,A,41
1998,F,1998-10-29,JC,1,3,55,N,DIME,M,A,44
1998,F,1998-10-29,JC,1,3,57,N,DIME,F,A,38
1998,F,1998-10-29,JC,1,3,59,N,DIME,F,A,42
1998,F,1998-10-29,JC,1,3,60,N,DIME,F,A,41
1998,F,1998-10-29,JC,1,3,67,N,DIME,F,A,43
1998,F,1998-10-29,JC,1,3,68,N,DIME,F,A,42
1998,F,1998-10-29,JC,1,3,70,N,DIME,F,A,40
1998,F,1998-10-29,JC,1,3,84,N,DIME,M,A,42
1998,F,1998-10-29,JC,1,3,94,N,DIME,M,A,43
1998,F,1998-10-29,JC,1,3,95,N,DIME,M,A,47
1998,F,1998-10-29,JC,1,3,105,N,DIME,M,A,42
1998,F,1998-10-29,JC,1,3,107,N,DIME,M,A,39
1998,F,1998-10-29,JC,1,3,108,N,SIHI,M,A,49
1998,F,1998-10-29,JC,1,3,131,N,DIME,M,A,41
1998,F,1998-10-29,JC,1,3,136,N,NEAL,M,A,192
1998,F,1998-10-29,JC,1,3,143,N,DIME,F,A,39
1998,F,1998-10-29,JC,1,3,144,N,DIME,M,A,48
1998,F,1998-10-30,JC,2,1,85,N,DIME,M,A,45
1998,F,1998-10-30,JC,2,1,93,N,DIME,F,A,36
1998,F,1998-10-30,JC,2,1,94,N,DIME,M,A,42
1998,F,1998-10-30,JC,2,1,120,N,SPSP,NA,J,72
1998,F,1998-10-30,JC,2,2,33,N,DIME,M,A,43
1998,F,1998-10-30,JC,2,2,48,N,DIME,M,A,45
1998,F,1998-10-30,JC,2,2,53,N,CHPE,M,A,11
1998,F,1998-10-30,JC,2,2,54,N,DIME,F,A,44
1998,F,1998-10-30,JC,2,2,60,N,DIME,F,A,41
1998,F,1998-10-30,JC,2,2,81,N,NEAL,F,A,120
1998,F,1998-10-30,JC,2,2,84,N,DIME,F,A,42
1998,F,1998-10-30,JC,2,2,105,N,DIME,M,A,44
1998,F,1998-10-30,JC,2,2,122,N,NEAL,M,A,168
1998,F,1998-10-30,JC,2,2,130,N,REME,M,A,11
1998,F,1998-10-30,JC,2,2,144,N,NEAL,F,A,220
1998,F,1998-10-30,JC,2,3,10,N,DIME,M,A,41
1998,F,1998-10-30,JC,2,3,11,N,DIME,M,A,43
1998,F,1998-10-30,JC,2,3,23,N,NEAL,M,A,164
1998,F,1998-10-30,JC,2,3,47,N,DIME,M,A,42
1998,F,1998-10-30,JC,2,3,57,N,NEAL,M,A,148
1998,F,1998-10-30,JC,2,3,89,N,CHPE,F,A,10
1998,F,1998-10-30,JC,2,3,96,N,DIME,M,A,39
1998,F,1998-10-30,JC,2,3,105,N,SIHI,F,A,41
1998,F,1998-10-30,JC,2,3,106,N,SIHI,M,A,48
1998,F,1998-10-30,JC,2,3,108,N,DIME,M,A,45
1998,F,1998-10-30,JC,2,3,143,N,DIME,F,A,42
1996,F,1996-10-16,JC,1,1,12,N,DIME,NA,NA,0
1996,F,1996-10-16,JC,1,1,15,N,DIME,NA,J,23
1996,F,1996-10-16,JC,1,1,32,N,DIME,M,A,43
1996,F,1996-10-16,JC,1,1,36,N,DIME,F,A,54
1996,F,1996-10-16,JC,1,1,41,N,DIME,M,A,47
1996,F,1996-10-16,JC,1,1,42,N,DIME,F,A,42
1996,F,1996-10-16,JC,1,1,45,N,ONAR,M,A,19
1996,F,1996-10-16,JC,1,1,48,N,NEAL,F,A,152
1996,F,1996-10-16,JC,1,1,70,N,NEAL,NA,J,81
1996,F,1996-10-16,JC,1,1,77,N,DIME,NA,J,26
1996,F,1996-10-16,JC,1,1,84,N,DIME,F,A,45
1996,F,1996-10-16,JC,1,1,86,N,PELE,M,A,21
1996,F,1996-10-16,JC,1,1,96,N,DIME,F,A,46
1996,F,1996-10-16,JC,1,1,103,N,ONAR,NA,J,16
1996,F,1996-10-16,JC,1,1,106,N,NEAL,NA,J,89
1996,F,1996-10-16,JC,1,1,108,N,DIME,NA,J,29
1996,F,1996-10-16,JC,1,1,120,N,DIME,F,A,42
1996,F,1996-10-16,JC,1,1,123,N,DIME,F,A,47
1996,F,1996-10-16,JC,1,1,129,N,DIME,M,A,54
1996,F,1996-10-16,JC,1,1,141,N,DIME,M,A,47
1996,F,1996-10-16,JC,1,1,144,N,NEAL,F,A,204
1996,F,1996-10-16,JC,1,2,5,N,NEAL,M,A,220
1996,F,1996-10-16,JC,1,2,11,N,DIME,M,A,45
1996,F,1996-10-16,JC,1,2,20,N,DIME,M,A,43
1996,F,1996-10-16,JC,1,2,24,N,DIME,NA,J,47
1996,F,1996-10-16,JC,1,2,30,N,NEAL,F,A,160
1996,F,1996-10-16,JC,1,2,33,N,DIME,F,A,49
1996,F,1996-10-16,JC,1,2,36,N,DIME,NA,J,42
1996,F,1996-10-16,JC,1,2,48,N,DIME,M,A,48
1996,F,1996-10-16,JC,1,2,53,N,DIME,F,A,50
1996,F,1996-10-16,JC,1,2,60,N,NEAL,M,A,185
1996,F,1996-10-16,JC,1,2,63,N,NEAL,NA,J,98
1996,F,1996-10-16,JC,1,2,64,N,DIME,NA,J,40
1996,F,1996-10-16,JC,1,2,67,N,DIME,NA,J,40
1996,F,1996-10-16,JC,1,2,68,N,ONAR,M,A,21
1996,F,1996-10-16,JC,1,2,72,N,DIME,NA,J,40
1996,F,1996-10-16,JC,1,2,79,N,DIME,M,A,51
1996,F,1996-10-16,JC,1,2,83,N,NEAL,F,A,180
1996,F,1996-10-16,JC,1,2,91,N,DIME,M,A,49
1996,F,1996-10-16,JC,1,2,100,N,ONAR,F,A,22
1996,F,1996-10-16,JC,1,2,104,N,DIME,F,A,50
1996,F,1996-10-16,JC,1,2,116,N,DIME,M,A,52
1996,F,1996-10-16,JC,1,2,118,N,NEAL,M,A,194
1996,F,1996-10-16,JC,1,2,120,N,DIME,M,A,43
1996,F,1996-10-16,JC,1,2,124,N,DIME,M,A,56
1996,F,1996-10-16,JC,1,2,128,N,DIME,NA,J,24
1996,F,1996-10-16,JC,1,2,133,N,DIME,F,A,52
1996,F,1996-10-16,JC,1,2,134,N,NEAL,NA,J,92
1996,F,1996-10-16,JC,1,2,139,N,ONAR,M,A,15
1996,F,1996-10-16,JC,1,2,141,N,ONAR,NA,J,0
1996,F,1996-10-16,JC,1,2,143,N,DIME,NA,J,35
1996,F,1996-10-16,JC,1,3,4,N,NEAL,M,A,180
1996,F,1996-10-16,JC,1,3,10,N,DIME,M,A,43
1996,F,1996-10-16,JC,1,3,11,N,NEAL,F,A,160
1996,F,1996-10-16,JC,1,3,12,N,CHPE,F,A,14
1996,F,1996-10-16,JC,1,3,20,N,DIME,M,A,53
1996,F,1996-10-16,JC,1,3,21,N,PELE,M,A,22
1996,F,1996-10-16,JC,1,3,22,N,ONAR,NA,J,16
1996,F,1996-10-16,JC,1,3,23,N,DIME,M,A,52
1996,F,1996-10-16,JC,1,3,27,N,DIME,NA,J,0
1996,F,1996-10-16,JC,1,3,28,N,NEAL,M,A,169
1996,F,1996-10-16,JC,1,3,33,N,DIME,F,A,57
1996,F,1996-10-16,JC,1,3,39,N,DIME,F,A,44
1996,F,1996-10-16,JC,1,3,40,N,DIME,NA,J,25
1996,F,1996-10-16,JC,1,3,53,N,DIME,F,A,47
1996,F,1996-10-16,JC,1,3,56,N,DIME,NA,A,0
1996,F,1996-10-16,JC,1,3,58,N,NEAL,M,A,0
1996,F,1996-10-16,JC,1,3,67,N,DIME,M,A,56
1996,F,1996-10-16,JC,1,3,70,N,DIME,F,A,41
1996,F,1996-10-16,JC,1,3,84,N,DIME,M,A,47
1996,F,1996-10-16,JC,1,3,86,N,ONAR,M,A,42
1996,F,1996-10-16,JC,1,3,89,N,DIME,NA,J,23
1996,F,1996-10-16,JC,1,3,92,N,CHPE,M,A,11
1996,F,1996-10-16,JC,1,3,93,N,DIME,NA,NA,0
1996,F,1996-10-16,JC,1,3,94,N,DIME,M,A,44
1996,F,1996-10-16,JC,1,3,95,N,DIME,M,A,49
1996,F,1996-10-16,JC,1,3,96,N,DIME,F,A,46
1996,F,1996-10-16,JC,1,3,100,N,DIME,NA,J,23
1996,F,1996-10-16,JC,1,3,103,N,SPSP,F,A,96
1996,F,1996-10-16,JC,1,3,104,N,DIME,F,A,42
1996,F,1996-10-16,JC,1,3,117,N,DIME,M,A,56
1996,F,1996-10-16,JC,1,3,131,N,DIME,M,A,57
1996,F,1996-10-16,JC,1,3,137,N,DIME,NA,NA,0
1996,F,1996-10-16,JC,1,3,140,N,SPSP,M,A,135
1996,F,1996-10-16,JC,1,3,143,N,DIME,F,A,44
1999,F,1999-10-06,JC,1,1,72,N,DIME,F,A,52
1999,F,1999-10-06,JC,1,1,105,N,DIME,M,A,46
1999,F,1999-10-06,JC,1,1,107,N,NEAL,NA,A,0
1999,F,1999-10-06,JC,1,1,120,N,DIME,NA,NA,0
1999,F,1999-10-06,JC,1,1,115,N,DIME,M,A,52
1999,F,1999-10-06,JC,1,1,113,N,ONAR,M,A,20
1999,F,1999-10-06,JC,1,1,109,N,DIME,NA,A,0
1999,F,1999-10-06,JC,1,1,125,N,DIME,M,A,58
1999,F,1999-10-06,JC,1,1,130,N,DIME,F,A,52
1999,F,1999-10-06,JC,1,1,144,N,DIME,F,A,55
1999,F,1999-10-06,JC,1,1,143,N,NEAL,NA,J,128
1999,F,1999-10-06,JC,1,2,37,N,NEAL,NA,J,127
1999,F,1999-10-06,JC,1,2,47,N,NEAL,NA,J,122
1999,F,1999-10-06,JC,1,2,60,N,NEAL,NA,J,72
1999,F,1999-10-06,JC,1,2,59,N,NEAL,F,A,205
1999,F,1999-10-06,JC,1,2,57,N,DIME,NA,NA,0
1999,F,1999-10-06,JC,1,2,64,N,DIME,F,A,48
1999,F,1999-10-06,JC,1,2,66,N,ONAR,M,A,29
1999,F,1999-10-06,JC,1,2,70,N,NEAL,NA,J,78
1999,F,1999-10-06,JC,1,2,84,N,DIME,NA,J,34
1999,F,1999-10-06,JC,1,2,81,N,NEAL,M,A,224
1999,F,1999-10-06,JC,1,2,79,N,NEAL,NA,J,104
1999,F,1999-10-06,JC,1,2,98,N,DIME,M,A,54
1999,F,1999-10-06,JC,1,3,134,N,NEAL,F,A,162
1999,F,1999-10-06,JC,1,3,137,N,DIME,F,A,50
1999,F,1999-10-06,JC,1,3,141,N,DIME,F,A,58
1999,F,1999-10-06,JC,1,3,12,N,DIME,M,A,46
1999,F,1999-10-06,JC,1,3,9,N,ONAR,F,A,22
1999,F,1999-10-06,JC,1,3,49,N,DIME,M,A,53
1999,F,1999-10-07,JC,2,1,77,N,NEAL,NA,J,80
1999,F,1999-10-07,JC,2,1,75,N,NEAL,NA,J,152
1999,F,1999-10-07,JC,2,1,110,N,DIME,M,A,46
1999,F,1999-10-07,JC,2,1,113,N,SPSP,M,A,0
1999,F,1999-10-07,JC,2,1,120,N,DIME,M,A,46
1999,F,1999-10-07,JC,2,1,36,N,DIME,M,A,52
1999,F,1999-10-07,JC,2,2,132,N,NEAL,M,A,186
1999,F,1999-10-07,JC,2,2,5,N,NEAL,NA,J,105
1999,F,1999-10-07,JC,2,2,11,N,DIME,F,A,54
1999,F,1999-10-07,JC,2,2,54,N,DIME,M,A,51
1999,F,1999-10-07,JC,2,2,71,N,NEAL,F,A,171
1999,F,1999-10-07,JC,2,2,66,N,DIME,F,A,47
1999,F,1999-10-07,JC,2,3,12,N,NEAL,NA,NA,0
1999,F,1999-10-07,JC,2,3,39,N,SPSP,M,A,0
1999,F,1999-10-07,JC,2,3,68,N,NEAL,M,A,163
1999,F,1999-10-07,JC,2,3,56,N,DISP,NA,J,82
1999,F,1999-10-07,JC,2,3,68,N,DIME,F,A,54
1999,F,1999-10-07,JC,2,3,70,N,DIME,F,A,68
1999,F,1999-10-07,JC,2,3,79,N,DIME,F,A,44
1999,F,1999-10-07,JC,2,3,100,N,NEAL,NA,J,102
1999,F,1999-10-07,JC,2,3,104,N,DIME,F,A,54
1999,F,1999-10-07,JC,2,3,107,N,SIHI,F,A,82
1999,F,1999-10-08,JC,3,1,113,N,SPSP,NA,J,42
1999,F,1999-10-08,JC,3,1,141,N,DIME,M,A,48
1999,F,1999-10-08,JC,3,2,8,N,DIME,M,A,46
1999,F,1999-10-08,JC,3,2,7,N,SPSP,M,A,92
1999,F,1999-10-08,JC,3,3,29,N,DIME,F,A,48
1999,F,1999-10-08,JC,3,3,4,N,SPSP,F,A,110
1999,F,1999-10-08,JC,3,3,9,N,SPSP,NA,J,102
1999,F,1999-10-08,JC,3,3,12,N,NEAL,NA,J,86
1999,F,1999-10-08,JC,3,3,24,N,NEAL,F,A,128
1999,F,1999-10-08,JC,3,3,19,N,DIME,NA,J,32
1999,F,1999-10-06,JC,1,1,62,N,DIME,NA,J,27
1999,F,1999-10-06,JC,1,1,82,N,DIME,M,A,50
1999,F,1999-10-06,JC,1,1,93,N,DIME,F,A,58
1999,F,1999-10-06,JC,1,1,57,N,DIME,M,A,50
1999,F,1999-10-06,JC,1,1,59,N,ONAR,F,A,20
1999,F,1999-10-06,JC,1,1,45,N,DIME,M,A,45
1999,F,1999-10-06,JC,1,2,131,N,DIME,M,A,55
1999,F,1999-10-06,JC,1,2,128,N,DIME,F,A,50
1999,F,1999-10-06,JC,1,2,127,N,DIME,NA,J,35
1999,F,1999-10-06,JC,1,2,108,N,DIME,M,A,61
1999,F,1999-10-06,JC,1,2,105,N,DIME,M,A,65
1999,F,1999-10-06,JC,1,2,103,N,DIME,NA,J,36
1999,F,1999-10-06,JC,1,2,102,N,DIME,F,A,42
1999,F,1999-10-06,JC,1,2,100,N,DIME,NA,J,35
1999,F,1999-10-06,JC,1,2,99,N,DIME,M,A,57
1999,F,1999-10-06,JC,1,3,87,N,ONAR,M,A,21
1999,F,1999-10-06,JC,1,3,76,N,DIME,F,A,48
1999,F,1999-10-06,JC,1,3,96,N,DIME,M,A,60
1999,F,1999-10-06,JC,1,3,107,N,NEAL,F,A,155
1999,F,1999-10-06,JC,1,3,102,N,NEAL,NA,J,0
1999,F,1999-10-07,JC,2,1,142,N,NEAL,NA,J,110
1999,F,1999-10-07,JC,2,1,11,N,DIME,NA,J,49
1999,F,1999-10-07,JC,2,1,9,N,NEAL,F,A,230
1999,F,1999-10-07,JC,2,2,96,N,NEAL,NA,A,0
1999,F,1999-10-07,JC,2,2,102,N,ONAR,NA,J,20
1999,F,1999-10-07,JC,2,3,18,N,DIME,M,A,55
1999,F,1999-10-07,JC,2,3,24,N,NEAL,F,A,225
1999,F,1999-10-07,JC,2,3,34,N,SPSP,M,A,89
1999,F,1999-10-07,JC,2,3,31,N,DIME,M,A,55
1999,F,1999-10-07,JC,2,3,92,N,NEAL,NA,NA,0
1999,F,1999-10-07,JC,2,3,96,N,DIME,M,A,47
1999,F,1999-10-08,JC,3,1,46,N,NEAL,NA,J,105
1999,F,1999-10-08,JC,3,1,32,N,DIME,M,A,53
1999,F,1999-10-08,JC,3,2,28,N,DIME,M,A,55
1999,F,1999-10-08,JC,3,2,35,N,NEAL,M,A,155
1999,F,1999-10-08,JC,3,3,36,N,DIME,NA,J,35
1999,F,1999-10-06,JC,1,1,31,N,DIME,M,A,52
1999,F,1999-10-06,JC,1,1,32,N,DIME,F,A,48
1999,F,1999-10-06,JC,1,1,33,N,DIME,F,A,49
1999,F,1999-10-06,JC,1,1,20,N,DIME,F,A,42
1999,F,1999-10-06,JC,1,1,19,N,DIME,F,A,49
1999,F,1999-10-06,JC,1,1,9,N,DIME,F,A,46
1999,F,1999-10-06,JC,1,2,30,N,DIME,F,A,56
1999,F,1999-10-06,JC,1,2,33,N,DIME,F,A,45
1999,F,1999-10-06,JC,1,2,19,N,DIME,M,A,47
1999,F,1999-10-06,JC,1,2,9,N,DIME,M,A,46
1999,F,1999-10-06,JC,1,2,91,N,DIME,M,A,48
1999,F,1999-10-06,JC,1,2,96,N,DIME,F,A,48
1999,F,1999-10-06,JC,1,3,17,N,DIME,NA,J,23
1999,F,1999-10-06,JC,1,3,19,N,DIME,F,A,46
1999,F,1999-10-06,JC,1,3,23,N,DIME,M,A,50
1999,F,1999-10-06,JC,1,3,58,N,DIME,M,A,56
1999,F,1999-10-06,JC,1,3,52,N,DIME,F,A,45
1999,F,1999-10-07,JC,2,1,59,N,SIHI,M,A,38
1999,F,1999-10-07,JC,2,1,42,N,DIME,F,A,42
1999,F,1999-10-07,JC,2,2,142,N,DIME,M,A,52
1999,F,1999-10-07,JC,2,2,28,N,DIME,NA,J,28
1999,F,1999-10-07,JC,2,2,42,N,DIME,M,A,40
1999,F,1999-10-07,JC,2,3,135,N,NEAL,NA,J,92
1999,F,1999-10-07,JC,2,3,131,N,DIME,M,A,50
1999,F,1999-10-07,JC,2,3,129,N,DIME,F,A,48
1999,F,1999-10-07,JC,2,3,128,N,DIME,M,A,54
1999,F,1999-10-07,JC,2,3,127,N,DIME,M,A,43
1999,F,1999-10-08,JC,3,1,114,N,DIME,F,A,42
1999,F,1999-10-08,JC,3,1,80,N,DIME,NA,J,29
1999,F,1999-10-08,JC,3,1,82,N,DIME,M,A,47
1999,F,1999-10-08,JC,3,1,96,N,DIME,M,A,47
1999,F,1999-10-08,JC,3,1,89,N,DIME,F,A,40
1999,F,1999-10-08,JC,3,2,103,N,DIME,NA,J,31
2000,F,2000-10-18,JC,1,1,77,N,DIME,F,A,46
2000,F,2000-10-18,JC,1,1,90,N,DIME,M,A,43
2000,F,2000-10-18,JC,1,1,93,N,DIME,M,A,48
2000,F,2000-10-18,JC,1,1,91,N,ONAR,M,A,18
2000,F,2000-10-18,JC,1,1,95,N,DIOR,M,A,44
2000,F,2000-10-18,JC,1,1,71,N,DIME,F,A,44
2000,F,2000-10-18,JC,1,1,70,N,DIME,F,A,42
2000,F,2000-10-18,JC,1,1,34,N,DIME,M,A,43
2000,F,2000-10-18,JC,1,1,35,N,DIME,F,A,42
2000,F,2000-10-18,JC,1,2,132,N,DIME,F,A,37
2000,F,2000-10-18,JC,1,2,128,N,DIME,F,A,41
2000,F,2000-10-18,JC,1,2,139,N,DIME,M,A,40
2000,F,2000-10-18,JC,1,2,141,N,DIME,F,A,38
2000,F,2000-10-18,JC,1,2,143,N,DIME,M,A,38
2000,F,2000-10-18,JC,1,2,144,N,NEAL,M,A,218
2000,F,2000-10-18,JC,1,2,7,N,DIME,F,A,41
2000,F,2000-10-18,JC,1,2,2,N,DIME,F,A,39
2000,F,2000-10-18,JC,1,2,39,N,DIME,M,A,40
2000,F,2000-10-18,JC,1,2,45,N,DIME,M,A,39
2000,F,2000-10-18,JC,1,2,47,N,SIHI,M,A,118
2000,F,2000-10-18,JC,1,2,48,N,NEAL,M,A,88
2000,F,2000-10-18,JC,1,2,58,N,DIME,M,A,38
2000,F,2000-10-18,JC,1,2,55,N,DIME,M,A,37
2000,F,2000-10-18,JC,1,2,50,N,DIME,M,A,45
2000,F,2000-10-18,JC,1,3,116,N,DIME,F,A,45
2000,F,2000-10-18,JC,1,3,113,N,CHPE,F,A,13
2000,F,2000-10-18,JC,1,3,145,N,NEAL,M,A,110
2000,F,2000-10-18,JC,1,3,127,N,DIME,M,A,39
2000,F,2000-10-18,JC,1,3,129,N,DIME,F,A,38
2000,F,2000-10-18,JC,1,3,131,N,DIME,F,A,43
2000,F,2000-10-18,JC,1,3,132,N,DIME,M,A,41
2000,F,2000-10-18,JC,1,3,143,N,DIME,M,A,38
2000,F,2000-10-18,JC,1,3,6,N,NEAL,NA,J,86
2000,F,2000-10-18,JC,1,3,8,N,DIME,M,A,43
2000,F,2000-10-18,JC,1,3,9,N,DIME,F,A,41
2000,F,2000-10-18,JC,1,3,23,N,DIME,M,A,43
2000,F,2000-10-18,JC,1,3,20,N,DIME,F,A,42
2000,F,2000-10-18,JC,1,3,18,N,NEAL,NA,J,98
2000,F,2000-10-18,JC,1,3,30,N,DIME,F,A,42
2000,F,2000-10-18,JC,1,3,33,N,DIME,F,A,43
2000,F,2000-10-19,JC,2,1,70,N,ONAR,F,A,22
2000,F,2000-10-19,JC,2,1,63,N,ONAR,F,A,18
2000,F,2000-10-19,JC,2,1,108,N,ONAR,M,A,19
2000,F,2000-10-19,JC,2,1,7,N,PELE,M,A,20
2000,F,2000-10-19,JC,2,1,121,N,REME,M,A,19
2000,F,2000-10-19,JC,2,2,132,N,ONAR,M,A,20
2000,F,2000-10-19,JC,2,2,127,N,SPSP,NA,J,78
2000,F,2000-10-19,JC,2,2,4,N,NEAL,F,A,75
2000,F,2000-10-19,JC,2,2,19,N,DIME,M,A,41
2000,F,2000-10-19,JC,2,2,55,N,DIME,M,A,40
2000,F,2000-10-19,JC,2,2,70,N,NEAL,F,A,175
2000,F,2000-10-19,JC,2,3,144,N,DIME,M,A,42
2000,F,2000-10-19,JC,2,3,69,N,ONAR,F,A,19
2000,F,2000-10-20,JC,3,1,71,N,PGFL,F,A,8
2000,F,2000-10-20,JC,3,1,68,N,SIHI,M,A,64
2000,F,2000-10-20,JC,3,1,76,N,DIME,M,A,46
2000,F,2000-10-20,JC,3,1,77,N,CHPE,F,A,12
2000,F,2000-10-20,JC,3,1,80,N,NEAL,M,A,189
2000,F,2000-10-20,JC,3,1,88,N,NEAL,NA,J,62
2000,F,2000-10-20,JC,3,1,117,N,SIHI,F,A,42
2000,F,2000-10-20,JC,3,1,113,N,NEAL,NA,J,65
2000,F,2000-10-20,JC,3,2,81,N,NEAL,NA,J,59
2000,F,2000-10-20,JC,3,2,26,N,NEAL,NA,J,38
2000,F,2000-10-20,JC,3,2,36,N,NEAL,NA,J,63
2000,F,2000-10-20,JC,3,2,140,N,NEAL,NA,J,64
2000,F,2000-10-20,JC,3,3,132,N,CHPE,F,A,12
2000,F,2000-10-20,JC,3,3,127,N,NEAL,M,A,122
2000,F,2000-10-20,JC,3,3,127,N,CHPE,M,A,13
2000,F,2000-10-20,JC,3,3,144,N,DIME,F,A,44
2000,F,2000-10-20,JC,3,3,48,N,SPSP,M,A,124
2000,F,2000-10-20,JC,3,3,60,N,CHPE,M,A,12
2000,F,2000-10-18,JC,1,1,112,N,DIME,F,A,28
2000,F,2000-10-18,JC,1,1,120,N,DIME,F,A,42
2000,F,2000-10-18,JC,1,1,105,N,DIME,M,A,42
2000,F,2000-10-18,JC,1,1,16,N,DIME,M,A,47
2000,F,2000-10-18,JC,1,1,22,N,DIME,M,A,45
2000,F,2000-10-18,JC,1,1,23,N,DIME,F,A,43
2000,F,2000-10-18,JC,1,1,11,N,DIME,M,A,48
2000,F,2000-10-18,JC,1,2,32,N,DIME,M,A,46
2000,F,2000-10-18,JC,1,2,33,N,DIME,F,A,40
2000,F,2000-10-18,JC,1,2,34,N,NEAL,M,A,160
2000,F,2000-10-18,JC,1,2,36,N,DIME,M,A,40
2000,F,2000-10-18,JC,1,2,19,N,DIME,M,A,40
2000,F,2000-10-18,JC,1,2,16,N,DIME,F,A,45
2000,F,2000-10-18,JC,1,2,81,N,DIME,M,A,41
2000,F,2000-10-18,JC,1,2,82,N,DIME,M,A,42
2000,F,2000-10-18,JC,1,3,97,N,DIME,M,A,36
2000,F,2000-10-18,JC,1,3,100,N,DIME,M,A,40
2000,F,2000-10-18,JC,1,3,107,N,DIME,F,A,45
2000,F,2000-10-18,JC,1,3,108,N,NEAL,F,A,210
2000,F,2000-10-18,JC,1,3,95,N,DIME,M,A,41
2000,F,2000-10-18,JC,1,3,94,N,ONAR,M,A,18
2000,F,2000-10-18,JC,1,3,87,N,ONAR,F,A,20
2000,F,2000-10-19,JC,2,1,80,N,DIME,F,A,40
2000,F,2000-10-19,JC,2,1,92,N,DIME,F,A,43
2000,F,2000-10-19,JC,2,1,144,N,DIME,F,A,39
2000,F,2000-10-19,JC,2,2,144,N,NEAL,F,A,95
2000,F,2000-10-19,JC,2,2,139,N,PGFL,M,A,14
2000,F,2000-10-19,JC,2,2,28,N,NEAL,NA,J,82
2000,F,2000-10-19,JC,2,2,35,N,NEAL,F,A,220
2000,F,2000-10-19,JC,2,2,36,N,NEAL,NA,NA,0
2000,F,2000-10-19,JC,2,2,80,N,SIHI,M,A,60
2000,F,2000-10-19,JC,2,3,10,N,DIME,M,A,39
2000,F,2000-10-19,JC,2,3,84,N,DIME,M,A,46
2000,F,2000-10-20,JC,3,2,51,N,DIME,F,A,54
2000,F,2000-10-20,JC,3,2,48,N,SIHI,M,A,79
2000,F,2000-10-20,JC,3,2,43,N,ONAR,M,A,16
2000,F,2000-10-20,JC,3,2,5,N,SIHI,F,A,96
2000,F,2000-10-20,JC,3,2,7,N,DIME,M,A,40
2000,F,2000-10-20,JC,3,2,9,N,DIME,F,A,41
2000,F,2000-10-20,JC,3,3,11,N,NEAL,M,A,160
2000,F,2000-10-20,JC,3,3,94,N,DIME,M,A,45
2000,F,2000-10-18,JC,1,1,142,N,DIME,F,A,46
2000,F,2000-10-18,JC,1,1,131,N,DIME,M,A,45
2000,F,2000-10-18,JC,1,1,130,N,DIME,M,A,45
2000,F,2000-10-18,JC,1,1,129,N,DIME,M,A,44
2000,F,2000-10-18,JC,1,1,59,N,DIME,M,A,47
2000,F,2000-10-18,JC,1,1,45,N,DIME,M,A,40
2000,F,2000-10-18,JC,1,1,43,N,DIME,F,A,48
2000,F,2000-10-18,JC,1,1,42,N,DIME,M,A,43
2000,F,2000-10-18,JC,1,1,109,N,PGFL,F,A,6
2000,F,2000-10-18,JC,1,2,44,N,DIME,M,A,46
2000,F,2000-10-18,JC,1,2,119,N,DIME,F,A,43
2000,F,2000-10-18,JC,1,2,120,N,DIME,M,A,47
2000,F,2000-10-18,JC,1,2,106,N,DIME,M,A,47
2000,F,2000-10-18,JC,1,2,105,N,DIME,F,A,39
2000,F,2000-10-18,JC,1,2,98,N,NEAL,NA,J,84
2000,F,2000-10-18,JC,1,2,88,N,DIME,F,A,45
2000,F,2000-10-18,JC,1,2,96,N,DIME,M,A,48
2000,F,2000-10-18,JC,1,2,84,N,DIME,F,A,45
2000,F,2000-10-18,JC,1,2,85,N,DIME,F,A,46
2000,F,2000-10-18,JC,1,3,79,N,DIME,F,A,45
2000,F,2000-10-18,JC,1,3,84,N,DIME,M,A,41
2000,F,2000-10-18,JC,1,3,70,N,DIME,M,A,44
2000,F,2000-10-18,JC,1,3,60,N,DIME,M,A,40
2000,F,2000-10-18,JC,1,3,59,N,DIME,M,A,41
2000,F,2000-10-18,JC,1,3,53,N,DIME,M,A,44
2000,F,2000-10-18,JC,1,3,43,N,DIME,M,A,42
2000,F,2000-10-18,JC,1,3,36,N,DIME,F,A,45
2000,F,2000-10-18,JC,1,3,35,N,DIME,M,A,44
2000,F,2000-10-19,JC,2,1,51,N,ONAR,M,A,29
2000,F,2000-10-19,JC,2,1,46,N,NEAL,F,A,160
2000,F,2000-10-19,JC,2,2,112,N,DIME,F,A,45
2000,F,2000-10-19,JC,2,2,114,N,ONAR,M,A,22
2000,F,2000-10-19,JC,2,2,116,N,DIME,F,A,44
2000,F,2000-10-19,JC,2,2,118,N,CHPE,M,A,14
2000,F,2000-10-19,JC,2,2,119,N,NEAL,F,A,120
2000,F,2000-10-19,JC,2,2,105,N,SPSP,F,A,98
2000,F,2000-10-19,JC,2,2,88,N,DIME,F,A,41
2000,F,2000-10-19,JC,2,2,91,N,DIME,M,A,45
2000,F,2000-10-19,JC,2,2,83,N,ONAR,M,A,21
2000,F,2000-10-19,JC,2,2,81,N,NEAL,F,A,220
2000,F,2000-10-19,JC,2,3,127,N,ONAR,M,A,19
2000,F,2000-10-19,JC,2,3,106,N,SIHI,M,A,62
2000,F,2000-10-19,JC,2,3,102,N,ONAR,M,A,20
2000,F,2000-10-20,JC,3,1,57,N,SIHI,M,A,75
2000,F,2000-10-20,JC,3,2,130,N,ONAR,M,A,31
2000,F,2000-10-20,JC,3,2,122,N,DIME,M,A,48
2000,F,2000-10-20,JC,3,2,103,N,DIME,M,A,46
2000,F,2000-10-20,JC,3,2,100,N,CHPE,F,A,16
2000,F,2000-10-20,JC,3,3,109,N,NEAL,F,A,248
2000,F,2000-10-20,JC,3,3,118,N,NEAL,NA,J,145
2000,F,2000-10-20,JC,3,3,106,N,SIHI,M,A,65
2001,F,2001-10-10,JC,2,1,31,N,DIME,F,A,43
2001,F,2001-10-10,JC,2,1,36,N,DIME,M,A,51
2001,F,2001-10-10,JC,2,2,144,N,NEAL,M,A,160
2001,F,2001-10-10,JC,2,2,139,N,DIME,M,A,44
2001,F,2001-10-10,JC,2,3,130,N,DIME,F,A,41
2001,F,2001-10-10,JC,2,3,129,N,DIME,M,A,44
2001,F,2001-10-10,JC,2,3,116,N,DIME,M,A,52
2001,F,2001-10-10,JC,2,3,117,N,NEAL,F,A,0
2001,F,2001-10-10,JC,2,3,119,N,CHPE,F,A,15
2001,F,2001-10-11,JC,3,1,15,N,DIME,F,A,41
2001,F,2001-10-11,JC,3,3,90,N,CHPE,F,A,12
2001,F,2001-10-11,JC,3,3,96,N,DIME,M,A,53
2001,F,2001-10-09,JC,1,1,107,N,DIME,M,A,42
2001,F,2001-10-09,JC,1,1,117,N,DIME,M,A,45
2001,F,2001-10-09,JC,1,1,114,N,DIME,M,A,45
2001,F,2001-10-09,JC,1,1,34,N,DIME,M,A,45
2001,F,2001-10-09,JC,1,1,31,N,DIME,M,A,46
2001,F,2001-10-09,JC,1,1,30,N,DIME,M,A,44
2001,F,2001-10-09,JC,1,2,50,N,DIME,F,A,46
2001,F,2001-10-09,JC,1,2,56,N,NEMI,NA,NA,0
2001,F,2001-10-09,JC,1,2,58,N,DIME,M,A,46
2001,F,2001-10-09,JC,1,2,72,N,DIME,F,A,46
2001,F,2001-10-09,JC,1,2,61,N,ONAR,M,A,25
2001,F,2001-10-09,JC,1,2,30,N,DIME,M,A,41
2001,F,2001-10-09,JC,1,2,33,N,DIME,M,A,46
2001,F,2001-10-09,JC,1,2,34,N,DIME,M,A,46
2001,F,2001-10-09,JC,1,2,35,N,DIME,F,A,42
2001,F,2001-10-09,JC,1,2,36,N,SPSP,M,A,137
2001,F,2001-10-09,JC,1,3,43,N,NEAL,NA,NA,0
2001,F,2001-10-09,JC,1,3,44,N,NEAL,M,A,104
2001,F,2001-10-09,JC,1,3,58,N,DIME,M,A,40
2001,F,2001-10-09,JC,1,3,55,N,NEAL,M,A,218
2001,F,2001-10-09,JC,1,3,54,N,DIME,M,A,47
2001,F,2001-10-09,JC,1,3,58,N,NEAL,M,A,110
2001,F,2001-10-10,JC,2,2,59,N,NEAL,M,A,182
2001,F,2001-10-10,JC,2,2,60,N,DIME,M,A,48
2001,F,2001-10-10,JC,2,2,72,N,DIME,M,A,47
2001,F,2001-10-10,JC,2,3,47,N,ONAR,M,A,21
2001,F,2001-10-10,JC,2,3,48,N,DIME,M,A,39
2001,F,2001-10-10,JC,2,3,83,N,NEAL,F,A,218
2001,F,2001-10-11,JC,3,2,48,N,NEAL,M,A,252
2001,F,2001-10-11,JC,3,2,46,N,NEAL,F,A,202
2001,F,2001-10-11,JC,3,2,44,N,DIME,M,A,46
2001,F,2001-10-11,JC,3,3,40,N,CHPE,M,A,14
2001,F,2001-10-09,JC,1,1,80,N,DIME,M,A,42
2001,F,2001-10-09,JC,1,1,92,N,NEAL,F,A,155
2001,F,2001-10-09,JC,1,1,90,N,NEAL,F,A,142
2001,F,2001-10-09,JC,1,1,57,N,DIME,F,A,43
2001,F,2001-10-09,JC,1,1,56,N,SPSP,NA,A,0
2001,F,2001-10-09,JC,1,1,95,N,NEAL,NA,J,95
2001,F,2001-10-09,JC,1,2,9,N,DIME,F,A,44
2001,F,2001-10-09,JC,1,2,5,N,NEAL,F,A,135
2001,F,2001-10-09,JC,1,2,16,N,ONAR,NA,J,18
2001,F,2001-10-09,JC,1,2,22,N,DIME,F,A,43
2001,F,2001-10-09,JC,1,2,24,N,DIME,M,A,40
2001,F,2001-10-09,JC,1,3,4,N,DIME,F,A,41
2001,F,2001-10-09,JC,1,3,12,N,DIME,M,A,43
2001,F,2001-10-09,JC,1,3,23,N,DIME,F,A,44
2001,F,2001-10-09,JC,1,3,36,N,DIME,M,A,43
2001,F,2001-10-10,JC,2,1,109,N,ONAR,M,A,16
2001,F,2001-10-10,JC,2,2,106,N,DIME,F,A,38
2001,F,2001-10-10,JC,2,2,104,N,SPSP,M,A,108
2001,F,2001-10-10,JC,2,2,24,N,DIME,M,A,44
2001,F,2001-10-10,JC,2,3,93,N,ONAR,F,A,16
2001,F,2001-10-10,JC,2,3,95,N,DIME,M,A,45
2001,F,2001-10-10,JC,2,3,96,N,DIME,M,A,40
2001,F,2001-10-10,JC,2,3,87,N,CHPE,M,A,15
2001,F,2001-10-11,JC,3,2,12,N,NEAL,F,A,158
2002,F,2002-10-09,JC,1,1,51,N,DIME,M,A,34
2002,F,2002-10-09,JC,1,1,60,N,DIME,M,A,51
2002,F,2002-10-09,JC,1,1,72,N,DIME,M,A,51
2002,F,2002-10-09,JC,1,1,66,N,DIME,F,A,46
2002,F,2002-10-09,JC,1,1,65,N,DIME,M,A,52
2002,F,2002-10-09,JC,1,2,60,N,NEAL,F,A,162
2002,F,2002-10-09,JC,1,2,70,N,DIME,F,A,37
2002,F,2002-10-09,JC,1,2,39,N,DIME,M,A,33
2002,F,2002-10-09,JC,1,2,30,N,DIOR,F,A,69
2002,F,2002-10-09,JC,1,2,35,N,DIME,M,A,55
2002,F,2002-10-09,JC,1,3,68,N,DIME,M,A,52
2002,F,2002-10-09,JC,1,3,65,N,DIME,F,A,37
2002,F,2002-10-09,JC,1,3,23,N,DIME,NA,J,32
2002,F,2002-10-09,JC,1,3,24,N,DIME,NA,J,30
2002,F,2002-10-09,JC,1,3,0,N,DIME,F,A,40
2002,F,2002-10-09,JC,1,3,9,N,DIME,F,A,41
2002,F,2002-10-10,JC,2,1,60,N,DIME,F,A,42
2002,F,2002-10-10,JC,2,1,43,N,ONAR,M,A,22
2002,F,2002-10-10,JC,2,2,83,N,DIME,F,A,35
2002,F,2002-10-10,JC,2,2,79,N,DIOR,M,A,62
2002,F,2002-10-10,JC,2,2,58,N,DIOR,M,A,60
2002,F,2002-10-10,JC,2,2,60,N,DIME,F,A,50
2002,F,2002-10-10,JC,2,2,34,N,DIME,M,A,51
2002,F,2002-10-10,JC,2,2,36,N,DIME,F,A,51
2002,F,2002-10-10,JC,2,3,70,N,DIME,F,A,40
2002,F,2002-10-10,JC,2,3,48,N,SPSP,F,A,70
2002,F,2002-10-10,JC,2,3,21,N,ONAR,M,A,18
2002,F,2002-10-10,JC,2,2,132,N,SPSP,F,A,70
2002,F,2002-10-11,JC,3,1,120,N,DIME,NA,J,25
2002,F,2002-10-11,JC,3,2,132,N,SPSP,M,A,83
2002,F,2002-10-11,JC,3,2,84,N,DIME,F,A,47
2002,F,2002-10-11,JC,3,2,81,N,DIOR,M,A,49
2002,F,2002-10-11,JC,3,3,108,N,NEAL,M,A,190
2002,F,2002-10-11,JC,3,3,92,N,SPSP,F,A,0
2002,F,2002-10-11,JC,3,3,82,N,DIME,M,A,48
2002,F,2002-10-11,JC,3,3,48,N,SPSP,F,A,73
2002,F,2002-10-09,JC,1,1,36,N,SPSP,NA,J,64
2002,F,2002-10-09,JC,1,1,38,N,DIME,F,A,49
2002,F,2002-10-09,JC,1,2,105,N,DIME,M,A,31
2002,F,2002-10-09,JC,1,2,104,N,DIME,M,A,49
2002,F,2002-10-09,JC,1,2,103,N,DIME,F,A,52
2002,F,2002-10-09,JC,1,2,102,N,DIME,M,A,51
2002,F,2002-10-09,JC,1,2,98,N,DIME,M,A,57
2002,F,2002-10-09,JC,1,2,5,N,DIME,F,A,38
2002,F,2002-10-09,JC,1,3,34,N,DIME,NA,J,32
2002,F,2002-10-09,JC,1,3,35,N,DIME,M,A,50
2002,F,2002-10-09,JC,1,3,48,N,DIME,F,A,49
2002,F,2002-10-09,JC,1,3,47,N,DIME,M,A,67
2002,F,2002-10-09,JC,1,3,140,N,DIME,M,A,44
2002,F,2002-10-10,JC,2,2,12,N,DIME,M,A,46
2002,F,2002-10-10,JC,2,2,2,N,DIME,M,A,32
2002,F,2002-10-10,JC,2,2,15,N,CHPE,M,A,15
2002,F,2002-10-10,JC,2,2,24,N,DIME,NA,J,20
2002,F,2002-10-10,JC,2,3,116,N,CHPE,M,A,15
2002,F,2002-10-10,JC,2,3,119,N,DIOR,M,A,63
2002,F,2002-10-10,JC,2,3,33,N,DIME,F,A,33
2002,F,2002-10-10,JC,2,3,24,N,DIME,F,A,48
2002,F,2002-10-11,JC,3,1,12,N,DIME,M,A,44
2002,F,2002-10-11,JC,3,2,33,N,DIME,M,A,37
2002,F,2002-10-11,JC,3,2,60,N,DIME,M,A,35
2002,F,2002-10-11,JC,3,3,119,N,CHPE,F,A,17
2002,F,2002-10-11,JC,3,3,143,N,DIME,F,A,49
2002,F,2002-10-11,JC,3,3,140,N,DIME,M,A,30
2002,F,2002-10-11,JC,3,3,8,N,CHPE,M,A,15
2002,F,2002-10-11,JC,3,3,9,N,ONAR,M,A,15
2002,F,2002-10-11,JC,3,3,23,N,DIME,F,A,47
2002,F,2002-10-11,JC,3,3,31,N,DIME,F,A,54
2002,F,2002-10-09,JC,1,1,138,N,ONAR,F,A,11
2002,F,2002-10-09,JC,1,1,141,N,DIME,M,A,49
2002,F,2002-10-09,JC,1,1,142,N,DIME,F,A,46
2002,F,2002-10-09,JC,1,1,128,N,DIME,F,A,38
2002,F,2002-10-09,JC,1,2,84,N,DIME,M,A,58
2002,F,2002-10-09,JC,1,2,96,N,DIME,M,A,56
2002,F,2002-10-09,JC,1,2,132,N,DIME,F,A,41
2002,F,2002-10-09,JC,1,2,12,N,DIME,F,A,42
2002,F,2002-10-09,JC,1,2,7,N,DIME,NA,J,25
2002,F,2002-10-09,JC,1,2,6,N,NEAL,M,A,110
2002,F,2002-10-09,JC,1,3,91,N,DIME,M,A,57
2002,F,2002-10-09,JC,1,3,84,N,DIME,F,A,48
2002,F,2002-10-09,JC,1,3,83,N,DIME,NA,J,24
2002,F,2002-10-09,JC,1,3,119,N,DIOR,F,A,64
2002,F,2002-10-09,JC,1,3,116,N,DIME,NA,J,32
2002,F,2002-10-10,JC,2,1,108,N,ONAR,F,A,24
2002,F,2002-10-10,JC,2,1,105,N,DIME,F,A,49
2002,F,2002-10-10,JC,2,1,18,N,DIME,M,A,32
2002,F,2002-10-10,JC,2,2,108,N,DIME,M,A,42
2002,F,2002-10-10,JC,2,2,98,N,DIME,F,A,42
2002,F,2002-10-10,JC,2,3,12,N,DIME,M,A,44
2002,F,2002-10-10,JC,2,3,144,N,DIME,NA,J,24
2002,F,2002-10-10,JC,2,3,141,N,DIME,M,A,44
2004,F,2004-10-19,JC,1,3,33,N,DIME,M,A,55
2004,F,2004-10-19,JC,1,3,35,N,DIME,M,A,42
2004,F,2004-10-19,JC,1,3,48,N,DIME,NA,J,28
2004,F,2004-10-19,JC,1,3,47,N,DIME,F,A,48
2004,F,2004-10-19,JC,1,3,44,N,DIME,M,A,49
2004,F,2004-10-19,JC,1,3,92,N,DIME,NA,NA,0
2004,F,2004-10-19,JC,1,3,94,N,DIME,M,A,41
2004,F,2004-10-19,JC,1,3,96,N,DIME,F,A,50
2004,F,2004-10-19,JC,1,2,56,N,DIME,NA,J,26
2004,F,2004-10-19,JC,1,2,59,N,DIME,M,A,56
2004,F,2004-10-19,JC,1,2,72,N,DIME,F,A,41
2004,F,2004-10-19,JC,1,2,81,N,DIME,NA,J,29
2004,F,2004-10-19,JC,1,2,83,N,DIME,M,A,58
2004,F,2004-10-19,JC,1,2,84,N,DIME,M,A,42
2004,F,2004-10-19,JC,1,2,94,N,DIME,NA,J,29
2004,F,2004-10-19,JC,1,2,116,N,DIME,NA,J,28
2004,F,2004-10-19,JC,1,1,45,N,DIME,NA,J,30
2004,F,2004-10-19,JC,1,1,48,N,DIME,M,A,49
2004,F,2004-10-19,JC,1,1,60,N,SPSP,M,A,92
2004,F,2004-10-19,JC,1,1,58,N,DIME,M,A,50
2004,F,2004-10-19,JC,1,1,88,N,DIME,NA,J,23
2004,F,2004-10-19,JC,1,1,93,N,DIME,F,A,42
2004,F,2004-10-19,JC,1,1,96,N,DIME,M,A,49
2004,F,2004-10-19,JC,1,1,107,N,DIME,F,A,0
2004,F,2004-10-19,JC,1,1,101,N,DIME,M,A,51
2004,F,2004-10-20,JC,2,3,145,N,CHPE,M,A,15
2004,F,2004-10-20,JC,2,3,32,N,CHPE,F,A,14
2004,F,2004-10-20,JC,2,3,33,N,SPSP,F,A,96
2004,F,2004-10-20,JC,2,3,14,N,CHPE,M,A,14
2004,F,2004-10-20,JC,2,3,16,N,CHPE,M,A,14
2004,F,2004-10-20,JC,2,3,22,N,CHPE,M,A,13
2004,F,2004-10-20,JC,2,2,97,N,CHPE,F,A,15
2004,F,2004-10-20,JC,2,2,102,N,ONAR,M,A,13
2004,F,2004-10-20,JC,2,2,128,N,CHPE,F,A,14
2004,F,2004-10-20,JC,2,1,83,N,DIME,M,A,41
2004,F,2004-10-21,JC,3,3,67,N,DIME,NA,J,28
2004,F,2004-10-21,JC,3,3,24,N,CHPE,F,A,13
2004,F,2004-10-21,JC,3,2,28,N,ONAR,F,A,23
2004,F,2004-10-21,JC,3,2,58,N,DIME,F,A,48
2004,F,2004-10-21,JC,3,1,56,N,CHPE,M,A,14
2004,F,2004-10-21,JC,3,1,94,N,CHPE,M,A,14
2004,F,2004-10-19,JC,1,3,12,N,DIME,F,A,47
2004,F,2004-10-19,JC,1,3,61,N,DIME,F,A,47
2004,F,2004-10-19,JC,1,3,106,N,NEAL,NA,J,95
2004,F,2004-10-19,JC,1,2,24,N,DIME,F,A,47
2004,F,2004-10-19,JC,1,2,141,N,CHPE,F,A,15
2004,F,2004-10-19,JC,1,2,99,N,CHPE,M,A,14
2004,F,2004-10-19,JC,1,2,102,N,ONAR,M,A,14
2004,F,2004-10-19,JC,1,1,112,N,DIME,NA,J,23
2004,F,2004-10-19,JC,1,1,117,N,DIME,F,A,37
2004,F,2004-10-19,JC,1,1,132,N,CHPE,F,A,12
2004,F,2004-10-20,JC,2,3,51,N,CHPE,M,A,15
2004,F,2004-10-20,JC,2,3,54,N,CHPE,M,A,13
2004,F,2004-10-20,JC,2,2,20,N,DIME,NA,J,23
2004,F,2004-10-20,JC,2,2,84,N,DIME,NA,J,33
2004,F,2004-10-19,JC,1,3,19,N,DIME,F,A,47
2004,F,2004-10-19,JC,1,3,24,N,DIME,M,A,58
2004,F,2004-10-19,JC,1,3,71,N,DIME,M,A,55
2004,F,2004-10-19,JC,1,3,68,N,DIME,F,A,59
2004,F,2004-10-19,JC,1,3,73,N,CHPE,F,A,17
2004,F,2004-10-19,JC,1,2,12,N,DIME,M,A,47
2004,F,2004-10-19,JC,1,2,22,N,DIME,M,A,54
2004,F,2004-10-19,JC,1,2,132,N,DIME,M,A,48
2004,F,2004-10-19,JC,1,2,105,N,DIME,F,A,51
2004,F,2004-10-19,JC,1,2,107,N,DIME,M,A,47
2004,F,2004-10-19,JC,1,1,69,N,DIME,M,A,54
2004,F,2004-10-19,JC,1,1,80,N,CHPE,M,A,16
2004,F,2004-10-19,JC,1,1,119,N,DIME,M,A,51
2004,F,2004-10-20,JC,2,3,72,N,DIME,M,A,50
2004,F,2004-10-20,JC,2,3,93,N,DIME,M,A,55
2004,F,2004-10-20,JC,2,3,94,N,DIME,M,A,52
2004,F,2004-10-20,JC,2,3,75,N,DIME,M,A,54
2004,F,2004-10-19,JC,1,2,128,N,DIME,NA,NA,0
2004,F,2004-10-19,JC,1,3,127,N,DIME,F,A,42
2004,F,2004-10-19,JC,1,3,130,N,DIME,F,A,41
2004,F,2004-10-19,JC,1,3,144,N,DIME,M,A,47
2004,F,2004-10-19,JC,1,3,138,N,DIME,M,A,44
2004,F,2004-10-19,JC,1,2,30,N,DIME,M,A,48
2004,F,2004-10-19,JC,1,2,33,N,CHPE,F,A,13
2004,F,2004-10-19,JC,1,2,35,N,NEAL,NA,J,115
2004,F,2004-10-19,JC,1,2,48,N,NEAL,NA,A,192
2004,F,2004-10-19,JC,1,2,38,N,DIME,F,A,42
2004,F,2004-10-19,JC,1,2,37,N,CHPE,M,A,12
2004,F,2004-10-19,JC,1,1,21,N,DIME,M,A,48
2004,F,2004-10-19,JC,1,1,22,N,DIME,M,A,41
2004,F,2004-10-19,JC,1,1,143,N,DIME,F,A,39
2004,F,2004-10-20,JC,2,3,117,N,CHPE,M,A,15
2004,F,2004-10-20,JC,2,3,129,N,CHPE,M,A,16
2004,F,2004-10-20,JC,2,3,142,N,DIME,M,A,55
2004,F,2004-10-20,JC,2,3,144,N,CHPE,M,A,14
2004,F,2004-10-20,JC,2,2,33,N,CHPE,M,A,14
2004,F,2004-10-20,JC,2,2,34,N,DIME,NA,J,30
2004,F,2004-10-20,JC,2,2,7,N,DIME,M,A,37
2004,F,2004-10-20,JC,2,1,140,N,DIME,NA,J,29
2004,F,2004-10-20,JC,2,1,143,N,DIME,M,A,44
2004,F,2004-10-20,JC,2,1,12,N,DIME,NA,NA,0
2004,F,2004-10-20,JC,2,1,9,N,SPSP,NA,J,83
2004,F,2004-10-20,JC,2,1,7,N,CHPE,M,A,14
2004,F,2004-10-21,JC,3,3,138,N,DIME,NA,J,29
2004,F,2004-10-21,JC,3,3,94,N,CHPE,M,A,33
2004,F,2004-10-21,JC,3,2,99,N,ONAR,M,A,0
2004,F,2004-10-21,JC,3,2,105,N,CHPE,M,A,114
2004,F,2004-10-21,JC,3,2,144,N,DIME,F,A,36
2004,F,2004-10-21,JC,3,1,22,N,CHPE,M,A,12
2004,F,2004-10-21,JC,3,1,2,N,CHPE,F,A,11
2005,F,2005-09-28,JC,1,1,85,N,DIME,M,A,47
2005,F,2005-09-28,JC,1,1,105,N,DIME,M,A,47
2005,F,2005-09-28,JC,1,1,98,N,PELE,F,A,25
2005,F,2005-09-28,JC,1,1,66,N,DIME,M,A,35
2005,F,2005-09-28,JC,1,1,68,N,DIME,M,A,49
2005,F,2005-09-28,JC,1,1,17,N,PELE,M,A,22
2005,F,2005-09-28,JC,1,1,24,N,SPSP,NA,NA,0
2005,F,2005-09-28,JC,1,1,25,N,PGFL,M,A,7
2005,F,2005-09-28,JC,1,2,80,N,SIHI,F,A,75
2005,F,2005-09-28,JC,1,2,83,N,DIME,NA,J,24
2005,F,2005-09-28,JC,1,2,96,N,DIME,M,A,53
2005,F,2005-09-28,JC,1,2,94,N,DIME,F,A,45
2005,F,2005-09-28,JC,1,2,5,N,DIME,F,A,32
2005,F,2005-09-28,JC,1,2,7,N,DIME,F,A,44
2005,F,2005-09-28,JC,1,2,24,N,DIME,M,A,48
2005,F,2005-09-28,JC,1,3,70,N,DIME,F,A,60
2005,F,2005-09-28,JC,1,3,62,N,PGFL,NA,NA,0
2005,F,2005-09-28,JC,1,3,23,N,SIHI,M,A,84
2005,F,2005-09-28,JC,1,3,31,N,DIME,M,A,54
2005,F,2005-09-28,JC,1,3,15,N,DIME,F,A,41
2005,F,2005-09-29,JC,2,3,144,N,DIME,M,A,54
2005,F,2005-09-29,JC,2,3,142,N,PGFL,M,A,7
2005,F,2005-09-29,JC,2,3,133,N,PGFL,F,A,8
2005,F,2005-09-29,JC,2,3,32,N,CHPE,M,A,16
2005,F,2005-09-29,JC,2,3,34,N,DIME,M,A,52
2005,F,2005-09-29,JC,2,3,45,N,CHPE,F,A,17
2005,F,2005-09-29,JC,2,3,41,N,PELE,F,A,23
2005,F,2005-09-29,JC,2,2,80,N,SIHI,M,A,110
2005,F,2005-09-29,JC,2,2,88,N,NEAL,F,A,140
2005,F,2005-09-29,JC,2,2,125,N,DIME,M,A,61
2005,F,2005-09-29,JC,2,2,126,N,ONAR,M,A,20
2005,F,2005-09-29,JC,2,2,129,N,PELE,NA,J,16
2005,F,2005-09-29,JC,2,1,63,N,CHPE,M,A,16
2005,F,2005-09-29,JC,2,1,112,N,DIME,NA,J,33
2005,F,2005-09-30,JC,3,1,132,N,DIME,F,A,47
2005,F,2005-09-30,JC,3,2,91,N,ONAR,M,A,20
2005,F,2005-09-30,JC,3,2,48,N,SIHI,NA,J,22
2005,F,2005-09-30,JC,3,3,60,N,DIME,F,A,38
2005,F,2005-09-30,JC,3,3,70,N,PGFL,F,A,12
2005,F,2005-09-30,JC,3,3,67,N,DIME,M,A,38
2005,F,2005-09-30,JC,3,3,1,N,DIME,M,A,48
2005,F,2005-09-30,JC,3,3,6,N,ONAR,F,A,19
2005,F,2005-09-30,JC,3,3,8,N,NEAL,F,A,185
2005,F,2005-09-30,JC,3,3,9,N,PGFL,F,A,8
2005,F,2005-09-28,JC,1,1,37,N,DIME,M,A,30
2005,F,2005-09-28,JC,1,1,43,N,PGFL,M,A,6
2005,F,2005-09-28,JC,1,1,58,N,DIME,M,A,53
2005,F,2005-09-28,JC,1,1,56,N,PGFL,M,A,6
2005,F,2005-09-28,JC,1,1,54,N,DIME,M,A,42
2005,F,2005-09-28,JC,1,1,50,N,PELE,M,A,21
2005,F,2005-09-28,JC,1,2,50,N,DIME,M,A,42
2005,F,2005-09-28,JC,1,2,70,N,DIME,M,A,39
2005,F,2005-09-28,JC,1,2,69,N,DIME,F,A,51
2005,F,2005-09-28,JC,1,2,28,N,PELE,NA,J,15
2005,F,2005-09-28,JC,1,2,31,N,DIME,F,A,49
2005,F,2005-09-28,JC,1,2,48,N,SIHI,F,A,85
2005,F,2005-09-28,JC,1,2,42,N,DIME,M,A,49
2005,F,2005-09-28,JC,1,2,39,N,DIME,NA,NA,0
2005,F,2005-09-28,JC,1,3,94,N,DIME,M,A,47
2005,F,2005-09-28,JC,1,3,129,N,DIME,M,A,40
2005,F,2005-09-28,JC,1,3,130,N,DIME,M,A,42
2005,F,2005-09-28,JC,1,3,143,N,DIME,M,A,44
2005,F,2005-09-28,JC,1,3,140,N,CHPE,M,A,14
2005,F,2005-09-28,JC,1,3,139,N,DIME,F,A,47
2005,F,2005-09-28,JC,1,3,135,N,NEAL,M,A,155
2005,F,2005-09-29,JC,2,3,23,N,DIME,M,A,48
2005,F,2005-09-29,JC,2,3,75,N,CHPE,M,A,12
2005,F,2005-09-29,JC,2,3,82,N,CHPE,M,A,12
2005,F,2005-09-29,JC,2,3,83,N,DIME,M,A,40
2005,F,2005-09-29,JC,2,3,92,N,SIHI,NA,NA,0
2005,F,2005-09-29,JC,2,3,37,N,DIME,M,A,38
2005,F,2005-09-29,JC,2,2,32,N,CHPE,M,A,11
2005,F,2005-09-29,JC,2,2,97,N,PGFL,F,A,8
2005,F,2005-09-29,JC,2,2,106,N,PGFL,F,A,7
2005,F,2005-09-29,JC,2,2,118,N,DIME,F,A,50
2005,F,2005-09-29,JC,2,2,109,N,PGFL,M,A,6
2005,F,2005-09-29,JC,2,2,138,N,PGFL,M,A,7
2005,F,2005-09-29,JC,2,2,15,N,DIME,M,A,39
2005,F,2005-09-29,JC,2,1,21,N,SIHI,M,A,80
2005,F,2005-09-29,JC,2,1,34,N,DIME,M,A,49
2005,F,2005-09-29,JC,2,1,32,N,DIME,M,A,38
2005,F,2005-09-29,JC,2,1,135,N,CHPE,NA,J,5
2005,F,2005-09-29,JC,2,1,138,N,SIHI,NA,NA,0
2005,F,2005-09-30,JC,3,1,38,N,ONAR,F,A,29
2005,F,2005-09-30,JC,3,1,41,N,PGFL,M,A,7
2005,F,2005-09-30,JC,3,1,45,N,DIME,NA,NA,0
2005,F,2005-09-30,JC,3,1,48,N,DIME,M,A,40
2005,F,2005-09-30,JC,3,1,20,N,PGFL,M,A,8
2005,F,2005-09-30,JC,3,2,54,N,DIME,NA,NA,0
2005,F,2005-09-30,JC,3,2,70,N,DIME,M,A,49
2005,F,2005-09-30,JC,3,3,93,N,DIME,NA,J,22
2005,F,2005-09-30,JC,3,3,136,N,NEAL,M,A,140
2005,F,2005-09-28,JC,1,1,115,N,DIME,F,A,45
2005,F,2005-09-28,JC,1,1,132,N,PGFL,F,A,6
2005,F,2005-09-28,JC,1,1,122,N,DIME,M,A,49
2005,F,2005-09-28,JC,1,1,138,N,SIHI,NA,NA,0
2005,F,2005-09-28,JC,1,1,140,N,DIME,F,A,44
2005,F,2005-09-28,JC,1,1,53,N,DIME,M,A,49
2005,F,2005-09-28,JC,1,2,99,N,CHPE,M,A,15
2005,F,2005-09-28,JC,1,2,100,N,DIME,M,A,51
2005,F,2005-09-28,JC,1,2,105,N,DIME,F,A,50
2005,F,2005-09-28,JC,1,2,112,N,ONAR,F,A,30
2005,F,2005-09-28,JC,1,2,110,N,DIME,M,A,0
2005,F,2005-09-28,JC,1,3,0,N,SIHI,NA,NA,0
2005,F,2005-09-28,JC,1,3,0,N,SIHI,NA,NA,0
2005,F,2005-09-28,JC,1,3,0,N,SIHI,NA,NA,0
2005,F,2005-09-28,JC,1,3,0,N,CHPE,NA,NA,0
2005,F,2005-09-28,JC,1,3,0,N,DIME,NA,NA,0
2005,F,2005-09-29,JC,2,3,102,N,SIHI,M,A,0
2005,F,2005-09-29,JC,2,3,105,N,SIHI,NA,NA,0
2005,F,2005-09-29,JC,2,3,108,N,SIHI,M,A,120
2005,F,2005-09-29,JC,2,3,54,N,CHPE,M,A,12
2005,F,2005-09-29,JC,2,2,56,N,PGFL,M,A,5
2005,F,2005-09-29,JC,2,2,68,N,CHPE,M,A,15
2005,F,2005-09-29,JC,2,2,10,N,CHPE,M,A,12
2005,F,2005-09-29,JC,2,2,16,N,PGFL,F,A,6
2005,F,2005-09-29,JC,2,1,90,N,NEAL,M,A,124
2005,F,2005-09-29,JC,2,1,91,N,PGFL,M,A,5
2005,F,2005-09-29,JC,2,1,96,N,CHPE,M,A,14
2005,F,2005-09-30,JC,3,1,62,N,CHPE,M,A,14
2005,F,2005-09-30,JC,3,1,66,N,DIOR,M,A,54
2005,F,2005-09-30,JC,3,1,138,N,SIHI,NA,J,64
2005,F,2005-09-30,JC,3,1,8,N,DIME,M,A,34
2005,F,2005-09-30,JC,3,2,102,N,PGFL,F,A,8
2005,F,2005-09-30,JC,3,2,124,N,ONAR,NA,J,11
2005,F,2005-09-30,JC,3,2,36,N,SPSP,F,A,108
2005,F,2005-09-30,JC,3,2,129,N,SIHI,NA,J,42
2005,F,2005-09-30,JC,3,2,132,N,DIME,M,A,42
2005,F,2005-09-30,JC,3,3,104,N,SIHI,M,A,126
2005,F,2005-09-30,JC,3,3,105,N,SIHI,M,A,128
2005,F,2005-09-30,JC,3,3,107,N,SIHI,M,A,76
2005,F,2005-09-30,JC,3,3,108,N,SIHI,F,A,108
2005,F,2005-09-30,JC,3,3,126,N,DIME,M,A,50
2005,F,2005-09-30,JC,3,3,115,N,PGFL,M,A,9
2005,F,2005-09-30,JC,3,3,36,N,DIME,M,A,42
2005,F,2005-09-30,JC,3,3,46,N,SPSP,M,A,105
2003,F,2003-10-24,JC,3,3,104,N,PGFL,M,A,11
2003,F,2003-10-24,JC,3,3,106,N,DIME,M,A,40
2003,F,2003-10-24,JC,3,3,92,N,PGFL,M,A,6
2003,F,2003-10-24,JC,3,3,90,N,PGFL,M,A,10
2003,F,2003-10-24,JC,3,2,32,N,DIME,M,A,36
2003,F,2003-10-22,JC,1,1,70,N,DIME,M,A,42
2003,F,2003-10-22,JC,1,1,53,N,DIME,M,A,41
2003,F,2003-10-22,JC,1,1,24,N,DIME,F,A,44
2003,F,2003-10-22,JC,1,1,36,N,DIME,M,A,42
2003,F,2003-10-22,JC,1,1,8,N,DIME,M,A,38
2003,F,2003-10-22,JC,1,2,16,N,DIME,F,A,40
2003,F,2003-10-22,JC,1,2,134,N,DIME,F,A,39
2003,F,2003-10-22,JC,1,2,9,N,DIME,F,A,43
2003,F,2003-10-22,JC,1,2,72,N,DIME,F,A,43
2003,F,2003-10-22,JC,1,2,84,N,DIME,M,A,37
2003,F,2003-10-22,JC,1,2,83,N,DIME,M,A,43
2003,F,2003-10-22,JC,1,2,18,N,DIME,F,A,43
2003,F,2003-10-22,JC,1,2,79,N,PELE,F,A,12
2003,F,2003-10-22,JC,1,3,106,N,DIME,M,A,45
2003,F,2003-10-22,JC,1,3,102,N,PGFL,F,A,6
2003,F,2003-10-22,JC,1,3,23,N,DIME,F,A,35
2003,F,2003-10-22,JC,1,3,19,N,DIME,F,A,40
2003,F,2003-10-22,JC,1,3,72,N,DIME,M,A,47
2003,F,2003-10-22,JC,1,1,83,N,DIME,M,A,45
2003,F,2003-10-22,JC,1,1,82,N,DIME,M,A,40
2003,F,2003-10-22,JC,1,1,95,N,DIME,M,A,43
2003,F,2003-10-22,JC,1,1,103,N,DIME,F,A,42
2003,F,2003-10-22,JC,1,1,102,N,DIME,M,A,45
2003,F,2003-10-22,JC,1,1,119,N,DIME,M,A,39
2003,F,2003-10-22,JC,1,1,120,N,DIME,F,A,39
2003,F,2003-10-22,JC,1,1,132,N,DIME,F,A,42
2003,F,2003-10-22,JC,1,1,142,N,DIME,F,A,33
2003,F,2003-10-22,JC,1,2,34,N,DIME,M,A,44
2003,F,2003-10-22,JC,1,2,33,N,DIME,M,A,40
2003,F,2003-10-22,JC,1,2,32,N,DIME,M,A,40
2003,F,2003-10-22,JC,1,2,131,N,DIME,F,A,37
2003,F,2003-10-22,JC,1,2,132,N,DIME,F,A,40
2003,F,2003-10-22,JC,1,2,102,N,CHPE,M,A,15
2003,F,2003-10-22,JC,1,2,106,N,DIME,F,A,39
2003,F,2003-10-22,JC,1,2,48,N,DIME,F,A,40
2003,F,2003-10-22,JC,1,2,47,N,DIOR,F,A,44
2003,F,2003-10-22,JC,1,2,42,N,DIME,M,A,44
2003,F,2003-10-22,JC,1,2,40,N,CHPE,M,A,16
2003,F,2003-10-22,JC,1,2,75,N,DIME,M,A,38
2003,F,2003-10-22,JC,1,2,78,N,DIME,M,A,39
2003,F,2003-10-22,JC,1,3,119,N,DIME,F,A,34
2003,F,2003-10-22,JC,1,3,128,N,DIME,M,A,41
2003,F,2003-10-22,JC,1,3,131,N,DIME,M,A,38
2003,F,2003-10-22,JC,1,3,143,N,DIME,F,A,40
2003,F,2003-10-22,JC,1,3,142,N,DIME,F,A,35
2003,F,2003-10-22,JC,1,3,141,N,DIME,M,A,45
2003,F,2003-10-22,JC,1,3,137,N,DIME,M,A,45
2003,F,2003-10-22,JC,1,3,34,N,DIME,M,A,41
2003,F,2003-10-22,JC,1,3,43,N,DIME,M,A,41
2003,F,2003-10-22,JC,1,3,59,N,DIME,M,A,39
2003,F,2003-10-22,JC,1,3,92,N,DIME,F,A,42
2003,F,2003-10-22,JC,1,3,90,N,DIME,M,A,39
2003,F,2003-10-23,JC,2,1,70,N,DIME,F,A,37
2003,F,2003-10-23,JC,2,1,96,N,DIME,M,A,42
2003,F,2003-10-23,JC,2,1,105,N,DIME,M,A,34
2003,F,2003-10-23,JC,2,1,24,N,ONAR,F,A,16
2003,F,2003-10-23,JC,2,1,22,N,PGFL,M,A,9
2003,F,2003-10-23,JC,2,1,32,N,DIME,F,A,55
2003,F,2003-10-23,JC,2,1,46,N,DIME,F,A,41
2003,F,2003-10-23,JC,2,1,44,N,DIME,F,A,36
2003,F,2003-10-23,JC,2,1,43,N,PGFL,M,A,8
2003,F,2003-10-23,JC,2,2,12,N,DIME,M,A,36
2003,F,2003-10-23,JC,2,2,7,N,DIME,M,A,40
2003,F,2003-10-23,JC,2,2,48,N,DIME,M,A,50
2003,F,2003-10-23,JC,2,2,57,N,DIME,M,A,47
2003,F,2003-10-23,JC,2,2,93,N,CHPE,M,A,14
2003,F,2003-10-23,JC,2,2,96,N,DIME,M,A,46
2003,F,2003-10-23,JC,2,2,103,N,DIME,M,A,46
2003,F,2003-10-23,JC,2,2,120,N,DIME,F,A,40
2003,F,2003-10-23,JC,2,3,122,N,CHPE,M,A,16
2003,F,2003-10-23,JC,2,3,11,N,DIME,M,A,41
2003,F,2003-10-23,JC,2,3,35,N,DIME,M,A,40
2003,F,2003-10-23,JC,2,3,70,N,DIME,F,A,42
2003,F,2003-10-23,JC,2,3,82,N,DIME,F,A,43
2003,F,2003-10-23,JC,2,3,90,N,PELE,M,A,15
2003,F,2003-10-24,JC,3,3,120,N,DIME,M,A,43
2003,F,2003-10-24,JC,3,3,69,N,DIME,F,A,37
2003,F,2003-10-24,JC,3,3,34,N,DIME,M,A,44
2003,F,2003-10-24,JC,3,2,70,N,PGFL,M,A,15
2003,F,2003-10-24,JC,3,2,139,N,DIME,M,A,43
2003,F,2003-10-24,JC,3,2,43,N,CHPE,F,A,14
2003,F,2003-10-24,JC,3,2,47,N,DIME,M,A,46
2003,F,2003-10-24,JC,3,1,143,N,DIME,F,A,36
2003,F,2003-10-24,JC,3,1,139,N,DIME,M,A,50
2003,F,2003-10-24,JC,3,1,82,N,DIME,M,A,46
1995,S,1995-04-04,JC,1,1,69,N,DIME,M,A,59
1995,S,1995-04-04,JC,1,1,7,N,REME,F,A,16
1995,S,1995-04-04,JC,1,1,31,N,REME,M,A,15
1995,S,1995-04-04,JC,1,1,53,N,DIME,NA,NA,0
1995,S,1995-04-04,JC,1,1,96,N,DIME,M,A,45
1995,S,1995-04-04,JC,1,1,115,N,REME,F,A,15
1995,S,1995-04-04,JC,1,1,117,N,DIME,F,A,56
1995,S,1995-04-04,JC,1,2,22,N,REME,F,A,15
1995,S,1995-04-04,JC,1,2,30,N,NEAL,M,A,261
1995,S,1995-04-04,JC,1,2,36,N,ONAR,F,A,31
1995,S,1995-04-04,JC,1,2,40,N,DIME,F,A,52
1995,S,1995-04-04,JC,1,2,78,N,DIME,M,A,46
1995,S,1995-04-04,JC,1,2,79,N,REME,M,A,16
1995,S,1995-04-04,JC,1,2,92,N,DIME,F,A,42
1995,S,1995-04-04,JC,1,2,96,N,DIME,F,A,45
1995,S,1995-04-04,JC,1,2,136,N,REME,F,A,15
1995,S,1995-04-04,JC,1,2,141,N,DIME,M,A,50
1995,S,1995-04-04,JC,1,2,145,N,DIME,M,A,54
1995,S,1995-04-04,JC,1,3,24,N,REME,M,A,13
1995,S,1995-04-04,JC,1,3,44,N,SIHI,F,A,113
1995,S,1995-04-04,JC,1,3,112,N,DIME,M,A,45
1995,S,1995-04-05,JC,2,1,23,N,REME,F,A,12
1995,S,1995-04-05,JC,2,1,31,N,PELE,F,A,23
1995,S,1995-04-05,JC,2,1,44,N,DIME,F,A,43
1995,S,1995-04-05,JC,2,1,51,N,PELE,F,A,20
1995,S,1995-04-05,JC,2,1,87,N,DIME,F,A,40
1995,S,1995-04-05,JC,2,1,112,N,DIME,F,A,48
1995,S,1995-04-05,JC,2,1,138,N,REME,F,A,11
1995,S,1995-04-05,JC,2,2,6,N,NEAL,F,A,246
1995,S,1995-04-05,JC,2,2,15,N,DIME,M,A,52
1995,S,1995-04-05,JC,2,2,24,N,DIME,M,A,48
1995,S,1995-04-05,JC,2,2,40,N,DIME,M,A,52
1995,S,1995-04-05,JC,2,2,56,N,PELE,F,A,36
1995,S,1995-04-05,JC,2,2,82,N,NEAL,NA,J,61
1995,S,1995-04-05,JC,2,2,101,N,DIME,M,A,49
1995,S,1995-04-05,JC,2,3,16,N,DIME,NA,J,29
1995,S,1995-04-05,JC,2,3,39,N,REME,M,A,12
1995,S,1995-04-05,JC,2,3,83,N,ONAR,F,A,27
1995,S,1995-04-05,JC,2,3,120,N,SIHI,M,A,135
1995,S,1995-04-05,JC,2,3,135,N,NEAL,F,A,153
1995,S,1995-04-06,JC,3,1,45,N,REME,M,A,14
1995,S,1995-04-06,JC,3,1,96,N,DIME,F,A,0
1995,S,1995-04-06,JC,3,2,82,N,NEAL,NA,J,71
1995,S,1995-04-06,JC,3,2,107,N,REME,F,A,15
1995,S,1995-04-06,JC,3,2,115,N,ONAR,F,A,27
1995,S,1995-04-06,JC,3,3,36,N,SIHI,F,A,100
1995,S,1995-04-06,JC,3,3,66,N,DIME,M,A,43
1995,S,1995-04-06,JC,3,3,81,N,REME,NA,J,5
1995,S,1995-04-06,JC,3,3,106,N,REME,F,A,15
1995,S,1995-04-06,JC,3,3,119,N,NEAL,F,A,215
1995,S,1995-04-06,JC,3,3,128,N,DIME,M,A,50
1996,S,1996-04-09,JC,1,1,7,N,DIME,F,A,36
1996,S,1996-04-09,JC,1,1,19,N,DIME,F,A,40
1996,S,1996-04-09,JC,1,1,31,N,NEAL,NA,J,120
1996,S,1996-04-09,JC,1,1,50,N,REME,F,A,9
1996,S,1996-04-09,JC,1,1,52,N,DIME,F,A,39
1996,S,1996-04-09,JC,1,1,53,N,ONAR,F,A,16
1996,S,1996-04-09,JC,1,1,71,N,ONAR,M,A,20
1996,S,1996-04-09,JC,1,1,83,N,DIME,F,A,41
1996,S,1996-04-09,JC,1,1,84,N,DIME,F,A,41
1996,S,1996-04-09,JC,1,1,100,N,ONAR,M,A,18
1996,S,1996-04-09,JC,1,1,106,N,DIME,M,A,44
1996,S,1996-04-09,JC,1,1,129,N,DIME,M,A,46
1996,S,1996-04-09,JC,1,1,132,N,DIME,M,A,40
1996,S,1996-04-09,JC,1,2,3,N,NEAL,F,A,140
1996,S,1996-04-09,JC,1,2,4,N,NEAL,NA,J,51
1996,S,1996-04-09,JC,1,2,6,N,NEAL,M,A,185
1996,S,1996-04-09,JC,1,2,14,N,PELE,M,A,23
1996,S,1996-04-09,JC,1,2,22,N,DIME,M,A,50
1996,S,1996-04-09,JC,1,2,44,N,DIME,M,A,46
1996,S,1996-04-09,JC,1,2,47,N,DIME,F,A,38
1996,S,1996-04-09,JC,1,2,48,N,DIME,M,A,46
1996,S,1996-04-09,JC,1,2,56,N,DIME,F,A,39
1996,S,1996-04-09,JC,1,2,60,N,DIME,M,A,42
1996,S,1996-04-09,JC,1,2,66,N,ONAR,F,A,20
1996,S,1996-04-09,JC,1,2,69,N,DIME,F,A,41
1996,S,1996-04-09,JC,1,2,72,N,ONAR,F,A,15
1996,S,1996-04-09,JC,1,2,83,N,ONAR,M,A,22
1996,S,1996-04-09,JC,1,2,95,N,DIME,F,A,42
1996,S,1996-04-09,JC,1,2,96,N,DIME,M,A,48
1996,S,1996-04-09,JC,1,2,99,N,NEAL,NA,J,45
1996,S,1996-04-09,JC,1,2,100,N,ONAR,F,A,18
1996,S,1996-04-09,JC,1,2,101,N,PELE,F,A,25
1996,S,1996-04-09,JC,1,2,102,N,PELE,F,A,17
1996,S,1996-04-09,JC,1,2,116,N,PELE,F,A,18
1996,S,1996-04-09,JC,1,2,120,N,NEAL,M,A,142
1996,S,1996-04-09,JC,1,2,125,N,DIME,F,A,38
1996,S,1996-04-09,JC,1,2,132,N,DIME,F,A,39
1996,S,1996-04-09,JC,1,2,137,N,DIME,M,A,47
1996,S,1996-04-09,JC,1,2,138,N,ONAR,M,A,15
1996,S,1996-04-09,JC,1,3,4,N,ONAR,F,A,0
1996,S,1996-04-09,JC,1,3,5,N,ONAR,M,A,20
1996,S,1996-04-09,JC,1,3,9,N,DIME,M,A,40
1996,S,1996-04-09,JC,1,3,11,N,NEAL,F,A,148
1996,S,1996-04-09,JC,1,3,12,N,DIME,M,A,43
1996,S,1996-04-09,JC,1,3,17,N,DIME,M,A,46
1996,S,1996-04-09,JC,1,3,22,N,DIME,M,A,46
1996,S,1996-04-09,JC,1,3,23,N,DIME,M,A,43
1996,S,1996-04-09,JC,1,3,35,N,DIME,M,A,43
1996,S,1996-04-09,JC,1,3,45,N,DIOR,M,A,44
1996,S,1996-04-09,JC,1,3,48,N,DIME,M,A,46
1996,S,1996-04-09,JC,1,3,54,N,DIME,M,A,41
1996,S,1996-04-09,JC,1,3,57,N,NEAL,NA,J,130
1996,S,1996-04-09,JC,1,3,59,N,DIME,M,A,38
1996,S,1996-04-09,JC,1,3,60,N,DIME,M,A,42
1996,S,1996-04-09,JC,1,3,61,N,ONAR,M,A,18
1996,S,1996-04-09,JC,1,3,70,N,DIME,M,A,47
1996,S,1996-04-09,JC,1,3,72,N,DIME,F,A,37
1996,S,1996-04-09,JC,1,3,75,N,DIME,M,A,36
1996,S,1996-04-09,JC,1,3,84,N,DIME,F,A,34
1996,S,1996-04-09,JC,1,3,96,N,DIME,M,A,39
1996,S,1996-04-09,JC,1,3,99,N,REME,F,A,10
1996,S,1996-04-09,JC,1,3,104,N,DIME,M,A,45
1996,S,1996-04-09,JC,1,3,107,N,NEAL,F,A,182
1996,S,1996-04-09,JC,1,3,128,N,DIME,M,A,40
1996,S,1996-04-09,JC,1,3,130,N,CHPE,M,A,15
1996,S,1996-04-09,JC,1,3,132,N,DIME,F,A,41
1996,S,1996-04-09,JC,1,3,135,N,NEAL,NA,J,132
1996,S,1996-04-09,JC,1,3,137,N,ONAR,F,A,20
1996,S,1996-04-09,JC,1,3,144,N,DIME,M,A,44
1996,S,1996-04-10,JC,2,1,83,N,ONAR,F,A,23
1996,S,1996-04-10,JC,2,1,84,N,DIME,M,A,47
1996,S,1996-04-10,JC,2,2,24,N,ONAR,F,A,22
1996,S,1996-04-10,JC,2,2,34,N,DIME,M,A,47
1996,S,1996-04-10,JC,2,2,58,N,DIME,F,A,39
1996,S,1996-04-10,JC,2,2,82,N,NEAL,F,A,160
1996,S,1996-04-10,JC,2,2,94,N,DIME,F,A,43
1996,S,1996-04-10,JC,2,2,103,N,CHPE,M,A,15
1996,S,1996-04-10,JC,2,2,106,N,PELE,F,A,19
1996,S,1996-04-10,JC,2,2,138,N,PGFL,F,A,5
1996,S,1996-04-10,JC,2,3,12,N,DIME,M,A,36
1996,S,1996-04-10,JC,2,3,33,N,CHPE,M,A,15
1996,S,1996-04-10,JC,2,3,36,N,ONAR,F,A,18
1996,S,1996-04-10,JC,2,3,45,N,PELE,F,A,17
1996,S,1996-04-10,JC,2,3,56,N,NEAL,NA,J,92
1996,S,1996-04-10,JC,2,3,108,N,DIME,NA,NA,0
1996,S,1996-04-10,JC,2,3,118,N,DIME,M,A,46
1996,S,1996-04-11,JC,3,1,7,N,SPSP,M,A,93
1996,S,1996-04-11,JC,3,1,9,N,NEAL,NA,J,65
1996,S,1996-04-11,JC,3,1,39,N,PELE,M,A,20
1996,S,1996-04-11,JC,3,1,45,N,PELE,F,A,19
1996,S,1996-04-11,JC,3,1,48,N,NEAL,F,A,175
1996,S,1996-04-11,JC,3,1,84,N,DIME,F,A,43
1996,S,1996-04-11,JC,3,1,92,N,PELE,M,A,18
1996,S,1996-04-11,JC,3,1,119,N,NEAL,F,A,146
1996,S,1996-04-11,JC,3,1,124,N,NEAL,M,A,205
1996,S,1996-04-11,JC,3,2,30,N,ONAR,F,A,19
1996,S,1996-04-11,JC,3,2,35,N,NEAL,NA,J,82
1996,S,1996-04-11,JC,3,2,83,N,DIME,F,A,41
1996,S,1996-04-11,JC,3,3,22,N,DIME,M,A,42
1996,S,1996-04-11,JC,3,3,24,N,DIME,NA,NA,46
1996,S,1996-04-11,JC,3,3,50,N,PELE,F,A,15
1996,S,1996-04-11,JC,3,3,72,N,REME,F,A,9
1996,S,1996-04-11,JC,3,3,108,N,DIME,F,A,40
1996,S,1996-04-11,JC,3,3,122,N,PELE,M,A,17
1996,S,1996-04-11,JC,3,3,143,N,ONAR,M,A,22
1997,S,1997-04-15,JC,1,1,5,N,PELE,F,A,19
1997,S,1997-04-15,JC,1,1,10,N,DIME,M,A,39
1997,S,1997-04-15,JC,1,1,15,N,DIME,M,A,39
1997,S,1997-04-15,JC,1,1,22,N,DIME,F,A,40
1997,S,1997-04-15,JC,1,1,24,N,DIME,M,A,51
1997,S,1997-04-15,JC,1,1,31,N,DIME,M,A,49
1997,S,1997-04-15,JC,1,1,33,N,DIME,M,A,46
1997,S,1997-04-15,JC,1,1,36,N,DIME,F,A,49
1997,S,1997-04-15,JC,1,1,40,N,DIME,NA,J,28
1997,S,1997-04-15,JC,1,1,44,N,DIME,F,A,42
1997,S,1997-04-15,JC,1,1,50,N,PELE,F,A,18
1997,S,1997-04-15,JC,1,1,57,N,ONAR,M,A,19
1997,S,1997-04-15,JC,1,1,59,N,DIME,F,A,54
1997,S,1997-04-15,JC,1,1,60,N,DIME,M,A,43
1997,S,1997-04-15,JC,1,1,68,N,DIME,M,A,38
1997,S,1997-04-15,JC,1,1,70,N,DIME,F,A,36
1997,S,1997-04-15,JC,1,1,72,N,PGFL,F,A,8
1997,S,1997-04-15,JC,1,1,74,N,DIME,F,A,41
1997,S,1997-04-15,JC,1,1,78,N,DIME,M,A,42
1997,S,1997-04-15,JC,1,1,82,N,DIME,F,A,40
1997,S,1997-04-15,JC,1,1,84,N,DIME,M,A,44
1997,S,1997-04-15,JC,1,1,88,N,DIME,M,A,36
1997,S,1997-04-15,JC,1,1,90,N,NEAL,NA,J,64
1997,S,1997-04-15,JC,1,1,92,N,REME,M,A,11
1997,S,1997-04-15,JC,1,1,100,N,PELE,M,A,21
1997,S,1997-04-15,JC,1,1,103,N,DIME,F,A,46
1997,S,1997-04-15,JC,1,1,104,N,DIME,M,A,44
1997,S,1997-04-15,JC,1,1,105,N,DIME,NA,J,35
1997,S,1997-04-15,JC,1,1,113,N,DIME,F,A,47
1997,S,1997-04-15,JC,1,1,119,N,DIME,F,A,41
1997,S,1997-04-15,JC,1,1,125,N,PELE,M,A,21
1997,S,1997-04-15,JC,1,1,132,N,DIME,M,A,41
1997,S,1997-04-15,JC,1,1,141,N,DIME,F,A,36
1997,S,1997-04-15,JC,1,1,144,N,ONAR,M,A,19
1997,S,1997-04-15,JC,1,1,144,N,ONAR,F,A,20
1997,S,1997-04-15,JC,1,1,145,N,DIME,NA,J,34
1997,S,1997-04-15,JC,1,2,5,N,NEAL,F,A,194
1997,S,1997-04-15,JC,1,2,9,N,DIME,M,A,55
1997,S,1997-04-15,JC,1,2,11,N,DIME,M,A,42
1997,S,1997-04-15,JC,1,2,12,N,DIME,F,A,38
1997,S,1997-04-15,JC,1,2,16,N,DIME,M,A,45
1997,S,1997-04-15,JC,1,2,21,N,DIME,F,A,37
1997,S,1997-04-15,JC,1,2,24,N,REME,M,A,9
1997,S,1997-04-15,JC,1,2,32,N,DIME,F,A,48
1997,S,1997-04-15,JC,1,2,33,N,DIME,M,A,47
1997,S,1997-04-15,JC,1,2,35,N,NEAL,NA,J,79
1997,S,1997-04-15,JC,1,2,36,N,NEAL,M,A,205
1997,S,1997-04-15,JC,1,2,47,N,DIME,M,A,45
1997,S,1997-04-15,JC,1,2,48,N,DIME,M,A,45
1997,S,1997-04-15,JC,1,2,58,N,DIME,F,A,37
1997,S,1997-04-15,JC,1,2,61,N,REME,F,A,11
1997,S,1997-04-15,JC,1,2,67,N,DIME,F,A,48
1997,S,1997-04-15,JC,1,2,69,N,DIME,M,A,45
1997,S,1997-04-15,JC,1,2,70,N,DIME,F,A,39
1997,S,1997-04-15,JC,1,2,71,N,DIME,F,A,43
1997,S,1997-04-15,JC,1,2,72,N,DIME,M,A,42
1997,S,1997-04-15,JC,1,2,76,N,DIME,M,A,48
1997,S,1997-04-15,JC,1,2,82,N,NEAL,F,A,178
1997,S,1997-04-15,JC,1,2,83,N,DIME,M,A,45
1997,S,1997-04-15,JC,1,2,84,N,DIME,M,A,49
1997,S,1997-04-15,JC,1,2,96,N,DIME,F,A,43
1997,S,1997-04-15,JC,1,2,97,N,PELE,F,A,26
1997,S,1997-04-15,JC,1,2,102,N,DIME,M,A,37
1997,S,1997-04-15,JC,1,2,104,N,DIME,M,A,50
1997,S,1997-04-15,JC,1,2,105,N,DIME,M,A,51
1997,S,1997-04-15,JC,1,2,106,N,DIME,F,A,41
1997,S,1997-04-15,JC,1,2,114,N,ONAR,M,A,19
1997,S,1997-04-15,JC,1,2,116,N,DIME,M,A,53
1997,S,1997-04-15,JC,1,2,117,N,DIME,NA,NA,0
1997,S,1997-04-15,JC,1,2,120,N,DIME,F,A,38
1997,S,1997-04-15,JC,1,2,126,N,DIME,F,A,48
1997,S,1997-04-15,JC,1,2,127,N,DIME,NA,NA,0
1997,S,1997-04-15,JC,1,2,132,N,DIME,F,A,0
1997,S,1997-04-15,JC,1,2,135,N,NEAL,M,A,134
1997,S,1997-04-15,JC,1,2,138,N,DIME,F,A,60
1997,S,1997-04-15,JC,1,2,140,N,DIME,M,A,46
1997,S,1997-04-15,JC,1,2,144,N,DIME,M,A,50
1997,S,1997-04-15,JC,1,3,5,N,CHPE,M,A,12
1997,S,1997-04-15,JC,1,3,10,N,ONAR,M,A,20
1997,S,1997-04-15,JC,1,3,14,N,DIME,NA,J,24
1997,S,1997-04-15,JC,1,3,16,N,DIME,M,A,45
1997,S,1997-04-15,JC,1,3,18,N,ONAR,F,A,22
1997,S,1997-04-15,JC,1,3,19,N,PELE,M,A,16
1997,S,1997-04-15,JC,1,3,20,N,DIME,F,A,41
1997,S,1997-04-15,JC,1,3,21,N,DIME,M,A,40
1997,S,1997-04-15,JC,1,3,22,N,PELE,M,A,19
1997,S,1997-04-15,JC,1,3,23,N,NEAL,F,A,158
1997,S,1997-04-15,JC,1,3,27,N,DIME,F,A,43
1997,S,1997-04-15,JC,1,3,31,N,DIME,M,A,38
1997,S,1997-04-15,JC,1,3,33,N,DIME,NA,J,20
1997,S,1997-04-15,JC,1,3,34,N,DIME,M,A,40
1997,S,1997-04-15,JC,1,3,36,N,ONAR,M,A,18
1997,S,1997-04-15,JC,1,3,41,N,DIME,F,A,40
1997,S,1997-04-15,JC,1,3,44,N,PGFL,F,A,6
1997,S,1997-04-15,JC,1,3,46,N,DIME,F,A,36
1997,S,1997-04-15,JC,1,3,47,N,DIME,F,A,42
1997,S,1997-04-15,JC,1,3,48,N,REME,M,A,10
1997,S,1997-04-15,JC,1,3,49,N,CHPE,M,A,12
1997,S,1997-04-15,JC,1,3,54,N,DIME,M,A,43
1997,S,1997-04-15,JC,1,3,56,N,NEAL,F,A,172
1997,S,1997-04-15,JC,1,3,60,N,DIME,F,A,42
1997,S,1997-04-15,JC,1,3,61,N,DIME,F,A,39
1997,S,1997-04-15,JC,1,3,65,N,DIME,M,A,48
1997,S,1997-04-15,JC,1,3,66,N,DIME,NA,J,31
1997,S,1997-04-15,JC,1,3,68,N,DIME,F,A,37
1997,S,1997-04-15,JC,1,3,70,N,DIME,M,A,49
1997,S,1997-04-15,JC,1,3,72,N,DIME,NA,NA,0
1997,S,1997-04-15,JC,1,3,82,N,PELE,M,A,20
1997,S,1997-04-15,JC,1,3,83,N,DIME,M,A,41
1997,S,1997-04-15,JC,1,3,84,N,DIME,M,A,42
1997,S,1997-04-15,JC,1,3,86,N,DIME,M,A,46
1997,S,1997-04-15,JC,1,3,87,N,ONAR,M,A,17
1997,S,1997-04-15,JC,1,3,90,N,DIME,M,A,44
1997,S,1997-04-15,JC,1,3,92,N,DIME,F,A,40
1997,S,1997-04-15,JC,1,3,95,N,DIME,M,A,50
1997,S,1997-04-15,JC,1,3,96,N,DIME,M,A,43
1997,S,1997-04-15,JC,1,3,100,N,PELE,M,A,24
1997,S,1997-04-15,JC,1,3,102,N,PELE,F,A,26
1997,S,1997-04-15,JC,1,3,103,N,PELE,NA,NA,0
1997,S,1997-04-15,JC,1,3,104,N,DIME,M,A,38
1997,S,1997-04-15,JC,1,3,108,N,DIME,F,A,45
1997,S,1997-04-15,JC,1,3,114,N,DIME,NA,J,29
1997,S,1997-04-15,JC,1,3,117,N,DIME,F,A,48
1997,S,1997-04-15,JC,1,3,119,N,DIME,F,A,30
1997,S,1997-04-15,JC,1,3,120,N,DIME,M,A,46
1997,S,1997-04-15,JC,1,3,127,N,DIME,F,A,45
1997,S,1997-04-15,JC,1,3,130,N,DIME,F,A,54
1997,S,1997-04-15,JC,1,3,131,N,DIME,M,A,53
1997,S,1997-04-15,JC,1,3,132,N,NEAL,M,A,280
1997,S,1997-04-16,JC,2,1,19,N,DIME,F,A,53
1997,S,1997-04-16,JC,2,1,24,N,ONAR,M,A,19
1997,S,1997-04-16,JC,2,1,31,N,REME,M,A,9
1997,S,1997-04-16,JC,2,1,32,N,DIME,NA,J,30
1997,S,1997-04-16,JC,2,1,33,N,REME,F,A,11
1997,S,1997-04-16,JC,2,1,43,N,PGFL,F,A,7
1997,S,1997-04-16,JC,2,1,59,N,DIME,F,A,32
1997,S,1997-04-16,JC,2,1,60,N,DIME,F,A,46
1997,S,1997-04-16,JC,2,1,70,N,PELE,F,A,24
1997,S,1997-04-16,JC,2,1,72,N,PGFL,M,A,9
1997,S,1997-04-16,JC,2,1,95,N,NEAL,F,A,165
1997,S,1997-04-16,JC,2,1,103,N,REME,F,A,15
1997,S,1997-04-16,JC,2,1,120,N,PELE,F,A,21
1997,S,1997-04-16,JC,2,1,139,N,DIME,F,A,54
1997,S,1997-04-16,JC,2,2,11,N,ONAR,M,A,21
1997,S,1997-04-16,JC,2,2,20,N,DIME,M,A,41
1997,S,1997-04-16,JC,2,2,36,N,ONAR,M,A,17
1997,S,1997-04-16,JC,2,2,47,N,DIME,NA,J,32
1997,S,1997-04-16,JC,2,2,48,N,DIME,M,A,58
1997,S,1997-04-16,JC,2,2,53,N,DIME,NA,J,33
1997,S,1997-04-16,JC,2,2,60,N,DIME,M,A,42
1997,S,1997-04-16,JC,2,2,64,N,PGFL,F,A,8
1997,S,1997-04-16,JC,2,2,71,N,DIME,M,A,46
1997,S,1997-04-16,JC,2,2,118,N,DIME,F,A,46
1997,S,1997-04-16,JC,2,2,120,N,DIME,M,A,51
1997,S,1997-04-16,JC,2,2,132,N,DIME,M,A,38
1997,S,1997-04-16,JC,2,2,144,N,DIME,F,A,50
1997,S,1997-04-16,JC,2,3,8,N,PELE,F,A,21
1997,S,1997-04-16,JC,2,3,11,N,NEAL,F,A,185
1997,S,1997-04-16,JC,2,3,24,N,DIME,F,A,45
1997,S,1997-04-16,JC,2,3,33,N,ONAR,M,A,21
1997,S,1997-04-16,JC,2,3,34,N,DIME,F,A,42
1997,S,1997-04-16,JC,2,3,36,N,DIME,NA,J,22
1997,S,1997-04-16,JC,2,3,83,N,DIME,F,A,38
1997,S,1997-04-16,JC,2,3,84,N,ONAR,F,A,17
1997,S,1997-04-16,JC,2,3,97,N,DIME,F,A,37
1997,S,1997-04-16,JC,2,3,102,N,PELE,F,A,29
1997,S,1997-04-16,JC,2,3,103,N,REME,F,A,12
1997,S,1997-04-16,JC,2,3,107,N,DIME,F,A,42
1997,S,1997-04-16,JC,2,3,108,N,DIME,NA,J,29
1997,S,1997-04-16,JC,2,3,114,N,NEAL,F,A,175
1997,S,1997-04-16,JC,2,3,119,N,CHPE,M,A,18
1997,S,1997-04-16,JC,2,3,130,N,DIME,M,A,48
1997,S,1997-04-16,JC,2,3,135,N,NEAL,M,A,185
1997,S,1997-04-16,JC,2,3,137,N,CHPE,M,A,18
1997,S,1997-04-16,JC,2,3,140,N,ONAR,M,A,20
1997,S,1997-04-16,JC,2,3,143,N,DIME,M,A,33
1997,S,1997-04-16,JC,2,3,144,N,DIME,F,A,39
1997,S,1997-04-17,JC,3,1,24,N,DIME,F,A,49
1997,S,1997-04-17,JC,3,1,26,N,DIME,M,A,49
1997,S,1997-04-17,JC,3,1,35,N,PELE,F,A,28
1997,S,1997-04-17,JC,3,1,41,N,ONAR,M,A,19
1997,S,1997-04-17,JC,3,1,46,N,DIME,NA,J,32
1997,S,1997-04-17,JC,3,1,55,N,DIME,M,A,37
1997,S,1997-04-17,JC,3,1,70,N,DIME,NA,J,35
1997,S,1997-04-17,JC,3,1,84,N,DIME,M,A,43
1997,S,1997-04-17,JC,3,1,88,N,CHPE,M,A,16
1997,S,1997-04-17,JC,3,1,92,N,ONAR,M,A,21
1997,S,1997-04-17,JC,3,1,108,N,DIME,M,A,43
1997,S,1997-04-17,JC,3,1,117,N,DIME,NA,J,34
1997,S,1997-04-17,JC,3,1,120,N,PELE,M,A,20
1997,S,1997-04-17,JC,3,1,133,N,PGFL,M,A,7
1997,S,1997-04-17,JC,3,2,11,N,ONAR,M,A,16
1997,S,1997-04-17,JC,3,2,15,N,PELE,F,A,24
1997,S,1997-04-17,JC,3,2,18,N,PELE,F,A,20
1997,S,1997-04-17,JC,3,2,23,N,DIME,M,A,49
1997,S,1997-04-17,JC,3,2,30,N,CHPE,M,A,16
1997,S,1997-04-17,JC,3,2,33,N,NEAL,M,A,190
1997,S,1997-04-17,JC,3,2,34,N,PELE,M,A,23
1997,S,1997-04-17,JC,3,2,35,N,NEAL,F,A,210
1997,S,1997-04-17,JC,3,2,59,N,DIME,F,A,49
1997,S,1997-04-17,JC,3,2,67,N,ONAR,F,A,22
1997,S,1997-04-17,JC,3,2,71,N,NEAL,F,A,165
1997,S,1997-04-17,JC,3,2,76,N,PELE,F,A,16
1997,S,1997-04-17,JC,3,2,91,N,PGFL,M,A,9
1997,S,1997-04-17,JC,3,2,93,N,DIME,M,A,45
1997,S,1997-04-17,JC,3,2,100,N,PGFL,M,A,9
1997,S,1997-04-17,JC,3,2,120,N,DIOR,F,A,35
1997,S,1997-04-17,JC,3,2,132,N,ONAR,F,A,18
1997,S,1997-04-17,JC,3,3,4,N,DIME,NA,J,25
1997,S,1997-04-17,JC,3,3,36,N,DIME,M,A,41
1997,S,1997-04-17,JC,3,3,48,N,NEAL,M,A,195
1997,S,1997-04-17,JC,3,3,54,N,PELE,F,A,21
1997,S,1997-04-17,JC,3,3,56,N,NEAL,M,A,210
1997,S,1997-04-17,JC,3,3,67,N,DIME,M,A,49
1997,S,1997-04-17,JC,3,3,72,N,DIME,F,A,42
1997,S,1997-04-17,JC,3,3,74,N,CHPE,M,A,16
1997,S,1997-04-17,JC,3,3,92,N,DIME,F,A,45
1997,S,1997-04-17,JC,3,3,105,N,PGFL,M,A,7
1997,S,1997-04-17,JC,3,3,120,N,REME,F,A,14
1997,S,1997-04-17,JC,3,3,143,N,NEAL,F,A,192
1998,S,1998-04-18,JC,1,1,4,N,DIME,M,A,39
1998,S,1998-04-18,JC,1,1,10,N,DIME,F,A,38
1998,S,1998-04-18,JC,1,1,11,N,DIME,M,A,39
1998,S,1998-04-18,JC,1,1,12,N,DIME,F,A,34
1998,S,1998-04-18,JC,1,1,21,N,DIME,M,A,45
1998,S,1998-04-18,JC,1,1,36,N,DIME,F,A,39
1998,S,1998-04-18,JC,1,1,46,N,DIME,M,A,46
1998,S,1998-04-18,JC,1,1,56,N,DIME,M,A,40
1998,S,1998-04-18,JC,1,1,60,N,DIME,F,A,36
1998,S,1998-04-18,JC,1,1,72,N,DIME,F,A,35
1998,S,1998-04-18,JC,1,1,76,N,DIME,F,A,37
1998,S,1998-04-18,JC,1,1,84,N,DIME,M,A,41
1998,S,1998-04-18,JC,1,1,93,N,DIME,F,A,36
1998,S,1998-04-18,JC,1,1,96,N,DIME,F,A,38
1998,S,1998-04-18,JC,1,1,100,N,CHPE,M,A,14
1998,S,1998-04-18,JC,1,1,110,N,ONAR,F,A,21
1998,S,1998-04-18,JC,1,1,115,N,DIME,M,A,36
1998,S,1998-04-18,JC,1,1,116,N,NEAL,F,A,162
1998,S,1998-04-18,JC,1,1,117,N,DIME,M,A,42
1998,S,1998-04-18,JC,1,1,120,N,DIME,M,A,31
1998,S,1998-04-18,JC,1,1,127,N,DIME,F,A,37
1998,S,1998-04-18,JC,1,1,128,N,DIME,M,A,41
1998,S,1998-04-18,JC,1,1,131,N,DIME,F,A,37
1998,S,1998-04-18,JC,1,1,132,N,NEAL,M,A,228
1998,S,1998-04-18,JC,1,1,143,N,DIME,M,A,38
1998,S,1998-04-18,JC,1,2,3,N,NEAL,M,A,210
1998,S,1998-04-18,JC,1,2,5,N,NEAL,F,A,194
1998,S,1998-04-18,JC,1,2,7,N,DIME,M,A,35
1998,S,1998-04-18,JC,1,2,19,N,DIME,F,A,39
1998,S,1998-04-18,JC,1,2,20,N,DIME,F,A,36
1998,S,1998-04-18,JC,1,2,21,N,DIME,M,A,42
1998,S,1998-04-18,JC,1,2,35,N,DIME,F,A,35
1998,S,1998-04-18,JC,1,2,36,N,DIME,M,A,44
1998,S,1998-04-18,JC,1,2,45,N,DIME,NA,J,32
1998,S,1998-04-18,JC,1,2,46,N,DIME,M,A,42
1998,S,1998-04-18,JC,1,2,47,N,DIME,F,A,38
1998,S,1998-04-18,JC,1,2,48,N,DIME,F,A,40
1998,S,1998-04-18,JC,1,2,54,N,ONAR,M,A,20
1998,S,1998-04-18,JC,1,2,55,N,PELE,F,A,21
1998,S,1998-04-18,JC,1,2,58,N,DIME,M,A,41
1998,S,1998-04-18,JC,1,2,59,N,DIME,F,A,41
1998,S,1998-04-18,JC,1,2,60,N,DIME,M,A,42
1998,S,1998-04-18,JC,1,2,63,N,CHPE,M,A,15
1998,S,1998-04-18,JC,1,2,67,N,DIME,M,A,41
1998,S,1998-04-18,JC,1,2,79,N,ONAR,M,A,22
1998,S,1998-04-18,JC,1,2,83,N,DIME,F,A,36
1998,S,1998-04-18,JC,1,2,84,N,DIME,M,A,39
1998,S,1998-04-18,JC,1,2,88,N,DIME,M,A,42
1998,S,1998-04-18,JC,1,2,95,N,DIME,M,A,49
1998,S,1998-04-18,JC,1,2,96,N,DIME,F,A,40
1998,S,1998-04-18,JC,1,2,102,N,DIME,M,A,39
1998,S,1998-04-18,JC,1,2,103,N,DIME,M,A,47
1998,S,1998-04-18,JC,1,2,113,N,PELE,NA,J,8
1998,S,1998-04-18,JC,1,2,114,N,DIME,F,A,38
1998,S,1998-04-18,JC,1,2,115,N,ONAR,M,A,18
1998,S,1998-04-18,JC,1,2,117,N,SPSP,M,A,110
1998,S,1998-04-18,JC,1,2,118,N,DIME,M,A,44
1998,S,1998-04-18,JC,1,2,119,N,DIME,M,A,41
1998,S,1998-04-18,JC,1,2,120,N,DIME,F,A,34
1998,S,1998-04-18,JC,1,2,141,N,DIME,F,A,39
1998,S,1998-04-18,JC,1,2,143,N,DIME,M,A,43
1998,S,1998-04-18,JC,1,3,5,N,DIME,F,A,37
1998,S,1998-04-18,JC,1,3,6,N,DIME,M,A,44
1998,S,1998-04-18,JC,1,3,7,N,DIME,F,A,36
1998,S,1998-04-18,JC,1,3,8,N,NEAL,F,A,140
1998,S,1998-04-18,JC,1,3,9,N,ONAR,F,A,17
1998,S,1998-04-18,JC,1,3,10,N,DIME,M,A,39
1998,S,1998-04-18,JC,1,3,11,N,DIME,F,A,39
1998,S,1998-04-18,JC,1,3,12,N,DIME,M,A,48
1998,S,1998-04-18,JC,1,3,22,N,DIME,M,A,46
1998,S,1998-04-18,JC,1,3,44,N,DIME,M,A,36
1998,S,1998-04-18,JC,1,3,48,N,CHPE,M,A,14
1998,S,1998-04-18,JC,1,3,48,N,DIME,M,A,41
1998,S,1998-04-18,JC,1,3,54,N,DIME,F,A,40
1998,S,1998-04-18,JC,1,3,55,N,DIME,F,A,37
1998,S,1998-04-18,JC,1,3,57,N,DIME,F,A,42
1998,S,1998-04-18,JC,1,3,58,N,DIME,F,A,38
1998,S,1998-04-18,JC,1,3,59,N,ONAR,F,A,15
1998,S,1998-04-18,JC,1,3,60,N,PELE,F,A,21
1998,S,1998-04-18,JC,1,3,72,N,DIME,F,A,39
1998,S,1998-04-18,JC,1,3,78,N,DIME,M,A,45
1998,S,1998-04-18,JC,1,3,82,N,DIME,F,A,40
1998,S,1998-04-18,JC,1,3,90,N,DIME,M,A,43
1998,S,1998-04-18,JC,1,3,92,N,DIME,M,A,45
1998,S,1998-04-18,JC,1,3,95,N,DIME,M,A,45
1998,S,1998-04-18,JC,1,3,96,N,DIME,M,A,46
1998,S,1998-04-18,JC,1,3,106,N,DIME,M,A,46
1998,S,1998-04-18,JC,1,3,107,N,DIME,F,A,44
1998,S,1998-04-18,JC,1,3,108,N,SIHI,NA,NA,0
1998,S,1998-04-18,JC,1,3,118,N,DIME,F,A,42
1998,S,1998-04-18,JC,1,3,120,N,DIME,M,A,42
1998,S,1998-04-18,JC,1,3,121,N,NEAL,F,A,0
1998,S,1998-04-18,JC,1,3,127,N,DIME,M,A,35
1998,S,1998-04-18,JC,1,3,129,N,DIME,F,A,38
1998,S,1998-04-18,JC,1,3,139,N,DIME,M,A,34
1998,S,1998-04-19,JC,2,1,11,N,ONAR,F,A,19
1998,S,1998-04-19,JC,2,1,23,N,DIME,F,A,37
1998,S,1998-04-19,JC,2,1,31,N,PELE,F,A,0
1998,S,1998-04-19,JC,2,1,33,N,NEAL,M,A,245
1998,S,1998-04-19,JC,2,1,38,N,ONAR,M,A,18
1998,S,1998-04-19,JC,2,1,41,N,DIME,M,A,52
1998,S,1998-04-19,JC,2,1,42,N,SPSP,M,A,98
1998,S,1998-04-19,JC,2,1,48,N,DIME,F,A,40
1998,S,1998-04-19,JC,2,1,50,N,PELE,F,A,24
1998,S,1998-04-19,JC,2,1,58,N,DIME,M,A,34
1998,S,1998-04-19,JC,2,1,59,N,DIME,M,A,43
1998,S,1998-04-19,JC,2,1,72,N,REME,NA,J,11
1998,S,1998-04-19,JC,2,1,82,N,DIME,M,A,42
1998,S,1998-04-19,JC,2,1,83,N,DIME,M,A,41
1998,S,1998-04-19,JC,2,1,103,N,REME,M,A,10
1998,S,1998-04-19,JC,2,1,106,N,ONAR,M,A,18
1998,S,1998-04-19,JC,2,1,107,N,DIME,M,A,32
1998,S,1998-04-19,JC,2,2,11,N,DIME,F,A,38
1998,S,1998-04-19,JC,2,2,20,N,DIME,M,A,43
1998,S,1998-04-19,JC,2,2,36,N,DIME,M,A,42
1998,S,1998-04-19,JC,2,2,81,N,NEAL,F,A,220
1998,S,1998-04-19,JC,2,2,94,N,NEAL,NA,J,78
1998,S,1998-04-19,JC,2,2,95,N,DIME,M,A,45
1998,S,1998-04-19,JC,2,2,105,N,DIME,M,A,44
1998,S,1998-04-19,JC,2,2,106,N,DIME,NA,NA,0
1998,S,1998-04-19,JC,2,2,115,N,ONAR,F,A,22
1998,S,1998-04-19,JC,2,2,118,N,NEAL,F,A,160
1998,S,1998-04-19,JC,2,2,119,N,DIME,F,A,50
1998,S,1998-04-19,JC,2,2,132,N,DIME,F,A,34
1998,S,1998-04-19,JC,2,2,141,N,DIME,F,A,39
1998,S,1998-04-19,JC,2,3,7,N,DIME,F,A,36
1998,S,1998-04-19,JC,2,3,8,N,DIME,F,A,40
1998,S,1998-04-19,JC,2,3,20,N,DIME,F,A,36
1998,S,1998-04-19,JC,2,3,22,N,PELE,NA,J,10
1998,S,1998-04-19,JC,2,3,33,N,DIME,M,A,41
1998,S,1998-04-19,JC,2,3,34,N,DIME,F,A,38
1998,S,1998-04-19,JC,2,3,42,N,DIME,NA,NA,0
1998,S,1998-04-19,JC,2,3,48,N,DIME,F,A,42
1998,S,1998-04-19,JC,2,3,54,N,CHPE,F,A,13
1998,S,1998-04-19,JC,2,3,59,N,ONAR,F,A,18
1998,S,1998-04-19,JC,2,3,64,N,DIME,F,A,39
1998,S,1998-04-19,JC,2,3,70,N,DIME,M,A,37
1998,S,1998-04-19,JC,2,3,75,N,DIME,M,A,48
1998,S,1998-04-19,JC,2,3,82,N,SIHI,M,A,68
1998,S,1998-04-19,JC,2,3,93,N,DIME,M,A,48
1998,S,1998-04-19,JC,2,3,95,N,DIME,F,A,38
1998,S,1998-04-19,JC,2,3,105,N,SIHI,F,A,91
1998,S,1998-04-19,JC,2,3,108,N,NEAL,F,A,277
1998,S,1998-04-19,JC,2,3,113,N,PELE,NA,J,9
1998,S,1998-04-20,JC,3,1,3,N,CHPE,F,A,17
1998,S,1998-04-20,JC,3,1,10,N,DIME,M,A,38
1998,S,1998-04-20,JC,3,1,17,N,DIME,M,A,42
1998,S,1998-04-20,JC,3,1,23,N,DIME,M,A,44
1998,S,1998-04-20,JC,3,1,36,N,DIME,M,A,42
1998,S,1998-04-20,JC,3,1,57,N,DIME,F,A,43
1998,S,1998-04-20,JC,3,1,67,N,PELE,NA,NA,0
1998,S,1998-04-20,JC,3,1,81,N,DIME,F,A,38
1998,S,1998-04-20,JC,3,1,92,N,DIME,F,A,37
1998,S,1998-04-20,JC,3,1,97,N,DIME,F,A,37
1998,S,1998-04-20,JC,3,1,101,N,DIME,F,A,52
1998,S,1998-04-20,JC,3,1,144,N,DIME,M,A,37
1998,S,1998-04-20,JC,3,2,6,N,SPSP,M,A,110
1998,S,1998-04-20,JC,3,2,8,N,DIME,M,A,42
1998,S,1998-04-20,JC,3,2,12,N,ONAR,M,A,22
1998,S,1998-04-20,JC,3,2,36,N,PELE,F,A,24
1998,S,1998-04-20,JC,3,2,47,N,DIME,M,A,44
1998,S,1998-04-20,JC,3,2,60,N,NEAL,F,A,210
1998,S,1998-04-20,JC,3,2,93,N,DIME,F,A,41
1998,S,1998-04-20,JC,3,2,95,N,ONAR,F,A,17
1998,S,1998-04-20,JC,3,2,102,N,CHPE,M,A,11
1998,S,1998-04-20,JC,3,2,116,N,DIME,F,A,38
1998,S,1998-04-20,JC,3,2,118,N,NEAL,NA,J,48
1998,S,1998-04-20,JC,3,2,130,N,DIME,NA,NA,0
1998,S,1998-04-20,JC,3,2,144,N,DIME,F,A,39
1998,S,1998-04-20,JC,3,3,42,N,DIME,F,A,38
1998,S,1998-04-20,JC,3,3,57,N,DIME,M,A,40
1998,S,1998-04-20,JC,3,3,59,N,ONAR,F,A,16
1998,S,1998-04-20,JC,3,3,96,N,DIME,M,A,46
1998,S,1998-04-20,JC,3,3,108,N,SIHI,M,A,78
1998,S,1998-04-20,JC,3,3,115,N,NEAL,M,A,220
1998,S,1998-04-20,JC,3,3,127,N,CHPE,M,A,14
1998,S,1998-04-20,JC,3,3,127,N,DIME,F,A,37
1998,S,1998-04-20,JC,3,3,128,N,DIME,M,A,45
1998,S,1998-04-20,JC,3,3,137,N,DIME,M,A,42
2000,S,2000-03-29,JC,1,1,127,N,DIME,F,A,41
2000,S,2000-03-29,JC,1,1,130,N,DIME,NA,J,34
2000,S,2000-03-29,JC,1,1,144,N,DIME,NA,J,36
2000,S,2000-03-29,JC,1,1,143,N,DIME,F,A,42
2000,S,2000-03-29,JC,1,1,142,N,DIME,M,A,48
2000,S,2000-03-29,JC,1,1,140,N,DIME,M,A,44
2000,S,2000-03-29,JC,1,1,139,N,NEAL,M,A,132
2000,S,2000-03-29,JC,1,1,138,N,CHPE,M,A,13
2000,S,2000-03-29,JC,1,1,32,N,DIME,M,A,46
2000,S,2000-03-29,JC,1,1,48,N,DIME,M,A,53
2000,S,2000-03-29,JC,1,1,47,N,DIME,M,A,48
2000,S,2000-03-29,JC,1,1,46,N,DIME,F,A,38
2000,S,2000-03-29,JC,1,1,45,N,DIME,M,A,49
2000,S,2000-03-29,JC,1,1,44,N,DIME,M,A,48
2000,S,2000-03-29,JC,1,1,49,N,DIME,M,A,52
2000,S,2000-03-29,JC,1,1,89,N,DIME,F,A,49
2000,S,2000-03-29,JC,1,2,132,N,SPSP,M,A,84
2000,S,2000-03-29,JC,1,2,130,N,DIME,F,A,44
2000,S,2000-03-29,JC,1,2,116,N,DIME,M,A,49
2000,S,2000-03-29,JC,1,2,118,N,NEAL,M,A,210
2000,S,2000-03-29,JC,1,2,119,N,DIME,M,A,51
2000,S,2000-03-29,JC,1,2,108,N,DIME,M,A,52
2000,S,2000-03-29,JC,1,2,106,N,DIME,F,A,42
2000,S,2000-03-29,JC,1,2,105,N,DIME,M,A,50
2000,S,2000-03-29,JC,1,2,103,N,ONAR,M,A,24
2000,S,2000-03-29,JC,1,2,102,N,DIME,M,A,51
2000,S,2000-03-29,JC,1,2,99,N,CHPE,M,A,14
2000,S,2000-03-29,JC,1,2,92,N,DIME,M,A,53
2000,S,2000-03-29,JC,1,2,95,N,DIME,M,A,52
2000,S,2000-03-29,JC,1,2,96,N,DIME,F,A,47
2000,S,2000-03-29,JC,1,2,84,N,DIME,M,A,49
2000,S,2000-03-29,JC,1,2,82,N,DIME,M,A,48
2000,S,2000-03-29,JC,1,2,81,N,DIME,F,A,52
2000,S,2000-03-29,JC,1,2,77,N,DIME,F,A,49
2000,S,2000-03-29,JC,1,2,76,N,DIME,M,A,49
2000,S,2000-03-29,JC,1,3,108,N,NEAL,NA,J,105
2000,S,2000-03-29,JC,1,3,107,N,REME,M,A,11
2000,S,2000-03-29,JC,1,3,105,N,SIHI,F,A,61
2000,S,2000-03-29,JC,1,3,101,N,NEAL,M,A,265
2000,S,2000-03-29,JC,1,3,99,N,SIHI,M,A,72
2000,S,2000-03-29,JC,1,3,25,N,CHPE,M,A,14
2000,S,2000-03-29,JC,1,3,26,N,DIME,M,A,50
2000,S,2000-03-29,JC,1,3,27,N,CHPE,M,A,16
2000,S,2000-03-29,JC,1,3,27,N,DIME,M,A,49
2000,S,2000-03-29,JC,1,3,34,N,ONAR,M,A,24
2000,S,2000-03-29,JC,1,3,35,N,NEAL,NA,J,89
2000,S,2000-03-29,JC,1,3,36,N,DIME,M,A,52
2000,S,2000-03-29,JC,1,3,48,N,DIME,M,A,53
2000,S,2000-03-29,JC,1,3,45,N,DIME,F,A,49
2000,S,2000-03-29,JC,1,3,89,N,ONAR,F,A,18
2000,S,2000-03-29,JC,1,3,92,N,REME,M,A,11
2000,S,2000-03-29,JC,1,3,94,N,DIME,M,A,53
2000,S,2000-03-29,JC,1,3,95,N,DIME,F,A,48
2000,S,2000-03-29,JC,1,3,84,N,DIME,M,A,48
2000,S,2000-03-29,JC,1,3,79,N,DIME,M,A,53
2000,S,2000-03-29,JC,1,3,78,N,DIME,M,A,52
2000,S,2000-03-30,JC,2,1,140,N,DIME,NA,J,39
2000,S,2000-03-30,JC,2,2,127,N,DIME,NA,J,39
2000,S,2000-03-30,JC,2,2,30,N,DIME,M,A,52
2000,S,2000-03-30,JC,2,2,35,N,DIME,NA,J,38
2000,S,2000-03-30,JC,2,2,48,N,SIHI,F,A,72
2000,S,2000-03-30,JC,2,2,47,N,SIHI,M,A,107
2000,S,2000-03-30,JC,2,2,44,N,NEAL,F,A,244
2000,S,2000-03-30,JC,2,2,43,N,NEAL,M,A,182
2000,S,2000-03-30,JC,2,3,84,N,DIME,M,A,51
2000,S,2000-03-30,JC,2,3,31,N,SPSP,M,A,110
2000,S,2000-03-30,JC,2,3,35,N,DIME,M,A,51
2000,S,2000-03-30,JC,2,3,106,N,SIHI,NA,J,62
2000,S,2000-03-30,JC,2,3,107,N,SIHI,NA,J,72
2000,S,2000-03-31,JC,3,1,101,N,SPSP,M,A,135
2000,S,2000-03-31,JC,3,1,140,N,NEAL,M,A,207
2000,S,2000-03-31,JC,3,2,56,N,DIME,NA,J,38
2000,S,2000-03-31,JC,3,2,57,N,DIME,F,A,48
2000,S,2000-03-31,JC,3,2,59,N,SIHI,M,A,107
2000,S,2000-03-31,JC,3,3,118,N,DIME,M,A,53
2000,S,2000-03-31,JC,3,3,107,N,SIHI,NA,J,67
2000,S,2000-03-31,JC,3,3,84,N,DIME,F,A,48
2000,S,2000-03-29,JC,1,1,101,N,DIME,M,A,49
2000,S,2000-03-29,JC,1,1,107,N,DIME,M,A,42
2000,S,2000-03-29,JC,1,1,120,N,DIME,NA,J,36
2000,S,2000-03-29,JC,1,1,117,N,DIME,NA,J,36
2000,S,2000-03-29,JC,1,1,114,N,DIME,NA,J,37
2000,S,2000-03-29,JC,1,1,112,N,DIME,F,A,45
2000,S,2000-03-29,JC,1,1,109,N,ONAR,F,A,19
2000,S,2000-03-29,JC,1,1,80,N,DIME,F,A,40
2000,S,2000-03-29,JC,1,1,83,N,DIME,M,A,38
2000,S,2000-03-29,JC,1,1,93,N,DIME,M,A,39
2000,S,2000-03-29,JC,1,1,93,N,DIME,M,A,49
2000,S,2000-03-29,JC,1,2,30,N,NEAL,NA,NA,0
2000,S,2000-03-29,JC,1,2,35,N,DIME,M,A,35
2000,S,2000-03-29,JC,1,2,36,N,DIME,M,A,44
2000,S,2000-03-29,JC,1,2,47,N,SIHI,M,A,88
2000,S,2000-03-29,JC,1,2,43,N,DIME,M,A,43
2000,S,2000-03-29,JC,1,2,44,N,DIME,NA,J,36
2000,S,2000-03-29,JC,1,2,42,N,DIME,F,A,50
2000,S,2000-03-29,JC,1,2,37,N,DIME,F,A,41
2000,S,2000-03-29,JC,1,2,57,N,DIME,F,A,37
2000,S,2000-03-29,JC,1,2,59,N,DIME,M,A,45
2000,S,2000-03-29,JC,1,2,60,N,SIHI,NA,NA,0
2000,S,2000-03-29,JC,1,3,119,N,DIME,NA,J,25
2000,S,2000-03-29,JC,1,3,118,N,DIME,M,A,42
2000,S,2000-03-29,JC,1,3,117,N,DIME,F,A,38
2000,S,2000-03-29,JC,1,3,6,N,DIME,F,A,50
2000,S,2000-03-29,JC,1,3,9,N,DIME,M,A,44
2000,S,2000-03-29,JC,1,3,12,N,DIME,M,A,44
2000,S,2000-03-29,JC,1,3,24,N,DIME,F,A,32
2000,S,2000-03-29,JC,1,3,23,N,DIME,M,A,45
2000,S,2000-03-29,JC,1,3,20,N,DIME,M,A,50
2000,S,2000-03-29,JC,1,3,19,N,CHPE,M,A,16
2000,S,2000-03-29,JC,1,3,52,N,DIME,NA,NA,0
2000,S,2000-03-30,JC,2,1,86,N,DIME,M,A,51
2000,S,2000-03-30,JC,2,1,88,N,DIME,M,A,42
2000,S,2000-03-30,JC,2,1,89,N,DIME,NA,J,24
2000,S,2000-03-30,JC,2,1,96,N,DIME,M,A,44
2000,S,2000-03-30,JC,2,1,107,N,DIME,M,A,39
2000,S,2000-03-30,JC,2,2,5,N,NEAL,F,A,162
2000,S,2000-03-30,JC,2,2,7,N,DIME,F,A,45
2000,S,2000-03-30,JC,2,2,12,N,DIME,M,A,39
2000,S,2000-03-30,JC,2,2,70,N,DIME,M,A,43
2000,S,2000-03-30,JC,2,3,5,N,ONAR,F,A,22
2000,S,2000-03-30,JC,2,3,10,N,DIME,M,A,39
2000,S,2000-03-30,JC,2,3,12,N,CHPE,NA,NA,0
2000,S,2000-03-30,JC,2,3,22,N,DIME,M,A,41
2000,S,2000-03-30,JC,2,3,18,N,DIME,F,A,41
2000,S,2000-03-30,JC,2,3,94,N,DIME,M,A,46
2000,S,2000-03-31,JC,3,1,90,N,DIME,M,A,47
2000,S,2000-03-31,JC,3,1,23,N,SPSP,M,A,105
2000,S,2000-03-31,JC,3,1,12,N,DIME,F,A,44
2000,S,2000-03-31,JC,3,2,141,N,ONAR,M,A,20
2000,S,2000-03-31,JC,3,2,48,N,SIHI,M,A,82
2000,S,2000-03-29,JC,1,1,17,N,DIME,F,A,49
2000,S,2000-03-29,JC,1,1,19,N,DIME,M,A,47
2000,S,2000-03-29,JC,1,1,20,N,DIME,F,A,50
2000,S,2000-03-29,JC,1,1,21,N,DIME,M,A,46
2000,S,2000-03-29,JC,1,1,23,N,DIME,F,A,44
2000,S,2000-03-29,JC,1,1,24,N,DIME,M,A,41
2000,S,2000-03-29,JC,1,1,10,N,DIME,F,A,43
2000,S,2000-03-29,JC,1,1,7,N,DIME,M,A,50
2000,S,2000-03-29,JC,1,1,59,N,DIME,F,A,45
2000,S,2000-03-29,JC,1,1,70,N,DIME,M,A,49
2000,S,2000-03-29,JC,1,1,67,N,DIME,NA,J,34
2000,S,2000-03-29,JC,1,1,64,N,DIME,M,A,46
2000,S,2000-03-29,JC,1,2,144,N,DIME,F,A,44
2000,S,2000-03-29,JC,1,2,142,N,DIME,M,A,50
2000,S,2000-03-29,JC,1,2,141,N,DIME,F,A,48
2000,S,2000-03-29,JC,1,2,139,N,DIME,M,A,48
2000,S,2000-03-29,JC,1,2,20,N,DIME,NA,J,29
2000,S,2000-03-29,JC,1,2,22,N,DIME,F,A,41
2000,S,2000-03-29,JC,1,2,12,N,DIME,M,A,45
2000,S,2000-03-29,JC,1,2,11,N,DIME,M,A,47
2000,S,2000-03-29,JC,1,2,7,N,DIME,NA,NA,0
2000,S,2000-03-29,JC,1,2,6,N,DIME,F,A,43
2000,S,2000-03-29,JC,1,2,2,N,DIME,M,A,46
2000,S,2000-03-29,JC,1,3,127,N,DIME,M,A,42
2000,S,2000-03-29,JC,1,3,131,N,DIME,M,A,50
2000,S,2000-03-29,JC,1,3,132,N,DIME,NA,J,28
2000,S,2000-03-29,JC,1,3,144,N,DIME,F,A,53
2000,S,2000-03-29,JC,1,3,143,N,DIME,F,A,43
2000,S,2000-03-29,JC,1,3,141,N,DIME,M,A,44
2000,S,2000-03-29,JC,1,3,137,N,DIME,M,A,49
2000,S,2000-03-29,JC,1,3,70,N,DIME,M,A,44
2000,S,2000-03-29,JC,1,3,60,N,DIME,M,A,42
2000,S,2000-03-29,JC,1,3,69,N,SIHI,M,A,58
2000,S,2000-03-30,JC,2,2,119,N,DIME,F,A,43
2000,S,2000-03-30,JC,2,2,105,N,DIME,NA,J,26
2000,S,2000-03-30,JC,2,2,54,N,DIME,M,A,50
2000,S,2000-03-30,JC,2,2,55,N,DIME,F,A,45
2000,S,2000-03-30,JC,2,3,70,N,DIME,M,A,50
2000,S,2000-03-30,JC,2,3,92,N,CHPE,M,A,11
2000,S,2000-03-31,JC,3,1,64,N,SPSP,F,A,98
2000,S,2000-03-31,JC,3,1,63,N,DIME,F,A,56
2000,S,2000-03-31,JC,3,1,50,N,ONAR,M,A,23
2000,S,2000-03-31,JC,3,1,59,N,NEAL,F,A,130
2000,S,2000-03-31,JC,3,1,32,N,DIME,M,A,45
2000,S,2000-03-31,JC,3,1,36,N,DIME,F,A,46
2000,S,2000-03-31,JC,3,2,118,N,DIME,F,A,43
2000,S,2000-03-31,JC,3,2,108,N,DIME,F,A,44
2000,S,2000-03-31,JC,3,2,102,N,ONAR,M,A,22
2000,S,2000-03-31,JC,3,2,76,N,NEAL,F,A,110
2000,S,2000-03-31,JC,3,3,18,N,DIME,M,A,48
2000,S,2000-03-31,JC,3,3,21,N,DIME,F,A,46
2000,S,2000-03-31,JC,3,3,35,N,NEAL,F,A,126
2001,S,2001-03-22,JC,1,1,69,N,DIME,M,A,46
2001,S,2001-03-22,JC,1,1,95,N,DIME,M,A,45
2001,S,2001-03-22,JC,1,1,105,N,DIME,F,A,38
2001,S,2001-03-22,JC,1,1,120,N,NEAL,F,A,186
2001,S,2001-03-22,JC,1,1,116,N,SIHI,M,A,70
2001,S,2001-03-22,JC,1,1,134,N,NEAL,F,A,201
2001,S,2001-03-22,JC,1,1,133,N,DIME,F,A,38
2001,S,2001-03-22,JC,1,1,141,N,DIME,M,A,39
2001,S,2001-03-22,JC,1,1,138,N,PGFL,NA,J,6
2001,S,2001-03-22,JC,1,1,10,N,DIME,F,A,40
2001,S,2001-03-22,JC,1,1,24,N,DIME,M,A,43
2001,S,2001-03-22,JC,1,1,22,N,DIME,F,A,41
2001,S,2001-03-22,JC,1,1,19,N,DIME,F,A,41
2001,S,2001-03-22,JC,1,1,15,N,DIME,M,A,43
2001,S,2001-03-22,JC,1,2,127,N,DIME,F,A,39
2001,S,2001-03-22,JC,1,2,60,N,NEAL,M,A,165
2001,S,2001-03-22,JC,1,2,57,N,CHPE,M,A,0
2001,S,2001-03-22,JC,1,2,53,N,DIME,M,A,42
2001,S,2001-03-22,JC,1,2,46,N,DIME,F,A,39
2001,S,2001-03-22,JC,1,2,35,N,ONAR,M,A,21
2001,S,2001-03-22,JC,1,2,30,N,SPSP,M,A,73
2001,S,2001-03-22,JC,1,2,16,N,DIME,M,A,48
2001,S,2001-03-22,JC,1,2,24,N,DIME,M,A,37
2001,S,2001-03-22,JC,1,3,135,N,NEAL,F,A,168
2001,S,2001-03-22,JC,1,3,1,N,NEAL,M,A,275
2001,S,2001-03-22,JC,1,3,106,N,SIHI,M,A,82
2001,S,2001-03-22,JC,1,3,137,N,NEAL,F,A,212
2001,S,2001-03-22,JC,1,3,144,N,DIME,M,A,39
2001,S,2001-03-22,JC,1,3,4,N,DIME,F,A,38
2001,S,2001-03-22,JC,1,3,14,N,ONAR,M,A,18
2001,S,2001-03-22,JC,1,3,21,N,DIME,M,A,44
2001,S,2001-03-22,JC,1,3,24,N,DIME,F,A,39
2001,S,2001-03-22,JC,1,3,36,N,DIME,F,A,40
2001,S,2001-03-22,JC,1,3,30,N,DIME,M,A,42
2001,S,2001-03-22,JC,1,3,46,N,DIME,M,A,41
2001,S,2001-03-23,JC,2,1,71,N,DIME,F,A,39
2001,S,2001-03-23,JC,2,1,113,N,NEAL,M,A,182
2001,S,2001-03-23,JC,2,1,32,N,DIME,M,A,47
2001,S,2001-03-23,JC,2,2,91,N,DIME,F,A,40
2001,S,2001-03-23,JC,2,3,48,N,SPSP,F,A,104
2001,S,2001-03-23,JC,2,3,37,N,SPSP,NA,J,82
2001,S,2001-03-24,JC,3,1,84,N,DIME,M,A,45
2001,S,2001-03-24,JC,3,1,108,N,DIME,F,A,42
2001,S,2001-03-24,JC,3,2,41,N,DIME,F,A,39
2001,S,2001-03-24,JC,3,2,59,N,DIME,M,A,46
2001,S,2001-03-24,JC,3,2,57,N,DIME,F,A,42
2001,S,2001-03-24,JC,3,3,133,N,NEAL,M,A,185
2001,S,2001-03-24,JC,3,3,37,N,SPSP,M,A,106
2001,S,2001-03-24,JC,3,3,43,N,DIME,F,A,40
2001,S,2001-03-22,JC,1,2,92,N,DIME,F,A,45
2001,S,2001-03-22,JC,1,2,95,N,DIME,M,A,0
2001,S,2001-03-22,JC,1,2,96,N,DIME,F,A,44
2001,S,2001-03-22,JC,1,3,102,N,NEAL,NA,NA,0
2001,S,2001-03-22,JC,1,3,108,N,NEAL,NA,NA,0
2001,S,2001-03-22,JC,1,3,117,N,DIME,M,A,48
2001,S,2001-03-22,JC,1,3,116,N,PGFL,M,A,13
2001,S,2001-03-23,JC,2,2,28,N,DIME,F,A,38
2001,S,2001-03-23,JC,2,2,35,N,DIME,M,A,47
2001,S,2001-03-23,JC,2,3,36,N,DIME,M,A,44
2001,S,2001-03-23,JC,2,3,93,N,ONAR,M,A,24
2001,S,2001-03-23,JC,2,3,96,N,DIME,M,A,45
2001,S,2001-03-24,JC,3,2,89,N,CHPE,M,A,14
2001,S,2001-03-24,JC,3,2,79,N,DIME,M,A,45
2001,S,2001-03-24,JC,3,2,81,N,NEAL,M,A,182
2001,S,2001-03-24,JC,3,3,95,N,DIOR,F,A,49
2001,S,2001-03-22,JC,1,1,56,N,DIME,F,A,42
2001,S,2001-03-22,JC,1,1,57,N,DIME,F,A,37
2001,S,2001-03-22,JC,1,1,59,N,DIME,M,A,53
2001,S,2001-03-22,JC,1,1,60,N,DIME,M,A,49
2001,S,2001-03-22,JC,1,1,48,N,DIME,M,A,50
2001,S,2001-03-22,JC,1,1,45,N,DIME,M,A,47
2001,S,2001-03-22,JC,1,1,44,N,DIME,F,A,39
2001,S,2001-03-22,JC,1,1,34,N,DIME,M,A,42
2001,S,2001-03-22,JC,1,1,17,N,DIME,M,A,40
2001,S,2001-03-22,JC,1,2,104,N,DIME,F,A,40
2001,S,2001-03-22,JC,1,2,106,N,DIME,F,A,40
2001,S,2001-03-22,JC,1,2,7,N,DIME,M,A,49
2001,S,2001-03-22,JC,1,2,11,N,DIME,M,A,47
2001,S,2001-03-22,JC,1,2,12,N,DIME,F,A,39
2001,S,2001-03-22,JC,1,2,142,N,DIME,F,A,44
2001,S,2001-03-22,JC,1,2,141,N,DIME,F,A,44
2001,S,2001-03-22,JC,1,3,89,N,DIME,M,A,45
2001,S,2001-03-22,JC,1,3,93,N,DIME,M,A,41
2001,S,2001-03-22,JC,1,3,97,N,NEAL,F,A,170
2001,S,2001-03-22,JC,1,3,95,N,NEAL,M,A,160
2001,S,2001-03-22,JC,1,3,78,N,DIME,M,A,50
2001,S,2001-03-22,JC,1,3,66,N,DIME,M,A,42
2001,S,2001-03-22,JC,1,3,70,N,DIME,F,A,41
2001,S,2001-03-22,JC,1,3,60,N,DIME,F,A,39
2001,S,2001-03-22,JC,1,3,119,N,NEAL,F,A,165
2001,S,2001-03-23,JC,2,1,127,N,DIME,F,A,42
2001,S,2001-03-23,JC,2,1,144,N,DIME,M,A,45
2001,S,2001-03-23,JC,2,1,143,N,DIME,M,A,41
2001,S,2001-03-23,JC,2,2,46,N,NEAL,F,A,155
2001,S,2001-03-23,JC,2,2,59,N,DIME,F,A,43
2001,S,2001-03-23,JC,2,2,66,N,DIME,F,A,42
2001,S,2001-03-23,JC,2,2,84,N,DIME,M,A,51
2001,S,2001-03-23,JC,2,2,79,N,DIME,M,A,49
2001,S,2001-03-23,JC,2,3,104,N,ONAR,F,A,24
2001,S,2001-03-23,JC,2,3,112,N,PGFL,M,A,15
2001,S,2001-03-23,JC,2,3,72,N,DIME,M,A,50
2001,S,2001-03-23,JC,2,3,83,N,DIME,F,A,42
2001,S,2001-03-24,JC,3,1,51,N,ONAR,F,A,15
2001,S,2001-03-24,JC,3,1,17,N,ONAR,M,A,19
2001,S,2001-03-24,JC,3,2,119,N,NEAL,F,A,150
2001,S,2001-03-24,JC,3,2,84,N,DIME,M,A,45
2001,S,2001-03-24,JC,3,3,113,N,ONAR,M,A,21
2001,S,2001-03-24,JC,3,3,107,N,DIME,M,A,47
2002,S,2002-04-09,JC,1,3,117,N,DIME,M,A,42
2002,S,2002-04-09,JC,1,3,6,N,DIME,F,A,41
2002,S,2002-04-09,JC,1,1,138,N,CHPE,M,A,9
2002,S,2002-04-11,JC,3,2,121,N,SPSP,M,A,88
2002,S,2002-04-09,JC,1,3,58,N,ONAR,F,A,30
2002,S,2002-04-09,JC,1,3,65,N,DIME,M,A,39
2002,S,2002-04-09,JC,1,3,90,N,ONAR,F,A,28
2002,S,2002-04-09,JC,1,2,70,N,DIME,F,A,44
2002,S,2002-04-09,JC,1,2,77,N,DIME,M,A,48
2002,S,2002-04-09,JC,1,1,21,N,DIME,F,A,40
2002,S,2002-04-09,JC,1,1,34,N,DIME,M,A,49
2002,S,2002-04-10,JC,2,3,46,N,DIME,F,A,34
2002,S,2002-04-10,JC,2,3,95,N,DIME,M,A,45
2002,S,2002-04-10,JC,2,3,101,N,ONAR,M,A,22
2002,S,2002-04-10,JC,2,2,30,N,DIME,F,A,50
2002,S,2002-04-10,JC,2,1,96,N,DIME,F,A,40
2002,S,2002-04-10,JC,2,1,93,N,DIME,M,A,47
2002,S,2002-04-11,JC,3,1,58,N,SPSP,M,A,88
2003,S,2003-04-08,JC,1,1,103,N,DIME,F,A,45
2003,S,2003-04-08,JC,1,1,107,N,DIME,M,A,42
2003,S,2003-04-08,JC,1,1,119,N,DIME,F,A,50
2003,S,2003-04-08,JC,1,1,132,N,DIME,NA,J,23
2003,S,2003-04-08,JC,1,1,143,N,DIME,F,A,50
2003,S,2003-04-08,JC,1,1,142,N,DIME,M,A,43
2003,S,2003-04-08,JC,1,1,141,N,DIME,M,A,51
2003,S,2003-04-08,JC,1,1,140,N,DIME,M,A,50
2003,S,2003-04-08,JC,1,1,138,N,CHPE,M,A,10
2003,S,2003-04-08,JC,1,1,12,N,DIME,M,A,52
2003,S,2003-04-08,JC,1,1,31,N,DIME,M,A,42
2003,S,2003-04-08,JC,1,2,19,N,DIME,M,A,50
2003,S,2003-04-08,JC,1,2,1,N,CHPE,M,A,15
2003,S,2003-04-08,JC,1,2,5,N,DIME,F,A,45
2003,S,2003-04-08,JC,1,2,6,N,DIME,M,A,44
2003,S,2003-04-08,JC,1,2,12,N,DIME,M,A,50
2003,S,2003-04-08,JC,1,2,122,N,DIME,M,A,36
2003,S,2003-04-08,JC,1,2,124,N,CHPE,M,A,18
2003,S,2003-04-08,JC,1,2,132,N,DIOR,M,A,48
2003,S,2003-04-08,JC,1,2,118,N,DIME,F,A,42
2003,S,2003-04-08,JC,1,2,97,N,CHPE,M,A,15
2003,S,2003-04-08,JC,1,2,99,N,DIME,F,A,49
2003,S,2003-04-08,JC,1,2,102,N,DIME,M,A,46
2003,S,2003-04-08,JC,1,2,103,N,DIME,M,A,51
2003,S,2003-04-08,JC,1,2,94,N,DIME,M,A,47
2003,S,2003-04-08,JC,1,2,76,N,DIME,M,A,46
2003,S,2003-04-08,JC,1,2,81,N,DIOR,F,A,52
2003,S,2003-04-08,JC,1,3,98,N,DIME,F,A,44
2003,S,2003-04-08,JC,1,3,1,N,PELE,M,A,21
2003,S,2003-04-08,JC,1,3,94,N,DIOR,M,A,58
2003,S,2003-04-08,JC,1,3,93,N,PELE,M,A,19
2003,S,2003-04-08,JC,1,3,116,N,CHPE,M,A,19
2003,S,2003-04-08,JC,1,3,119,N,DIME,F,A,42
2003,S,2003-04-08,JC,1,3,20,N,DIME,M,A,31
2003,S,2003-04-08,JC,1,3,23,N,DIME,F,A,44
2003,S,2003-04-08,JC,1,3,35,N,CHPE,F,A,13
2003,S,2003-04-08,JC,1,3,30,N,DIME,M,A,45
2003,S,2003-04-08,JC,1,3,55,N,DIME,M,A,33
2003,S,2003-04-08,JC,1,3,58,N,DIME,M,A,49
2003,S,2003-04-09,JC,2,1,70,N,ONLE,M,A,36
2003,S,2003-04-09,JC,2,1,23,N,DIME,M,A,45
2003,S,2003-04-09,JC,2,1,129,N,DIME,M,A,48
2003,S,2003-04-09,JC,2,2,9,N,CHPE,M,A,15
2003,S,2003-04-09,JC,2,2,128,N,DIME,NA,J,21
2003,S,2003-04-09,JC,2,2,114,N,CHPE,M,A,19
2003,S,2003-04-09,JC,2,2,119,N,DIME,F,A,43
2003,S,2003-04-09,JC,2,2,120,N,DIME,NA,J,24
2003,S,2003-04-09,JC,2,2,100,N,CHPE,M,A,16
2003,S,2003-04-09,JC,2,2,94,N,CHPE,F,A,14
2003,S,2003-04-09,JC,2,3,131,N,DIME,F,A,43
2003,S,2003-04-09,JC,2,3,20,N,DIME,M,A,51
2003,S,2003-04-09,JC,2,3,31,N,DIME,M,A,45
2003,S,2003-04-09,JC,2,3,45,N,PGFL,F,A,8
2003,S,2003-04-09,JC,2,3,46,N,DIME,M,A,48
2003,S,2003-04-09,JC,2,3,59,N,DIME,NA,J,31
2003,S,2003-04-10,JC,3,1,66,N,ONAR,NA,J,16
2003,S,2003-04-10,JC,3,1,59,N,PGFL,M,A,9
2003,S,2003-04-10,JC,3,1,22,N,ONAR,M,A,17
2003,S,2003-04-10,JC,3,2,47,N,DIME,M,A,57
2003,S,2003-04-10,JC,3,2,35,N,PGFL,NA,J,5
2003,S,2003-04-10,JC,3,2,31,N,SPSP,M,A,110
2003,S,2003-04-10,JC,3,2,28,N,PELE,M,A,21
2003,S,2003-04-10,JC,3,2,73,N,CHPE,M,A,17
2003,S,2003-04-10,JC,3,3,117,N,SPSP,F,A,140
2003,S,2003-04-10,JC,3,3,131,N,CHPE,F,A,15
2003,S,2003-04-10,JC,3,3,140,N,PGFL,M,A,8
2003,S,2003-04-10,JC,3,3,4,N,PGFL,M,A,9
2003,S,2003-04-10,JC,3,3,11,N,DIME,M,A,46
2003,S,2003-04-10,JC,3,3,18,N,DIME,M,A,49
2003,S,2003-04-08,JC,1,2,47,N,DIME,F,A,51
2003,S,2003-04-08,JC,1,2,40,N,DIME,NA,J,35
2003,S,2003-04-08,JC,1,2,84,N,DIME,M,A,41
2003,S,2003-04-08,JC,1,3,131,N,DIME,M,A,45
2003,S,2003-04-08,JC,1,3,128,N,DIME,M,A,50
2003,S,2003-04-08,JC,1,3,86,N,DIOR,M,A,73
2003,S,2003-04-08,JC,1,3,87,N,DIOR,M,A,68
2003,S,2003-04-08,JC,1,3,92,N,DIOR,F,A,41
2003,S,2003-04-08,JC,1,3,84,N,DIME,M,A,54
2003,S,2003-04-08,JC,1,3,83,N,DIME,M,A,51
2003,S,2003-04-08,JC,1,3,82,N,DIME,F,A,53
2003,S,2003-04-09,JC,2,2,35,N,DIOR,F,A,61
2003,S,2003-04-09,JC,2,2,31,N,DIME,F,A,49
2003,S,2003-04-09,JC,2,2,30,N,DIME,M,A,50
2003,S,2003-04-09,JC,2,3,105,N,SIHI,M,A,110
2003,S,2003-04-09,JC,2,3,92,N,CHPE,M,A,11
2003,S,2003-04-10,JC,3,1,87,N,SPSP,M,A,102
2003,S,2003-04-10,JC,3,1,92,N,DIME,M,A,54
2003,S,2003-04-10,JC,3,1,84,N,DIME,M,A,42
2003,S,2003-04-10,JC,3,1,82,N,DIME,F,A,33
2003,S,2003-04-10,JC,3,1,139,N,DIME,M,A,53
2003,S,2003-04-10,JC,3,2,12,N,DIME,M,A,49
2003,S,2003-04-10,JC,3,2,67,N,DIOR,M,A,51
2003,S,2003-04-10,JC,3,2,56,N,PGFL,M,A,6
2003,S,2003-04-10,JC,3,3,47,N,DIME,F,A,50
2003,S,2003-04-08,JC,1,1,66,N,DIME,M,A,54
2003,S,2003-04-08,JC,1,1,83,N,DIME,F,A,49
2003,S,2003-04-08,JC,1,1,82,N,DIME,M,A,49
2003,S,2003-04-08,JC,1,1,44,N,DIME,NA,J,33
2003,S,2003-04-08,JC,1,1,60,N,DIME,F,A,51
2003,S,2003-04-08,JC,1,1,87,N,DIME,F,A,46
2003,S,2003-04-08,JC,1,1,95,N,DIME,M,A,42
2003,S,2003-04-08,JC,1,2,69,N,DIME,M,A,39
2003,S,2003-04-08,JC,1,2,71,N,DIME,M,A,53
2003,S,2003-04-08,JC,1,2,72,N,DIME,F,A,47
2003,S,2003-04-08,JC,1,2,45,N,DIME,NA,NA,0
2003,S,2003-04-08,JC,1,2,44,N,DIME,M,A,51
2003,S,2003-04-08,JC,1,2,77,N,DIME,M,A,56
2003,S,2003-04-08,JC,1,3,134,N,CHPE,M,A,17
2003,S,2003-04-08,JC,1,3,140,N,DIME,F,A,50
2003,S,2003-04-08,JC,1,3,141,N,DIME,M,A,45
2003,S,2003-04-08,JC,1,3,142,N,DIME,M,A,57
2003,S,2003-04-08,JC,1,3,143,N,DIME,NA,J,31
2003,S,2003-04-08,JC,1,3,144,N,DIME,M,A,50
2003,S,2003-04-08,JC,1,3,8,N,DIME,M,A,0
2003,S,2003-04-09,JC,2,1,144,N,DIME,M,A,52
2003,S,2003-04-09,JC,2,2,40,N,CHPE,F,A,14
2003,S,2003-04-09,JC,2,2,59,N,DIOR,F,A,63
2003,S,2003-04-09,JC,2,3,12,N,DIME,F,A,50
2003,S,2003-04-09,JC,2,3,141,N,DIME,F,A,45
2003,S,2003-04-09,JC,2,3,118,N,DIME,F,A,45
2003,S,2003-04-10,JC,3,1,108,N,DIME,M,A,49
2003,S,2003-04-10,JC,3,1,130,N,DIME,NA,NA,0
2003,S,2003-04-10,JC,3,3,93,N,PELE,M,A,18
2003,S,2003-04-10,JC,3,3,35,N,DIME,M,A,52
2004,S,2004-04-14,JC,1,1,21,N,DIME,M,A,50
2004,S,2004-04-14,JC,1,1,56,N,ONAR,F,A,24
2004,S,2004-04-14,JC,1,2,68,N,CHPE,M,A,15
2004,S,2004-04-14,JC,1,3,23,N,DIME,M,A,45
2004,S,2004-04-15,JC,2,3,83,N,ONAR,M,A,18
2004,S,2004-04-15,JC,2,3,118,N,DIME,M,A,53
2004,S,2004-04-15,JC,2,3,101,N,PGFL,M,A,7
2004,S,2004-04-15,JC,2,3,134,N,DIME,M,A,43
2004,S,2004-04-15,JC,2,3,128,N,DIME,NA,NA,0
2004,S,2004-04-15,JC,2,3,145,N,CHPE,F,A,19
2004,S,2004-04-15,JC,2,2,36,N,CHPE,M,A,15
2004,S,2004-04-15,JC,2,2,33,N,CHPE,M,A,17
2004,S,2004-04-15,JC,2,2,127,N,DIME,F,A,50
2004,S,2004-04-15,JC,2,2,116,N,DIME,F,A,40
2004,S,2004-04-15,JC,2,1,82,N,DIME,F,A,43
2004,S,2004-04-15,JC,2,1,88,N,DIME,F,A,42
2004,S,2004-04-15,JC,2,1,113,N,ONAR,M,A,22
2004,S,2004-04-15,JC,2,1,132,N,PGFL,M,A,7
2004,S,2004-04-15,JC,2,1,127,N,DIME,M,A,49
2004,S,2004-04-15,JC,2,1,142,N,DIME,M,A,45
2004,S,2004-04-16,JC,3,3,100,N,DIME,M,A,42
2004,S,2004-04-16,JC,3,3,101,N,PGFL,F,A,8
2004,S,2004-04-16,JC,3,3,117,N,DIME,M,A,42
2004,S,2004-04-16,JC,3,2,44,N,DIME,M,A,46
2004,S,2004-04-16,JC,3,2,116,N,CHPE,F,A,14
2004,S,2004-04-16,JC,3,1,95,N,DIME,F,A,42
2004,S,2004-04-16,JC,3,1,107,N,DIME,M,A,43
2004,S,2004-04-16,JC,3,1,119,N,DIME,M,A,50
2004,S,2004-04-16,JC,3,1,113,N,ONAR,M,A,25
2004,S,2004-04-14,JC,1,2,79,N,PGFL,M,A,7
2004,S,2004-04-14,JC,1,3,22,N,PGFL,M,A,6
2004,S,2004-04-14,JC,1,3,33,N,DIME,M,A,46
2004,S,2004-04-14,JC,1,1,138,N,CHPE,M,A,15
2004,S,2004-04-14,JC,1,1,141,N,DIME,M,A,45
2004,S,2004-04-14,JC,1,1,142,N,DIME,M,A,45
2004,S,2004-04-14,JC,1,1,106,N,DIME,M,A,43
2004,S,2004-04-14,JC,1,1,96,N,DIME,M,A,45
2004,S,2004-04-14,JC,1,1,91,N,ONAR,M,A,22
2004,S,2004-04-14,JC,1,2,36,N,CHPE,F,A,13
2004,S,2004-04-14,JC,1,2,33,N,CHPE,M,A,17
2004,S,2004-04-14,JC,1,2,24,N,DIME,M,A,50
2004,S,2004-04-14,JC,1,2,7,N,DIME,F,A,39
2004,S,2004-04-14,JC,1,2,127,N,DIME,F,A,45
2004,S,2004-04-14,JC,1,2,116,N,DIME,M,A,53
2004,S,2004-04-14,JC,1,2,106,N,CHPE,M,A,16
2004,S,2004-04-14,JC,1,2,93,N,DIME,M,A,50
2004,S,2004-04-14,JC,1,2,94,N,DIME,M,A,49
2004,S,2004-04-14,JC,1,2,96,N,ONAR,F,A,24
2004,S,2004-04-14,JC,1,3,96,N,DIME,M,A,39
2004,S,2004-04-14,JC,1,3,92,N,DIME,M,A,43
2004,S,2004-04-14,JC,1,3,90,N,PGFL,M,A,8
2004,S,2004-04-14,JC,1,3,69,N,DIME,M,A,50
2004,S,2004-04-14,JC,1,3,119,N,DIME,M,A,50
2004,S,2004-04-14,JC,1,3,137,N,DIME,F,A,45
2004,S,2004-04-14,JC,1,3,140,N,CHPE,M,A,17
2004,S,2004-04-14,JC,1,3,128,N,DIME,F,A,48
2004,S,2004-04-14,JC,1,3,1,N,CHPE,M,A,13
2004,S,2004-04-15,JC,2,3,93,N,CHPE,M,A,14
2004,S,2004-04-15,JC,2,3,66,N,DIME,M,A,45
2004,S,2004-04-15,JC,2,3,71,N,DIME,M,A,45
2004,S,2004-04-15,JC,2,3,59,N,CHPE,M,A,13
2004,S,2004-04-15,JC,2,3,29,N,DIME,M,A,54
2004,S,2004-04-15,JC,2,3,14,N,ONAR,F,A,22
2004,S,2004-04-15,JC,2,3,22,N,PGFL,M,A,8
2004,S,2004-04-15,JC,2,2,83,N,DIME,F,A,43
2004,S,2004-04-15,JC,2,2,84,N,DIME,M,A,45
2004,S,2004-04-15,JC,2,2,93,N,DIME,M,A,43
2004,S,2004-04-15,JC,2,1,50,N,PEER,M,A,20
2004,S,2004-04-15,JC,2,1,60,N,DIME,M,A,54
2004,S,2004-04-15,JC,2,1,22,N,DIME,M,A,42
2004,S,2004-04-15,JC,2,1,21,N,DIME,M,A,52
2004,S,2004-04-15,JC,2,1,12,N,DIME,M,A,46
2004,S,2004-04-16,JC,3,3,28,N,CHPE,M,A,15
2004,S,2004-04-16,JC,3,3,13,N,DIME,M,A,42
2004,S,2004-04-16,JC,3,3,24,N,DIME,M,A,42
2004,S,2004-04-16,JC,3,2,72,N,DIME,M,A,44
2004,S,2004-04-16,JC,3,2,106,N,PELE,M,A,15
2004,S,2004-04-16,JC,3,2,97,N,DIME,M,A,54
2004,S,2004-04-16,JC,3,1,48,N,CHPE,M,A,13
2004,S,2004-04-16,JC,3,1,12,N,DIME,M,A,41
2004,S,2004-04-16,JC,3,1,140,N,DIME,M,A,53
2005,S,2005-04-06,JC,1,1,83,N,DIME,M,A,57
2005,S,2005-04-06,JC,1,1,89,N,PELE,F,A,28
2005,S,2005-04-06,JC,1,2,109,N,PGFL,M,A,7
2005,S,2005-04-06,JC,1,3,133,N,CHPE,F,A,15
2005,S,2005-04-06,JC,1,3,139,N,CHPE,M,A,17
2005,S,2005-04-06,JC,1,1,84,N,DIME,M,A,49
2005,S,2005-04-06,JC,1,1,129,N,DIME,M,A,57
2005,S,2005-04-06,JC,1,1,144,N,DIME,F,A,48
2005,S,2005-04-06,JC,1,1,143,N,DIME,M,A,45
2005,S,2005-04-06,JC,1,1,141,N,DIME,M,A,49
2005,S,2005-04-06,JC,1,1,138,N,PELE,M,A,12
2005,S,2005-04-06,JC,1,2,94,N,CHPE,M,A,18
2005,S,2005-04-06,JC,1,2,99,N,ONAR,F,A,28
2005,S,2005-04-06,JC,1,2,141,N,DIME,M,A,51
2005,S,2005-04-06,JC,1,3,16,N,DIME,M,A,51
2005,S,2005-04-06,JC,1,3,116,N,DIME,M,A,54
2005,S,2005-04-06,JC,1,3,117,N,DIME,F,A,52
2005,S,2005-04-06,JC,1,3,119,N,DIME,M,A,57
2005,S,2005-04-06,JC,1,3,142,N,DIME,M,A,58
2005,S,2005-04-06,JC,1,3,143,N,DIME,F,A,54
2005,S,2005-04-07,JC,2,1,138,N,PELE,NA,J,11
2005,S,2005-04-07,JC,2,2,94,N,CHPE,M,A,13
2005,S,2005-04-07,JC,2,2,93,N,SPSP,M,A,112
2005,S,2005-04-07,JC,2,2,120,N,CHPE,F,A,14
2005,S,2005-04-07,JC,2,3,101,N,PELE,NA,J,6
2005,S,2005-04-07,JC,2,1,80,N,DIME,M,A,56
2005,S,2005-04-07,JC,2,1,98,N,CHPE,M,A,16
2005,S,2005-04-07,JC,2,2,84,N,DIME,F,A,47
2005,S,2005-04-07,JC,2,2,109,N,PGFL,M,A,9
2005,S,2005-04-07,JC,2,3,130,N,DIME,M,A,50
2005,S,2005-04-07,JC,2,1,113,N,DIME,M,A,50
2005,S,2005-04-08,JC,3,1,133,N,CHPE,M,A,14
2005,S,2005-04-08,JC,3,1,79,N,CHPE,M,A,15
2005,S,2005-04-08,JC,3,1,107,N,DIME,M,A,50
2005,S,2005-04-08,JC,3,2,97,N,DIME,M,A,58
2005,S,2005-04-08,JC,3,2,114,N,CHPE,F,A,17
2005,S,2005-04-08,JC,3,3,81,N,SPSP,M,A,128
2005,S,2005-04-06,JC,1,1,50,N,PELE,M,A,19
2005,S,2005-04-06,JC,1,1,53,N,CHPE,M,A,16
2005,S,2005-04-06,JC,1,1,63,N,DIME,M,A,47
2005,S,2005-04-06,JC,1,1,39,N,DIME,F,A,0
2005,S,2005-04-06,JC,1,1,40,N,DIME,M,A,50
2005,S,2005-04-06,JC,1,2,56,N,CHPE,M,A,15
2005,S,2005-04-06,JC,1,2,72,N,DIME,M,A,51
2005,S,2005-04-06,JC,1,2,70,N,DIME,M,A,44
2005,S,2005-04-06,JC,1,2,12,N,DIME,M,A,0
2005,S,2005-04-06,JC,1,3,18,N,DIME,M,A,45
2005,S,2005-04-06,JC,1,3,22,N,DIME,M,A,44
2005,S,2005-04-06,JC,1,3,23,N,DIME,M,A,46
2005,S,2005-04-06,JC,1,3,24,N,DIME,F,A,54
2005,S,2005-04-06,JC,1,3,10,N,DIME,F,A,45
2005,S,2005-04-06,JC,1,3,144,N,DIME,M,A,41
2005,S,2005-04-07,JC,2,1,41,N,DIME,M,A,47
2005,S,2005-04-07,JC,2,1,43,N,DIME,M,A,50
2005,S,2005-04-07,JC,2,2,7,N,PELE,M,A,20
2005,S,2005-04-07,JC,2,3,143,N,DIME,M,A,48
2005,S,2005-04-07,JC,2,3,12,N,DIME,M,A,37
2005,S,2005-04-07,JC,2,3,22,N,CHPE,M,A,13
2005,S,2005-04-07,JC,2,3,24,N,DIME,NA,NA,0
2005,S,2005-04-08,JC,3,2,79,N,PELE,M,A,11
2005,S,2005-04-08,JC,3,3,17,N,SPSP,M,A,120
2005,S,2005-04-08,JC,3,3,22,N,CHPE,M,A,17
2005,S,2005-04-07,JC,2,2,48,N,DIME,F,A,66
2005,S,2005-04-07,JC,2,3,145,N,CHPE,M,A,17
2005,S,2005-04-07,JC,2,3,81,N,DIME,M,A,43
2005,S,2005-04-07,JC,2,3,46,N,SPSP,F,A,115
2005,S,2005-04-08,JC,3,2,130,N,PELE,M,A,10
2005,S,2005-04-08,JC,3,2,24,N,DIME,M,A,44
2005,S,2005-04-08,JC,3,3,48,N,PELE,M,A,9
2005,S,2005-04-08,JC,3,3,62,N,SPSP,M,A,118
2005,S,2005-04-06,JC,1,1,97,N,CHPE,M,A,13
2005,S,2005-04-06,JC,1,1,24,N,CHPE,M,A,16
2005,S,2005-04-06,JC,1,1,12,N,DIME,M,A,49
2005,S,2005-04-06,JC,1,2,46,N,PGFL,M,A,10
2005,S,2005-04-06,JC,1,2,121,N,PERO1,M,A,18
2005,S,2005-04-06,JC,1,3,145,N,CHPE,M,A,15
2005,S,2005-04-06,JC,1,3,69,N,PEBO,F,A,15
2005,S,2005-04-06,JC,1,3,70,N,PGFL,M,A,9
2005,S,2005-04-06,JC,1,3,137,N,PELE,M,A,22
1999,S,1999-04-20,JC,1,1,84,N,DIME,M,A,45
1999,S,1999-04-20,JC,1,1,55,N,DIME,F,A,47
1999,S,1999-04-20,JC,1,1,72,N,DIME,F,A,53
1999,S,1999-04-20,JC,1,1,71,N,DIME,M,A,52
1999,S,1999-04-20,JC,1,1,67,N,DIME,M,A,47
1999,S,1999-04-20,JC,1,1,66,N,DIME,M,A,50
1999,S,1999-04-20,JC,1,2,143,N,DIME,M,A,52
1999,S,1999-04-20,JC,1,2,36,N,DIME,M,A,44
1999,S,1999-04-20,JC,1,2,35,N,DIME,F,A,43
1999,S,1999-04-20,JC,1,2,34,N,DIME,M,A,52
1999,S,1999-04-20,JC,1,2,32,N,ONAR,M,A,23
1999,S,1999-04-20,JC,1,2,79,N,CHPE,M,A,18
1999,S,1999-04-20,JC,1,2,81,N,DIME,M,A,41
1999,S,1999-04-20,JC,1,2,82,N,DIME,F,A,52
1999,S,1999-04-20,JC,1,2,84,N,DIME,M,A,52
1999,S,1999-04-20,JC,1,3,108,N,DIME,F,A,47
1999,S,1999-04-20,JC,1,3,107,N,ONAR,F,A,22
1999,S,1999-04-20,JC,1,3,92,N,ONAR,M,A,20
1999,S,1999-04-20,JC,1,3,79,N,DIME,M,A,49
1999,S,1999-04-20,JC,1,3,84,N,DIME,F,A,46
1999,S,1999-04-20,JC,1,3,54,N,CHPE,M,A,15
1999,S,1999-04-20,JC,1,3,55,N,DIME,M,A,50
1999,S,1999-04-20,JC,1,3,58,N,DIME,F,A,47
1999,S,1999-04-20,JC,1,3,59,N,DIME,F,A,51
1999,S,1999-04-20,JC,1,3,60,N,DIME,F,A,44
1999,S,1999-04-21,JC,2,1,15,N,DIME,M,A,46
1999,S,1999-04-21,JC,2,2,115,N,DIME,M,A,58
1999,S,1999-04-21,JC,2,3,108,N,NEAL,F,A,165
1999,S,1999-04-21,JC,2,3,12,N,NEAL,NA,J,84
1999,S,1999-04-21,JC,2,3,23,N,DIME,NA,J,23
1999,S,1999-04-22,JC,3,2,144,N,NEAL,F,A,180
1999,S,1999-04-22,JC,3,2,142,N,DIME,NA,J,26
1999,S,1999-04-22,JC,3,2,64,N,ONAR,M,A,19
1999,S,1999-04-22,JC,3,3,131,N,DIME,NA,J,31
1999,S,1999-04-22,JC,3,3,24,N,NEAL,NA,J,59
1999,S,1999-04-22,JC,3,3,34,N,CHPE,F,A,13
1999,S,1999-04-22,JC,3,3,54,N,SPSP,M,A,90
1999,S,1999-04-20,JC,1,1,145,N,DIME,M,A,48
1999,S,1999-04-20,JC,1,1,10,N,DIME,F,A,42
1999,S,1999-04-20,JC,1,1,24,N,DIME,F,A,48
1999,S,1999-04-20,JC,1,1,22,N,DIME,NA,J,28
1999,S,1999-04-20,JC,1,1,18,N,REME,F,A,11
1999,S,1999-04-20,JC,1,1,31,N,DIME,NA,J,27
1999,S,1999-04-20,JC,1,1,36,N,DIME,F,A,49
1999,S,1999-04-20,JC,1,1,47,N,DIME,F,A,48
1999,S,1999-04-20,JC,1,1,46,N,DIME,M,A,48
1999,S,1999-04-20,JC,1,1,108,N,DIME,F,A,50
1999,S,1999-04-20,JC,1,1,107,N,DIME,M,A,51
1999,S,1999-04-20,JC,1,1,101,N,DIME,F,A,46
1999,S,1999-04-20,JC,1,2,5,N,NEAL,NA,J,0
1999,S,1999-04-20,JC,1,2,7,N,DIME,M,A,47
1999,S,1999-04-20,JC,1,2,9,N,DIME,M,A,49
1999,S,1999-04-20,JC,1,2,12,N,DIME,F,A,46
1999,S,1999-04-20,JC,1,2,22,N,DIME,M,A,51
1999,S,1999-04-20,JC,1,2,54,N,DIME,M,A,48
1999,S,1999-04-20,JC,1,2,67,N,DIME,M,A,48
1999,S,1999-04-20,JC,1,3,102,N,DIME,NA,J,28
1999,S,1999-04-20,JC,1,3,127,N,DIME,NA,J,26
1999,S,1999-04-20,JC,1,3,129,N,DIME,F,A,46
1999,S,1999-04-20,JC,1,3,131,N,DIME,M,A,49
1999,S,1999-04-20,JC,1,3,132,N,DIME,NA,J,29
1999,S,1999-04-20,JC,1,3,144,N,CHPE,M,A,14
1999,S,1999-04-20,JC,1,3,142,N,ONAR,M,A,24
1999,S,1999-04-20,JC,1,3,135,N,NEAL,NA,J,122
1999,S,1999-04-20,JC,1,3,134,N,NEAL,M,A,234
1999,S,1999-04-21,JC,2,1,132,N,DIME,M,A,48
1999,S,1999-04-21,JC,2,1,144,N,SPSP,NA,NA,0
1999,S,1999-04-21,JC,2,1,141,N,NEAL,F,A,105
1999,S,1999-04-21,JC,2,1,7,N,ONAR,NA,NA,0
1999,S,1999-04-21,JC,2,1,11,N,ONAR,F,A,21
1999,S,1999-04-21,JC,2,1,12,N,DIME,M,A,50
1999,S,1999-04-21,JC,2,1,21,N,DIME,F,A,47
1999,S,1999-04-21,JC,2,2,48,N,ONAR,M,A,25
1999,S,1999-04-21,JC,2,2,51,N,DIME,NA,J,24
1999,S,1999-04-21,JC,2,2,60,N,NEAL,NA,J,72
1999,S,1999-04-21,JC,2,3,131,N,DIME,NA,J,27
1999,S,1999-04-21,JC,2,3,48,N,NEAL,NA,J,49
1999,S,1999-04-22,JC,3,1,95,N,NEAL,F,A,184
1999,S,1999-04-22,JC,3,1,125,N,DIME,NA,J,28
1999,S,1999-04-22,JC,3,1,36,N,REME,NA,NA,0
1999,S,1999-04-22,JC,3,2,131,N,PELE,F,A,0
1999,S,1999-04-22,JC,3,2,4,N,NEAL,F,A,182
1999,S,1999-04-22,JC,3,3,96,N,DIME,M,A,48
1999,S,1999-04-22,JC,3,3,48,N,NEAL,NA,J,115
1999,S,1999-04-22,JC,3,3,58,N,DIME,M,A,47
1999,S,1999-04-20,JC,1,1,128,N,DIME,F,A,52
1999,S,1999-04-20,JC,1,1,130,N,DIME,F,A,52
1999,S,1999-04-20,JC,1,1,140,N,DIME,M,A,45
1999,S,1999-04-20,JC,1,1,118,N,DIME,F,A,52
1999,S,1999-04-20,JC,1,1,120,N,DIME,NA,J,30
1999,S,1999-04-20,JC,1,2,120,N,DIME,NA,J,35
1999,S,1999-04-20,JC,1,2,118,N,ONAR,F,A,28
1999,S,1999-04-20,JC,1,2,115,N,DIME,M,A,48
1999,S,1999-04-20,JC,1,2,91,N,DIME,M,A,38
1999,S,1999-04-20,JC,1,2,93,N,DIME,M,A,51
1999,S,1999-04-20,JC,1,2,96,N,DIME,F,A,51
1999,S,1999-04-20,JC,1,2,108,N,DIME,F,A,47
1999,S,1999-04-20,JC,1,3,112,N,DIME,M,A,58
1999,S,1999-04-20,JC,1,3,9,N,PELE,F,A,21
1999,S,1999-04-20,JC,1,3,11,N,DIME,F,A,50
1999,S,1999-04-20,JC,1,3,33,N,DIME,M,A,58
1999,S,1999-04-20,JC,1,3,40,N,DIME,M,A,51
1999,S,1999-04-21,JC,2,2,3,N,DIME,NA,J,30
1999,S,1999-04-21,JC,2,2,21,N,DIME,M,A,50
1999,S,1999-04-21,JC,2,3,92,N,ONAR,M,A,23
1999,S,1999-04-21,JC,2,3,82,N,DIME,F,A,49
1999,S,1999-04-21,JC,2,3,36,N,DIME,F,A,59
1999,S,1999-04-22,JC,3,3,143,N,DIME,F,A,58
1995,F,1995-10-24,JG,1,1,11,N,ONLE,M,A,29
1995,F,1995-10-24,JG,1,1,25,N,DIOR,F,A,62
1995,F,1995-10-24,JG,1,1,128,N,DIOR,M,A,53
1995,F,1995-10-24,JG,1,2,41,N,DIOR,M,A,65
1995,F,1995-10-24,JG,1,2,44,N,DIOR,M,A,57
1995,F,1995-10-24,JG,1,2,48,N,DIOR,F,A,57
1995,F,1995-10-24,JG,1,2,120,N,DIOR,NA,J,48
1995,F,1995-10-24,JG,1,2,144,N,NEMI,M,A,165
1995,F,1995-10-24,JG,1,3,24,N,ONLE,M,A,30
1995,F,1995-10-24,JG,1,3,45,N,DIOR,F,A,72
1995,F,1995-10-24,JG,1,3,140,N,SPSP,M,A,0
1995,F,1995-10-25,JG,2,1,11,N,ONLE,M,A,28
1995,F,1995-10-25,JG,2,1,25,N,ONLE,M,A,33
1995,F,1995-10-25,JG,2,1,45,N,SPSP,M,A,72
1995,F,1995-10-25,JG,2,1,120,N,DIOR,F,A,72
1995,F,1995-10-25,JG,2,1,128,N,ONLE,F,A,29
1995,F,1995-10-25,JG,2,1,140,N,NEMI,F,A,185
1995,F,1995-10-25,JG,2,2,41,N,SPSP,M,A,78
1995,F,1995-10-25,JG,2,2,119,N,SPSP,F,A,140
1995,F,1995-10-25,JG,2,2,144,N,NEMI,M,A,158
1995,F,1995-10-25,JG,2,3,12,N,ONLE,M,A,40
1995,F,1995-10-25,JG,2,3,24,N,DIOR,M,A,50
1995,F,1995-10-25,JG,2,3,36,N,SPSP,F,A,145
1995,F,1995-10-25,JG,2,3,82,N,SPSP,NA,J,78
1995,F,1995-10-25,JG,2,3,143,N,ONAR,F,A,24
1995,F,1995-10-26,JG,3,1,84,N,SPSP,M,A,72
1995,F,1995-10-26,JG,3,1,94,N,SPSP,M,A,85
1995,F,1995-10-26,JG,3,2,40,N,DIOR,M,A,51
1995,F,1995-10-26,JG,3,2,120,N,SPSP,NA,J,70
1995,F,1995-10-26,JG,3,3,24,N,ONLE,M,A,34
1995,F,1995-10-26,JG,3,3,83,N,SPSP,F,A,58
1995,F,1995-10-26,JG,3,3,129,N,ONLE,F,A,37
1996,F,1996-10-17,JG,2,1,12,N,DIOR,F,A,56
1996,F,1996-10-17,JG,2,1,21,N,NEMI,M,A,245
1996,F,1996-10-17,JG,2,2,22,N,DIOR,F,A,56
1996,F,1996-10-17,JG,2,2,24,N,DIOR,M,A,64
1996,F,1996-10-17,JG,2,1,24,N,DIOR,M,A,58
1996,F,1996-10-17,JG,2,1,30,N,DIOR,F,A,61
1996,F,1996-10-17,JG,2,2,31,N,DIOR,M,A,53
1996,F,1996-10-17,JG,2,1,31,N,SPSP,NA,J,72
1996,F,1996-10-17,JG,2,1,33,N,DIOR,NA,J,33
1996,F,1996-10-17,JG,2,1,34,N,PGFL,M,A,11
1996,F,1996-10-17,JG,2,2,35,N,DIOR,F,A,33
1996,F,1996-10-17,JG,2,1,44,N,DIOR,M,A,61
1996,F,1996-10-17,JG,2,2,46,N,DIOR,F,A,62
1996,F,1996-10-17,JG,2,1,46,N,DIOR,F,A,0
1996,F,1996-10-17,JG,2,1,53,N,DIOR,F,A,54
1996,F,1996-10-17,JG,2,1,56,N,DIOR,F,A,62
1996,F,1996-10-17,JG,2,2,66,N,NEMI,NA,J,65
1996,F,1996-10-17,JG,2,1,68,N,DIOR,M,A,56
1996,F,1996-10-17,JG,2,1,71,N,DIOR,M,A,62
1996,F,1996-10-17,JG,2,2,71,N,ONLE,F,A,22
1996,F,1996-10-17,JG,2,2,72,N,DIOR,M,A,43
1996,F,1996-10-17,JG,2,1,79,N,DIOR,M,A,58
1996,F,1996-10-17,JG,2,1,80,N,NEMI,M,A,220
1996,F,1996-10-17,JG,2,1,81,N,DIOR,M,A,56
1996,F,1996-10-17,JG,2,1,84,N,DIOR,M,A,59
1996,F,1996-10-17,JG,2,2,93,N,DIOR,F,A,44
1996,F,1996-10-17,JG,2,2,96,N,DIOR,F,A,59
1996,F,1996-10-17,JG,2,2,103,N,DIOR,NA,J,32
1996,F,1996-10-17,JG,2,2,104,N,DISP,F,A,108
1996,F,1996-10-17,JG,2,2,108,N,DISP,M,A,152
1996,F,1996-10-17,JG,2,1,112,N,NEMI,NA,J,85
1996,F,1996-10-17,JG,2,1,120,N,DIOR,F,A,56
1996,F,1996-10-17,JG,2,1,128,N,DIOR,M,A,55
1996,F,1996-10-17,JG,2,2,129,N,DIOR,NA,J,32
1996,F,1996-10-17,JG,2,1,135,N,DISP,F,A,120
1996,F,1996-10-17,JG,2,2,140,N,DIOR,M,A,54
1996,F,1996-10-17,JG,2,3,9,N,DIOR,M,A,57
1996,F,1996-10-17,JG,2,3,11,N,SPSP,M,A,120
1996,F,1996-10-17,JG,2,3,20,N,DIOR,M,A,52
1996,F,1996-10-17,JG,2,3,32,N,DIOR,M,A,36
1996,F,1996-10-17,JG,2,3,57,N,DIOR,M,A,56
1996,F,1996-10-17,JG,2,3,58,N,DIOR,F,A,58
1996,F,1996-10-17,JG,2,3,65,N,DIOR,M,A,60
1996,F,1996-10-17,JG,2,3,72,N,SPSP,M,A,105
1996,F,1996-10-17,JG,2,3,82,N,DISP,M,A,132
1996,F,1996-10-17,JG,2,3,84,N,NEMI,F,A,222
1996,F,1996-10-17,JG,2,3,100,N,PGFL,F,A,8
1996,F,1996-10-17,JG,2,3,104,N,DIOR,F,A,67
1996,F,1996-10-17,JG,2,3,105,N,DIOR,M,A,62
1996,F,1996-10-17,JG,2,3,119,N,DISP,M,A,120
1996,F,1996-10-17,JG,2,3,120,N,PGFL,F,A,7
1996,F,1996-10-17,JG,2,3,126,N,DISP,F,A,132
1996,F,1996-10-17,JG,2,3,129,N,DIOR,M,A,53
1996,F,1996-10-17,JG,2,3,132,N,DIOR,M,A,55
1996,F,1996-10-17,JG,2,3,139,N,DIOR,F,A,49
1996,F,1996-10-17,JG,2,3,144,N,ONLE,F,A,32
1996,F,1996-10-18,JG,3,3,11,N,ONAR,M,A,26
1996,F,1996-10-18,JG,3,3,21,N,DIOR,F,A,38
1996,F,1996-10-18,JG,3,3,34,N,DIOR,M,A,54
1996,F,1996-10-18,JG,3,1,36,N,DIOR,M,A,58
1996,F,1996-10-18,JG,3,2,42,N,PGFL,F,A,10
1996,F,1996-10-18,JG,3,1,47,N,DIOR,F,A,59
1996,F,1996-10-18,JG,3,1,56,N,DIOR,M,A,62
1996,F,1996-10-18,JG,3,3,69,N,PGFL,M,A,7
1996,F,1996-10-18,JG,3,1,78,N,DIOR,M,A,41
1996,F,1996-10-18,JG,3,1,90,N,DIOR,M,A,60
1996,F,1996-10-18,JG,3,3,92,N,DIOR,F,A,44
1996,F,1996-10-18,JG,3,3,95,N,DIOR,M,A,59
1996,F,1996-10-18,JG,3,2,96,N,DIOR,M,A,40
1996,F,1996-10-18,JG,3,2,107,N,DIOR,F,A,57
1996,F,1996-10-18,JG,3,1,112,N,DIOR,F,A,35
1996,F,1996-10-18,JG,3,3,114,N,PGFL,F,A,11
1996,F,1996-10-18,JG,3,1,122,N,DIOR,F,A,50
1996,F,1996-10-18,JG,3,3,139,N,SPSP,NA,J,49
1996,F,1996-10-18,JG,3,1,140,N,NEMI,M,A,255
1996,F,1996-10-18,JG,3,2,144,N,SPSP,F,A,76
1997,F,1997-10-28,JG,1,2,3,N,DIOR,NA,J,26
1997,F,1997-10-28,JG,1,2,8,N,DIOR,M,A,61
1997,F,1997-10-28,JG,1,2,10,N,NEMI,F,A,225
1997,F,1997-10-28,JG,1,2,11,N,DIOR,F,A,52
1997,F,1997-10-28,JG,1,2,16,N,DIOR,M,A,63
1997,F,1997-10-28,JG,1,2,17,N,NEAL,NA,A,0
1997,F,1997-10-28,JG,1,2,18,N,DIOR,F,A,54
1997,F,1997-10-28,JG,1,2,21,N,DIOR,M,A,0
1997,F,1997-10-28,JG,1,2,31,N,DIOR,F,A,48
1997,F,1997-10-28,JG,1,2,33,N,DIOR,F,A,48
1997,F,1997-10-28,JG,1,2,35,N,DIOR,M,A,54
1997,F,1997-10-28,JG,1,2,36,N,ONLE,NA,J,21
1997,F,1997-10-28,JG,1,2,38,N,DIOR,NA,J,35
1997,F,1997-10-28,JG,1,2,40,N,DIOR,F,A,51
1997,F,1997-10-28,JG,1,2,41,N,DIOR,F,A,45
1997,F,1997-10-28,JG,1,2,42,N,DIOR,M,A,0
1997,F,1997-10-28,JG,1,2,44,N,DISP,F,A,124
1997,F,1997-10-28,JG,1,2,45,N,SPSP,M,A,116
1997,F,1997-10-28,JG,1,2,46,N,DIOR,NA,NA,0
1997,F,1997-10-28,JG,1,2,48,N,DIOR,M,A,52
1997,F,1997-10-28,JG,1,2,55,N,DIOR,M,A,48
1997,F,1997-10-28,JG,1,2,57,N,DIOR,NA,J,45
1997,F,1997-10-28,JG,1,2,60,N,DIOR,F,A,49
1997,F,1997-10-28,JG,1,2,63,N,DIOR,F,A,55
1997,F,1997-10-28,JG,1,1,67,N,DIOR,NA,A,0
1997,F,1997-10-28,JG,1,2,67,N,DIOR,M,A,49
1997,F,1997-10-28,JG,1,2,68,N,NEAL,NA,J,115
1997,F,1997-10-28,JG,1,2,69,N,DISP,NA,J,46
1997,F,1997-10-28,JG,1,2,71,N,DIOR,M,A,50
1997,F,1997-10-28,JG,1,2,74,N,PGFL,F,A,7
1997,F,1997-10-28,JG,1,2,79,N,DIOR,F,A,48
1997,F,1997-10-28,JG,1,2,82,N,DIOR,M,A,45
1997,F,1997-10-28,JG,1,2,83,N,DIOR,M,A,59
1997,F,1997-10-28,JG,1,2,84,N,DIOR,F,A,54
1997,F,1997-10-28,JG,1,2,88,N,SPSP,M,A,110
1997,F,1997-10-28,JG,1,2,89,N,DIOR,F,A,57
1997,F,1997-10-28,JG,1,2,94,N,DIOR,M,A,57
1997,F,1997-10-28,JG,1,2,101,N,DIOR,M,A,51
1997,F,1997-10-28,JG,1,2,102,N,DIOR,M,A,51
1997,F,1997-10-28,JG,1,2,104,N,DIOR,M,A,62
1997,F,1997-10-28,JG,1,2,105,N,DIOR,M,A,53
1997,F,1997-10-28,JG,1,2,107,N,NEAL,F,A,115
1997,F,1997-10-28,JG,1,2,111,N,DIOR,M,A,53
1997,F,1997-10-28,JG,1,2,113,N,DIOR,M,A,51
1997,F,1997-10-28,JG,1,2,114,N,DISP,F,A,108
1997,F,1997-10-28,JG,1,2,117,N,DIOR,M,A,54
1997,F,1997-10-28,JG,1,2,119,N,DIOR,M,A,53
1997,F,1997-10-28,JG,1,2,120,N,DISP,M,A,146
1997,F,1997-10-28,JG,1,2,126,N,PGFL,F,A,7
1997,F,1997-10-28,JG,1,2,127,N,DIOR,F,A,47
1997,F,1997-10-28,JG,1,2,130,N,DIOR,F,A,44
1997,F,1997-10-28,JG,1,2,131,N,NEAL,NA,J,152
1997,F,1997-10-28,JG,1,2,132,N,DIOR,F,A,48
1997,F,1997-10-28,JG,1,2,137,N,DISP,F,A,135
1997,F,1997-10-28,JG,1,2,139,N,DIOR,M,A,52
1997,F,1997-10-28,JG,1,2,140,N,DIOR,M,A,52
1997,F,1997-10-28,JG,1,2,143,N,DIOR,F,A,54
1997,F,1997-10-28,JG,1,2,144,N,ONLE,M,A,0
1997,F,1997-10-28,JG,1,1,2,N,ONLE,M,A,38
1997,F,1997-10-28,JG,1,3,3,N,PGFL,M,A,4
1997,F,1997-10-28,JG,1,1,4,N,DIOR,M,A,55
1997,F,1997-10-28,JG,1,3,5,N,DIOR,M,A,39
1997,F,1997-10-28,JG,1,1,9,N,DIOR,M,A,55
1997,F,1997-10-28,JG,1,3,10,N,SPSP,F,A,130
1997,F,1997-10-28,JG,1,1,10,N,SPSP,M,A,70
1997,F,1997-10-28,JG,1,1,11,N,DIOR,F,A,50
1997,F,1997-10-28,JG,1,1,12,N,DIOR,F,A,69
1997,F,1997-10-28,JG,1,3,12,N,DIOR,M,A,50
1997,F,1997-10-28,JG,1,1,16,N,DIOR,F,A,70
1997,F,1997-10-28,JG,1,1,19,N,DIOR,M,A,44
1997,F,1997-10-28,JG,1,3,20,N,DIOR,F,A,52
1997,F,1997-10-28,JG,1,1,21,N,DIOR,F,A,56
1997,F,1997-10-28,JG,1,1,22,N,DIOR,M,A,58
1997,F,1997-10-28,JG,1,1,23,N,DIOR,NA,J,36
1997,F,1997-10-28,JG,1,3,23,N,NEMI,NA,J,160
1997,F,1997-10-28,JG,1,3,24,N,DIOR,M,A,57
1997,F,1997-10-28,JG,1,1,24,N,DIOR,NA,J,42
1997,F,1997-10-28,JG,1,1,28,N,DIOR,F,A,46
1997,F,1997-10-28,JG,1,3,31,N,DIOR,F,A,52
1997,F,1997-10-28,JG,1,3,32,N,DIOR,M,A,63
1997,F,1997-10-28,JG,1,1,32,N,DIOR,M,A,53
1997,F,1997-10-28,JG,1,1,33,N,DIOR,M,A,55
1997,F,1997-10-28,JG,1,3,33,N,DISP,F,A,130
1997,F,1997-10-28,JG,1,1,34,N,DIOR,F,A,43
1997,F,1997-10-28,JG,1,3,34,N,DISP,M,A,135
1997,F,1997-10-28,JG,1,1,42,N,ONLE,F,A,34
1997,F,1997-10-28,JG,1,1,43,N,DIOR,M,A,54
1997,F,1997-10-28,JG,1,1,45,N,DISP,NA,J,136
1997,F,1997-10-28,JG,1,3,46,N,DIOR,M,A,55
1997,F,1997-10-28,JG,1,3,48,N,DIOR,M,A,62
1997,F,1997-10-28,JG,1,1,48,N,DIOR,M,A,43
1997,F,1997-10-28,JG,1,3,57,N,SIHI,NA,NA,0
1997,F,1997-10-28,JG,1,3,58,N,DIOR,M,A,55
1997,F,1997-10-28,JG,1,1,64,N,DIOR,F,A,53
1997,F,1997-10-28,JG,1,3,65,N,DIOR,M,A,52
1997,F,1997-10-28,JG,1,1,66,N,DIOR,M,A,51
1997,F,1997-10-28,JG,1,1,69,N,DIOR,M,A,53
1997,F,1997-10-28,JG,1,3,71,N,DIOR,M,A,54
1997,F,1997-10-28,JG,1,3,72,N,DIOR,M,A,54
1997,F,1997-10-28,JG,1,1,72,N,DIOR,M,A,59
1997,F,1997-10-28,JG,1,1,74,N,DIOR,F,A,54
1997,F,1997-10-28,JG,1,1,76,N,DIOR,M,A,52
1997,F,1997-10-28,JG,1,3,76,N,PGFL,M,A,7
1997,F,1997-10-28,JG,1,1,77,N,DIOR,NA,J,0
1997,F,1997-10-28,JG,1,3,77,N,DIOR,M,A,52
1997,F,1997-10-28,JG,1,3,78,N,DIOR,NA,J,34
1997,F,1997-10-28,JG,1,1,78,N,DIOR,M,A,56
1997,F,1997-10-28,JG,1,1,79,N,DIOR,M,A,0
1997,F,1997-10-28,JG,1,1,81,N,DIOR,M,A,51
1997,F,1997-10-28,JG,1,3,82,N,DIOR,F,A,51
1997,F,1997-10-28,JG,1,1,82,N,DIOR,NA,NA,0
1997,F,1997-10-28,JG,1,1,84,N,DIOR,M,A,50
1997,F,1997-10-28,JG,1,3,84,N,DISP,M,A,144
1997,F,1997-10-28,JG,1,3,88,N,NEAL,NA,J,105
1997,F,1997-10-28,JG,1,1,93,N,DIOR,M,A,50
1997,F,1997-10-28,JG,1,1,92,N,NEAL,M,A,250
1997,F,1997-10-28,JG,1,3,93,N,NEMI,F,A,0
1997,F,1997-10-28,JG,1,1,94,N,DIOR,M,A,47
1997,F,1997-10-28,JG,1,3,95,N,DIOR,M,A,54
1997,F,1997-10-28,JG,1,1,95,N,PGFL,M,A,8
1997,F,1997-10-28,JG,1,3,96,N,DIOR,F,A,55
1997,F,1997-10-28,JG,1,1,96,N,DIOR,M,A,53
1997,F,1997-10-28,JG,1,3,101,N,DIOR,F,A,53
1997,F,1997-10-28,JG,1,1,102,N,ONLE,M,A,30
1997,F,1997-10-28,JG,1,1,103,N,SPSP,F,A,120
1997,F,1997-10-28,JG,1,3,104,N,DIOR,F,A,59
1997,F,1997-10-28,JG,1,1,106,N,DIOR,F,A,53
1997,F,1997-10-28,JG,1,3,106,N,NEAL,NA,NA,0
1997,F,1997-10-28,JG,1,3,111,N,DIOR,M,A,59
1997,F,1997-10-28,JG,1,1,113,N,DIOR,F,A,52
1997,F,1997-10-28,JG,1,3,113,N,ONLE,NA,J,28
1997,F,1997-10-28,JG,1,1,116,N,DIOR,M,A,62
1997,F,1997-10-28,JG,1,1,117,N,DIOR,F,A,56
1997,F,1997-10-28,JG,1,3,118,N,DIOR,M,A,59
1997,F,1997-10-28,JG,1,3,120,N,DIOR,M,A,60
1997,F,1997-10-28,JG,1,1,123,N,DIOR,NA,J,44
1997,F,1997-10-28,JG,1,1,126,N,DIOR,NA,J,42
1997,F,1997-10-28,JG,1,3,126,N,DISP,F,A,153
1997,F,1997-10-28,JG,1,3,128,N,DIOR,M,A,58
1997,F,1997-10-28,JG,1,3,129,N,DISP,F,A,125
1997,F,1997-10-28,JG,1,1,129,N,DISP,M,A,157
1997,F,1997-10-28,JG,1,1,130,N,DIOR,NA,NA,0
1997,F,1997-10-28,JG,1,3,132,N,NEMI,NA,J,50
1997,F,1997-10-28,JG,1,3,135,N,DIOR,M,A,56
1997,F,1997-10-28,JG,1,1,136,N,DIOR,M,A,50
1997,F,1997-10-28,JG,1,3,139,N,DIOR,M,A,57
1997,F,1997-10-28,JG,1,1,139,N,DIOR,M,A,50
1997,F,1997-10-28,JG,1,1,141,N,DIOR,M,A,53
1997,F,1997-10-28,JG,1,1,142,N,DIOR,NA,J,42
1997,F,1997-10-28,JG,1,3,143,N,DIOR,F,A,44
1997,F,1997-10-28,JG,1,1,143,N,DISP,F,A,124
1997,F,1997-10-28,JG,1,3,144,N,ONLE,F,A,35
1997,F,1997-10-28,JG,1,1,145,N,NEAL,NA,J,140
1997,F,1997-10-29,JG,2,1,3,N,DIOR,M,A,50
1997,F,1997-10-29,JG,2,1,12,N,DIOR,NA,J,41
1997,F,1997-10-29,JG,2,1,24,N,NEAL,M,A,265
1997,F,1997-10-29,JG,2,1,31,N,PGFL,F,A,6
1997,F,1997-10-29,JG,2,1,45,N,DIOR,NA,NA,0
1997,F,1997-10-29,JG,2,1,47,N,DIOR,F,A,55
1997,F,1997-10-29,JG,2,1,48,N,DIOR,F,A,48
1997,F,1997-10-29,JG,2,1,50,N,DIOR,M,A,52
1997,F,1997-10-29,JG,2,1,54,N,DISP,NA,J,41
1997,F,1997-10-29,JG,2,1,55,N,PGFL,M,A,8
1997,F,1997-10-29,JG,2,1,57,N,DISP,F,A,130
1997,F,1997-10-29,JG,2,1,59,N,DIOR,M,A,53
1997,F,1997-10-29,JG,2,1,69,N,PGFL,M,A,5
1997,F,1997-10-29,JG,2,1,70,N,NEMI,M,A,350
1997,F,1997-10-29,JG,2,1,72,N,SPSP,NA,J,62
1997,F,1997-10-29,JG,2,1,81,N,DIOR,M,A,50
1997,F,1997-10-29,JG,2,1,84,N,DIOR,M,A,52
1997,F,1997-10-29,JG,2,1,91,N,DIOR,NA,NA,0
1997,F,1997-10-29,JG,2,1,93,N,ONLE,NA,J,23
1997,F,1997-10-29,JG,2,1,77,N,DIOR,NA,J,33
1997,F,1997-10-29,JG,2,1,100,N,DIOR,NA,NA,0
1997,F,1997-10-29,JG,2,1,102,N,ONLE,NA,J,31
1997,F,1997-10-29,JG,2,1,103,N,DIOR,M,A,44
1997,F,1997-10-29,JG,2,1,117,N,SPSP,NA,J,79
1997,F,1997-10-29,JG,2,1,120,N,NEAL,NA,J,82
1997,F,1997-10-29,JG,2,1,121,N,PGFL,M,A,10
1997,F,1997-10-29,JG,2,1,132,N,DIOR,F,A,55
1997,F,1997-10-29,JG,2,1,139,N,SPSP,NA,J,79
1997,F,1997-10-29,JG,2,1,141,N,DISP,M,A,120
1997,F,1997-10-29,JG,2,1,142,N,SPSP,NA,J,80
1997,F,1997-10-29,JG,2,1,143,N,ONLE,M,A,33
1997,F,1997-10-29,JG,2,2,9,N,SPSP,M,A,125
1997,F,1997-10-29,JG,2,2,15,N,DIOR,F,A,51
1997,F,1997-10-29,JG,2,2,22,N,PGFL,M,A,6
1997,F,1997-10-29,JG,2,2,34,N,NEAL,M,A,188
1997,F,1997-10-29,JG,2,2,36,N,DIOR,F,A,50
1997,F,1997-10-29,JG,2,2,53,N,ONLE,F,A,30
1997,F,1997-10-29,JG,2,2,55,N,PGFL,F,A,7
1997,F,1997-10-29,JG,2,2,56,N,DIOR,M,A,52
1997,F,1997-10-29,JG,2,2,74,N,PGFL,M,A,7
1997,F,1997-10-29,JG,2,2,79,N,ONLE,M,A,29
1997,F,1997-10-29,JG,2,2,80,N,DIOR,M,A,65
1997,F,1997-10-29,JG,2,2,81,N,SPSP,F,A,156
1997,F,1997-10-29,JG,2,2,88,N,PGFL,M,A,7
1997,F,1997-10-29,JG,2,2,104,N,DIOR,F,A,53
1997,F,1997-10-29,JG,2,2,119,N,DISP,NA,NA,0
1997,F,1997-10-29,JG,2,2,125,N,PGFL,M,A,6
1997,F,1997-10-29,JG,2,2,129,N,NEAL,NA,J,0
1997,F,1997-10-29,JG,2,2,130,N,DISP,M,A,110
1997,F,1997-10-29,JG,2,3,9,N,DISP,M,A,110
1997,F,1997-10-29,JG,2,3,10,N,NEMI,NA,J,0
1997,F,1997-10-29,JG,2,3,12,N,DIOR,M,A,61
1997,F,1997-10-29,JG,2,3,23,N,NEMI,NA,J,140
1997,F,1997-10-29,JG,2,3,30,N,NEMI,F,A,250
1997,F,1997-10-29,JG,2,3,32,N,ONLE,F,A,32
1997,F,1997-10-29,JG,2,3,34,N,SPSP,M,A,83
1997,F,1997-10-29,JG,2,3,36,N,DISP,F,A,115
1997,F,1997-10-29,JG,2,3,44,N,DIOR,M,A,31
1997,F,1997-10-29,JG,2,3,58,N,NEMI,M,A,260
1997,F,1997-10-29,JG,2,3,66,N,ONLE,F,A,21
1997,F,1997-10-29,JG,2,3,67,N,DIOR,M,A,32
1997,F,1997-10-29,JG,2,3,70,N,PGFL,M,A,6
1997,F,1997-10-29,JG,2,3,71,N,NEMI,M,A,330
1997,F,1997-10-29,JG,2,3,82,N,PGFL,M,A,6
1997,F,1997-10-29,JG,2,3,84,N,NEMI,NA,J,105
1997,F,1997-10-29,JG,2,3,90,N,ONLE,M,A,32
1997,F,1997-10-29,JG,2,3,92,N,NEMI,F,A,205
1997,F,1997-10-29,JG,2,3,107,N,SPSP,NA,J,59
1997,F,1997-10-29,JG,2,3,108,N,PGFL,F,A,6
1997,F,1997-10-29,JG,2,3,110,N,DIOR,F,A,36
1997,F,1997-10-29,JG,2,3,111,N,ONLE,M,A,31
1997,F,1997-10-29,JG,2,3,120,N,DIOR,F,A,48
1997,F,1997-10-29,JG,2,3,129,N,NEMI,NA,NA,210
1997,F,1997-10-29,JG,2,3,132,N,NEAL,NA,J,52
1997,F,1997-10-29,JG,2,3,142,N,DIME,M,A,55
1997,F,1997-10-29,JG,2,3,143,N,NEMI,NA,J,125
1997,F,1997-10-29,JG,2,3,144,N,ONLE,F,A,32
1997,F,1997-10-30,JG,3,1,33,N,DIOR,NA,J,33
1997,F,1997-10-30,JG,3,1,70,N,NEMI,NA,J,125
1997,F,1997-10-30,JG,3,1,73,N,DIOR,F,A,0
1997,F,1997-10-30,JG,3,1,74,N,DIOR,M,A,49
1997,F,1997-10-30,JG,3,1,95,N,DIOR,NA,NA,0
1997,F,1997-10-30,JG,3,1,102,N,ONLE,M,A,31
1997,F,1997-10-30,JG,3,1,103,N,DIOR,NA,NA,0
1997,F,1997-10-30,JG,3,1,132,N,DIOR,M,A,52
1997,F,1997-10-30,JG,3,1,134,N,DISP,F,A,115
1997,F,1997-10-30,JG,3,2,5,N,DIOR,NA,J,36
1997,F,1997-10-30,JG,3,2,15,N,DIOR,F,A,64
1997,F,1997-10-30,JG,3,2,28,N,NEAL,F,A,180
1997,F,1997-10-30,JG,3,2,33,N,NEAL,NA,J,99
1997,F,1997-10-30,JG,3,2,34,N,NEMI,M,A,275
1997,F,1997-10-30,JG,3,2,35,N,ONLE,M,A,26
1997,F,1997-10-30,JG,3,2,40,N,PGFL,M,A,6
1997,F,1997-10-30,JG,3,2,46,N,PGFL,F,A,5
1997,F,1997-10-30,JG,3,2,58,N,NEAL,M,A,240
1997,F,1997-10-30,JG,3,2,96,N,DIOR,F,A,50
1997,F,1997-10-30,JG,3,3,11,N,NEMI,NA,J,120
1997,F,1997-10-30,JG,3,3,14,N,ONLE,F,A,27
1997,F,1997-10-30,JG,3,3,18,N,PGFL,M,A,7
1997,F,1997-10-30,JG,3,3,21,N,DIOR,M,A,46
1997,F,1997-10-30,JG,3,3,36,N,DIOR,M,A,44
1997,F,1997-10-30,JG,3,3,42,N,DIOR,NA,NA,0
1997,F,1997-10-30,JG,3,3,50,N,PGFL,M,A,6
1997,F,1997-10-30,JG,3,3,92,N,NEMI,NA,J,86
1997,F,1997-10-30,JG,3,3,102,N,ONLE,F,A,24
1997,F,1997-10-30,JG,3,3,107,N,NEAL,M,A,155
1997,F,1997-10-30,JG,3,3,129,N,NEMI,M,A,270
1997,F,1997-10-30,JG,3,3,135,N,SIHI,F,A,82
1997,F,1997-10-30,JG,3,3,137,N,DIOR,F,A,30
1997,F,1997-10-30,JG,3,3,139,N,DISP,M,A,156
1997,F,1997-10-30,JG,3,3,140,N,DIOR,F,A,45
1997,F,1997-10-30,JG,3,3,142,N,DIOR,M,A,51
1997,F,1997-10-30,JG,3,3,143,N,DIOR,NA,J,38
1998,F,1998-10-14,JG,1,1,8,N,DIOR,F,A,49
1998,F,1998-10-14,JG,1,1,10,N,DIOR,M,A,51
1998,F,1998-10-14,JG,1,1,11,N,SPSP,M,A,105
1998,F,1998-10-14,JG,1,1,12,N,DIOR,F,A,52
1998,F,1998-10-14,JG,1,1,19,N,DIOR,M,A,49
1998,F,1998-10-14,JG,1,1,20,N,DISP,M,A,150
1998,F,1998-10-14,JG,1,1,21,N,DIOR,F,A,51
1998,F,1998-10-14,JG,1,1,22,N,DIOR,M,A,50
1998,F,1998-10-14,JG,1,1,23,N,DIOR,M,A,55
1998,F,1998-10-14,JG,1,1,24,N,DIOR,M,A,49
1998,F,1998-10-14,JG,1,1,32,N,DIOR,F,A,52
1998,F,1998-10-14,JG,1,1,34,N,SPSP,M,A,96
1998,F,1998-10-14,JG,1,1,42,N,DIOR,M,A,52
1998,F,1998-10-14,JG,1,1,47,N,DIOR,M,A,57
1998,F,1998-10-14,JG,1,1,48,N,DIOR,F,A,52
1998,F,1998-10-14,JG,1,1,49,N,DIOR,M,A,54
1998,F,1998-10-14,JG,1,1,52,N,ONLE,NA,J,21
1998,F,1998-10-14,JG,1,1,53,N,DISP,F,A,138
1998,F,1998-10-14,JG,1,1,54,N,DIOR,F,A,51
1998,F,1998-10-14,JG,1,1,56,N,SPSP,M,A,116
1998,F,1998-10-14,JG,1,1,58,N,DIOR,M,A,55
1998,F,1998-10-14,JG,1,1,63,N,DIOR,M,A,52
1998,F,1998-10-14,JG,1,1,65,N,DIOR,M,A,52
1998,F,1998-10-14,JG,1,1,68,N,DISP,M,A,140
1998,F,1998-10-14,JG,1,1,69,N,DIOR,M,A,58
1998,F,1998-10-14,JG,1,1,72,N,DIOR,F,A,47
1998,F,1998-10-14,JG,1,1,74,N,DIOR,F,A,47
1998,F,1998-10-14,JG,1,1,78,N,NEMI,F,A,240
1998,F,1998-10-14,JG,1,1,81,N,DIOR,F,A,51
1998,F,1998-10-14,JG,1,1,83,N,DIOR,M,A,57
1998,F,1998-10-14,JG,1,1,90,N,NEMI,NA,NA,0
1998,F,1998-10-14,JG,1,1,94,N,DIOR,M,A,53
1998,F,1998-10-14,JG,1,1,96,N,DIOR,M,A,62
1998,F,1998-10-14,JG,1,1,102,N,ONLE,F,A,31
1998,F,1998-10-14,JG,1,1,103,N,DIOR,F,A,48
1998,F,1998-10-14,JG,1,1,104,N,SPSP,M,A,128
1998,F,1998-10-14,JG,1,1,106,N,DIOR,F,A,51
1998,F,1998-10-14,JG,1,1,114,N,ONLE,F,A,31
1998,F,1998-10-14,JG,1,1,117,N,DIOR,M,A,57
1998,F,1998-10-14,JG,1,1,119,N,DIOR,M,A,44
1998,F,1998-10-14,JG,1,1,119,N,NEMI,M,A,250
1998,F,1998-10-14,JG,1,1,120,N,DIOR,M,A,54
1998,F,1998-10-14,JG,1,1,123,N,DIOR,M,A,44
1998,F,1998-10-14,JG,1,1,126,N,DIOR,F,A,43
1998,F,1998-10-14,JG,1,1,128,N,DIOR,F,A,54
1998,F,1998-10-14,JG,1,1,130,N,DIOR,M,A,54
1998,F,1998-10-14,JG,1,1,133,N,ONLE,F,A,32
1998,F,1998-10-14,JG,1,1,136,N,DIOR,F,A,47
1998,F,1998-10-14,JG,1,1,140,N,DIOR,M,A,48
1998,F,1998-10-14,JG,1,1,141,N,DIOR,M,A,48
1998,F,1998-10-14,JG,1,1,143,N,DISP,M,A,130
1998,F,1998-10-14,JG,1,1,144,N,DIOR,M,A,60
1998,F,1998-10-14,JG,1,2,9,N,DIOR,M,A,50
1998,F,1998-10-14,JG,1,2,10,N,DIOR,M,A,48
1998,F,1998-10-14,JG,1,2,15,N,DIOR,M,A,50
1998,F,1998-10-14,JG,1,2,19,N,DIOR,M,A,48
1998,F,1998-10-14,JG,1,2,20,N,DISP,F,A,146
1998,F,1998-10-14,JG,1,2,22,N,DIOR,M,A,64
1998,F,1998-10-14,JG,1,2,34,N,DIOR,M,A,55
1998,F,1998-10-14,JG,1,2,42,N,DIOR,M,A,52
1998,F,1998-10-14,JG,1,2,44,N,DISP,M,A,150
1998,F,1998-10-14,JG,1,2,45,N,SPSP,M,A,100
1998,F,1998-10-14,JG,1,2,48,N,DIOR,M,A,58
1998,F,1998-10-14,JG,1,2,54,N,DIOR,M,A,45
1998,F,1998-10-14,JG,1,2,58,N,DIOR,M,A,55
1998,F,1998-10-14,JG,1,2,66,N,DIOR,M,A,43
1998,F,1998-10-14,JG,1,2,68,N,DISP,M,A,145
1998,F,1998-10-14,JG,1,2,69,N,DIOR,NA,A,58
1998,F,1998-10-14,JG,1,2,72,N,DIOR,M,A,51
1998,F,1998-10-14,JG,1,2,82,N,SPSP,F,A,150
1998,F,1998-10-14,JG,1,2,83,N,SPSP,NA,A,75
1998,F,1998-10-14,JG,1,2,90,N,DIOR,F,A,48
1998,F,1998-10-14,JG,1,2,91,N,DIOR,M,A,56
1998,F,1998-10-14,JG,1,2,93,N,DIOR,M,A,56
1998,F,1998-10-14,JG,1,2,95,N,DIOR,M,A,60
1998,F,1998-10-14,JG,1,2,96,N,NEAL,NA,J,138
1998,F,1998-10-14,JG,1,2,103,N,DIOR,F,A,49
1998,F,1998-10-14,JG,1,2,104,N,DIOR,F,A,51
1998,F,1998-10-14,JG,1,2,106,N,DISP,F,A,132
1998,F,1998-10-14,JG,1,2,107,N,DIOR,NA,NA,0
1998,F,1998-10-14,JG,1,2,108,N,DISP,M,A,156
1998,F,1998-10-14,JG,1,2,111,N,DIOR,M,A,52
1998,F,1998-10-14,JG,1,2,113,N,NEAL,M,A,210
1998,F,1998-10-14,JG,1,2,117,N,DIOR,M,A,53
1998,F,1998-10-14,JG,1,2,119,N,DIOR,M,A,49
1998,F,1998-10-14,JG,1,2,129,N,DIOR,F,A,49
1998,F,1998-10-14,JG,1,2,130,N,SPSP,NA,J,78
1998,F,1998-10-14,JG,1,2,131,N,NEAL,NA,NA,0
1998,F,1998-10-14,JG,1,2,132,N,DIOR,F,A,54
1998,F,1998-10-14,JG,1,2,138,N,SPSP,F,A,115
1998,F,1998-10-14,JG,1,2,140,N,DIOR,M,A,52
1998,F,1998-10-14,JG,1,2,141,N,NEAL,NA,J,138
1998,F,1998-10-14,JG,1,2,143,N,DIOR,M,A,53
1998,F,1998-10-14,JG,1,3,6,N,ONLE,M,A,26
1998,F,1998-10-14,JG,1,3,8,N,DIOR,M,A,51
1998,F,1998-10-14,JG,1,3,10,N,DIOR,F,A,56
1998,F,1998-10-14,JG,1,3,14,N,ONLE,M,A,28
1998,F,1998-10-14,JG,1,3,18,N,SPSP,F,A,130
1998,F,1998-10-14,JG,1,3,21,N,DIOR,M,A,49
1998,F,1998-10-14,JG,1,3,22,N,DIOR,M,A,56
1998,F,1998-10-14,JG,1,3,78,N,DIOR,M,A,61
1998,F,1998-10-14,JG,1,3,30,N,DIOR,M,A,46
1998,F,1998-10-14,JG,1,3,33,N,DISP,F,A,128
1998,F,1998-10-14,JG,1,3,34,N,DIOR,M,A,51
1998,F,1998-10-14,JG,1,3,35,N,DISP,F,A,132
1998,F,1998-10-14,JG,1,3,42,N,DIOR,M,A,53
1998,F,1998-10-14,JG,1,3,46,N,DIOR,F,A,48
1998,F,1998-10-14,JG,1,3,55,N,DIOR,F,A,49
1998,F,1998-10-14,JG,1,3,56,N,DIOR,M,A,52
1998,F,1998-10-14,JG,1,3,57,N,DIOR,M,A,55
1998,F,1998-10-14,JG,1,3,59,N,DIOR,M,A,51
1998,F,1998-10-14,JG,1,3,71,N,DIOR,M,A,60
1998,F,1998-10-14,JG,1,3,72,N,DIOR,M,A,57
1998,F,1998-10-14,JG,1,3,81,N,DISP,M,A,110
1998,F,1998-10-14,JG,1,3,82,N,DIOR,M,A,45
1998,F,1998-10-14,JG,1,3,83,N,DISP,M,A,140
1998,F,1998-10-14,JG,1,3,89,N,DIOR,F,A,52
1998,F,1998-10-14,JG,1,3,90,N,DIOR,F,A,53
1998,F,1998-10-14,JG,1,3,96,N,ONLE,M,A,33
1998,F,1998-10-14,JG,1,3,97,N,SPSP,NA,J,62
1998,F,1998-10-14,JG,1,3,102,N,DIOR,M,A,53
1998,F,1998-10-14,JG,1,3,105,N,DIOR,F,A,49
1998,F,1998-10-14,JG,1,3,106,N,NEMI,F,A,220
1998,F,1998-10-14,JG,1,3,111,N,SPSP,NA,J,61
1998,F,1998-10-14,JG,1,3,113,N,ONLE,M,A,34
1998,F,1998-10-14,JG,1,3,115,N,DIOR,F,A,49
1998,F,1998-10-14,JG,1,3,117,N,DIOR,M,A,54
1998,F,1998-10-14,JG,1,3,120,N,DIOR,M,A,58
1998,F,1998-10-14,JG,1,3,126,N,DISP,F,A,125
1998,F,1998-10-14,JG,1,3,127,N,DIOR,NA,NA,0
1998,F,1998-10-14,JG,1,3,128,N,DIOR,M,A,52
1998,F,1998-10-14,JG,1,3,129,N,NEAL,F,A,185
1998,F,1998-10-14,JG,1,3,131,N,DIOR,M,A,52
1998,F,1998-10-14,JG,1,3,132,N,DIOR,M,A,51
1998,F,1998-10-14,JG,1,3,132,N,ONLE,NA,NA,0
1998,F,1998-10-14,JG,1,3,137,N,DIOR,M,A,52
1998,F,1998-10-14,JG,1,3,139,N,ONLE,F,A,37
1998,F,1998-10-14,JG,1,3,142,N,DIOR,M,A,50
1998,F,1998-10-14,JG,1,3,144,N,DIOR,F,A,46
1998,F,1998-10-15,JG,2,1,2,N,ONLE,M,A,37
1998,F,1998-10-15,JG,2,1,21,N,DIOR,F,A,49
1998,F,1998-10-15,JG,2,1,23,N,DIOR,F,A,46
1998,F,1998-10-15,JG,2,1,24,N,DIOR,M,A,54
1998,F,1998-10-15,JG,2,1,28,N,DIOR,M,A,58
1998,F,1998-10-15,JG,2,1,32,N,DISP,M,A,162
1998,F,1998-10-15,JG,2,1,56,N,NEAL,NA,J,112
1998,F,1998-10-15,JG,2,1,63,N,DIOR,M,A,45
1998,F,1998-10-15,JG,2,1,72,N,DIOR,M,A,50
1998,F,1998-10-15,JG,2,1,79,N,DIOR,M,A,59
1998,F,1998-10-15,JG,2,1,80,N,DIOR,M,A,55
1998,F,1998-10-15,JG,2,1,82,N,SPSP,NA,J,60
1998,F,1998-10-15,JG,2,1,92,N,DIOR,F,A,42
1998,F,1998-10-15,JG,2,1,94,N,SPSP,M,A,77
1998,F,1998-10-15,JG,2,1,102,N,ONLE,NA,NA,0
1998,F,1998-10-15,JG,2,1,106,N,NEMI,F,A,195
1998,F,1998-10-15,JG,2,1,108,N,DIOR,M,A,59
1998,F,1998-10-15,JG,2,1,122,N,SPSP,M,A,98
1998,F,1998-10-15,JG,2,1,142,N,DIOR,M,A,48
1998,F,1998-10-15,JG,2,2,10,N,DIOR,M,A,50
1998,F,1998-10-15,JG,2,2,11,N,NEAL,F,A,170
1998,F,1998-10-15,JG,2,2,12,N,DIOR,M,A,46
1998,F,1998-10-15,JG,2,2,16,N,DIOR,M,A,58
1998,F,1998-10-15,JG,2,2,21,N,DIOR,M,A,48
1998,F,1998-10-15,JG,2,2,34,N,DIOR,M,A,60
1998,F,1998-10-15,JG,2,2,45,N,DIOR,F,A,52
1998,F,1998-10-15,JG,2,2,48,N,SPSP,F,A,135
1998,F,1998-10-15,JG,2,2,103,N,ONLE,M,A,34
1998,F,1998-10-15,JG,2,2,104,N,SPSP,NA,J,57
1998,F,1998-10-15,JG,2,2,105,N,NEAL,F,A,175
1998,F,1998-10-15,JG,2,2,112,N,ONLE,F,A,36
1998,F,1998-10-15,JG,2,2,115,N,ONLE,M,A,32
1998,F,1998-10-15,JG,2,2,119,N,DIOR,M,A,56
1998,F,1998-10-15,JG,2,2,131,N,NEAL,NA,NA,0
1998,F,1998-10-15,JG,2,3,1,N,DIOR,F,A,46
1998,F,1998-10-15,JG,2,3,9,N,SPSP,NA,J,79
1998,F,1998-10-15,JG,2,3,14,N,ONLE,F,A,29
1998,F,1998-10-15,JG,2,3,15,N,DIOR,M,A,49
1998,F,1998-10-15,JG,2,3,24,N,DIOR,M,A,46
1998,F,1998-10-15,JG,2,3,35,N,NEMI,F,A,245
1998,F,1998-10-15,JG,2,3,42,N,SPSP,F,A,132
1998,F,1998-10-15,JG,2,3,45,N,SPSP,NA,J,72
1998,F,1998-10-15,JG,2,3,55,N,NEMI,F,A,240
1998,F,1998-10-15,JG,2,3,69,N,DIOR,F,A,55
1998,F,1998-10-15,JG,2,3,72,N,DIOR,F,A,50
1998,F,1998-10-15,JG,2,3,78,N,SPSP,M,A,82
1998,F,1998-10-15,JG,2,3,81,N,DIOR,M,A,52
1998,F,1998-10-15,JG,2,3,82,N,ONLE,M,A,38
1998,F,1998-10-15,JG,2,3,88,N,DIOR,M,A,50
1998,F,1998-10-15,JG,2,3,123,N,DISP,M,A,130
1998,F,1998-10-15,JG,2,3,128,N,DIOR,M,A,50
1998,F,1998-10-15,JG,2,3,129,N,NEMI,M,A,270
1998,F,1998-10-15,JG,2,3,138,N,DIOR,M,A,53
1998,F,1998-10-15,JG,2,3,144,N,DIOR,M,A,58
1998,F,1998-10-16,JG,3,1,18,N,DIOR,F,A,49
1998,F,1998-10-16,JG,3,1,21,N,SPSP,M,A,94
1998,F,1998-10-16,JG,3,1,22,N,DIOR,F,A,55
1998,F,1998-10-16,JG,3,1,30,N,DIOR,M,A,55
1998,F,1998-10-16,JG,3,1,36,N,DIOR,M,A,53
1998,F,1998-10-16,JG,3,1,48,N,SPSP,NA,J,76
1998,F,1998-10-16,JG,3,1,53,N,DIOR,M,A,53
1998,F,1998-10-16,JG,3,1,58,N,NEAL,M,A,152
1998,F,1998-10-16,JG,3,1,67,N,DIOR,M,A,51
1998,F,1998-10-16,JG,3,1,73,N,NEMI,M,A,220
1998,F,1998-10-16,JG,3,1,77,N,ONLE,NA,J,26
1998,F,1998-10-16,JG,3,1,95,N,DIOR,F,A,0
1998,F,1998-10-16,JG,3,1,112,N,DIOR,M,A,56
1998,F,1998-10-16,JG,3,1,117,N,SPSP,M,A,132
1998,F,1998-10-16,JG,3,1,118,N,SPSP,M,A,146
1998,F,1998-10-16,JG,3,1,122,N,SPSP,M,A,115
1998,F,1998-10-16,JG,3,1,130,N,NEMI,M,A,170
1998,F,1998-10-16,JG,3,1,131,N,SPSP,F,A,115
1998,F,1998-10-16,JG,3,1,141,N,DIOR,M,A,52
1998,F,1998-10-16,JG,3,2,4,N,DIOR,M,A,50
1998,F,1998-10-16,JG,3,2,7,N,ONLE,F,A,36
1998,F,1998-10-16,JG,3,2,33,N,NEAL,NA,J,72
1998,F,1998-10-16,JG,3,2,38,N,NEMI,M,A,135
1998,F,1998-10-16,JG,3,2,58,N,DIOR,M,A,45
1998,F,1998-10-16,JG,3,2,68,N,NEAL,M,A,145
1998,F,1998-10-16,JG,3,2,69,N,DIOR,M,A,46
1998,F,1998-10-16,JG,3,2,78,N,NEMI,NA,J,105
1998,F,1998-10-16,JG,3,2,80,N,DIOR,M,A,63
1998,F,1998-10-16,JG,3,2,83,N,SPSP,M,A,85
1998,F,1998-10-16,JG,3,2,89,N,DIOR,F,A,52
1998,F,1998-10-16,JG,3,2,91,N,NEMI,M,A,320
1998,F,1998-10-16,JG,3,2,108,N,DIOR,F,A,52
1998,F,1998-10-16,JG,3,2,120,N,DIOR,M,A,46
1998,F,1998-10-16,JG,3,2,129,N,DISP,M,A,164
1998,F,1998-10-16,JG,3,2,132,N,SPSP,M,A,104
1998,F,1998-10-16,JG,3,2,140,N,ONLE,M,A,28
1998,F,1998-10-16,JG,3,3,37,N,NEMI,M,A,190
1998,F,1998-10-16,JG,3,3,45,N,DISP,F,A,125
1998,F,1998-10-16,JG,3,3,50,N,PGFL,M,A,6
1998,F,1998-10-16,JG,3,3,66,N,SPSP,M,A,105
1998,F,1998-10-16,JG,3,3,78,N,ONLE,F,A,34
1998,F,1998-10-16,JG,3,3,81,N,DISP,F,A,126
1998,F,1998-10-16,JG,3,3,102,N,DIOR,M,A,51
1998,F,1998-10-16,JG,3,3,105,N,DIOR,M,A,57
1998,F,1998-10-16,JG,3,3,108,N,SPSP,F,A,110
1998,F,1998-10-16,JG,3,3,118,N,DIOR,M,A,52
1998,F,1998-10-16,JG,3,3,122,N,DIOR,M,A,44
1998,F,1998-10-16,JG,3,3,132,N,SPSP,M,A,112
1998,F,1998-10-16,JG,3,3,136,N,ONLE,M,A,31
1996,F,1996-10-16,JG,1,1,4,N,SPSP,NA,J,72
1996,F,1996-10-16,JG,1,1,10,N,DIOR,M,A,55
1996,F,1996-10-16,JG,1,1,11,N,SPSP,NA,J,96
1996,F,1996-10-16,JG,1,1,12,N,DIOR,M,A,56
1996,F,1996-10-16,JG,1,1,21,N,SPSP,NA,J,64
1996,F,1996-10-16,JG,1,1,22,N,DIOR,M,A,66
1996,F,1996-10-16,JG,1,1,32,N,DIOR,F,A,56
1996,F,1996-10-16,JG,1,1,34,N,SPSP,NA,NA,0
1996,F,1996-10-16,JG,1,1,46,N,DIOR,F,A,0
1996,F,1996-10-16,JG,1,1,57,N,DIOR,F,A,48
1996,F,1996-10-16,JG,1,1,58,N,DISP,F,A,124
1996,F,1996-10-16,JG,1,1,60,N,PGFL,F,A,15
1996,F,1996-10-16,JG,1,1,68,N,SPSP,NA,J,73
1996,F,1996-10-16,JG,1,1,72,N,DIOR,F,A,63
1996,F,1996-10-16,JG,1,1,79,N,DIOR,F,A,33
1996,F,1996-10-16,JG,1,1,80,N,NEMI,F,A,160
1996,F,1996-10-16,JG,1,1,89,N,DIOR,F,A,65
1996,F,1996-10-16,JG,1,1,92,N,DIOR,F,A,69
1996,F,1996-10-16,JG,1,1,93,N,DIOR,M,A,56
1996,F,1996-10-16,JG,1,1,103,N,DIOR,M,A,64
1996,F,1996-10-16,JG,1,1,107,N,DIOR,F,A,57
1996,F,1996-10-16,JG,1,1,108,N,SPSP,NA,J,62
1996,F,1996-10-16,JG,1,1,114,N,SPSP,NA,J,68
1996,F,1996-10-16,JG,1,1,117,N,DIOR,F,A,55
1996,F,1996-10-16,JG,1,1,119,N,NEMI,F,A,220
1996,F,1996-10-16,JG,1,1,128,N,DISP,M,A,165
1996,F,1996-10-16,JG,1,1,130,N,DIOR,M,A,58
1996,F,1996-10-16,JG,1,1,131,N,SPSP,F,A,125
1996,F,1996-10-16,JG,1,1,132,N,DIOR,NA,J,46
1996,F,1996-10-16,JG,1,1,133,N,DISP,M,A,165
1996,F,1996-10-16,JG,1,1,136,N,DISP,NA,J,0
1996,F,1996-10-16,JG,1,1,144,N,DIOR,NA,J,44
1996,F,1996-10-16,JG,1,2,5,N,SPSP,M,A,98
1996,F,1996-10-16,JG,1,2,8,N,DIOR,F,A,58
1996,F,1996-10-16,JG,1,2,10,N,DIOR,NA,NA,0
1996,F,1996-10-16,JG,1,2,11,N,DIOR,F,A,54
1996,F,1996-10-16,JG,1,2,22,N,DIOR,NA,NA,0
1996,F,1996-10-16,JG,1,2,34,N,PGFL,F,A,10
1996,F,1996-10-16,JG,1,2,35,N,DIOR,M,A,58
1996,F,1996-10-16,JG,1,2,42,N,DIOR,F,A,61
1996,F,1996-10-16,JG,1,2,46,N,DIOR,F,A,59
1996,F,1996-10-16,JG,1,2,63,N,DIOR,M,A,0
1996,F,1996-10-16,JG,1,2,66,N,SPSP,NA,J,95
1996,F,1996-10-16,JG,1,2,80,N,DISP,M,A,152
1996,F,1996-10-16,JG,1,2,84,N,DIOR,F,A,56
1996,F,1996-10-16,JG,1,2,94,N,DIOR,M,A,49
1996,F,1996-10-16,JG,1,2,101,N,DIOR,F,A,57
1996,F,1996-10-16,JG,1,2,103,N,DIOR,M,A,62
1996,F,1996-10-16,JG,1,2,104,N,DIOR,F,A,66
1996,F,1996-10-16,JG,1,2,106,N,DIOR,F,A,61
1996,F,1996-10-16,JG,1,2,108,N,DIOR,M,A,54
1996,F,1996-10-16,JG,1,2,113,N,DIOR,M,A,50
1996,F,1996-10-16,JG,1,2,116,N,DIOR,NA,J,45
1996,F,1996-10-16,JG,1,2,117,N,SPSP,NA,J,62
1996,F,1996-10-16,JG,1,2,120,N,DISP,F,A,130
1996,F,1996-10-16,JG,1,2,124,N,DIOR,M,A,60
1996,F,1996-10-16,JG,1,2,128,N,DIOR,M,A,52
1996,F,1996-10-16,JG,1,2,144,N,DIOR,F,A,54
1996,F,1996-10-16,JG,1,3,19,N,SPSP,F,A,125
1996,F,1996-10-16,JG,1,3,24,N,SPSP,M,A,78
1996,F,1996-10-16,JG,1,3,34,N,DIOR,F,A,54
1996,F,1996-10-16,JG,1,3,46,N,DIOR,M,A,61
1996,F,1996-10-16,JG,1,3,48,N,DIOR,M,A,59
1996,F,1996-10-16,JG,1,3,64,N,DIOR,M,A,62
1996,F,1996-10-16,JG,1,3,69,N,PGFL,NA,NA,0
1996,F,1996-10-16,JG,1,3,71,N,DIOR,F,A,67
1996,F,1996-10-16,JG,1,3,84,N,DIOR,F,A,61
1996,F,1996-10-16,JG,1,3,93,N,DIOR,M,A,56
1996,F,1996-10-16,JG,1,3,106,N,NEMI,M,A,155
1996,F,1996-10-16,JG,1,3,107,N,SPSP,F,A,100
1996,F,1996-10-16,JG,1,3,111,N,SPSP,NA,J,91
1996,F,1996-10-16,JG,1,3,113,N,DIOR,M,A,58
1996,F,1996-10-16,JG,1,3,114,N,DISP,NA,A,0
1996,F,1996-10-16,JG,1,3,132,N,DIOR,M,A,62
1996,F,1996-10-16,JG,1,3,143,N,DIOR,M,A,58
1996,F,1996-10-16,JG,1,3,144,N,DIOR,F,A,52
1999,F,1999-10-12,JG,1,3,45,N,DIOR,M,A,66
1999,F,1999-10-12,JG,1,3,35,N,DISP,NA,NA,0
1999,F,1999-10-12,JG,1,3,20,N,SPSP,NA,J,62
1999,F,1999-10-12,JG,1,3,23,N,SPSP,M,A,86
1999,F,1999-10-12,JG,1,3,9,N,DIOR,M,A,63
1999,F,1999-10-12,JG,1,2,54,N,DIOR,M,A,67
1999,F,1999-10-12,JG,1,2,58,N,SPSP,NA,J,64
1999,F,1999-10-12,JG,1,2,71,N,DIOR,F,A,64
1999,F,1999-10-12,JG,1,2,104,N,DIOR,F,A,71
1999,F,1999-10-12,JG,1,2,105,N,NEAL,F,A,152
1999,F,1999-10-12,JG,1,2,107,N,SPSP,F,A,67
1999,F,1999-10-12,JG,1,2,120,N,DIOR,F,A,67
1999,F,1999-10-12,JG,1,1,58,N,NEMI,F,A,228
1999,F,1999-10-12,JG,1,1,57,N,DIOR,M,A,62
1999,F,1999-10-12,JG,1,1,81,N,DIOR,M,A,67
1999,F,1999-10-12,JG,1,1,92,N,NEAL,M,A,219
1999,F,1999-10-13,JG,2,3,83,N,DISP,M,A,0
1999,F,1999-10-13,JG,2,3,81,N,SPSP,NA,J,68
1999,F,1999-10-13,JG,2,3,77,N,SPSP,NA,J,71
1999,F,1999-10-13,JG,2,3,71,N,DIOR,F,A,71
1999,F,1999-10-13,JG,2,3,72,N,NEMI,F,A,278
1999,F,1999-10-13,JG,2,3,93,N,SPSP,NA,J,65
1999,F,1999-10-13,JG,2,2,48,N,SPSP,F,A,114
1999,F,1999-10-13,JG,2,2,54,N,DIOR,M,A,62
1999,F,1999-10-13,JG,2,2,58,N,NEAL,M,A,159
1999,F,1999-10-13,JG,2,2,66,N,SPSP,NA,J,71
1999,F,1999-10-13,JG,2,1,61,N,ONLE,M,A,32
1999,F,1999-10-13,JG,2,1,80,N,SPSP,M,A,108
1999,F,1999-10-13,JG,2,1,67,N,DIOR,F,A,67
1999,F,1999-10-14,JG,3,3,42,N,DIOR,M,A,65
1999,F,1999-10-14,JG,3,3,72,N,DISP,M,A,145
1999,F,1999-10-14,JG,3,3,22,N,DIOR,F,A,68
1999,F,1999-10-14,JG,3,2,39,N,SPSP,F,A,108
1999,F,1999-10-14,JG,3,2,60,N,DIOR,F,A,68
1999,F,1999-10-14,JG,3,1,79,N,NEMI,F,A,304
1999,F,1999-10-14,JG,3,1,22,N,DISP,M,A,138
1999,F,1999-10-12,JG,1,3,81,N,SPSP,NA,J,71
1999,F,1999-10-12,JG,1,3,78,N,NEMI,M,A,295
1999,F,1999-10-12,JG,1,3,58,N,DIOR,NA,A,0
1999,F,1999-10-12,JG,1,3,71,N,DIOR,M,A,56
1999,F,1999-10-12,JG,1,3,138,N,DIOR,F,A,60
1999,F,1999-10-12,JG,1,2,36,N,DIOR,M,A,65
1999,F,1999-10-12,JG,1,2,19,N,NEAL,NA,A,0
1999,F,1999-10-12,JG,1,2,10,N,DIOR,F,A,58
1999,F,1999-10-12,JG,1,2,8,N,DISP,F,A,0
1999,F,1999-10-12,JG,1,2,4,N,ONLE,F,A,37
1999,F,1999-10-12,JG,1,1,33,N,DISP,F,A,120
1999,F,1999-10-12,JG,1,1,133,N,DIOR,M,A,60
1999,F,1999-10-12,JG,1,1,131,N,ONLE,M,A,37
1999,F,1999-10-12,JG,1,1,127,N,DIOR,M,A,75
1999,F,1999-10-13,JG,2,3,46,N,DISP,M,A,106
1999,F,1999-10-13,JG,2,3,45,N,DIOR,NA,J,36
1999,F,1999-10-13,JG,2,3,23,N,SPSP,F,A,140
1999,F,1999-10-13,JG,2,3,22,N,SPSP,NA,J,80
1999,F,1999-10-13,JG,2,2,101,N,NEAL,F,A,205
1999,F,1999-10-13,JG,2,2,107,N,DIOR,M,A,60
1999,F,1999-10-13,JG,2,1,47,N,ONLE,M,A,36
1999,F,1999-10-14,JG,3,3,107,N,NEMI,NA,J,170
1999,F,1999-10-14,JG,3,3,120,N,DIOR,M,A,65
1999,F,1999-10-14,JG,3,2,131,N,DIOR,M,A,65
1999,F,1999-10-14,JG,3,1,11,N,NEAL,F,A,165
1999,F,1999-10-14,JG,3,1,144,N,DIOR,F,A,72
1999,F,1999-10-12,JG,1,3,103,N,DIOR,M,A,64
1999,F,1999-10-12,JG,1,3,105,N,ONLE,M,A,28
1999,F,1999-10-12,JG,1,3,93,N,NEAL,NA,NA,200
1999,F,1999-10-12,JG,1,3,126,N,DIOR,F,A,58
1999,F,1999-10-12,JG,1,3,129,N,DISP,M,A,0
1999,F,1999-10-12,JG,1,3,131,N,SPSP,NA,J,88
1999,F,1999-10-12,JG,1,2,47,N,SPSP,M,A,90
1999,F,1999-10-13,JG,2,3,138,N,SPSP,F,A,60
1999,F,1999-10-13,JG,2,3,12,N,ONLE,M,A,35
1999,F,1999-10-13,JG,2,3,105,N,DIOR,F,A,59
1999,F,1999-10-13,JG,2,3,95,N,SPSP,F,A,132
1999,F,1999-10-13,JG,2,2,15,N,SPSP,M,A,94
1999,F,1999-10-13,JG,2,2,96,N,DISP,M,A,168
1999,F,1999-10-13,JG,2,1,23,N,SPSP,M,A,110
1999,F,1999-10-13,JG,2,1,16,N,DIOR,M,A,58
1999,F,1999-10-13,JG,2,1,107,N,DIOR,M,A,64
1999,F,1999-10-14,JG,3,3,95,N,DIOR,M,A,63
1999,F,1999-10-14,JG,3,3,72,N,DISP,F,A,146
1999,F,1999-10-14,JG,3,3,64,N,DIOR,NA,J,32
1999,F,1999-10-14,JG,3,3,135,N,DISP,M,A,166
1999,F,1999-10-14,JG,3,3,144,N,DIOR,M,A,57
1999,F,1999-10-14,JG,3,3,70,N,SPSP,F,A,136
1999,F,1999-10-14,JG,3,3,90,N,DIOR,F,A,52
1999,F,1999-10-14,JG,3,3,67,N,DIOR,F,A,61
1999,F,1999-10-14,JG,3,3,107,N,SPSP,NA,J,82
2000,F,2000-10-23,JG,1,3,101,N,ONLE,M,A,32
2000,F,2000-10-23,JG,1,3,105,N,NEMI,F,A,218
2000,F,2000-10-23,JG,1,3,120,N,DIOR,M,A,48
2000,F,2000-10-23,JG,1,3,115,N,DIOR,NA,NA,0
2000,F,2000-10-23,JG,1,3,114,N,DIOR,F,A,51
2000,F,2000-10-23,JG,1,3,126,N,SPSP,M,A,106
2000,F,2000-10-23,JG,1,3,129,N,NEMI,M,A,215
2000,F,2000-10-23,JG,1,3,132,N,DIOR,F,A,48
2000,F,2000-10-23,JG,1,3,142,N,DIOR,M,A,54
2000,F,2000-10-23,JG,1,3,41,N,SPSP,F,A,102
2000,F,2000-10-23,JG,1,3,42,N,DIOR,NA,NA,0
2000,F,2000-10-23,JG,1,3,44,N,SPSP,F,A,122
2000,F,2000-10-23,JG,1,3,45,N,ONAR,M,A,35
2000,F,2000-10-23,JG,1,2,80,N,DIOR,F,A,52
2000,F,2000-10-23,JG,1,2,127,N,DIOR,F,A,49
2000,F,2000-10-23,JG,1,2,131,N,NEAL,M,A,196
2000,F,2000-10-23,JG,1,2,132,N,DIOR,F,A,52
2000,F,2000-10-23,JG,1,2,144,N,DIOR,M,A,51
2000,F,2000-10-23,JG,1,2,141,N,DIOR,M,A,53
2000,F,2000-10-23,JG,1,2,138,N,NEAL,NA,J,112
2000,F,2000-10-23,JG,1,2,40,N,NEAL,M,A,236
2000,F,2000-10-23,JG,1,2,41,N,ONLE,M,A,36
2000,F,2000-10-23,JG,1,2,42,N,ONLE,F,A,32
2000,F,2000-10-23,JG,1,2,43,N,DIOR,F,A,52
2000,F,2000-10-23,JG,1,2,45,N,DIOR,M,A,52
2000,F,2000-10-23,JG,1,1,69,N,DIOR,F,A,52
2000,F,2000-10-23,JG,1,1,72,N,DIOR,F,A,49
2000,F,2000-10-23,JG,1,1,83,N,DIOR,M,A,55
2000,F,2000-10-23,JG,1,1,82,N,ONLE,M,A,33
2000,F,2000-10-23,JG,1,1,80,N,NEAL,M,A,198
2000,F,2000-10-23,JG,1,1,79,N,DIOR,M,A,54
2000,F,2000-10-23,JG,1,1,144,N,DIOR,F,A,48
2000,F,2000-10-23,JG,1,1,11,N,NEAL,F,A,225
2000,F,2000-10-23,JG,1,1,10,N,DIOR,M,A,53
2000,F,2000-10-23,JG,1,1,9,N,DIOR,M,A,50
2000,F,2000-10-23,JG,1,1,4,N,DIOR,M,A,56
2000,F,2000-10-23,JG,1,1,3,N,DIOR,F,A,52
2000,F,2000-10-23,JG,1,1,29,N,NEAL,NA,J,78
2000,F,2000-10-23,JG,1,1,30,N,ONLE,F,A,35
2000,F,2000-10-24,JG,2,3,46,N,SPSP,NA,J,46
2000,F,2000-10-24,JG,2,2,53,N,NEAL,M,A,210
2000,F,2000-10-24,JG,2,2,60,N,DIOR,F,A,51
2000,F,2000-10-24,JG,2,2,69,N,DIOR,M,A,53
2000,F,2000-10-24,JG,2,2,67,N,NEAL,F,A,157
2000,F,2000-10-24,JG,2,2,66,N,SPSP,M,A,109
2000,F,2000-10-25,JG,3,3,71,N,SPSP,M,A,122
2000,F,2000-10-25,JG,3,3,44,N,DIOR,M,A,53
2000,F,2000-10-25,JG,3,2,60,N,DIOR,M,A,58
2000,F,2000-10-25,JG,3,2,62,N,ONLE,F,A,29
2000,F,2000-10-25,JG,3,2,102,N,DIOR,M,A,58
2000,F,2000-10-25,JG,3,2,116,N,DIOR,F,A,49
2000,F,2000-10-25,JG,3,1,96,N,DIOR,F,A,54
2000,F,2000-10-25,JG,3,1,10,N,DIOR,F,A,54
2000,F,2000-10-25,JG,3,1,24,N,SPSP,M,A,86
2000,F,2000-10-23,JG,1,3,17,N,ONLE,M,A,31
2000,F,2000-10-23,JG,1,3,21,N,DIOR,M,A,51
2000,F,2000-10-23,JG,1,3,23,N,DIOR,M,A,44
2000,F,2000-10-23,JG,1,3,24,N,DIOR,M,A,52
2000,F,2000-10-23,JG,1,3,30,N,NEMI,NA,NA,0
2000,F,2000-10-23,JG,1,3,8,N,DIOR,M,A,45
2000,F,2000-10-23,JG,1,3,11,N,ONLE,M,A,30
2000,F,2000-10-23,JG,1,3,12,N,DIOR,F,A,54
2000,F,2000-10-23,JG,1,2,112,N,NEAL,NA,J,112
2000,F,2000-10-23,JG,1,2,113,N,NEAL,NA,J,95
2000,F,2000-10-23,JG,1,2,119,N,DIOR,M,A,52
2000,F,2000-10-23,JG,1,2,16,N,DIOR,M,A,53
2000,F,2000-10-23,JG,1,2,20,N,NEAL,M,A,250
2000,F,2000-10-23,JG,1,2,21,N,DIOR,M,A,50
2000,F,2000-10-23,JG,1,2,23,N,DIOR,M,A,58
2000,F,2000-10-23,JG,1,2,10,N,DIOR,M,A,51
2000,F,2000-10-23,JG,1,1,97,N,ONLE,M,A,16
2000,F,2000-10-23,JG,1,1,102,N,DIOR,M,A,62
2000,F,2000-10-23,JG,1,1,93,N,DIOR,F,A,54
2000,F,2000-10-23,JG,1,1,42,N,DIOR,F,A,52
2000,F,2000-10-23,JG,1,1,47,N,DIOR,M,A,51
2000,F,2000-10-24,JG,2,3,108,N,NEAL,F,A,160
2000,F,2000-10-24,JG,2,3,65,N,DIOR,M,A,50
2000,F,2000-10-24,JG,2,2,22,N,DIOR,F,A,64
2000,F,2000-10-24,JG,2,2,131,N,ONLE,M,A,35
2000,F,2000-10-25,JG,3,3,137,N,ONLE,NA,NA,0
2000,F,2000-10-25,JG,3,2,18,N,SPSP,M,A,82
2000,F,2000-10-25,JG,3,2,114,N,DISP,M,A,140
2000,F,2000-10-25,JG,3,1,49,N,ONLE,M,A,38
2000,F,2000-10-25,JG,3,1,51,N,ONLE,F,A,36
2000,F,2000-10-25,JG,3,1,25,N,ONLE,M,A,29
2000,F,2000-10-23,JG,1,3,94,N,DIOR,M,A,61
2000,F,2000-10-23,JG,1,3,65,N,ONLE,M,A,41
2000,F,2000-10-23,JG,1,3,69,N,DIOR,F,A,59
2000,F,2000-10-23,JG,1,3,70,N,SPSP,M,A,118
2000,F,2000-10-23,JG,1,3,71,N,ONLE,M,A,45
2000,F,2000-10-23,JG,1,3,84,N,DISP,M,A,136
2000,F,2000-10-23,JG,1,3,83,N,DIOR,M,A,47
2000,F,2000-10-23,JG,1,3,73,N,DISP,F,A,124
2000,F,2000-10-23,JG,1,3,57,N,DIOR,F,A,59
2000,F,2000-10-23,JG,1,2,89,N,DIOR,M,A,65
2000,F,2000-10-23,JG,1,2,90,N,DIOR,M,A,57
2000,F,2000-10-23,JG,1,2,92,N,DIOR,M,A,58
2000,F,2000-10-23,JG,1,2,93,N,DIOR,M,A,60
2000,F,2000-10-23,JG,1,2,104,N,DIOR,M,A,54
2000,F,2000-10-23,JG,1,2,30,N,DIOR,M,A,59
2000,F,2000-10-23,JG,1,2,35,N,NEMI,NA,J,90
2000,F,2000-10-23,JG,1,2,46,N,DIOR,M,A,55
2000,F,2000-10-23,JG,1,2,9,N,DISP,NA,NA,0
2000,F,2000-10-23,JG,1,1,58,N,SPSP,M,A,106
2000,F,2000-10-23,JG,1,1,57,N,DIOR,F,A,58
2000,F,2000-10-23,JG,1,1,56,N,ONLE,F,A,50
2000,F,2000-10-23,JG,1,1,54,N,DIOR,M,A,59
2000,F,2000-10-23,JG,1,1,127,N,ONLE,M,A,34
2000,F,2000-10-23,JG,1,1,128,N,DIOR,F,A,60
2000,F,2000-10-23,JG,1,1,130,N,DIOR,M,A,60
2000,F,2000-10-23,JG,1,1,119,N,DIOR,M,A,50
2000,F,2000-10-23,JG,1,1,21,N,DIOR,M,A,68
2000,F,2000-10-23,JG,1,1,24,N,DIOR,F,A,55
2000,F,2000-10-23,JG,1,1,35,N,DISP,F,A,118
2000,F,2000-10-23,JG,1,1,33,N,DISP,M,A,130
2000,F,2000-10-23,JG,1,1,32,N,DIOR,M,A,61
2000,F,2000-10-24,JG,2,2,93,N,SPSP,M,A,108
2000,F,2000-10-24,JG,2,2,107,N,DIOR,M,A,57
2000,F,2000-10-25,JG,3,3,95,N,NEMI,NA,J,100
2000,F,2000-10-25,JG,3,3,107,N,DIOR,M,A,57
2000,F,2000-10-25,JG,3,3,102,N,DIOR,M,A,55
2000,F,2000-10-25,JG,3,2,47,N,DIOR,M,A,60
2000,F,2000-10-25,JG,3,2,45,N,DIOR,F,A,58
2000,F,2000-10-25,JG,3,1,109,N,DIOR,M,A,65
2000,F,2000-10-25,JG,3,1,128,N,ONLE,M,A,31
2001,F,2001-10-16,JG,1,3,66,N,DIOR,M,A,56
2001,F,2001-10-16,JG,1,3,70,N,DIOR,F,A,54
2001,F,2001-10-16,JG,1,3,83,N,DISP,M,A,152
2001,F,2001-10-16,JG,1,3,82,N,DISP,M,A,0
2001,F,2001-10-16,JG,1,3,81,N,DIOR,M,A,57
2001,F,2001-10-16,JG,1,3,95,N,DIOR,M,A,61
2001,F,2001-10-16,JG,1,3,96,N,DIOR,F,A,70
2001,F,2001-10-16,JG,1,3,108,N,DIOR,M,A,63
2001,F,2001-10-16,JG,1,3,107,N,DIOR,F,A,53
2001,F,2001-10-16,JG,1,3,99,N,DIOR,M,A,47
2001,F,2001-10-16,JG,1,3,118,N,DIOR,M,A,67
2001,F,2001-10-16,JG,1,3,120,N,DIOR,F,A,64
2001,F,2001-10-16,JG,1,3,131,N,DIOR,F,A,63
2001,F,2001-10-16,JG,1,3,128,N,DIOR,M,A,60
2001,F,2001-10-16,JG,1,3,127,N,DIOR,M,A,62
2001,F,2001-10-16,JG,1,2,48,N,DIOR,M,A,61
2001,F,2001-10-16,JG,1,2,46,N,DIOR,F,A,60
2001,F,2001-10-16,JG,1,2,42,N,DIOR,M,A,64
2001,F,2001-10-16,JG,1,2,50,N,DIOR,F,A,68
2001,F,2001-10-16,JG,1,2,55,N,DIOR,F,A,65
2001,F,2001-10-16,JG,1,2,72,N,DIOR,M,A,71
2001,F,2001-10-16,JG,1,2,69,N,NEAL,M,A,102
2001,F,2001-10-16,JG,1,2,66,N,NEMI,M,A,110
2001,F,2001-10-16,JG,1,2,65,N,DIOR,M,A,46
2001,F,2001-10-16,JG,1,2,81,N,DIOR,M,A,61
2001,F,2001-10-16,JG,1,2,96,N,DIOR,F,A,63
2001,F,2001-10-16,JG,1,2,94,N,DIOR,M,A,64
2001,F,2001-10-16,JG,1,2,93,N,DIOR,M,A,56
2001,F,2001-10-16,JG,1,2,91,N,DIOR,M,A,62
2001,F,2001-10-16,JG,1,2,40,N,DIOR,M,A,53
2001,F,2001-10-16,JG,1,2,41,N,DIOR,M,A,68
2001,F,2001-10-16,JG,1,1,127,N,DIOR,M,A,59
2001,F,2001-10-16,JG,1,1,128,N,NEAL,M,A,160
2001,F,2001-10-16,JG,1,1,130,N,DIOR,M,A,61
2001,F,2001-10-16,JG,1,1,131,N,DIOR,F,A,65
2001,F,2001-10-16,JG,1,1,132,N,NEAL,M,A,184
2001,F,2001-10-16,JG,1,1,143,N,DIOR,F,A,55
2001,F,2001-10-16,JG,1,1,4,N,DIOR,F,A,51
2001,F,2001-10-16,JG,1,1,5,N,DIOR,M,A,63
2001,F,2001-10-16,JG,1,1,10,N,DIOR,M,A,58
2001,F,2001-10-16,JG,1,1,11,N,DIOR,M,A,64
2001,F,2001-10-16,JG,1,1,22,N,DIOR,M,A,72
2001,F,2001-10-16,JG,1,1,16,N,DIOR,F,A,58
2001,F,2001-10-17,JG,2,3,128,N,DIOR,M,A,63
2001,F,2001-10-17,JG,2,3,144,N,ONLE,F,A,35
2001,F,2001-10-17,JG,2,3,143,N,NEAL,M,A,132
2001,F,2001-10-17,JG,2,3,142,N,DIOR,F,A,60
2001,F,2001-10-17,JG,2,3,140,N,ONLE,M,A,32
2001,F,2001-10-17,JG,2,3,135,N,NEMI,NA,J,112
2001,F,2001-10-17,JG,2,3,32,N,DIOR,F,A,69
2001,F,2001-10-17,JG,2,3,36,N,SPSP,M,A,80
2001,F,2001-10-17,JG,2,3,38,N,DISP,F,A,137
2001,F,2001-10-17,JG,2,2,16,N,DIOR,F,A,54
2001,F,2001-10-17,JG,2,2,57,N,DIOR,M,A,60
2001,F,2001-10-17,JG,2,2,53,N,DIOR,M,A,68
2001,F,2001-10-17,JG,2,2,44,N,DIOR,M,A,45
2001,F,2001-10-17,JG,2,2,47,N,DISP,M,A,132
2001,F,2001-10-17,JG,2,2,35,N,SPSP,M,A,81
2001,F,2001-10-17,JG,2,2,113,N,DIOR,F,A,73
2001,F,2001-10-17,JG,2,2,119,N,DIOR,F,A,58
2001,F,2001-10-17,JG,2,2,130,N,DIOR,F,A,56
2001,F,2001-10-17,JG,2,1,70,N,NEAL,F,A,142
2001,F,2001-10-17,JG,2,1,69,N,DIOR,M,A,0
2001,F,2001-10-17,JG,2,1,68,N,DIOR,M,A,55
2001,F,2001-10-17,JG,2,1,67,N,DISP,M,A,144
2001,F,2001-10-17,JG,2,1,66,N,DIOR,F,A,60
2001,F,2001-10-17,JG,2,1,120,N,SPSP,M,A,118
2001,F,2001-10-17,JG,2,1,130,N,DIOR,F,A,70
2001,F,2001-10-17,JG,2,1,128,N,DIOR,F,A,50
2001,F,2001-10-17,JG,2,1,125,N,DIOR,M,A,56
2001,F,2001-10-17,JG,2,1,123,N,DIOR,NA,J,33
2001,F,2001-10-17,JG,2,1,23,N,DIOR,M,A,65
2001,F,2001-10-18,JG,3,3,88,N,DIOR,M,A,65
2001,F,2001-10-18,JG,3,3,61,N,DIOR,M,A,45
2001,F,2001-10-18,JG,3,3,77,N,DIOR,M,A,63
2001,F,2001-10-18,JG,3,2,35,N,DIOR,M,A,64
2001,F,2001-10-18,JG,3,2,48,N,SPSP,M,A,80
2001,F,2001-10-18,JG,3,2,46,N,PGFL,F,A,7
2001,F,2001-10-16,JG,1,3,14,N,DIOR,M,A,53
2001,F,2001-10-16,JG,1,3,16,N,DIOR,M,A,54
2001,F,2001-10-16,JG,1,3,25,N,DIOR,M,A,62
2001,F,2001-10-16,JG,1,3,24,N,DIOR,F,A,59
2001,F,2001-10-16,JG,1,3,36,N,DIOR,M,A,67
2001,F,2001-10-16,JG,1,3,35,N,DIOR,M,A,61
2001,F,2001-10-16,JG,1,3,137,N,DIOR,M,A,45
2001,F,2001-10-16,JG,1,3,142,N,DIOR,M,A,64
2001,F,2001-10-16,JG,1,3,143,N,DIOR,F,A,58
2001,F,2001-10-16,JG,1,3,11,N,DIOR,F,A,60
2001,F,2001-10-16,JG,1,3,48,N,DIOR,F,A,63
2001,F,2001-10-16,JG,1,3,46,N,SPSP,M,A,90
2001,F,2001-10-16,JG,1,3,45,N,ONLE,M,A,30
2001,F,2001-10-16,JG,1,3,44,N,ONLE,M,A,39
2001,F,2001-10-16,JG,1,3,41,N,DIOR,M,A,50
2001,F,2001-10-16,JG,1,3,1,N,DISP,M,A,0
2001,F,2001-10-16,JG,1,3,7,N,DIOR,F,A,52
2001,F,2001-10-16,JG,1,2,138,N,DIOR,M,A,62
2001,F,2001-10-16,JG,1,2,141,N,DIOR,M,A,59
2001,F,2001-10-16,JG,1,2,143,N,DIOR,F,A,61
2001,F,2001-10-16,JG,1,2,144,N,DIOR,NA,NA,0
2001,F,2001-10-16,JG,1,2,12,N,DIOR,M,A,54
2001,F,2001-10-16,JG,1,2,11,N,DISP,M,A,0
2001,F,2001-10-16,JG,1,2,10,N,DISP,F,A,155
2001,F,2001-10-16,JG,1,2,8,N,DIOR,F,A,62
2001,F,2001-10-16,JG,1,2,7,N,DIOR,F,A,61
2001,F,2001-10-16,JG,1,2,103,N,DIOR,M,A,62
2001,F,2001-10-16,JG,1,2,104,N,DIOR,F,A,71
2001,F,2001-10-16,JG,1,2,107,N,DIOR,F,A,76
2001,F,2001-10-16,JG,1,2,116,N,DIOR,M,A,53
2001,F,2001-10-16,JG,1,2,15,N,DIOR,M,A,45
2001,F,2001-10-16,JG,1,2,128,N,DIOR,M,A,57
2001,F,2001-10-16,JG,1,2,131,N,DIOR,M,A,52
2001,F,2001-10-16,JG,1,2,132,N,DIOR,M,A,54
2001,F,2001-10-16,JG,1,2,119,N,DIOR,M,A,53
2001,F,2001-10-16,JG,1,1,50,N,PGFL,M,A,7
2001,F,2001-10-16,JG,1,1,56,N,DIOR,M,A,60
2001,F,2001-10-16,JG,1,1,57,N,NEAL,F,A,160
2001,F,2001-10-16,JG,1,1,58,N,DIOR,F,A,64
2001,F,2001-10-16,JG,1,1,44,N,DIOR,F,A,56
2001,F,2001-10-16,JG,1,1,41,N,DIOR,F,A,67
2001,F,2001-10-16,JG,1,1,103,N,DIOR,M,A,58
2001,F,2001-10-16,JG,1,1,106,N,DIOR,F,A,57
2001,F,2001-10-16,JG,1,1,107,N,DIOR,F,A,58
2001,F,2001-10-16,JG,1,1,120,N,DIOR,M,A,61
2001,F,2001-10-16,JG,1,1,118,N,DIOR,M,A,58
2001,F,2001-10-16,JG,1,1,76,N,SPSP,M,A,118
2001,F,2001-10-16,JG,1,1,79,N,DIOR,F,A,55
2001,F,2001-10-16,JG,1,1,80,N,NEAL,NA,NA,0
2001,F,2001-10-16,JG,1,1,95,N,DIOR,M,A,60
2001,F,2001-10-16,JG,1,1,91,N,DIOR,M,A,60
2001,F,2001-10-16,JG,1,1,92,N,NEAL,NA,J,92
2001,F,2001-10-16,JG,1,1,89,N,DIOR,F,A,56
2001,F,2001-10-16,JG,1,1,85,N,DIOR,M,A,52
2001,F,2001-10-16,JG,1,1,25,N,ONLE,F,A,49
2001,F,2001-10-16,JG,1,1,32,N,DIOR,F,A,50
2001,F,2001-10-17,JG,2,3,14,N,NEMI,NA,J,102
2001,F,2001-10-17,JG,2,3,10,N,DIOR,F,A,57
2001,F,2001-10-17,JG,2,3,77,N,DIOR,M,A,46
2001,F,2001-10-17,JG,2,3,78,N,DIOR,M,A,56
2001,F,2001-10-17,JG,2,3,63,N,DIOR,F,A,56
2001,F,2001-10-17,JG,2,3,57,N,DIOR,M,A,53
2001,F,2001-10-17,JG,2,3,48,N,DIOR,M,A,58
2001,F,2001-10-17,JG,2,3,44,N,DIOR,M,A,45
2001,F,2001-10-17,JG,2,2,24,N,DIOR,F,A,58
2001,F,2001-10-17,JG,2,2,143,N,DIOR,M,A,55
2001,F,2001-10-17,JG,2,1,92,N,SPSP,M,A,86
2001,F,2001-10-17,JG,2,1,105,N,DIOR,M,A,62
2001,F,2001-10-17,JG,2,1,80,N,DISP,M,A,0
2001,F,2001-10-17,JG,2,1,82,N,DIOR,F,A,56
2001,F,2001-10-17,JG,2,1,44,N,DIOR,M,A,57
2001,F,2001-10-17,JG,2,1,34,N,DIOR,M,A,62
2001,F,2001-10-17,JG,2,1,32,N,SPSP,M,A,72
2001,F,2001-10-17,JG,2,1,28,N,NEAL,M,A,84
2001,F,2001-10-18,JG,3,3,115,N,DIOR,M,A,61
2001,F,2001-10-18,JG,3,3,118,N,DIOR,M,A,54
2001,F,2001-10-18,JG,3,3,105,N,DIOR,F,A,64
2001,F,2001-10-18,JG,3,3,38,N,DISP,M,A,164
2001,F,2001-10-18,JG,3,3,44,N,PGFL,M,A,16
2001,F,2001-10-18,JG,3,3,45,N,DIOR,F,A,62
2001,F,2001-10-18,JG,3,2,112,N,DIOR,M,A,56
2001,F,2001-10-18,JG,3,2,142,N,DIOR,M,A,59
2001,F,2001-10-18,JG,3,2,8,N,DIOR,NA,J,42
2001,F,2001-10-18,JG,3,2,67,N,DIOR,F,A,67
2001,F,2001-10-18,JG,3,2,83,N,DIOR,M,A,44
2001,F,2001-10-18,JG,3,1,10,N,DIOR,F,A,46
2001,F,2001-10-18,JG,3,1,24,N,DIOR,F,A,74
2001,F,2001-10-18,JG,3,1,142,N,DIOR,M,A,59
2001,F,2001-10-18,JG,3,1,144,N,DIOR,F,A,55
2001,F,2001-10-18,JG,3,1,113,N,NEAL,F,A,108
2001,F,2001-10-18,JG,3,1,127,N,PGFL,F,A,7
2001,F,2001-10-18,JG,3,1,71,N,DIOR,F,A,70
2001,F,2001-10-18,JG,3,1,76,N,DIOR,M,A,51
2001,F,2001-10-18,JG,3,3,12,N,DIOR,M,A,58
2001,F,2001-10-18,JG,3,3,142,N,DIOR,M,A,60
2001,F,2001-10-18,JG,3,3,140,N,DIOR,M,A,59
2001,F,2001-10-18,JG,3,2,96,N,DIOR,F,A,39
2001,F,2001-10-18,JG,3,2,107,N,NEAL,M,A,132
2001,F,2001-10-18,JG,3,1,43,N,DISP,F,A,144
2001,F,2001-10-18,JG,3,1,38,N,PGFL,M,A,7
2001,F,2001-10-18,JG,3,1,79,N,DIOR,M,A,54
2001,F,2001-10-18,JG,3,1,81,N,DIOR,F,A,54
2002,F,2002-10-16,JG,1,3,63,N,DISP,M,A,158
2002,F,2002-10-16,JG,1,3,65,N,DIOR,M,A,47
2002,F,2002-10-16,JG,1,3,68,N,DIOR,F,A,48
2002,F,2002-10-16,JG,1,3,12,N,DIOR,M,A,46
2002,F,2002-10-16,JG,1,3,24,N,CHPE,M,A,13
2002,F,2002-10-16,JG,1,3,23,N,DIOR,M,A,53
2002,F,2002-10-16,JG,1,3,22,N,DIOR,M,A,60
2002,F,2002-10-16,JG,1,3,17,N,ONLE,F,A,41
2002,F,2002-10-16,JG,1,3,14,N,CHPE,M,A,14
2002,F,2002-10-16,JG,1,2,68,N,DIOR,M,A,64
2002,F,2002-10-16,JG,1,2,69,N,DIOR,M,A,55
2002,F,2002-10-16,JG,1,2,70,N,DIOR,M,A,57
2002,F,2002-10-16,JG,1,2,72,N,DIOR,F,A,62
2002,F,2002-10-16,JG,1,2,56,N,DIOR,F,A,53
2002,F,2002-10-16,JG,1,2,43,N,DIOR,F,A,55
2002,F,2002-10-16,JG,1,2,46,N,ONLE,M,A,45
2002,F,2002-10-16,JG,1,2,47,N,DIOR,M,A,55
2002,F,2002-10-16,JG,1,2,48,N,DISP,F,A,128
2002,F,2002-10-16,JG,1,2,45,N,DIOR,M,A,57
2002,F,2002-10-16,JG,1,2,22,N,DIOR,F,A,52
2002,F,2002-10-16,JG,1,2,114,N,DISP,M,A,110
2002,F,2002-10-16,JG,1,1,50,N,ONLE,M,A,40
2002,F,2002-10-16,JG,1,1,52,N,DIOR,M,A,58
2002,F,2002-10-16,JG,1,1,55,N,DISP,M,A,120
2002,F,2002-10-16,JG,1,1,59,N,DIOR,M,A,56
2002,F,2002-10-16,JG,1,1,34,N,DIOR,M,A,54
2002,F,2002-10-16,JG,1,1,23,N,DIOR,F,A,54
2002,F,2002-10-16,JG,1,1,9,N,DIOR,M,A,55
2002,F,2002-10-16,JG,1,1,10,N,ONLE,F,A,40
2002,F,2002-10-17,JG,2,3,59,N,DIOR,F,A,56
2002,F,2002-10-17,JG,2,3,41,N,ONLE,F,A,31
2002,F,2002-10-17,JG,2,3,35,N,DIOR,M,A,60
2002,F,2002-10-17,JG,2,2,46,N,DIOR,F,A,61
2002,F,2002-10-17,JG,2,2,43,N,DIOR,F,A,60
2002,F,2002-10-17,JG,2,2,22,N,PGFL,NA,J,6
2002,F,2002-10-17,JG,2,2,15,N,DIOR,M,A,61
2002,F,2002-10-17,JG,2,1,120,N,DIOR,M,A,48
2002,F,2002-10-18,JG,3,3,14,N,CHPE,F,A,13
2002,F,2002-10-18,JG,3,3,5,N,DIOR,F,A,51
2002,F,2002-10-18,JG,3,3,124,N,PGFL,F,A,7
2002,F,2002-10-18,JG,3,2,66,N,NEAL,NA,J,100
2002,F,2002-10-18,JG,3,2,56,N,DIOR,F,A,64
2002,F,2002-10-18,JG,3,2,35,N,DIOR,M,A,64
2002,F,2002-10-18,JG,3,1,70,N,DIOR,M,A,56
2002,F,2002-10-18,JG,3,1,122,N,SPSP,M,A,78
2002,F,2002-10-16,JG,1,3,90,N,SPSP,M,A,62
2002,F,2002-10-16,JG,1,3,93,N,DIOR,M,A,59
2002,F,2002-10-16,JG,1,3,95,N,DIOR,F,A,54
2002,F,2002-10-16,JG,1,3,84,N,DIOR,F,A,57
2002,F,2002-10-16,JG,1,3,83,N,DISP,M,A,132
2002,F,2002-10-16,JG,1,3,82,N,DIOR,M,A,48
2002,F,2002-10-16,JG,1,3,140,N,DIOR,M,A,49
2002,F,2002-10-16,JG,1,3,142,N,CHPE,M,A,15
2002,F,2002-10-16,JG,1,3,143,N,DIOR,F,A,44
2002,F,2002-10-16,JG,1,2,133,N,DIOR,M,A,51
2002,F,2002-10-16,JG,1,2,142,N,SPSP,M,A,92
2002,F,2002-10-16,JG,1,2,143,N,DIOR,M,A,53
2002,F,2002-10-16,JG,1,2,144,N,ONLE,M,A,32
2002,F,2002-10-16,JG,1,2,129,N,DIOR,M,A,54
2002,F,2002-10-16,JG,1,2,127,N,SPSP,M,A,69
2002,F,2002-10-16,JG,1,2,126,N,DIOR,M,A,54
2002,F,2002-10-16,JG,1,2,4,N,CHPE,M,A,16
2002,F,2002-10-16,JG,1,1,72,N,DIOR,M,A,54
2002,F,2002-10-16,JG,1,1,70,N,DIOR,M,A,54
2002,F,2002-10-16,JG,1,1,67,N,DIOR,F,A,56
2002,F,2002-10-16,JG,1,1,121,N,CHPE,M,A,13
2002,F,2002-10-16,JG,1,1,127,N,DIOR,M,A,48
2002,F,2002-10-16,JG,1,1,120,N,DIOR,F,A,47
2002,F,2002-10-16,JG,1,1,119,N,DIOR,M,A,56
2002,F,2002-10-16,JG,1,1,104,N,DIOR,M,A,50
2002,F,2002-10-16,JG,1,1,106,N,DIOR,M,A,58
2002,F,2002-10-17,JG,2,3,130,N,DIOR,F,A,56
2002,F,2002-10-17,JG,2,3,12,N,DIOR,M,A,57
2002,F,2002-10-17,JG,2,2,63,N,DIME,NA,J,27
2002,F,2002-10-17,JG,2,2,68,N,DIOR,M,A,59
2002,F,2002-10-17,JG,2,2,84,N,DIOR,M,A,48
2002,F,2002-10-17,JG,2,2,104,N,CHPE,F,A,15
2002,F,2002-10-17,JG,2,2,106,N,DIOR,M,A,46
2002,F,2002-10-17,JG,2,2,107,N,DIOR,M,A,58
2002,F,2002-10-17,JG,2,2,36,N,DIOR,F,A,62
2002,F,2002-10-18,JG,3,3,96,N,CHPE,M,A,15
2002,F,2002-10-18,JG,3,2,7,N,ONLE,M,A,33
2002,F,2002-10-18,JG,3,1,38,N,CHPE,F,A,17
2002,F,2002-10-18,JG,3,1,21,N,NEAL,M,A,118
2002,F,2002-10-18,JG,3,1,20,N,DIOR,F,A,59
2002,F,2002-10-16,JG,1,3,45,N,DIOR,M,A,52
2002,F,2002-10-16,JG,1,3,36,N,SPSP,M,A,78
2002,F,2002-10-16,JG,1,3,35,N,DIOR,M,A,57
2002,F,2002-10-16,JG,1,3,34,N,SPSP,M,A,90
2002,F,2002-10-16,JG,1,3,98,N,DIOR,M,A,43
2002,F,2002-10-16,JG,1,3,118,N,DIOR,F,A,52
2002,F,2002-10-16,JG,1,3,120,N,DIOR,M,A,48
2002,F,2002-10-16,JG,1,3,106,N,DIOR,M,A,48
2002,F,2002-10-16,JG,1,3,126,N,DIOR,M,A,47
2002,F,2002-10-16,JG,1,3,129,N,DIOR,F,A,44
2002,F,2002-10-16,JG,1,3,132,N,DIOR,F,A,42
2002,F,2002-10-16,JG,1,2,98,N,DIOR,M,A,55
2002,F,2002-10-16,JG,1,2,94,N,DIOR,M,A,54
2002,F,2002-10-16,JG,1,2,96,N,DIOR,M,A,56
2002,F,2002-10-16,JG,1,2,80,N,DIOR,M,A,49
2002,F,2002-10-16,JG,1,2,104,N,DIOR,F,A,54
2002,F,2002-10-16,JG,1,2,105,N,DIOR,M,A,53
2002,F,2002-10-16,JG,1,2,106,N,NEMI,M,A,230
2002,F,2002-10-16,JG,1,2,108,N,DIOR,M,A,46
2002,F,2002-10-16,JG,1,2,119,N,DIOR,F,A,51
2002,F,2002-10-16,JG,1,2,117,N,DIOR,F,A,58
2002,F,2002-10-16,JG,1,1,79,N,DIOR,F,A,48
2002,F,2002-10-16,JG,1,1,80,N,DIOR,F,A,48
2002,F,2002-10-16,JG,1,1,81,N,DIOR,M,A,44
2002,F,2002-10-16,JG,1,1,84,N,DIOR,F,A,48
2002,F,2002-10-16,JG,1,1,96,N,DIOR,M,A,54
2002,F,2002-10-16,JG,1,1,95,N,DIOR,M,A,45
2002,F,2002-10-16,JG,1,1,135,N,DISP,M,A,140
2002,F,2002-10-16,JG,1,1,136,N,DIOR,M,A,46
2002,F,2002-10-16,JG,1,1,137,N,DIOR,F,A,42
2002,F,2002-10-16,JG,1,1,140,N,DIOR,F,A,49
2002,F,2002-10-16,JG,1,1,12,N,DIOR,F,A,42
2002,F,2002-10-17,JG,2,3,92,N,NEAL,NA,J,72
2002,F,2002-10-17,JG,2,3,94,N,DIOR,F,A,55
2002,F,2002-10-17,JG,2,3,104,N,DIOR,M,A,54
2002,F,2002-10-17,JG,2,2,135,N,DIOR,F,A,53
2002,F,2002-10-17,JG,2,2,143,N,DIOR,F,A,47
2002,F,2002-10-17,JG,2,2,4,N,CHPE,M,A,14
2002,F,2002-10-17,JG,2,1,1,N,DISP,F,A,0
2002,F,2002-10-17,JG,2,1,22,N,DIOR,F,A,48
2002,F,2002-10-17,JG,2,1,131,N,SPSP,M,A,98
2002,F,2002-10-17,JG,2,1,143,N,DIOR,M,A,42
2002,F,2002-10-18,JG,3,3,71,N,CHPE,M,A,16
2002,F,2002-10-18,JG,3,2,23,N,DIOR,M,A,55
2002,F,2002-10-18,JG,3,2,24,N,DIOR,F,A,46
2002,F,2002-10-18,JG,3,1,3,N,DISP,M,A,130
2002,F,2002-10-18,JG,3,1,12,N,DIOR,M,A,50
2002,F,2002-10-18,JG,3,1,127,N,DIOR,M,A,48
2002,F,2002-10-18,JG,3,1,126,N,CHPE,M,A,15
2004,F,2004-10-13,JG,1,3,25,N,CHPE,F,A,20
2004,F,2004-10-13,JG,1,3,137,N,CHPE,F,A,14
2004,F,2004-10-13,JG,1,2,69,N,DIOR,M,A,59
2004,F,2004-10-13,JG,1,2,103,N,CHPE,F,A,16
2004,F,2004-10-13,JG,1,2,107,N,DIOR,F,A,58
2004,F,2004-10-13,JG,1,2,93,N,CHPE,F,A,12
2004,F,2004-10-13,JG,1,2,91,N,DISP,F,A,144
2004,F,2004-10-13,JG,1,2,89,N,DISP,M,A,171
2004,F,2004-10-13,JG,1,1,56,N,DIOR,F,A,53
2004,F,2004-10-13,JG,1,1,54,N,CHPE,F,A,15
2004,F,2004-10-13,JG,1,1,50,N,CHPE,M,A,14
2004,F,2004-10-13,JG,1,1,95,N,SPSP,M,A,90
2004,F,2004-10-13,JG,1,1,73,N,ONLE,M,A,44
2004,F,2004-10-13,JG,1,1,77,N,DIOR,F,A,69
2004,F,2004-10-14,JG,2,3,108,N,CHPE,F,A,17
2004,F,2004-10-14,JG,2,3,96,N,DIOR,F,A,62
2004,F,2004-10-14,JG,2,3,92,N,CHPE,M,A,15
2004,F,2004-10-14,JG,2,3,119,N,CHPE,M,A,17
2004,F,2004-10-14,JG,2,3,132,N,CHPE,F,A,14
2004,F,2004-10-14,JG,2,3,129,N,DIOR,M,A,71
2004,F,2004-10-14,JG,2,2,58,N,ONLE,F,A,33
2004,F,2004-10-14,JG,2,2,72,N,SPSP,M,A,82
2004,F,2004-10-14,JG,2,2,69,N,DIOR,M,A,64
2004,F,2004-10-14,JG,2,2,82,N,DIOR,F,A,63
2004,F,2004-10-14,JG,2,2,93,N,CHPE,F,A,14
2004,F,2004-10-14,JG,2,2,120,N,CHPE,M,A,14
2004,F,2004-10-14,JG,2,2,115,N,DIOR,M,A,68
2004,F,2004-10-14,JG,2,1,74,N,ONLE,M,A,42
2004,F,2004-10-14,JG,2,1,75,N,CHPE,M,A,14
2004,F,2004-10-14,JG,2,1,102,N,CHPE,F,A,14
2004,F,2004-10-14,JG,2,1,104,N,DIOR,M,A,60
2004,F,2004-10-14,JG,2,1,106,N,DIOR,M,A,53
2004,F,2004-10-14,JG,2,1,108,N,DIOR,F,A,65
2004,F,2004-10-14,JG,2,1,129,N,DIOR,M,A,59
2004,F,2004-10-14,JG,2,1,132,N,SPSP,NA,J,53
2004,F,2004-10-15,JG,3,1,107,N,CHPE,M,A,15
2004,F,2004-10-15,JG,3,1,125,N,SPSP,F,A,98
2004,F,2004-10-15,JG,3,1,144,N,SPSP,NA,J,53
2004,F,2004-10-15,JG,3,1,143,N,SPSP,NA,J,51
2004,F,2004-10-15,JG,3,1,143,N,SPSP,NA,J,53
2004,F,2004-10-15,JG,3,1,5,N,ONLE,F,A,33
2004,F,2004-10-15,JG,3,1,10,N,ONLE,F,A,31
2004,F,2004-10-15,JG,3,2,23,N,DIOR,F,A,56
2004,F,2004-10-15,JG,3,2,17,N,ONLE,F,A,36
2004,F,2004-10-15,JG,3,3,139,N,CHPE,F,A,16
2004,F,2004-10-15,JG,3,3,19,N,DIOR,F,A,60
2004,F,2004-10-13,JG,1,3,113,N,CHPE,M,A,15
2004,F,2004-10-13,JG,1,2,19,N,CHPE,F,A,16
2004,F,2004-10-13,JG,1,1,145,N,CHPE,M,A,14
2004,F,2004-10-13,JG,1,1,144,N,SPSP,NA,J,51
2004,F,2004-10-13,JG,1,1,143,N,SPSP,NA,J,53
2004,F,2004-10-13,JG,1,1,143,N,SPSP,NA,J,54
2004,F,2004-10-14,JG,2,3,22,N,CHPE,M,A,15
2004,F,2004-10-14,JG,2,2,46,N,DISP,F,A,130
2004,F,2004-10-14,JG,2,2,21,N,DISP,F,A,177
2004,F,2004-10-14,JG,2,2,18,N,SPSP,M,A,58
2004,F,2004-10-14,JG,2,1,58,N,DISP,F,A,145
2004,F,2004-10-14,JG,2,1,31,N,CHPE,F,A,14
2004,F,2004-10-14,JG,2,1,7,N,CHPE,M,A,12
2004,F,2004-10-15,JG,3,1,34,N,CHPE,F,A,13
2004,F,2004-10-15,JG,3,1,48,N,SPSP,F,A,82
2004,F,2004-10-15,JG,3,2,67,N,SPSP,M,A,90
2004,F,2004-10-15,JG,3,2,105,N,DIOR,F,A,58
2004,F,2004-10-15,JG,3,3,123,N,SPSP,M,A,88
2004,F,2004-10-15,JG,3,3,120,N,SPSP,NA,J,52
2004,F,2004-10-15,JG,3,3,91,N,SPSP,NA,J,78
2004,F,2004-10-14,JG,2,2,8,N,DISP,F,A,145
2004,F,2004-10-14,JG,2,1,12,N,DIOR,F,A,76
2004,F,2004-10-13,JG,1,3,41,N,DISP,M,A,140
2004,F,2004-10-13,JG,1,3,60,N,DIOR,M,A,48
2004,F,2004-10-13,JG,1,2,23,N,DIOR,M,A,58
2004,F,2004-10-13,JG,1,2,113,N,DIOR,M,A,62
2004,F,2004-10-13,JG,1,2,114,N,DIOR,M,A,62
2004,F,2004-10-13,JG,1,2,86,N,DIOR,M,A,63
2004,F,2004-10-13,JG,1,1,127,N,DIOR,F,A,72
2004,F,2004-10-13,JG,1,1,131,N,DIOR,M,A,59
2004,F,2004-10-14,JG,2,3,65,N,DISP,M,A,0
2004,F,2004-10-14,JG,2,3,76,N,PGFL,F,A,11
2004,F,2004-10-14,JG,2,2,35,N,DIOR,F,A,72
2004,F,2004-10-14,JG,2,1,53,N,DIOR,M,A,61
2004,F,2004-10-14,JG,2,1,5,N,DIOR,M,A,49
2004,F,2004-10-14,JG,2,1,11,N,DIOR,F,A,61
2004,F,2004-10-15,JG,3,1,35,N,DIOR,M,A,55
2004,F,2004-10-15,JG,3,2,119,N,DIOR,F,A,57
2004,F,2004-10-15,JG,3,2,113,N,DIOR,M,A,65
2004,F,2004-10-15,JG,3,3,129,N,SPSP,F,A,115
2004,F,2004-10-15,JG,3,3,83,N,SPSP,F,A,130
2004,F,2004-10-13,JG,1,1,10,N,ONLE,NA,NA,0
2004,F,2004-10-13,JG,1,3,71,N,DISP,M,A,137
2004,F,2004-10-13,JG,1,3,80,N,DIOR,F,A,50
2004,F,2004-10-13,JG,1,2,43,N,DIOR,F,A,56
2004,F,2004-10-13,JG,1,2,44,N,DISP,M,A,133
2004,F,2004-10-13,JG,1,2,45,N,CHPE,F,A,18
2004,F,2004-10-13,JG,1,2,53,N,DISP,F,A,84
2004,F,2004-10-13,JG,1,2,144,N,CHPE,M,A,15
2004,F,2004-10-13,JG,1,1,25,N,DISP,M,A,160
2004,F,2004-10-13,JG,1,1,36,N,DIOR,F,A,55
2004,F,2004-10-13,JG,1,1,70,N,CHPE,F,A,13
2004,F,2004-10-13,JG,1,1,72,N,DISP,M,A,171
2005,F,2005-10-04,JG,1,3,44,N,DIOR,F,A,62
2005,F,2005-10-04,JG,1,3,45,N,CHPE,M,A,14
2005,F,2005-10-04,JG,1,3,111,N,CHPE,M,A,15
2005,F,2005-10-04,JG,1,3,112,N,CHPE,M,A,0
2005,F,2005-10-04,JG,1,2,17,N,CHPE,M,A,15
2005,F,2005-10-04,JG,1,2,20,N,SPSP,M,A,80
2005,F,2005-10-04,JG,1,2,32,N,ONLE,NA,NA,0
2005,F,2005-10-04,JG,1,2,28,N,CHPE,F,A,16
2005,F,2005-10-04,JG,1,1,65,N,DIOR,M,A,60
2005,F,2005-10-04,JG,1,1,80,N,CHPE,F,A,17
2005,F,2005-10-04,JG,1,1,75,N,DIOR,F,A,64
2005,F,2005-10-04,JG,1,1,25,N,DIOR,M,A,68
2005,F,2005-10-04,JG,1,1,32,N,SPSP,M,A,82
2005,F,2005-10-04,JG,1,1,36,N,ONLE,M,A,35
2005,F,2005-10-05,JG,2,1,89,N,DIOR,M,A,63
2005,F,2005-10-05,JG,2,1,105,N,CHPE,F,A,16
2005,F,2005-10-05,JG,2,1,100,N,PGFL,F,A,6
2005,F,2005-10-05,JG,2,1,30,N,DIOR,F,A,59
2005,F,2005-10-05,JG,2,1,58,N,CHPE,F,A,14
2005,F,2005-10-05,JG,2,2,43,N,DIOR,M,A,63
2005,F,2005-10-05,JG,2,2,45,N,DIOR,M,A,61
2005,F,2005-10-05,JG,2,2,46,N,CHPE,M,A,17
2005,F,2005-10-05,JG,2,2,48,N,CHPE,F,A,16
2005,F,2005-10-05,JG,2,2,49,N,DIOR,M,A,58
2005,F,2005-10-05,JG,2,2,114,N,DIOR,M,A,72
2005,F,2005-10-05,JG,2,2,116,N,CHPE,M,A,17
2005,F,2005-10-05,JG,2,3,27,N,CHPE,F,A,18
2005,F,2005-10-05,JG,2,3,142,N,CHPE,F,A,13
2005,F,2005-10-05,JG,2,3,123,N,DIME,F,A,44
2005,F,2005-10-06,JG,3,3,71,N,DIME,M,A,62
2005,F,2005-10-06,JG,3,3,72,N,CHPE,F,A,15
2005,F,2005-10-06,JG,3,3,84,N,CHPE,F,A,16
2005,F,2005-10-06,JG,3,3,82,N,DISP,F,A,110
2005,F,2005-10-06,JG,3,3,80,N,DIOR,F,A,53
2005,F,2005-10-06,JG,3,3,75,N,PGFL,M,A,7
2005,F,2005-10-06,JG,3,3,93,N,DIOR,F,A,54
2005,F,2005-10-06,JG,3,3,125,N,PGFL,M,A,6
2005,F,2005-10-06,JG,3,2,42,N,DIOR,F,A,53
2005,F,2005-10-06,JG,3,2,43,N,CHPE,F,A,16
2005,F,2005-10-06,JG,3,2,48,N,CHPE,M,A,14
2005,F,2005-10-06,JG,3,2,94,N,DIOR,F,A,72
2005,F,2005-10-06,JG,3,2,107,N,CHPE,F,A,16
2005,F,2005-10-06,JG,3,2,106,N,CHPE,M,A,15
2005,F,2005-10-06,JG,3,1,69,N,CHPE,M,A,15
2005,F,2005-10-06,JG,3,1,84,N,DIOR,F,A,57
2005,F,2005-10-06,JG,3,1,131,N,DIOR,F,A,74
2005,F,2005-10-06,JG,3,1,123,N,SPSP,NA,J,95
2005,F,2005-10-04,JG,1,3,65,N,CHPE,M,A,13
2005,F,2005-10-04,JG,1,3,84,N,CHPE,M,A,15
2005,F,2005-10-04,JG,1,3,76,N,CHPE,M,A,13
2005,F,2005-10-04,JG,1,3,93,N,DIOR,M,A,61
2005,F,2005-10-04,JG,1,3,94,N,DIOR,M,A,53
2005,F,2005-10-04,JG,1,3,95,N,CHPE,M,A,12
2005,F,2005-10-04,JG,1,2,110,N,DIOR,M,A,42
2005,F,2005-10-04,JG,1,2,131,N,DIOR,M,A,50
2005,F,2005-10-04,JG,1,2,121,N,DIOR,M,A,55
2005,F,2005-10-04,JG,1,2,48,N,ONAR,M,A,19
2005,F,2005-10-04,JG,1,2,54,N,CHPE,F,A,12
2005,F,2005-10-04,JG,1,1,88,N,CHPE,M,A,12
2005,F,2005-10-04,JG,1,1,105,N,CHPE,M,A,12
2005,F,2005-10-04,JG,1,1,141,N,DIOR,M,A,55
2005,F,2005-10-04,JG,1,1,4,N,CHPE,F,A,15
2005,F,2005-10-04,JG,1,1,41,N,CHPE,M,A,12
2005,F,2005-10-04,JG,1,1,45,N,CHPE,M,A,14
2005,F,2005-10-04,JG,1,1,59,N,DIOR,M,A,54
2005,F,2005-10-05,JG,2,1,67,N,CHPE,M,A,15
2005,F,2005-10-05,JG,2,1,70,N,DIOR,M,A,0
2005,F,2005-10-05,JG,2,1,71,N,DISP,M,A,130
2005,F,2005-10-05,JG,2,1,83,N,DIOR,F,A,65
2005,F,2005-10-05,JG,2,1,80,N,CHPE,M,A,12
2005,F,2005-10-05,JG,2,1,135,N,DIOR,M,A,49
2005,F,2005-10-05,JG,2,1,139,N,DIOR,M,A,52
2005,F,2005-10-05,JG,2,2,69,N,SPSP,M,A,90
2005,F,2005-10-05,JG,2,2,71,N,CHPE,M,A,13
2005,F,2005-10-05,JG,2,2,72,N,CHPE,M,A,15
2005,F,2005-10-05,JG,2,2,83,N,DIOR,M,A,53
2005,F,2005-10-05,JG,2,2,126,N,DIOR,M,A,41
2005,F,2005-10-05,JG,2,2,129,N,DIOR,F,A,55
2005,F,2005-10-05,JG,2,2,120,N,CHPE,M,A,12
2005,F,2005-10-05,JG,2,3,72,N,SPSP,NA,J,50
2005,F,2005-10-05,JG,2,3,79,N,CHPE,M,A,13
2005,F,2005-10-05,JG,2,3,90,N,DIOR,NA,NA,0
2005,F,2005-10-05,JG,2,3,92,N,CHPE,M,A,12
2005,F,2005-10-05,JG,2,3,93,N,DIOR,M,A,0
2005,F,2005-10-05,JG,2,3,132,N,DIOR,M,A,50
2005,F,2005-10-06,JG,3,3,19,N,CHPE,M,A,15
2005,F,2005-10-06,JG,3,3,20,N,DIOR,M,A,49
2005,F,2005-10-06,JG,3,3,35,N,SPSP,F,A,110
2005,F,2005-10-06,JG,3,3,25,N,DIOR,M,A,50
2005,F,2005-10-06,JG,3,3,142,N,CHPE,M,A,15
2005,F,2005-10-06,JG,3,3,143,N,CHPE,M,A,12
2005,F,2005-10-06,JG,3,3,12,N,SPSP,NA,J,45
2005,F,2005-10-06,JG,3,2,139,N,SPSP,M,A,80
2005,F,2005-10-06,JG,3,2,141,N,DIOR,M,A,50
2005,F,2005-10-06,JG,3,2,143,N,DIOR,M,A,46
2005,F,2005-10-06,JG,3,2,111,N,ONLE,M,A,41
2005,F,2005-10-06,JG,3,2,120,N,DIOR,F,A,54
2005,F,2005-10-06,JG,3,2,125,N,PGFL,M,A,5
2005,F,2005-10-06,JG,3,1,48,N,DIOR,M,A,35
2005,F,2005-10-06,JG,3,1,58,N,CHPE,M,A,11
2005,F,2005-10-06,JG,3,1,54,N,SPSP,M,A,0
2005,F,2005-10-06,JG,3,1,52,N,CHPE,M,A,11
2005,F,2005-10-06,JG,3,1,143,N,DIOR,M,A,53
2005,F,2005-10-06,JG,3,1,11,N,CHPE,M,A,11
2005,F,2005-10-04,JG,1,3,20,N,CHPE,M,A,14
2005,F,2005-10-04,JG,1,3,36,N,SPSP,NA,J,79
2005,F,2005-10-04,JG,1,3,34,N,SPSP,NA,J,72
2005,F,2005-10-04,JG,1,3,138,N,ONLE,NA,NA,0
2005,F,2005-10-04,JG,1,3,140,N,ONLE,F,A,36
2005,F,2005-10-04,JG,1,2,139,N,DIOR,M,A,55
2005,F,2005-10-04,JG,1,2,144,N,CHPE,M,A,14
2005,F,2005-10-04,JG,1,2,72,N,SPSP,M,A,0
2005,F,2005-10-04,JG,1,2,106,N,DIOR,F,A,66
2005,F,2005-10-04,JG,1,1,118,N,DIOR,M,A,53
2005,F,2005-10-04,JG,1,1,119,N,NEMI,NA,J,146
2005,F,2005-10-04,JG,1,1,128,N,ONLE,M,A,34
2005,F,2005-10-04,JG,1,1,124,N,DISP,M,A,158
2005,F,2005-10-04,JG,1,1,17,N,CHPE,F,A,16
2005,F,2005-10-04,JG,1,1,24,N,CHPE,M,A,13
2005,F,2005-10-05,JG,2,1,119,N,CHPE,M,A,13
2005,F,2005-10-05,JG,2,1,137,N,PGFL,F,A,7
2005,F,2005-10-05,JG,2,1,121,N,PGFL,M,A,7
2005,F,2005-10-05,JG,2,2,17,N,CHPE,NA,NA,0
2005,F,2005-10-05,JG,2,2,19,N,DIOR,M,A,51
2005,F,2005-10-05,JG,2,2,22,N,DISP,M,A,128
2005,F,2005-10-05,JG,2,2,89,N,CHPE,F,A,13
2005,F,2005-10-05,JG,2,2,96,N,CHPE,M,A,14
2005,F,2005-10-05,JG,2,3,41,N,DISP,M,A,112
2005,F,2005-10-05,JG,2,3,46,N,ONLE,M,A,34
2005,F,2005-10-05,JG,2,3,60,N,DIOR,F,A,58
2005,F,2005-10-05,JG,2,3,59,N,DIOR,M,A,57
2005,F,2005-10-05,JG,2,3,118,N,CHPE,F,A,14
2005,F,2005-10-06,JG,3,3,39,N,NEMI,NA,J,130
2005,F,2005-10-06,JG,3,3,58,N,CHPE,M,A,14
2005,F,2005-10-06,JG,3,3,57,N,PGFL,M,A,8
2005,F,2005-10-06,JG,3,3,117,N,DIOR,M,A,69
2005,F,2005-10-06,JG,3,3,120,N,DIOR,F,A,58
2005,F,2005-10-06,JG,3,3,132,N,DIOR,M,A,60
2005,F,2005-10-06,JG,3,3,129,N,ONLE,F,A,27
2005,F,2005-10-06,JG,3,2,17,N,CHPE,M,A,13
2005,F,2005-10-06,JG,3,2,19,N,CHPE,F,A,13
2005,F,2005-10-06,JG,3,2,124,N,DIOR,F,A,59
2005,F,2005-10-06,JG,3,2,36,N,DIOR,F,A,41
2005,F,2005-10-06,JG,3,2,62,N,SPSP,NA,J,70
2005,F,2005-10-06,JG,3,2,68,N,DIOR,M,A,56
2005,F,2005-10-06,JG,3,2,83,N,CHPE,M,A,12
2005,F,2005-10-06,JG,3,1,35,N,CHPE,F,A,14
2005,F,2005-10-06,JG,3,1,88,N,CHPE,F,A,12
2005,F,2005-10-06,JG,3,1,93,N,CHPE,F,A,16
2005,F,2005-10-06,JG,3,1,106,N,DIOR,F,A,53
2003,F,2003-10-29,JG,1,3,101,N,DIOR,M,A,61
2003,F,2003-10-29,JG,1,3,120,N,DIOR,F,A,54
2003,F,2003-10-29,JG,1,3,118,N,DIOR,M,A,51
2003,F,2003-10-29,JG,1,3,123,N,DIOR,M,A,0
2003,F,2003-10-29,JG,1,3,139,N,DIOR,F,A,47
2003,F,2003-10-29,JG,1,3,144,N,DIOR,M,A,53
2003,F,2003-10-29,JG,1,2,34,N,DIOR,M,A,54
2003,F,2003-10-29,JG,1,2,32,N,DIOR,F,A,58
2003,F,2003-10-29,JG,1,2,72,N,DIOR,F,A,56
2003,F,2003-10-29,JG,1,2,69,N,DIOR,F,A,59
2003,F,2003-10-29,JG,1,2,66,N,DIOR,M,A,61
2003,F,2003-10-29,JG,1,2,63,N,DIOR,F,A,56
2003,F,2003-10-29,JG,1,2,95,N,DIOR,M,A,59
2003,F,2003-10-29,JG,1,2,84,N,DIOR,M,A,58
2003,F,2003-10-29,JG,1,2,73,N,DIOR,NA,NA,0
2003,F,2003-10-29,JG,1,1,80,N,DIOR,F,A,55
2003,F,2003-10-29,JG,1,1,100,N,DIOR,F,A,68
2003,F,2003-10-29,JG,1,1,102,N,CHPE,M,A,14
2003,F,2003-10-29,JG,1,1,103,N,DIOR,M,A,60
2003,F,2003-10-29,JG,1,1,104,N,DIOR,F,A,44
2003,F,2003-10-29,JG,1,1,106,N,ONLE,NA,NA,32
2003,F,2003-10-29,JG,1,1,108,N,DIOR,M,A,58
2003,F,2003-10-29,JG,1,1,95,N,DIOR,M,A,63
2003,F,2003-10-29,JG,1,1,92,N,DIOR,F,A,45
2003,F,2003-10-29,JG,1,1,127,N,DIOR,M,A,51
2003,F,2003-10-29,JG,1,1,132,N,DIOR,F,A,45
2003,F,2003-10-30,JG,2,2,70,N,DIOR,M,A,55
2003,F,2003-10-30,JG,2,2,74,N,CHPE,M,A,13
2003,F,2003-10-30,JG,2,2,95,N,DIOR,F,A,51
2003,F,2003-10-30,JG,2,2,114,N,ONLE,M,A,40
2003,F,2003-10-30,JG,2,1,131,N,DIOR,M,A,52
2003,F,2003-10-30,JG,2,1,132,N,CHPE,M,A,14
2003,F,2003-10-31,JG,3,2,43,N,DIOR,M,A,55
2003,F,2003-10-30,JG,2,3,71,N,DIOR,M,A,58
2003,F,2003-10-30,JG,2,3,59,N,CHPE,M,A,13
2003,F,2003-10-30,JG,2,3,40,N,DISP,M,A,140
2003,F,2003-10-30,JG,2,3,14,N,CHPE,M,A,14
2003,F,2003-10-30,JG,2,3,16,N,CHPE,M,A,14
2003,F,2003-10-30,JG,2,2,56,N,CHPE,M,A,12
2003,F,2003-10-30,JG,2,2,23,N,DIOR,F,A,43
2003,F,2003-10-30,JG,2,2,18,N,ONLE,F,A,32
2003,F,2003-10-30,JG,2,2,131,N,CHPE,M,A,12
2003,F,2003-10-30,JG,2,2,111,N,SPSP,M,A,100
2003,F,2003-10-30,JG,2,1,27,N,CHPE,M,A,12
2003,F,2003-10-30,JG,2,1,21,N,CHPE,M,A,17
2003,F,2003-10-30,JG,2,1,69,N,DISP,NA,NA,0
2003,F,2003-10-30,JG,2,1,70,N,CHPE,M,A,14
2003,F,2003-10-30,JG,2,1,79,N,CHPE,M,A,13
2003,F,2003-10-30,JG,2,1,108,N,DIOR,M,A,50
2003,F,2003-10-29,JG,1,3,77,N,DIOR,M,A,46
2003,F,2003-10-29,JG,1,3,72,N,DIOR,F,A,50
2003,F,2003-10-29,JG,1,3,58,N,DISP,M,A,129
2003,F,2003-10-29,JG,1,3,56,N,DIOR,M,A,55
2003,F,2003-10-29,JG,1,3,55,N,DISP,M,A,110
2003,F,2003-10-29,JG,1,3,41,N,DISP,M,A,110
2003,F,2003-10-29,JG,1,3,47,N,DIOR,M,A,40
2003,F,2003-10-29,JG,1,3,21,N,DIOR,M,A,48
2003,F,2003-10-29,JG,1,3,12,N,DIOR,M,A,52
2003,F,2003-10-29,JG,1,3,93,N,DIOR,NA,NA,0
2003,F,2003-10-29,JG,1,3,94,N,DIOR,M,A,52
2003,F,2003-10-29,JG,1,3,95,N,DIOR,M,A,53
2003,F,2003-10-29,JG,1,2,48,N,CHPE,F,A,13
2003,F,2003-10-29,JG,1,2,46,N,CHPE,M,A,18
2003,F,2003-10-29,JG,1,2,44,N,DIOR,M,A,60
2003,F,2003-10-29,JG,1,2,23,N,DIOR,M,A,58
2003,F,2003-10-29,JG,1,2,136,N,DIOR,M,A,60
2003,F,2003-10-29,JG,1,2,139,N,DIOR,F,A,62
2003,F,2003-10-29,JG,1,2,142,N,DIOR,M,A,55
2003,F,2003-10-29,JG,1,2,144,N,DIOR,F,A,54
2003,F,2003-10-29,JG,1,2,115,N,DIOR,M,A,52
2003,F,2003-10-29,JG,1,2,120,N,DIOR,F,A,55
2003,F,2003-10-29,JG,1,2,108,N,DISP,F,A,141
2003,F,2003-10-29,JG,1,2,103,N,DIME,M,A,49
2003,F,2003-10-29,JG,1,2,102,N,DISP,M,A,120
2003,F,2003-10-29,JG,1,1,51,N,DIOR,M,A,51
2003,F,2003-10-29,JG,1,1,52,N,DIOR,F,A,61
2003,F,2003-10-29,JG,1,1,55,N,DISP,M,A,145
2003,F,2003-10-29,JG,1,1,56,N,DIOR,F,A,56
2003,F,2003-10-29,JG,1,1,58,N,DIOR,M,A,33
2003,F,2003-10-29,JG,1,1,59,N,DISP,F,A,119
2003,F,2003-10-29,JG,1,1,46,N,DIOR,M,A,35
2003,F,2003-10-29,JG,1,1,28,N,CHPE,M,A,12
2003,F,2003-10-29,JG,1,1,32,N,DIOR,M,A,56
2003,F,2003-10-29,JG,1,1,34,N,DIOR,F,A,55
2003,F,2003-10-29,JG,1,1,24,N,DIOR,F,A,53
2003,F,2003-10-29,JG,1,1,4,N,DISP,M,A,150
2003,F,2003-10-29,JG,1,1,9,N,DIOR,M,A,48
2003,F,2003-10-29,JG,1,1,144,N,DIOR,M,A,50
2003,F,2003-10-29,JG,1,1,135,N,DIOR,F,A,55
2003,F,2003-10-29,JG,1,1,119,N,DIOR,F,A,51
2003,F,2003-10-31,JG,3,3,36,N,CHPE,M,A,14
2003,F,2003-10-31,JG,3,3,12,N,CHPE,M,A,14
2003,F,2003-10-31,JG,3,1,57,N,DISP,M,A,110
2003,F,2003-10-31,JG,3,1,59,N,DIOR,M,A,56
2003,F,2003-10-31,JG,3,1,2,N,DIOR,M,A,51
2003,F,2003-10-31,JG,3,1,10,N,DIOR,M,A,56
2003,F,2003-10-31,JG,3,1,12,N,DIOR,M,A,56
2003,F,2003-10-31,JG,3,2,95,N,DIOR,M,A,52
2003,F,2003-10-31,JG,3,2,92,N,DIOR,M,A,50
1995,S,1995-04-04,JG,1,1,11,N,ONLE,F,A,38
1995,S,1995-04-04,JG,1,1,101,N,DIOR,M,A,61
1995,S,1995-04-04,JG,1,1,120,N,DIOR,F,A,60
1995,S,1995-04-04,JG,1,2,105,N,DIOR,F,A,61
1995,S,1995-04-04,JG,1,2,144,N,NEMI,F,A,268
1995,S,1995-04-04,JG,1,3,33,N,DIOR,F,A,59
1995,S,1995-04-04,JG,1,3,34,N,DIOR,M,A,67
1995,S,1995-04-05,JG,2,1,33,N,DIOR,M,A,63
1995,S,1995-04-05,JG,2,1,59,N,NEMI,F,A,244
1995,S,1995-04-05,JG,2,3,12,N,SPSP,F,A,106
1995,S,1995-04-06,JG,3,1,120,N,SPSP,M,A,129
1995,S,1995-04-06,JG,3,3,120,N,DIOR,F,A,67
1996,S,1996-04-09,JG,1,1,4,N,DIOR,M,A,56
1996,S,1996-04-09,JG,1,1,5,N,DIOR,F,A,55
1996,S,1996-04-09,JG,1,1,11,N,DIOR,F,A,51
1996,S,1996-04-09,JG,1,1,21,N,DIOR,M,A,56
1996,S,1996-04-09,JG,1,1,23,N,DIOR,NA,J,35
1996,S,1996-04-09,JG,1,1,35,N,DIOR,M,A,54
1996,S,1996-04-09,JG,1,1,46,N,DIOR,F,A,44
1996,S,1996-04-09,JG,1,1,56,N,DIOR,M,A,56
1996,S,1996-04-09,JG,1,1,65,N,DIOR,M,A,45
1996,S,1996-04-09,JG,1,1,81,N,DIOR,M,A,51
1996,S,1996-04-09,JG,1,1,82,N,DIOR,NA,J,33
1996,S,1996-04-09,JG,1,1,89,N,DIOR,F,A,44
1996,S,1996-04-09,JG,1,1,105,N,DIOR,F,A,33
1996,S,1996-04-09,JG,1,1,118,N,DIOR,F,A,46
1996,S,1996-04-09,JG,1,1,119,N,DIOR,M,A,56
1996,S,1996-04-09,JG,1,1,120,N,DIOR,M,A,52
1996,S,1996-04-09,JG,1,1,123,N,DIOR,NA,NA,0
1996,S,1996-04-09,JG,1,1,127,N,DIOR,M,A,46
1996,S,1996-04-09,JG,1,1,130,N,DIOR,M,A,48
1996,S,1996-04-09,JG,1,1,131,N,DIOR,M,A,55
1996,S,1996-04-09,JG,1,1,140,N,DIOR,M,A,53
1996,S,1996-04-09,JG,1,2,11,N,DIME,M,A,54
1996,S,1996-04-09,JG,1,2,19,N,DIOR,NA,J,30
1996,S,1996-04-09,JG,1,2,21,N,DIOR,F,A,62
1996,S,1996-04-09,JG,1,2,40,N,DIOR,M,A,50
1996,S,1996-04-09,JG,1,2,44,N,DIOR,F,A,54
1996,S,1996-04-09,JG,1,2,45,N,DIOR,M,A,52
1996,S,1996-04-09,JG,1,2,47,N,DIOR,F,A,58
1996,S,1996-04-09,JG,1,2,48,N,ONLE,F,A,36
1996,S,1996-04-09,JG,1,2,53,N,DIOR,F,A,59
1996,S,1996-04-09,JG,1,2,66,N,DIOR,M,A,51
1996,S,1996-04-09,JG,1,2,68,N,DISP,F,A,105
1996,S,1996-04-09,JG,1,2,96,N,DIOR,M,A,58
1996,S,1996-04-09,JG,1,2,104,N,ONLE,F,A,29
1996,S,1996-04-09,JG,1,2,106,N,SPSP,M,A,118
1996,S,1996-04-09,JG,1,2,107,N,DIOR,F,A,53
1996,S,1996-04-09,JG,1,2,114,N,DIOR,F,A,52
1996,S,1996-04-09,JG,1,2,119,N,DIOR,M,A,58
1996,S,1996-04-09,JG,1,2,120,N,ONLE,M,A,34
1996,S,1996-04-09,JG,1,2,129,N,DIOR,F,A,52
1996,S,1996-04-09,JG,1,2,139,N,DIOR,M,A,56
1996,S,1996-04-09,JG,1,2,144,N,DIOR,M,A,50
1996,S,1996-04-09,JG,1,2,145,N,DIOR,NA,J,32
1996,S,1996-04-09,JG,1,3,11,N,DIOR,M,A,44
1996,S,1996-04-09,JG,1,3,24,N,ONLE,M,A,28
1996,S,1996-04-09,JG,1,3,32,N,ONLE,M,A,36
1996,S,1996-04-09,JG,1,3,34,N,DIOR,M,A,53
1996,S,1996-04-09,JG,1,3,43,N,DIOR,M,A,53
1996,S,1996-04-09,JG,1,3,59,N,SPSP,M,A,101
1996,S,1996-04-09,JG,1,3,71,N,DIOR,M,A,0
1996,S,1996-04-09,JG,1,3,77,N,DIOR,M,A,44
1996,S,1996-04-09,JG,1,3,83,N,DIOR,F,A,57
1996,S,1996-04-09,JG,1,3,84,N,SPSP,M,A,128
1996,S,1996-04-09,JG,1,3,87,N,DIOR,NA,J,39
1996,S,1996-04-09,JG,1,3,92,N,SPSP,F,A,98
1996,S,1996-04-09,JG,1,3,93,N,SPSP,M,A,106
1996,S,1996-04-09,JG,1,3,107,N,DIOR,F,A,46
1996,S,1996-04-09,JG,1,3,113,N,DIOR,M,A,42
1996,S,1996-04-09,JG,1,3,141,N,DIOR,F,A,67
1996,S,1996-04-09,JG,1,3,144,N,DIOR,M,A,54
1996,S,1996-04-09,JG,1,3,145,N,DIOR,NA,J,35
1996,S,1996-04-10,JG,2,1,11,N,PGFL,F,A,10
1996,S,1996-04-10,JG,2,1,12,N,DIOR,M,A,38
1996,S,1996-04-10,JG,2,1,24,N,DIOR,F,A,51
1996,S,1996-04-10,JG,2,1,32,N,DIOR,F,A,36
1996,S,1996-04-10,JG,2,1,33,N,SPSP,M,A,118
1996,S,1996-04-10,JG,2,1,46,N,DIOR,F,A,47
1996,S,1996-04-10,JG,2,1,58,N,DIOR,F,A,54
1996,S,1996-04-10,JG,2,1,65,N,PGFL,NA,NA,0
1996,S,1996-04-10,JG,2,1,82,N,NEMI,F,A,185
1996,S,1996-04-10,JG,2,1,85,N,PGFL,M,A,10
1996,S,1996-04-10,JG,2,1,102,N,SPSP,F,A,89
1996,S,1996-04-10,JG,2,1,118,N,ONLE,M,A,41
1996,S,1996-04-10,JG,2,1,131,N,SPSP,F,A,82
1996,S,1996-04-10,JG,2,1,132,N,ONLE,F,A,33
1996,S,1996-04-10,JG,2,1,138,N,PGFL,M,A,14
1996,S,1996-04-10,JG,2,2,6,N,PGFL,F,A,7
1996,S,1996-04-10,JG,2,2,11,N,DIOR,F,A,44
1996,S,1996-04-10,JG,2,2,35,N,DIOR,NA,J,24
1996,S,1996-04-10,JG,2,2,40,N,DIOR,M,A,55
1996,S,1996-04-10,JG,2,2,46,N,PGFL,F,A,9
1996,S,1996-04-10,JG,2,2,58,N,DIOR,F,A,41
1996,S,1996-04-10,JG,2,2,85,N,PGFL,F,A,10
1996,S,1996-04-10,JG,2,2,93,N,DIOR,NA,J,23
1996,S,1996-04-10,JG,2,2,94,N,DIOR,M,A,42
1996,S,1996-04-10,JG,2,2,107,N,NEMI,F,A,190
1996,S,1996-04-10,JG,2,2,108,N,ONLE,M,A,0
1996,S,1996-04-10,JG,2,2,109,N,DIOR,F,A,52
1996,S,1996-04-10,JG,2,3,24,N,SPSP,M,A,104
1996,S,1996-04-10,JG,2,3,32,N,DIOR,M,A,58
1996,S,1996-04-10,JG,2,3,34,N,DIOR,F,A,44
1996,S,1996-04-10,JG,2,3,60,N,SPSP,NA,J,71
1996,S,1996-04-10,JG,2,3,132,N,DIOR,M,A,52
1996,S,1996-04-10,JG,2,3,144,N,DIOR,F,A,26
1996,S,1996-04-11,JG,3,1,11,N,ONLE,NA,NA,0
1996,S,1996-04-11,JG,3,1,46,N,DIOR,M,A,60
1996,S,1996-04-11,JG,3,1,65,N,DIOR,NA,J,26
1996,S,1996-04-11,JG,3,1,69,N,DIOR,M,A,51
1996,S,1996-04-11,JG,3,1,92,N,DIOR,F,A,51
1996,S,1996-04-11,JG,3,1,102,N,SPSP,M,A,105
1996,S,1996-04-11,JG,3,1,106,N,ONLE,M,A,39
1996,S,1996-04-11,JG,3,1,108,N,DIOR,NA,J,38
1996,S,1996-04-11,JG,3,1,122,N,DIOR,F,A,54
1996,S,1996-04-11,JG,3,1,140,N,DIOR,M,A,48
1996,S,1996-04-11,JG,3,1,143,N,SPSP,M,A,118
1996,S,1996-04-11,JG,3,2,12,N,DIOR,F,A,61
1996,S,1996-04-11,JG,3,2,22,N,PGFL,M,A,10
1996,S,1996-04-11,JG,3,2,33,N,DIOR,NA,J,24
1996,S,1996-04-11,JG,3,2,41,N,DIOR,NA,J,25
1996,S,1996-04-11,JG,3,2,82,N,SPSP,M,A,85
1996,S,1996-04-11,JG,3,2,95,N,DIOR,F,A,52
1996,S,1996-04-11,JG,3,2,106,N,DIOR,NA,J,25
1996,S,1996-04-11,JG,3,2,108,N,DIOR,NA,J,27
1996,S,1996-04-11,JG,3,2,115,N,DIOR,M,A,58
1996,S,1996-04-11,JG,3,2,119,N,DIOR,F,A,52
1996,S,1996-04-11,JG,3,2,144,N,DIOR,F,A,39
1996,S,1996-04-11,JG,3,3,12,N,SPSP,NA,J,74
1996,S,1996-04-11,JG,3,3,31,N,NEMI,F,A,155
1996,S,1996-04-11,JG,3,3,46,N,PGFL,M,A,8
1996,S,1996-04-11,JG,3,3,47,N,SPSP,M,A,89
1996,S,1996-04-11,JG,3,3,71,N,DIOR,F,A,52
1996,S,1996-04-11,JG,3,3,72,N,SPSP,M,A,98
1996,S,1996-04-11,JG,3,3,78,N,SPSP,M,A,128
1996,S,1996-04-11,JG,3,3,87,N,PGFL,M,A,7
1996,S,1996-04-11,JG,3,3,105,N,PGFL,M,A,10
1996,S,1996-04-11,JG,3,3,107,N,SPSP,NA,J,89
1996,S,1996-04-11,JG,3,3,120,N,DIOR,M,A,51
1997,S,1997-04-08,JG,1,1,0,N,DIOR,F,A,58
1997,S,1997-04-08,JG,1,1,4,N,DIOR,F,A,57
1997,S,1997-04-08,JG,1,1,6,N,DIOR,NA,J,33
1997,S,1997-04-08,JG,1,1,10,N,DIOR,M,A,51
1997,S,1997-04-08,JG,1,1,11,N,DIOR,M,A,46
1997,S,1997-04-08,JG,1,1,12,N,SPSP,M,A,88
1997,S,1997-04-08,JG,1,1,16,N,DIOR,M,A,50
1997,S,1997-04-08,JG,1,1,18,N,DIOR,F,A,51
1997,S,1997-04-08,JG,1,1,19,N,SPSP,F,A,88
1997,S,1997-04-08,JG,1,1,23,N,DIOR,M,A,0
1997,S,1997-04-08,JG,1,1,24,N,DIOR,M,A,60
1997,S,1997-04-08,JG,1,1,28,N,DIOR,NA,J,36
1997,S,1997-04-08,JG,1,1,29,N,DIOR,NA,J,32
1997,S,1997-04-08,JG,1,1,30,N,DIOR,F,A,46
1997,S,1997-04-08,JG,1,1,32,N,DIOR,NA,J,31
1997,S,1997-04-08,JG,1,1,33,N,ONLE,M,A,33
1997,S,1997-04-08,JG,1,1,34,N,DIOR,M,A,46
1997,S,1997-04-08,JG,1,1,44,N,DIOR,F,A,48
1997,S,1997-04-08,JG,1,1,53,N,DIOR,F,A,46
1997,S,1997-04-08,JG,1,1,56,N,ONLE,F,A,49
1997,S,1997-04-08,JG,1,1,64,N,DIOR,M,A,58
1997,S,1997-04-08,JG,1,1,67,N,DIOR,M,A,48
1997,S,1997-04-08,JG,1,1,68,N,SPSP,F,A,98
1997,S,1997-04-08,JG,1,1,69,N,DIOR,M,A,54
1997,S,1997-04-08,JG,1,1,71,N,DIOR,F,A,52
1997,S,1997-04-08,JG,1,1,77,N,ONLE,M,A,38
1997,S,1997-04-08,JG,1,1,79,N,DIOR,F,A,52
1997,S,1997-04-08,JG,1,1,80,N,DIOR,M,A,55
1997,S,1997-04-08,JG,1,1,81,N,DISP,NA,J,92
1997,S,1997-04-08,JG,1,1,84,N,DIOR,M,A,52
1997,S,1997-04-08,JG,1,1,90,N,ONLE,F,A,39
1997,S,1997-04-08,JG,1,1,92,N,DIOR,M,A,44
1997,S,1997-04-08,JG,1,1,94,N,DISP,M,A,155
1997,S,1997-04-08,JG,1,1,97,N,SPSP,M,A,90
1997,S,1997-04-08,JG,1,1,102,N,DIOR,M,A,59
1997,S,1997-04-08,JG,1,1,105,N,DIOR,F,A,0
1997,S,1997-04-08,JG,1,1,107,N,DIOR,M,A,57
1997,S,1997-04-08,JG,1,1,117,N,DIOR,M,A,52
1997,S,1997-04-08,JG,1,1,119,N,DIOR,F,A,48
1997,S,1997-04-08,JG,1,1,120,N,DIOR,F,A,46
1997,S,1997-04-08,JG,1,1,126,N,DIOR,F,A,0
1997,S,1997-04-08,JG,1,1,128,N,DIOR,F,A,54
1997,S,1997-04-08,JG,1,1,131,N,DIOR,F,A,48
1997,S,1997-04-08,JG,1,1,132,N,DISP,M,A,170
1997,S,1997-04-08,JG,1,1,133,N,DIOR,F,A,50
1997,S,1997-04-08,JG,1,1,138,N,DIOR,M,A,40
1997,S,1997-04-08,JG,1,1,139,N,DIOR,M,A,50
1997,S,1997-04-08,JG,1,1,140,N,SPSP,F,A,83
1997,S,1997-04-08,JG,1,1,141,N,DIOR,M,A,51
1997,S,1997-04-08,JG,1,1,0,N,DIOR,M,A,48
1997,S,1997-04-08,JG,1,3,10,N,DIOR,F,A,38
1997,S,1997-04-08,JG,1,3,11,N,ONLE,F,A,38
1997,S,1997-04-08,JG,1,3,13,N,DIOR,M,A,46
1997,S,1997-04-08,JG,1,3,20,N,DIOR,F,A,38
1997,S,1997-04-08,JG,1,3,21,N,DIOR,M,A,0
1997,S,1997-04-08,JG,1,3,22,N,DISP,M,A,148
1997,S,1997-04-08,JG,1,3,32,N,DIOR,M,A,56
1997,S,1997-04-08,JG,1,3,33,N,DIOR,F,A,42
1997,S,1997-04-08,JG,1,3,34,N,DIOR,M,A,53
1997,S,1997-04-08,JG,1,3,40,N,PGFL,F,A,8
1997,S,1997-04-08,JG,1,3,44,N,DIOR,M,A,48
1997,S,1997-04-08,JG,1,3,46,N,DIOR,M,A,47
1997,S,1997-04-08,JG,1,3,47,N,DIOR,M,A,51
1997,S,1997-04-08,JG,1,3,48,N,DIOR,M,A,55
1997,S,1997-04-08,JG,1,3,53,N,DIOR,M,A,52
1997,S,1997-04-08,JG,1,3,58,N,DIOR,M,A,55
1997,S,1997-04-08,JG,1,3,59,N,DIOR,M,A,56
1997,S,1997-04-08,JG,1,3,65,N,DIOR,NA,J,36
1997,S,1997-04-08,JG,1,3,66,N,DIOR,F,A,52
1997,S,1997-04-08,JG,1,3,69,N,DIOR,NA,J,36
1997,S,1997-04-08,JG,1,3,70,N,DISP,NA,J,48
1997,S,1997-04-08,JG,1,3,71,N,DIOR,F,A,57
1997,S,1997-04-08,JG,1,3,78,N,DIOR,F,A,36
1997,S,1997-04-08,JG,1,3,83,N,DIOR,M,A,52
1997,S,1997-04-08,JG,1,3,84,N,DISP,M,A,142
1997,S,1997-04-08,JG,1,3,94,N,DIOR,F,A,60
1997,S,1997-04-08,JG,1,3,95,N,DIOR,M,A,46
1997,S,1997-04-08,JG,1,3,102,N,DIOR,M,A,53
1997,S,1997-04-08,JG,1,3,106,N,NEMI,M,A,0
1997,S,1997-04-08,JG,1,3,107,N,DIOR,F,A,55
1997,S,1997-04-08,JG,1,3,114,N,DIOR,F,A,58
1997,S,1997-04-08,JG,1,3,120,N,DIOR,M,A,52
1997,S,1997-04-08,JG,1,3,126,N,DISP,F,A,155
1997,S,1997-04-08,JG,1,3,128,N,DISP,NA,J,94
1997,S,1997-04-08,JG,1,3,131,N,PGFL,F,A,9
1997,S,1997-04-08,JG,1,3,132,N,DIOR,M,A,57
1997,S,1997-04-08,JG,1,3,140,N,DIOR,F,A,49
1997,S,1997-04-08,JG,1,3,142,N,DIOR,F,A,53
1997,S,1997-04-08,JG,1,3,144,N,DIOR,M,A,51
1997,S,1997-04-09,JG,2,1,26,N,DIOR,F,A,48
1997,S,1997-04-09,JG,2,1,33,N,ONLE,NA,J,28
1997,S,1997-04-09,JG,2,1,96,N,DIOR,M,A,59
1997,S,1997-04-09,JG,2,1,49,N,PGFL,M,A,9
1997,S,1997-04-09,JG,2,1,55,N,DISP,NA,J,94
1997,S,1997-04-09,JG,2,1,56,N,DIOR,M,A,0
1997,S,1997-04-09,JG,2,1,57,N,SPSP,M,A,110
1997,S,1997-04-09,JG,2,1,58,N,DIOR,M,A,44
1997,S,1997-04-09,JG,2,1,65,N,DIOR,F,A,34
1997,S,1997-04-09,JG,2,1,68,N,DIOR,M,A,35
1997,S,1997-04-09,JG,2,1,73,N,PGFL,M,A,9
1997,S,1997-04-09,JG,2,1,77,N,ONLE,M,A,34
1997,S,1997-04-09,JG,2,1,78,N,DIOR,M,A,40
1997,S,1997-04-09,JG,2,1,90,N,PGFL,F,A,8
1997,S,1997-04-09,JG,2,1,107,N,DIOR,M,A,53
1997,S,1997-04-09,JG,2,1,120,N,DIOR,NA,J,21
1997,S,1997-04-09,JG,2,1,133,N,PGFL,M,A,8
1997,S,1997-04-09,JG,2,1,135,N,DISP,NA,J,90
1997,S,1997-04-09,JG,2,1,139,N,DIOR,F,A,48
1997,S,1997-04-09,JG,2,1,142,N,DIOR,M,A,48
1997,S,1997-04-09,JG,2,1,143,N,DIOR,F,A,38
1997,S,1997-04-08,JG,1,2,6,N,DIOR,F,A,46
1997,S,1997-04-08,JG,1,2,9,N,DIOR,NA,NA,0
1997,S,1997-04-08,JG,1,2,10,N,DIOR,M,A,61
1997,S,1997-04-08,JG,1,2,15,N,DIOR,M,A,62
1997,S,1997-04-08,JG,1,2,16,N,DIOR,F,A,39
1997,S,1997-04-08,JG,1,2,17,N,DIOR,F,A,46
1997,S,1997-04-08,JG,1,2,19,N,NEMI,F,A,139
1997,S,1997-04-08,JG,1,2,21,N,DIOR,M,A,49
1997,S,1997-04-08,JG,1,2,24,N,DIOR,M,A,60
1997,S,1997-04-08,JG,1,2,30,N,DIOR,M,A,53
1997,S,1997-04-08,JG,1,2,31,N,DIOR,F,A,46
1997,S,1997-04-08,JG,1,2,34,N,DIOR,F,A,44
1997,S,1997-04-08,JG,1,2,36,N,DIOR,M,A,56
1997,S,1997-04-08,JG,1,2,40,N,SPSP,M,A,112
1997,S,1997-04-08,JG,1,2,41,N,DIOR,F,A,42
1997,S,1997-04-08,JG,1,2,42,N,DIOR,F,A,58
1997,S,1997-04-08,JG,1,2,44,N,DIOR,M,A,53
1997,S,1997-04-08,JG,1,2,46,N,DIOR,F,A,42
1997,S,1997-04-08,JG,1,2,47,N,SPSP,F,A,92
1997,S,1997-04-08,JG,1,2,48,N,DIOR,F,A,41
1997,S,1997-04-08,JG,1,2,53,N,SPSP,M,A,95
1997,S,1997-04-08,JG,1,2,54,N,DIOR,M,A,51
1997,S,1997-04-08,JG,1,2,55,N,DISP,M,A,178
1997,S,1997-04-08,JG,1,2,57,N,DIOR,F,A,50
1997,S,1997-04-08,JG,1,2,58,N,DIOR,M,A,49
1997,S,1997-04-08,JG,1,2,59,N,DIOR,M,A,43
1997,S,1997-04-08,JG,1,2,60,N,DIOR,F,A,47
1997,S,1997-04-08,JG,1,2,64,N,DIOR,M,A,49
1997,S,1997-04-08,JG,1,2,67,N,DIOR,F,A,55
1997,S,1997-04-08,JG,1,2,69,N,SPSP,F,A,124
1997,S,1997-04-08,JG,1,2,71,N,DIOR,M,A,51
1997,S,1997-04-08,JG,1,2,72,N,DIOR,F,A,48
1997,S,1997-04-08,JG,1,2,77,N,ONLE,F,A,34
1997,S,1997-04-08,JG,1,2,78,N,DIOR,F,A,56
1997,S,1997-04-08,JG,1,2,82,N,DIOR,M,A,54
1997,S,1997-04-08,JG,1,2,84,N,DIOR,F,A,39
1997,S,1997-04-08,JG,1,2,86,N,DIOR,F,A,43
1997,S,1997-04-08,JG,1,2,89,N,DIOR,F,A,56
1997,S,1997-04-08,JG,1,2,90,N,DIOR,M,A,46
1997,S,1997-04-08,JG,1,2,92,N,PGFL,F,A,7
1997,S,1997-04-08,JG,1,2,93,N,DIOR,F,A,39
1997,S,1997-04-08,JG,1,2,96,N,DIOR,F,A,57
1997,S,1997-04-08,JG,1,2,101,N,DIOR,F,A,49
1997,S,1997-04-08,JG,1,2,102,N,DIOR,M,A,48
1997,S,1997-04-08,JG,1,2,103,N,DIOR,M,A,59
1997,S,1997-04-08,JG,1,2,104,N,DISP,F,A,122
1997,S,1997-04-08,JG,1,2,105,N,DIOR,M,A,54
1997,S,1997-04-08,JG,1,2,106,N,DIOR,F,A,33
1997,S,1997-04-08,JG,1,2,107,N,DIOR,F,A,59
1997,S,1997-04-08,JG,1,2,108,N,DIOR,M,A,58
1997,S,1997-04-08,JG,1,2,112,N,DIOR,M,A,54
1997,S,1997-04-08,JG,1,2,115,N,DIOR,M,A,52
1997,S,1997-04-08,JG,1,2,117,N,DIOR,M,A,54
1997,S,1997-04-08,JG,1,2,119,N,DIOR,M,A,51
1997,S,1997-04-08,JG,1,2,120,N,DISP,NA,NA,0
1997,S,1997-04-08,JG,1,2,129,N,DIOR,M,A,49
1997,S,1997-04-08,JG,1,2,130,N,DIOR,F,A,49
1997,S,1997-04-08,JG,1,2,132,N,DIOR,F,A,40
1997,S,1997-04-08,JG,1,2,139,N,DIOR,F,A,57
1997,S,1997-04-08,JG,1,2,143,N,DIOR,F,A,40
1997,S,1997-04-08,JG,1,2,144,N,DIOR,F,A,59
1997,S,1997-04-09,JG,2,2,6,N,SPSP,F,A,105
1997,S,1997-04-09,JG,2,2,9,N,SPSP,M,A,98
1997,S,1997-04-09,JG,2,2,10,N,DIOR,F,A,52
1997,S,1997-04-09,JG,2,2,11,N,SPSP,F,A,82
1997,S,1997-04-09,JG,2,2,13,N,PGFL,F,A,9
1997,S,1997-04-09,JG,2,2,19,N,SPSP,F,A,115
1997,S,1997-04-09,JG,2,2,21,N,DIOR,F,A,51
1997,S,1997-04-09,JG,2,2,23,N,DIOR,NA,J,27
1997,S,1997-04-09,JG,2,2,30,N,DIOR,F,A,55
1997,S,1997-04-09,JG,2,2,31,N,DIOR,F,A,0
1997,S,1997-04-09,JG,2,2,33,N,DIOR,M,A,52
1997,S,1997-04-09,JG,2,2,36,N,DIOR,F,A,58
1997,S,1997-04-09,JG,2,2,37,N,PGFL,F,A,7
1997,S,1997-04-09,JG,2,2,47,N,SPSP,M,A,96
1997,S,1997-04-09,JG,2,2,52,N,DIOR,M,A,40
1997,S,1997-04-09,JG,2,2,53,N,SPSP,M,A,99
1997,S,1997-04-09,JG,2,2,55,N,DIOR,M,A,48
1997,S,1997-04-09,JG,2,2,60,N,DIOR,M,A,50
1997,S,1997-04-09,JG,2,2,68,N,SPSP,M,A,95
1997,S,1997-04-09,JG,2,2,94,N,SPSP,M,A,98
1997,S,1997-04-09,JG,2,2,112,N,DIOR,M,A,0
1997,S,1997-04-09,JG,2,3,9,N,DIOR,M,A,47
1997,S,1997-04-09,JG,2,3,12,N,SPSP,F,A,94
1997,S,1997-04-09,JG,2,3,22,N,ONLE,NA,J,31
1997,S,1997-04-09,JG,2,3,24,N,DIOR,F,A,57
1997,S,1997-04-09,JG,2,3,55,N,PGFL,M,A,9
1997,S,1997-04-09,JG,2,3,66,N,DIOR,F,A,52
1997,S,1997-04-09,JG,2,3,67,N,SPSP,F,A,83
1997,S,1997-04-09,JG,2,3,83,N,SPSP,F,A,105
1997,S,1997-04-09,JG,2,3,93,N,NEMI,NA,A,0
1997,S,1997-04-09,JG,2,3,95,N,DIOR,M,A,0
1997,S,1997-04-09,JG,2,3,102,N,SPSP,M,A,88
1997,S,1997-04-09,JG,2,3,108,N,DIOR,M,A,51
1997,S,1997-04-09,JG,2,3,113,N,DIOR,F,A,52
1997,S,1997-04-09,JG,2,3,120,N,SPSP,M,A,91
1997,S,1997-04-09,JG,2,3,128,N,DISP,NA,J,92
1997,S,1997-04-10,JG,3,1,11,N,DIOR,M,A,53
1997,S,1997-04-10,JG,3,1,14,N,DIOR,M,A,62
1997,S,1997-04-10,JG,3,1,23,N,DIOR,M,A,52
1997,S,1997-04-10,JG,3,1,33,N,SPSP,M,A,90
1997,S,1997-04-10,JG,3,1,34,N,SPSP,F,A,98
1997,S,1997-04-10,JG,3,1,46,N,DISP,NA,J,104
1997,S,1997-04-10,JG,3,1,55,N,DISP,F,A,130
1997,S,1997-04-10,JG,3,1,67,N,NEMI,F,A,290
1997,S,1997-04-10,JG,3,1,78,N,DIOR,M,A,48
1997,S,1997-04-10,JG,3,1,120,N,DIOR,M,A,40
1997,S,1997-04-10,JG,3,1,128,N,PGFL,F,A,7
1997,S,1997-04-10,JG,3,1,131,N,PGFL,F,A,8
1997,S,1997-04-10,JG,3,1,140,N,SPSP,F,A,106
1997,S,1997-04-10,JG,3,1,141,N,PGFL,M,A,6
1997,S,1997-04-10,JG,3,2,1,N,SPSP,M,A,90
1997,S,1997-04-10,JG,3,2,48,N,DIOR,M,A,57
1997,S,1997-04-10,JG,3,2,58,N,DIOR,F,A,35
1997,S,1997-04-10,JG,3,2,60,N,SPSP,F,A,91
1997,S,1997-04-10,JG,3,2,63,N,DIOR,M,A,52
1997,S,1997-04-10,JG,3,2,69,N,PGFL,M,A,8
1997,S,1997-04-10,JG,3,2,106,N,DIOR,F,A,45
1997,S,1997-04-10,JG,3,2,108,N,SPSP,F,A,0
1997,S,1997-04-10,JG,3,2,113,N,DIOR,F,A,45
1997,S,1997-04-10,JG,3,2,120,N,SPSP,F,A,105
1997,S,1997-04-10,JG,3,2,128,N,DIOR,F,A,48
1997,S,1997-04-10,JG,3,2,139,N,DIOR,F,A,37
1997,S,1997-04-10,JG,3,3,23,N,NEMI,F,A,135
1997,S,1997-04-10,JG,3,3,24,N,DIOR,M,A,53
1997,S,1997-04-10,JG,3,3,48,N,SPSP,M,A,115
1997,S,1997-04-10,JG,3,3,90,N,DIOR,M,A,48
1997,S,1997-04-09,JG,2,1,94,N,ONLE,F,A,42
1997,S,1997-04-10,JG,3,3,105,N,PGFL,M,A,8
1997,S,1997-04-10,JG,3,3,108,N,SPSP,F,A,96
1997,S,1997-04-10,JG,3,3,120,N,DISP,NA,J,96
1997,S,1997-04-10,JG,3,3,128,N,DISP,F,A,135
1997,S,1997-04-10,JG,3,3,129,N,DISP,NA,J,138
1997,S,1997-04-10,JG,3,3,138,N,PGFL,M,A,10
1998,S,1998-04-22,JG,1,1,1,N,DIOR,NA,NA,0
1998,S,1998-04-22,JG,1,1,3,N,DIOR,M,A,51
1998,S,1998-04-22,JG,1,1,5,N,ONAR,M,A,37
1998,S,1998-04-22,JG,1,1,7,N,DIOR,M,A,47
1998,S,1998-04-22,JG,1,1,10,N,SPSP,M,A,98
1998,S,1998-04-22,JG,1,1,11,N,SPSP,M,A,83
1998,S,1998-04-22,JG,1,1,12,N,DIOR,F,A,46
1998,S,1998-04-22,JG,1,1,18,N,DIOR,F,A,52
1998,S,1998-04-22,JG,1,1,22,N,DIOR,NA,J,38
1998,S,1998-04-22,JG,1,1,23,N,DIOR,M,A,48
1998,S,1998-04-22,JG,1,1,24,N,SPSP,M,A,100
1998,S,1998-04-22,JG,1,1,26,N,DIOR,F,A,49
1998,S,1998-04-22,JG,1,1,32,N,DIOR,F,A,58
1998,S,1998-04-22,JG,1,1,33,N,DISP,F,A,147
1998,S,1998-04-22,JG,1,1,34,N,DIOR,M,A,50
1998,S,1998-04-22,JG,1,1,42,N,DIOR,F,A,51
1998,S,1998-04-22,JG,1,1,43,N,DIOR,M,A,54
1998,S,1998-04-22,JG,1,1,54,N,DISP,F,A,138
1998,S,1998-04-22,JG,1,1,55,N,DISP,F,A,128
1998,S,1998-04-22,JG,1,1,56,N,DIOR,M,A,51
1998,S,1998-04-22,JG,1,1,57,N,DIOR,M,A,56
1998,S,1998-04-22,JG,1,1,63,N,DIOR,NA,NA,0
1998,S,1998-04-22,JG,1,1,64,N,DIOR,M,A,58
1998,S,1998-04-22,JG,1,1,67,N,DIOR,F,A,47
1998,S,1998-04-22,JG,1,1,68,N,SPSP,M,A,105
1998,S,1998-04-22,JG,1,1,71,N,DIOR,M,A,0
1998,S,1998-04-22,JG,1,1,72,N,DIOR,M,A,59
1998,S,1998-04-22,JG,1,1,77,N,DIOR,F,A,53
1998,S,1998-04-22,JG,1,1,78,N,ONLE,F,A,54
1998,S,1998-04-22,JG,1,1,79,N,DIOR,F,A,148
1998,S,1998-04-22,JG,1,1,81,N,DIOR,M,A,52
1998,S,1998-04-22,JG,1,1,82,N,DIOR,F,A,55
1998,S,1998-04-22,JG,1,1,88,N,DIOR,F,A,51
1998,S,1998-04-22,JG,1,1,91,N,DIOR,M,A,54
1998,S,1998-04-22,JG,1,1,92,N,DIOR,M,A,53
1998,S,1998-04-22,JG,1,1,95,N,SPSP,F,A,51
1998,S,1998-04-22,JG,1,1,96,N,DIOR,M,A,50
1998,S,1998-04-22,JG,1,1,101,N,DIOR,F,A,37
1998,S,1998-04-22,JG,1,1,104,N,DIOR,F,A,51
1998,S,1998-04-22,JG,1,1,106,N,SPSP,NA,J,84
1998,S,1998-04-22,JG,1,1,107,N,DIOR,M,A,51
1998,S,1998-04-22,JG,1,1,114,N,DIOR,M,A,50
1998,S,1998-04-22,JG,1,1,117,N,DIOR,M,A,54
1998,S,1998-04-22,JG,1,1,118,N,DIOR,F,A,0
1998,S,1998-04-22,JG,1,1,119,N,DIOR,M,A,57
1998,S,1998-04-22,JG,1,1,124,N,DIOR,M,A,54
1998,S,1998-04-22,JG,1,1,127,N,ONLE,M,A,36
1998,S,1998-04-22,JG,1,1,128,N,DIOR,F,A,46
1998,S,1998-04-22,JG,1,1,129,N,DIOR,F,A,47
1998,S,1998-04-22,JG,1,1,130,N,DIOR,NA,NA,0
1998,S,1998-04-22,JG,1,1,131,N,SPSP,M,A,89
1998,S,1998-04-22,JG,1,1,132,N,DIOR,F,A,55
1998,S,1998-04-22,JG,1,1,140,N,DIOR,M,A,54
1998,S,1998-04-22,JG,1,1,142,N,DIOR,F,A,44
1998,S,1998-04-22,JG,1,1,143,N,DISP,F,A,128
1998,S,1998-04-23,JG,2,1,10,N,DIOR,NA,J,30
1998,S,1998-04-23,JG,2,1,12,N,DIOR,NA,J,41
1998,S,1998-04-23,JG,2,1,16,N,DIOR,F,A,46
1998,S,1998-04-23,JG,2,1,20,N,DIOR,F,A,49
1998,S,1998-04-23,JG,2,1,30,N,DIOR,M,A,53
1998,S,1998-04-23,JG,2,1,31,N,DIOR,F,A,0
1998,S,1998-04-23,JG,2,1,33,N,SPSP,M,A,108
1998,S,1998-04-23,JG,2,1,42,N,DIOR,M,A,53
1998,S,1998-04-23,JG,2,1,43,N,NEMI,NA,J,102
1998,S,1998-04-23,JG,2,1,65,N,DIOR,M,A,50
1998,S,1998-04-23,JG,2,1,81,N,DISP,M,A,145
1998,S,1998-04-23,JG,2,1,113,N,NEAL,F,A,135
1998,S,1998-04-22,JG,1,2,4,N,DIOR,F,A,47
1998,S,1998-04-22,JG,1,2,7,N,DIOR,M,A,48
1998,S,1998-04-22,JG,1,2,8,N,DIOR,M,A,45
1998,S,1998-04-22,JG,1,2,9,N,DISP,M,A,156
1998,S,1998-04-22,JG,1,2,10,N,DIOR,NA,NA,0
1998,S,1998-04-22,JG,1,2,11,N,DIOR,F,A,50
1998,S,1998-04-22,JG,1,2,12,N,DIOR,M,A,53
1998,S,1998-04-22,JG,1,2,16,N,NEMI,F,A,268
1998,S,1998-04-22,JG,1,2,20,N,DIOR,F,A,51
1998,S,1998-04-22,JG,1,2,21,N,DIOR,M,A,47
1998,S,1998-04-22,JG,1,2,22,N,DIOR,NA,NA,0
1998,S,1998-04-22,JG,1,2,23,N,DIOR,NA,NA,0
1998,S,1998-04-22,JG,1,2,33,N,SPSP,M,A,102
1998,S,1998-04-22,JG,1,2,35,N,DIOR,M,A,51
1998,S,1998-04-22,JG,1,2,36,N,ONLE,F,A,38
1998,S,1998-04-22,JG,1,2,38,N,DIOR,M,A,54
1998,S,1998-04-22,JG,1,2,40,N,DIOR,M,A,45
1998,S,1998-04-22,JG,1,2,41,N,DISP,F,A,152
1998,S,1998-04-22,JG,1,2,43,N,DIOR,M,A,56
1998,S,1998-04-22,JG,1,2,45,N,DIOR,F,A,54
1998,S,1998-04-22,JG,1,2,46,N,DIOR,F,A,54
1998,S,1998-04-22,JG,1,2,47,N,DIOR,M,A,51
1998,S,1998-04-22,JG,1,2,48,N,SPSP,M,A,84
1998,S,1998-04-22,JG,1,2,55,N,DIOR,NA,J,41
1998,S,1998-04-22,JG,1,2,57,N,DIOR,M,A,49
1998,S,1998-04-22,JG,1,2,58,N,SPSP,M,A,98
1998,S,1998-04-22,JG,1,2,60,N,SPSP,M,A,100
1998,S,1998-04-22,JG,1,2,63,N,DIOR,F,A,48
1998,S,1998-04-22,JG,1,2,69,N,DIOR,M,A,48
1998,S,1998-04-22,JG,1,2,72,N,DIOR,F,A,51
1998,S,1998-04-22,JG,1,2,79,N,DIOR,NA,J,39
1998,S,1998-04-22,JG,1,2,80,N,DIOR,M,A,49
1998,S,1998-04-22,JG,1,2,83,N,DIOR,M,A,58
1998,S,1998-04-22,JG,1,2,84,N,DIOR,NA,J,34
1998,S,1998-04-22,JG,1,2,88,N,DIOR,F,A,50
1998,S,1998-04-22,JG,1,2,89,N,DIOR,NA,J,26
1998,S,1998-04-22,JG,1,2,91,N,DIOR,F,A,48
1998,S,1998-04-22,JG,1,2,93,N,DIOR,M,A,53
1998,S,1998-04-22,JG,1,2,94,N,DIOR,F,A,49
1998,S,1998-04-22,JG,1,2,97,N,DIOR,M,A,60
1998,S,1998-04-22,JG,1,2,98,N,DIOR,M,A,46
1998,S,1998-04-22,JG,1,2,99,N,ONLE,F,A,40
1998,S,1998-04-22,JG,1,2,102,N,DIOR,F,A,53
1998,S,1998-04-22,JG,1,2,103,N,DIOR,M,A,0
1998,S,1998-04-22,JG,1,2,104,N,SPSP,M,A,84
1998,S,1998-04-22,JG,1,2,105,N,NEAL,F,A,0
1998,S,1998-04-22,JG,1,2,106,N,DISP,F,A,118
1998,S,1998-04-22,JG,1,2,107,N,DIOR,M,A,58
1998,S,1998-04-22,JG,1,2,108,N,DISP,NA,J,49
1998,S,1998-04-22,JG,1,2,112,N,DIOR,M,A,49
1998,S,1998-04-22,JG,1,2,116,N,DIOR,F,A,0
1998,S,1998-04-22,JG,1,2,117,N,DIOR,M,A,59
1998,S,1998-04-22,JG,1,2,119,N,DIOR,M,A,52
1998,S,1998-04-22,JG,1,2,120,N,DISP,M,A,155
1998,S,1998-04-22,JG,1,2,124,N,DIOR,NA,J,40
1998,S,1998-04-22,JG,1,2,128,N,DIOR,F,A,49
1998,S,1998-04-22,JG,1,2,129,N,DISP,F,A,146
1998,S,1998-04-22,JG,1,2,130,N,SPSP,M,A,100
1998,S,1998-04-22,JG,1,2,131,N,SPSP,M,A,120
1998,S,1998-04-22,JG,1,2,132,N,DIOR,F,A,49
1998,S,1998-04-22,JG,1,2,139,N,DIOR,M,A,56
1998,S,1998-04-22,JG,1,2,141,N,DIOR,M,A,56
1998,S,1998-04-22,JG,1,2,142,N,DIOR,NA,J,36
1998,S,1998-04-22,JG,1,2,143,N,DIOR,F,A,52
1998,S,1998-04-22,JG,1,2,144,N,SPSP,M,A,108
1998,S,1998-04-23,JG,2,2,4,N,DIOR,M,A,56
1998,S,1998-04-23,JG,2,2,12,N,DIOR,M,A,58
1998,S,1998-04-23,JG,2,2,18,N,DIOR,NA,NA,0
1998,S,1998-04-23,JG,2,2,23,N,DIOR,M,A,46
1998,S,1998-04-23,JG,2,2,30,N,DIOR,F,A,48
1998,S,1998-04-23,JG,2,2,35,N,SPSP,M,A,82
1998,S,1998-04-23,JG,2,2,36,N,DIOR,M,A,52
1998,S,1998-04-23,JG,2,2,47,N,DISP,M,A,162
1998,S,1998-04-23,JG,2,2,58,N,SPSP,M,A,115
1998,S,1998-04-23,JG,2,2,69,N,DIOR,F,A,52
1998,S,1998-04-23,JG,2,2,70,N,SPSP,M,A,100
1998,S,1998-04-23,JG,2,2,71,N,DIOR,M,A,51
1998,S,1998-04-23,JG,2,2,94,N,SPSP,F,A,102
1998,S,1998-04-23,JG,2,2,105,N,NEAL,M,A,185
1998,S,1998-04-23,JG,2,2,106,N,DIOR,M,A,54
1998,S,1998-04-23,JG,2,2,108,N,SPSP,M,A,108
1998,S,1998-04-23,JG,2,2,111,N,DIOR,NA,NA,0
1998,S,1998-04-23,JG,2,2,112,N,NEAL,M,A,175
1998,S,1998-04-23,JG,2,2,117,N,DIOR,M,A,52
1998,S,1998-04-23,JG,2,2,130,N,DIOR,M,A,51
1998,S,1998-04-23,JG,2,2,135,N,ONLE,M,A,38
1998,S,1998-04-22,JG,1,3,6,N,DISP,NA,J,120
1998,S,1998-04-22,JG,1,3,8,N,DIOR,F,A,49
1998,S,1998-04-22,JG,1,3,11,N,DIOR,M,A,50
1998,S,1998-04-22,JG,1,3,12,N,DIOR,M,A,58
1998,S,1998-04-22,JG,1,3,18,N,DIOR,F,A,52
1998,S,1998-04-22,JG,1,3,20,N,DIOR,M,A,49
1998,S,1998-04-22,JG,1,3,24,N,DIOR,M,A,53
1998,S,1998-04-22,JG,1,3,29,N,DIOR,NA,J,31
1998,S,1998-04-22,JG,1,3,30,N,SPSP,NA,J,80
1998,S,1998-04-22,JG,1,3,31,N,DISP,NA,J,105
1998,S,1998-04-22,JG,1,3,32,N,DIOR,NA,J,32
1998,S,1998-04-22,JG,1,3,33,N,DIOR,M,A,45
1998,S,1998-04-22,JG,1,3,34,N,DIOR,F,A,46
1998,S,1998-04-22,JG,1,3,35,N,DISP,M,A,164
1998,S,1998-04-22,JG,1,3,36,N,DIOR,F,A,49
1998,S,1998-04-22,JG,1,3,39,N,NEMI,NA,J,98
1998,S,1998-04-22,JG,1,3,41,N,SPSP,M,A,120
1998,S,1998-04-22,JG,1,3,44,N,DIOR,M,A,52
1998,S,1998-04-22,JG,1,3,47,N,DIOR,M,A,56
1998,S,1998-04-22,JG,1,3,56,N,DIOR,M,A,59
1998,S,1998-04-22,JG,1,3,57,N,DIOR,M,A,52
1998,S,1998-04-22,JG,1,3,62,N,SPSP,M,A,78
1998,S,1998-04-22,JG,1,3,63,N,SPSP,M,A,91
1998,S,1998-04-22,JG,1,3,66,N,DIOR,NA,J,32
1998,S,1998-04-22,JG,1,3,69,N,DIOR,F,A,52
1998,S,1998-04-22,JG,1,3,70,N,DIOR,F,A,55
1998,S,1998-04-22,JG,1,3,72,N,DIOR,M,A,56
1998,S,1998-04-22,JG,1,3,77,N,DIOR,F,A,51
1998,S,1998-04-22,JG,1,3,80,N,DIOR,M,A,53
1998,S,1998-04-22,JG,1,3,82,N,DISP,M,A,144
1998,S,1998-04-22,JG,1,3,84,N,SPSP,M,A,112
1998,S,1998-04-22,JG,1,3,92,N,NEMI,F,A,210
1998,S,1998-04-22,JG,1,3,94,N,DIOR,F,A,59
1998,S,1998-04-22,JG,1,3,95,N,DIOR,F,A,57
1998,S,1998-04-22,JG,1,3,96,N,DIOR,F,A,61
1998,S,1998-04-22,JG,1,3,101,N,DIOR,M,A,52
1998,S,1998-04-22,JG,1,3,105,N,DIOR,F,A,49
1998,S,1998-04-22,JG,1,3,108,N,DIOR,M,A,58
1998,S,1998-04-22,JG,1,3,111,N,DIOR,M,A,60
1998,S,1998-04-22,JG,1,3,113,N,ONLE,F,A,0
1998,S,1998-04-22,JG,1,3,114,N,DIOR,M,A,41
1998,S,1998-04-22,JG,1,3,120,N,DIOR,F,A,48
1998,S,1998-04-22,JG,1,3,126,N,DISP,F,A,148
1998,S,1998-04-22,JG,1,3,129,N,DIOR,M,A,52
1998,S,1998-04-22,JG,1,3,130,N,DIOR,M,A,56
1998,S,1998-04-22,JG,1,3,131,N,DIOR,F,A,52
1998,S,1998-04-22,JG,1,3,132,N,DIOR,F,A,50
1998,S,1998-04-22,JG,1,3,140,N,DIOR,M,A,54
1998,S,1998-04-22,JG,1,3,142,N,DISP,F,A,128
1998,S,1998-04-22,JG,1,3,143,N,DIOR,F,A,48
1998,S,1998-04-22,JG,1,3,144,N,SPSP,NA,NA,0
1998,S,1998-04-23,JG,2,3,5,N,DIOR,F,A,65
1998,S,1998-04-23,JG,2,3,11,N,SPSP,M,A,122
1998,S,1998-04-23,JG,2,3,14,N,ONLE,F,A,37
1998,S,1998-04-23,JG,2,3,20,N,DIOR,F,A,47
1998,S,1998-04-23,JG,2,3,22,N,DIOR,M,A,53
1998,S,1998-04-23,JG,2,1,24,N,DIOR,M,A,51
1998,S,1998-04-23,JG,2,3,24,N,SPSP,M,A,98
1998,S,1998-04-23,JG,2,3,28,N,PGFL,M,A,8
1998,S,1998-04-23,JG,2,3,71,N,DIOR,M,A,49
1998,S,1998-04-23,JG,2,1,72,N,DIOR,M,A,54
1998,S,1998-04-23,JG,2,1,76,N,DIOR,M,A,57
1998,S,1998-04-23,JG,2,1,77,N,DIOR,F,A,58
1998,S,1998-04-23,JG,2,1,79,N,NEMI,F,A,252
1998,S,1998-04-23,JG,2,3,80,N,DIOR,M,A,43
1998,S,1998-04-23,JG,2,3,84,N,SPSP,M,A,106
1998,S,1998-04-23,JG,2,3,98,N,DIOR,NA,J,32
1998,S,1998-04-23,JG,2,3,103,N,DIOR,M,A,51
1998,S,1998-04-23,JG,2,3,107,N,DIOR,F,A,49
1998,S,1998-04-23,JG,2,1,107,N,SPSP,M,A,131
1998,S,1998-04-23,JG,2,3,114,N,DIOR,NA,J,32
1998,S,1998-04-23,JG,2,3,117,N,DIOR,M,A,45
1998,S,1998-04-23,JG,2,1,117,N,DIOR,NA,J,27
1998,S,1998-04-23,JG,2,1,120,N,SPSP,M,A,79
1998,S,1998-04-23,JG,2,1,127,N,SPSP,M,A,102
1998,S,1998-04-23,JG,2,3,129,N,DIOR,M,A,0
1998,S,1998-04-23,JG,2,3,132,N,SPSP,M,A,118
1998,S,1998-04-23,JG,2,3,139,N,DIOR,M,A,55
1998,S,1998-04-23,JG,2,1,139,N,ONLE,NA,J,21
1998,S,1998-04-23,JG,2,3,143,N,SPSP,M,A,85
1998,S,1998-04-23,JG,2,3,144,N,SPSP,F,A,82
1998,S,1998-04-24,JG,3,1,1,N,SPSP,F,A,98
1998,S,1998-04-24,JG,3,1,9,N,DIOR,M,A,55
1998,S,1998-04-24,JG,3,1,12,N,DIOR,M,A,51
1998,S,1998-04-24,JG,3,1,21,N,DIOR,F,A,50
1998,S,1998-04-24,JG,3,1,34,N,SPSP,NA,NA,0
1998,S,1998-04-24,JG,3,1,35,N,DIOR,F,A,53
1998,S,1998-04-24,JG,3,1,58,N,DIOR,M,A,45
1998,S,1998-04-24,JG,3,1,60,N,DIOR,M,A,49
1998,S,1998-04-24,JG,3,1,72,N,DIOR,F,A,50
1998,S,1998-04-24,JG,3,1,95,N,SPSP,M,A,82
1998,S,1998-04-24,JG,3,1,107,N,SPSP,M,A,111
1998,S,1998-04-24,JG,3,1,118,N,DIOR,F,A,54
1998,S,1998-04-24,JG,3,1,136,N,DIOR,M,A,48
1998,S,1998-04-24,JG,3,1,140,N,ONLE,M,A,43
1998,S,1998-04-24,JG,3,2,44,N,PGFL,M,A,6
1998,S,1998-04-24,JG,3,2,47,N,DIOR,M,A,0
1998,S,1998-04-24,JG,3,2,63,N,NEAL,F,A,187
1998,S,1998-04-24,JG,3,2,82,N,SPSP,M,A,95
1998,S,1998-04-24,JG,3,2,84,N,DIOR,M,A,51
1998,S,1998-04-24,JG,3,2,115,N,DIOR,NA,J,40
1998,S,1998-04-24,JG,3,2,132,N,DIOR,M,A,57
1998,S,1998-04-24,JG,3,2,144,N,SPSP,M,A,93
1998,S,1998-04-24,JG,3,3,12,N,SPSP,M,A,77
1998,S,1998-04-24,JG,3,3,14,N,ONLE,M,A,0
1998,S,1998-04-24,JG,3,3,47,N,SPSP,M,A,103
1998,S,1998-04-24,JG,3,3,71,N,SPSP,F,A,81
1998,S,1998-04-24,JG,3,3,83,N,DIOR,F,A,48
1998,S,1998-04-24,JG,3,3,144,N,SPSP,M,A,98
2000,S,2000-04-05,JG,2,3,78,N,DIOR,M,A,51
2000,S,2000-04-05,JG,2,3,143,N,NEMI,F,A,179
2000,S,2000-04-05,JG,2,3,144,N,SPSP,M,A,128
2000,S,2000-04-05,JG,2,3,12,N,SPSP,M,A,112
2000,S,2000-04-05,JG,2,2,70,N,SPSP,M,A,92
2000,S,2000-04-05,JG,2,2,72,N,SPSP,M,A,122
2000,S,2000-04-05,JG,2,2,60,N,DIOR,M,A,65
2000,S,2000-04-05,JG,2,2,107,N,DISP,F,A,180
2000,S,2000-04-05,JG,2,2,108,N,DISP,F,A,96
2000,S,2000-04-05,JG,2,1,0,N,ONLE,NA,J,12
2000,S,2000-04-05,JG,2,1,107,N,ONLE,F,A,36
2000,S,2000-04-05,JG,2,1,94,N,SPSP,M,A,85
2000,S,2000-04-05,JG,2,1,12,N,NEAL,F,A,185
2000,S,2000-04-06,JG,3,3,145,N,DISP,F,A,142
2000,S,2000-04-06,JG,3,3,10,N,SPSP,NA,J,72
2000,S,2000-04-06,JG,3,3,12,N,SPSP,F,A,102
2000,S,2000-04-06,JG,3,3,22,N,SPSP,M,A,122
2000,S,2000-04-06,JG,3,3,20,N,SPSP,M,A,92
2000,S,2000-04-06,JG,3,3,46,N,SPSP,M,A,94
2000,S,2000-04-06,JG,3,2,36,N,DIOR,M,A,40
2000,S,2000-04-06,JG,3,2,10,N,DISP,M,A,142
2000,S,2000-04-06,JG,3,2,11,N,ONLE,M,A,39
2000,S,2000-04-06,JG,3,2,12,N,NEMI,M,A,270
2000,S,2000-04-06,JG,3,2,16,N,NEMI,F,A,192
2000,S,2000-04-06,JG,3,2,132,N,NEMI,M,A,202
2000,S,2000-04-06,JG,3,1,71,N,DIOR,F,A,64
2000,S,2000-04-06,JG,3,1,70,N,SPSP,F,A,74
2000,S,2000-04-06,JG,3,1,64,N,DIOR,F,A,55
2000,S,2000-04-06,JG,3,1,102,N,PGFL,NA,NA,0
2000,S,2000-04-06,JG,3,1,103,N,DIOR,M,A,46
2000,S,2000-04-06,JG,3,1,113,N,NEMI,F,A,219
2000,S,2000-04-04,JG,1,3,93,N,DIOR,M,A,58
2000,S,2000-04-04,JG,1,3,117,N,DIOR,F,A,64
2000,S,2000-04-04,JG,1,3,46,N,DISP,F,A,135
2000,S,2000-04-04,JG,1,3,29,N,DISP,M,A,0
2000,S,2000-04-04,JG,1,2,89,N,DIOR,M,A,49
2000,S,2000-04-04,JG,1,2,108,N,DISP,M,A,135
2000,S,2000-04-04,JG,1,2,107,N,NEMI,M,A,225
2000,S,2000-04-04,JG,1,2,102,N,DIOR,M,A,64
2000,S,2000-04-04,JG,1,2,101,N,DIOR,NA,A,45
2000,S,2000-04-04,JG,1,2,99,N,DIOR,M,A,63
2000,S,2000-04-04,JG,1,2,45,N,DIOR,F,A,62
2000,S,2000-04-04,JG,1,2,48,N,DIOR,M,A,65
2000,S,2000-04-04,JG,1,1,101,N,DIOR,F,A,65
2000,S,2000-04-04,JG,1,1,102,N,DIOR,M,A,65
2000,S,2000-04-04,JG,1,1,107,N,DIOR,M,A,63
2000,S,2000-04-04,JG,1,1,94,N,DIOR,M,A,66
2000,S,2000-04-04,JG,1,1,93,N,DIOR,F,A,63
2000,S,2000-04-04,JG,1,1,89,N,DIOR,M,A,61
2000,S,2000-04-04,JG,1,1,20,N,DIOR,M,A,66
2000,S,2000-04-04,JG,1,1,133,N,DIOR,F,A,50
2000,S,2000-04-05,JG,2,3,59,N,DIOR,M,A,64
2000,S,2000-04-05,JG,2,3,93,N,SPSP,M,A,0
2000,S,2000-04-05,JG,2,3,105,N,DIOR,F,A,60
2000,S,2000-04-05,JG,2,3,126,N,DISP,M,A,145
2000,S,2000-04-05,JG,2,2,10,N,SPSP,F,A,105
2000,S,2000-04-05,JG,2,2,23,N,DIOR,M,A,65
2000,S,2000-04-05,JG,2,2,21,N,DIOR,NA,J,35
2000,S,2000-04-05,JG,2,2,90,N,SPSP,M,A,92
2000,S,2000-04-05,JG,2,2,93,N,NEMI,NA,J,150
2000,S,2000-04-05,JG,2,2,94,N,DIOR,NA,J,48
2000,S,2000-04-05,JG,2,2,95,N,DIOR,M,A,63
2000,S,2000-04-05,JG,2,1,126,N,DIOR,M,A,52
2000,S,2000-04-05,JG,2,1,127,N,DIOR,M,A,60
2000,S,2000-04-05,JG,2,1,131,N,SPSP,M,A,95
2000,S,2000-04-05,JG,2,1,120,N,SPSP,M,A,110
2000,S,2000-04-05,JG,2,1,119,N,SPSP,F,A,97
2000,S,2000-04-05,JG,2,1,118,N,SPSP,M,A,98
2000,S,2000-04-05,JG,2,1,112,N,DIOR,NA,J,48
2000,S,2000-04-05,JG,2,1,22,N,DISP,M,A,160
2000,S,2000-04-05,JG,2,1,23,N,SPSP,NA,J,0
2000,S,2000-04-05,JG,2,1,144,N,NEMI,M,A,158
2000,S,2000-04-05,JG,2,1,138,N,NEMI,M,A,305
2000,S,2000-04-06,JG,3,2,83,N,DIOR,F,A,48
2000,S,2000-04-06,JG,3,2,139,N,DIOR,NA,J,38
2000,S,2000-04-06,JG,3,1,47,N,DIOR,NA,J,39
2000,S,2000-04-06,JG,3,1,43,N,NEMI,NA,J,72
2000,S,2000-04-06,JG,3,1,24,N,SPSP,M,A,95
2000,S,2000-04-06,JG,3,1,10,N,NEMI,F,A,180
2000,S,2000-04-06,JG,3,1,8,N,SPSP,M,A,120
2000,S,2000-04-04,JG,1,3,83,N,DISP,F,A,144
2000,S,2000-04-04,JG,1,3,74,N,DISP,M,A,148
2000,S,2000-04-04,JG,1,3,14,N,DISP,M,A,158
2000,S,2000-04-04,JG,1,3,18,N,DIOR,M,A,54
2000,S,2000-04-04,JG,1,3,21,N,DIOR,NA,J,43
2000,S,2000-04-04,JG,1,3,24,N,DIOR,F,A,51
2000,S,2000-04-04,JG,1,3,70,N,DIOR,M,A,54
2000,S,2000-04-04,JG,1,3,71,N,ONLE,M,A,37
2000,S,2000-04-04,JG,1,3,67,N,DIOR,F,A,54
2000,S,2000-04-04,JG,1,3,123,N,DISP,NA,NA,0
2000,S,2000-04-04,JG,1,3,126,N,DIOR,F,A,53
2000,S,2000-04-04,JG,1,2,33,N,SPSP,NA,J,59
2000,S,2000-04-04,JG,1,2,30,N,DIOR,F,A,49
2000,S,2000-04-04,JG,1,2,27,N,DIOR,M,A,52
2000,S,2000-04-04,JG,1,2,12,N,DIOR,F,A,47
2000,S,2000-04-04,JG,1,2,19,N,DISP,F,A,141
2000,S,2000-04-04,JG,1,2,139,N,DIOR,F,A,53
2000,S,2000-04-04,JG,1,2,142,N,DIOR,F,A,48
2000,S,2000-04-04,JG,1,2,144,N,DIOR,M,A,49
2000,S,2000-04-04,JG,1,2,132,N,DIOR,NA,J,32
2000,S,2000-04-04,JG,1,2,128,N,DIOR,F,A,46
2000,S,2000-04-04,JG,1,2,126,N,DIOR,F,A,52
2000,S,2000-04-04,JG,1,2,120,N,DIOR,F,A,52
2000,S,2000-04-04,JG,1,1,81,N,DIOR,F,A,45
2000,S,2000-04-04,JG,1,1,80,N,ONLE,F,A,35
2000,S,2000-04-04,JG,1,1,79,N,DIOR,M,A,55
2000,S,2000-04-04,JG,1,1,129,N,DIOR,F,A,55
2000,S,2000-04-04,JG,1,1,131,N,DIOR,M,A,50
2000,S,2000-04-04,JG,1,1,118,N,DIOR,F,A,56
2000,S,2000-04-04,JG,1,1,6,N,DIOR,M,A,52
2000,S,2000-04-04,JG,1,1,12,N,DIOR,M,A,51
2000,S,2000-04-04,JG,1,1,144,N,DIOR,M,A,50
2000,S,2000-04-04,JG,1,1,138,N,NEMI,NA,NA,305
2000,S,2000-04-04,JG,1,3,134,N,DISP,F,A,150
2000,S,2000-04-04,JG,1,3,135,N,DIOR,M,A,52
2000,S,2000-04-04,JG,1,3,138,N,ONLE,M,A,35
2000,S,2000-04-04,JG,1,3,142,N,ONLE,M,A,37
2000,S,2000-04-04,JG,1,3,144,N,SPSP,M,A,120
2000,S,2000-04-04,JG,1,3,132,N,DIOR,F,A,60
2000,S,2000-04-04,JG,1,3,129,N,NEMI,M,A,0
2000,S,2000-04-04,JG,1,3,127,N,DISP,M,A,180
2000,S,2000-04-04,JG,1,2,64,N,DIOR,F,A,39
2000,S,2000-04-04,JG,1,2,66,N,DIOR,M,A,51
2000,S,2000-04-04,JG,1,2,67,N,DIOR,M,A,55
2000,S,2000-04-04,JG,1,2,72,N,DIOR,NA,J,49
2000,S,2000-04-04,JG,1,2,78,N,DIOR,F,A,51
2000,S,2000-04-04,JG,1,2,55,N,DIOR,M,A,46
2000,S,2000-04-04,JG,1,2,58,N,DIOR,NA,J,35
2000,S,2000-04-04,JG,1,2,59,N,DIOR,F,A,52
2000,S,2000-04-04,JG,1,2,44,N,ONLE,NA,J,20
2000,S,2000-04-04,JG,1,2,46,N,DIOR,F,A,57
2000,S,2000-04-04,JG,1,1,67,N,DIOR,M,A,54
2000,S,2000-04-04,JG,1,1,64,N,DISP,F,A,132
2000,S,2000-04-04,JG,1,1,41,N,DIOR,F,A,54
2000,S,2000-04-04,JG,1,1,33,N,DIOR,M,A,55
2000,S,2000-04-04,JG,1,1,32,N,DIOR,NA,J,25
2000,S,2000-04-04,JG,1,1,29,N,SPSP,M,A,110
2000,S,2000-04-04,JG,1,1,25,N,PGFL,M,A,11
2000,S,2000-04-04,JG,1,1,51,N,ONLE,NA,J,13
2000,S,2000-04-04,JG,1,1,56,N,DIOR,F,A,59
2000,S,2000-04-04,JG,1,1,57,N,DIOR,NA,A,0
2000,S,2000-04-05,JG,2,3,69,N,DIOR,M,A,47
2000,S,2000-04-05,JG,2,3,72,N,SPSP,NA,J,69
2000,S,2000-04-05,JG,2,3,58,N,SPSP,M,A,98
2000,S,2000-04-05,JG,2,3,57,N,SPSP,F,A,94
2000,S,2000-04-05,JG,2,3,45,N,DIOR,M,A,65
2000,S,2000-04-05,JG,2,3,46,N,DIOR,F,A,53
2000,S,2000-04-05,JG,2,3,36,N,SPSP,NA,NA,0
2000,S,2000-04-05,JG,2,2,43,N,DIOR,NA,J,39
2000,S,2000-04-05,JG,2,2,42,N,NEMI,M,A,200
2000,S,2000-04-05,JG,2,2,132,N,ONLE,F,A,27
2000,S,2000-04-05,JG,2,2,116,N,SPSP,M,A,92
2000,S,2000-04-05,JG,2,1,72,N,DIOR,F,A,44
2000,S,2000-04-05,JG,2,1,71,N,DIOR,F,A,42
2000,S,2000-04-05,JG,2,1,68,N,DIOR,M,A,60
2000,S,2000-04-05,JG,2,1,81,N,DIOR,F,A,54
2000,S,2000-04-05,JG,2,1,56,N,DIOR,M,A,53
2000,S,2000-04-05,JG,2,1,43,N,DIOR,M,A,59
2000,S,2000-04-05,JG,2,1,47,N,DIOR,F,A,56
2000,S,2000-04-05,JG,2,1,36,N,DISP,F,A,136
2000,S,2000-04-05,JG,2,1,133,N,ONLE,F,A,26
2000,S,2000-04-06,JG,3,3,83,N,DISP,NA,J,92
2000,S,2000-04-06,JG,3,3,81,N,DIOR,F,A,52
2000,S,2000-04-06,JG,3,3,70,N,DIOR,F,A,50
2000,S,2000-04-06,JG,3,2,47,N,DIOR,M,A,61
2000,S,2000-04-06,JG,3,2,96,N,DIOR,F,A,61
2000,S,2000-04-06,JG,3,2,108,N,SPSP,M,A,110
2000,S,2000-04-06,JG,3,2,97,N,DIOR,M,A,64
2000,S,2000-04-06,JG,3,2,114,N,DIOR,NA,J,40
2000,S,2000-04-06,JG,3,1,93,N,DIOR,F,A,60
2000,S,2000-04-06,JG,3,1,129,N,DIOR,F,A,53
2000,S,2000-04-06,JG,3,1,131,N,SPSP,M,A,92
2001,S,2001-03-27,JG,1,1,80,N,DIOR,M,A,56
2001,S,2001-03-27,JG,1,1,83,N,DISP,F,A,142
2001,S,2001-03-27,JG,1,1,96,N,DIOR,M,A,53
2001,S,2001-03-27,JG,1,1,82,N,DIOR,M,A,53
2001,S,2001-03-27,JG,1,1,80,N,DIOR,F,A,53
2001,S,2001-03-27,JG,1,1,90,N,DIOR,M,A,59
2001,S,2001-03-27,JG,1,1,102,N,DIOR,F,A,60
2001,S,2001-03-27,JG,1,1,105,N,DIOR,M,A,52
2001,S,2001-03-27,JG,1,1,118,N,DIOR,F,A,54
2001,S,2001-03-27,JG,1,1,115,N,DIOR,M,A,60
2001,S,2001-03-27,JG,1,1,9,N,SPSP,M,A,109
2001,S,2001-03-27,JG,1,1,10,N,DIOR,M,A,55
2001,S,2001-03-27,JG,1,1,24,N,DIOR,F,A,62
2001,S,2001-03-27,JG,1,1,23,N,ONLE,M,A,29
2001,S,2001-03-27,JG,1,1,22,N,NEAL,F,A,218
2001,S,2001-03-27,JG,1,2,129,N,DIOR,F,A,53
2001,S,2001-03-27,JG,1,2,131,N,DIOR,M,A,53
2001,S,2001-03-27,JG,1,2,144,N,DIOR,F,A,57
2001,S,2001-03-27,JG,1,2,141,N,DIOR,F,A,66
2001,S,2001-03-27,JG,1,2,140,N,DIOR,M,A,58
2001,S,2001-03-27,JG,1,2,139,N,DIOR,F,A,55
2001,S,2001-03-27,JG,1,2,138,N,DIOR,M,A,52
2001,S,2001-03-27,JG,1,2,101,N,DIOR,M,A,61
2001,S,2001-03-27,JG,1,2,108,N,DIOR,M,A,59
2001,S,2001-03-27,JG,1,2,93,N,DIOR,M,A,60
2001,S,2001-03-27,JG,1,2,91,N,DIOR,M,A,59
2001,S,2001-03-27,JG,1,3,78,N,DIOR,M,A,53
2001,S,2001-03-27,JG,1,3,79,N,DIOR,F,A,54
2001,S,2001-03-27,JG,1,3,96,N,DIOR,F,A,62
2001,S,2001-03-27,JG,1,3,127,N,DIOR,M,A,55
2001,S,2001-03-27,JG,1,3,132,N,DIOR,M,A,55
2001,S,2001-03-27,JG,1,3,143,N,DIOR,M,A,59
2001,S,2001-03-27,JG,1,3,141,N,DIOR,F,A,49
2001,S,2001-03-27,JG,1,3,135,N,NEMI,F,A,226
2001,S,2001-03-28,JG,2,1,79,N,SPSP,M,A,112
2001,S,2001-03-28,JG,2,1,89,N,SPSP,M,A,118
2001,S,2001-03-28,JG,2,1,94,N,SPSP,M,A,96
2001,S,2001-03-28,JG,2,2,72,N,SPSP,F,A,106
2001,S,2001-03-28,JG,2,2,80,N,SPSP,F,A,108
2001,S,2001-03-28,JG,2,2,22,N,ONAR,F,A,29
2001,S,2001-03-28,JG,2,3,65,N,ONAR,F,A,31
2001,S,2001-03-28,JG,2,3,71,N,SPSP,M,A,109
2001,S,2001-03-28,JG,2,3,72,N,ONLE,M,A,28
2001,S,2001-03-28,JG,2,3,48,N,DIOR,M,A,56
2001,S,2001-03-28,JG,2,3,83,N,DISP,M,A,154
2001,S,2001-03-28,JG,2,3,74,N,NEMI,M,A,208
2001,S,2001-03-28,JG,2,3,132,N,SPSP,F,A,96
2001,S,2001-03-28,JG,2,3,127,N,DIOR,F,A,46
2001,S,2001-03-29,JG,3,1,70,N,SPSP,F,A,98
2001,S,2001-03-29,JG,3,1,79,N,SPSP,M,A,118
2001,S,2001-03-29,JG,3,1,120,N,SPSP,F,A,112
2001,S,2001-03-29,JG,3,1,12,N,DIOR,F,A,58
2001,S,2001-03-29,JG,3,1,21,N,NEAL,M,A,118
2001,S,2001-03-29,JG,3,2,84,N,SPSP,M,A,114
2001,S,2001-03-29,JG,3,3,84,N,DIOR,F,A,58
2001,S,2001-03-29,JG,3,3,93,N,NEMI,F,A,235
2001,S,2001-03-29,JG,3,3,11,N,DIOR,M,A,49
2001,S,2001-03-29,JG,3,3,24,N,DIOR,M,A,55
2001,S,2001-03-27,JG,1,1,52,N,DIOR,M,A,49
2001,S,2001-03-27,JG,1,1,53,N,DIOR,M,A,55
2001,S,2001-03-27,JG,1,1,54,N,DIOR,M,A,61
2001,S,2001-03-27,JG,1,1,56,N,DIOR,M,A,66
2001,S,2001-03-27,JG,1,1,57,N,DIOR,M,A,60
2001,S,2001-03-27,JG,1,1,58,N,DIOR,F,A,71
2001,S,2001-03-27,JG,1,1,72,N,DIOR,F,A,60
2001,S,2001-03-27,JG,1,1,71,N,DIOR,NA,NA,0
2001,S,2001-03-27,JG,1,1,69,N,DIOR,M,A,63
2001,S,2001-03-27,JG,1,1,67,N,DIOR,M,A,54
2001,S,2001-03-27,JG,1,1,64,N,DIOR,F,A,56
2001,S,2001-03-27,JG,1,2,6,N,DIOR,M,A,54
2001,S,2001-03-27,JG,1,2,8,N,DISP,M,A,146
2001,S,2001-03-27,JG,1,2,12,N,DIOR,M,A,57
2001,S,2001-03-27,JG,1,2,15,N,DIOR,M,A,54
2001,S,2001-03-27,JG,1,2,78,N,DIOR,M,A,56
2001,S,2001-03-27,JG,1,2,80,N,DIOR,M,A,54
2001,S,2001-03-27,JG,1,3,32,N,DIOR,M,A,63
2001,S,2001-03-27,JG,1,3,35,N,DIOR,F,A,47
2001,S,2001-03-27,JG,1,3,36,N,DIOR,M,A,60
2001,S,2001-03-27,JG,1,3,48,N,DIOR,F,A,64
2001,S,2001-03-27,JG,1,3,45,N,DIOR,F,A,52
2001,S,2001-03-27,JG,1,3,44,N,DIOR,M,A,56
2001,S,2001-03-28,JG,2,1,87,N,SPSP,M,A,112
2001,S,2001-03-28,JG,2,2,104,N,DIOR,M,A,0
2001,S,2001-03-28,JG,2,2,108,N,NEAL,M,A,242
2001,S,2001-03-28,JG,2,2,120,N,ONLE,M,A,35
2001,S,2001-03-28,JG,2,2,119,N,ONLE,F,A,38
2001,S,2001-03-28,JG,2,2,117,N,DIOR,M,A,57
2001,S,2001-03-28,JG,2,2,111,N,SPSP,M,A,113
2001,S,2001-03-28,JG,2,3,27,N,ONLE,M,A,39
2001,S,2001-03-28,JG,2,3,23,N,DIOR,M,A,61
2001,S,2001-03-28,JG,2,3,101,N,ONLE,M,A,28
2001,S,2001-03-28,JG,2,3,102,N,DIOR,M,A,61
2001,S,2001-03-28,JG,2,3,95,N,ONLE,M,A,40
2001,S,2001-03-28,JG,2,3,94,N,DIOR,M,A,62
2001,S,2001-03-29,JG,3,1,89,N,SPSP,M,A,0
2001,S,2001-03-29,JG,3,1,96,N,SPSP,F,A,93
2001,S,2001-03-29,JG,3,1,108,N,SPSP,M,A,114
2001,S,2001-03-29,JG,3,1,107,N,SPSP,M,A,0
2001,S,2001-03-29,JG,3,1,101,N,ONLE,M,A,36
2001,S,2001-03-29,JG,3,1,99,N,DIOR,F,A,57
2001,S,2001-03-29,JG,3,2,131,N,DIOR,M,A,63
2001,S,2001-03-29,JG,3,3,108,N,DIOR,F,A,68
2001,S,2001-03-29,JG,3,3,113,N,SPSP,M,A,118
2001,S,2001-03-29,JG,3,3,132,N,DIOR,M,A,60
2001,S,2001-03-27,JG,1,1,39,N,DIOR,M,A,65
2001,S,2001-03-27,JG,1,1,36,N,DISP,M,A,65
2001,S,2001-03-27,JG,1,1,34,N,DISP,F,A,125
2001,S,2001-03-27,JG,1,1,29,N,DIOR,F,A,61
2001,S,2001-03-27,JG,1,1,28,N,DIOR,M,A,63
2001,S,2001-03-27,JG,1,1,26,N,DIOR,NA,NA,0
2001,S,2001-03-27,JG,1,1,123,N,DIOR,M,A,70
2001,S,2001-03-27,JG,1,1,127,N,DIOR,F,A,53
2001,S,2001-03-27,JG,1,1,128,N,DIOR,M,A,56
2001,S,2001-03-27,JG,1,1,131,N,DIOR,F,A,59
2001,S,2001-03-27,JG,1,1,144,N,DIOR,M,A,58
2001,S,2001-03-27,JG,1,1,143,N,DIOR,F,A,50
2001,S,2001-03-27,JG,1,1,140,N,DIOR,M,A,57
2001,S,2001-03-27,JG,1,2,30,N,ONLE,F,A,37
2001,S,2001-03-27,JG,1,2,33,N,ONLE,M,A,39
2001,S,2001-03-27,JG,1,2,35,N,DIOR,M,A,62
2001,S,2001-03-27,JG,1,2,36,N,DIOR,M,A,58
2001,S,2001-03-27,JG,1,2,47,N,DIOR,M,A,57
2001,S,2001-03-27,JG,1,2,46,N,DIOR,M,A,0
2001,S,2001-03-27,JG,1,2,45,N,DIOR,F,A,58
2001,S,2001-03-27,JG,1,2,43,N,DIOR,M,A,53
2001,S,2001-03-27,JG,1,2,40,N,DIOR,M,A,60
2001,S,2001-03-27,JG,1,2,58,N,DIOR,M,A,56
2001,S,2001-03-27,JG,1,2,72,N,DIOR,M,A,58
2001,S,2001-03-27,JG,1,2,71,N,DIOR,F,A,57
2001,S,2001-03-27,JG,1,2,50,N,PGFL,M,A,6
2001,S,2001-03-27,JG,1,3,71,N,DIOR,M,A,60
2001,S,2001-03-27,JG,1,3,70,N,ONLE,NA,NA,0
2001,S,2001-03-27,JG,1,3,115,N,DIOR,M,A,55
2001,S,2001-03-27,JG,1,3,24,N,SPSP,M,A,124
2001,S,2001-03-27,JG,1,3,11,N,DIOR,M,A,53
2001,S,2001-03-27,JG,1,3,10,N,DIOR,F,A,66
2001,S,2001-03-28,JG,2,1,57,N,DISP,M,A,140
2001,S,2001-03-28,JG,2,1,5,N,SPSP,NA,NA,0
2001,S,2001-03-28,JG,2,1,144,N,DIOR,F,A,55
2001,S,2001-03-28,JG,2,1,140,N,DIOR,F,A,49
2001,S,2001-03-28,JG,2,2,35,N,SPSP,M,A,124
2001,S,2001-03-28,JG,2,2,58,N,DIOR,M,A,69
2001,S,2001-03-28,JG,2,3,44,N,DIOR,M,A,51
2001,S,2001-03-28,JG,2,3,10,N,DIOR,F,A,64
2001,S,2001-03-28,JG,2,3,120,N,DIOR,F,A,54
2001,S,2001-03-29,JG,3,1,52,N,DIOR,F,A,62
2001,S,2001-03-29,JG,3,2,47,N,DISP,M,A,120
2001,S,2001-03-29,JG,3,2,21,N,DIOR,NA,J,28
2001,S,2001-03-29,JG,3,2,12,N,DIOR,F,A,66
2001,S,2001-03-29,JG,3,3,143,N,SPSP,M,A,115
2002,S,2002-04-16,JG,1,3,14,N,DIOR,M,A,52
2002,S,2002-04-16,JG,1,3,24,N,DIOR,F,A,48
2002,S,2002-04-16,JG,1,3,36,N,DIOR,F,A,50
2002,S,2002-04-16,JG,1,3,35,N,DIOR,M,A,56
2002,S,2002-04-16,JG,1,3,127,N,DIOR,M,A,57
2002,S,2002-04-16,JG,1,3,129,N,DIOR,F,A,49
2002,S,2002-04-16,JG,1,3,132,N,DIOR,M,A,41
2002,S,2002-04-16,JG,1,3,120,N,DIOR,M,A,0
2002,S,2002-04-16,JG,1,3,117,N,DIOR,M,A,40
2002,S,2002-04-16,JG,1,2,65,N,DIOR,F,A,54
2002,S,2002-04-16,JG,1,2,72,N,DIOR,M,A,67
2002,S,2002-04-16,JG,1,2,82,N,DIOR,M,A,57
2002,S,2002-04-16,JG,1,2,81,N,DIOR,M,A,42
2002,S,2002-04-16,JG,1,2,115,N,DIOR,M,A,50
2002,S,2002-04-16,JG,1,2,116,N,DIOR,M,A,56
2002,S,2002-04-16,JG,1,2,120,N,SPSP,M,A,95
2002,S,2002-04-16,JG,1,2,131,N,DIOR,F,A,54
2002,S,2002-04-16,JG,1,2,126,N,DIOR,M,A,52
2002,S,2002-04-16,JG,1,2,124,N,SPSP,M,A,82
2002,S,2002-04-16,JG,1,2,123,N,DIOR,F,A,55
2002,S,2002-04-16,JG,1,1,5,N,DIOR,M,A,44
2002,S,2002-04-16,JG,1,1,7,N,DIOR,M,A,49
2002,S,2002-04-16,JG,1,1,12,N,DIOR,M,A,37
2002,S,2002-04-16,JG,1,1,22,N,DIOR,M,A,53
2002,S,2002-04-16,JG,1,1,88,N,DIOR,NA,J,31
2002,S,2002-04-16,JG,1,1,92,N,DIOR,M,A,47
2002,S,2002-04-16,JG,1,1,94,N,DIOR,M,A,57
2002,S,2002-04-16,JG,1,1,96,N,DIOR,M,A,56
2002,S,2002-04-16,JG,1,1,106,N,DIOR,M,A,58
2002,S,2002-04-17,JG,2,3,115,N,DIOR,M,A,55
2002,S,2002-04-17,JG,2,3,36,N,SPSP,M,A,70
2002,S,2002-04-17,JG,2,3,12,N,DIOR,M,A,42
2002,S,2002-04-17,JG,2,2,46,N,DIOR,M,A,52
2002,S,2002-04-17,JG,2,2,42,N,DIOR,M,A,61
2002,S,2002-04-17,JG,2,2,120,N,SPSP,M,A,88
2002,S,2002-04-17,JG,2,2,132,N,DIOR,M,A,42
2002,S,2002-04-17,JG,2,2,131,N,DIOR,M,A,52
2002,S,2002-04-17,JG,2,2,53,N,ONLE,M,A,37
2002,S,2002-04-17,JG,2,2,70,N,DIOR,M,A,53
2002,S,2002-04-17,JG,2,1,94,N,DIOR,M,A,44
2002,S,2002-04-17,JG,2,1,102,N,DIOR,M,A,56
2002,S,2002-04-17,JG,2,1,47,N,DIOR,M,A,49
2002,S,2002-04-17,JG,2,1,34,N,PGFL,M,A,7
2002,S,2002-04-18,JG,3,3,115,N,DIOR,F,A,50
2002,S,2002-04-18,JG,3,2,120,N,DIOR,F,A,50
2002,S,2002-04-18,JG,3,2,106,N,SPSP,F,A,116
2002,S,2002-04-18,JG,3,1,59,N,DIOR,M,A,54
2002,S,2002-04-18,JG,3,1,140,N,DIOR,F,A,45
2002,S,2002-04-16,JG,1,3,83,N,DIOR,F,A,45
2002,S,2002-04-16,JG,1,3,80,N,DIOR,M,A,41
2002,S,2002-04-16,JG,1,3,95,N,DIOR,M,A,46
2002,S,2002-04-16,JG,1,3,102,N,DIOR,NA,J,29
2002,S,2002-04-16,JG,1,3,44,N,DIOR,M,A,47
2002,S,2002-04-16,JG,1,3,106,N,DIOR,F,A,0
2002,S,2002-04-16,JG,1,3,42,N,DISP,M,A,0
2002,S,2002-04-16,JG,1,3,78,N,DISP,M,A,150
2002,S,2002-04-16,JG,1,3,89,N,DIOR,M,A,49
2002,S,2002-04-16,JG,1,3,93,N,DIOR,M,A,50
2002,S,2002-04-16,JG,1,3,108,N,DIOR,M,A,48
2002,S,2002-04-16,JG,1,3,60,N,DIOR,M,A,54
2002,S,2002-04-16,JG,1,3,52,N,PGFL,F,A,7
2002,S,2002-04-16,JG,1,3,71,N,DIOR,F,A,51
2002,S,2002-04-16,JG,1,3,65,N,DIOR,M,A,55
2002,S,2002-04-16,JG,1,3,143,N,DIOR,M,A,43
2002,S,2002-04-16,JG,1,3,144,N,DIOR,F,A,60
2002,S,2002-04-16,JG,1,3,11,N,SPSP,M,A,95
2002,S,2002-04-16,JG,1,3,10,N,DIOR,M,A,60
2002,S,2002-04-16,JG,1,3,9,N,DIOR,F,A,48
2002,S,2002-04-16,JG,1,2,107,N,NEAL,F,A,178
2002,S,2002-04-16,JG,1,2,57,N,DIOR,F,A,47
2002,S,2002-04-16,JG,1,2,53,N,DIOR,NA,J,41
2002,S,2002-04-16,JG,1,2,50,N,DIOR,F,A,46
2002,S,2002-04-16,JG,1,2,91,N,DIOR,M,A,42
2002,S,2002-04-16,JG,1,2,94,N,DIOR,F,A,52
2002,S,2002-04-16,JG,1,2,108,N,DIOR,NA,J,46
2002,S,2002-04-16,JG,1,2,144,N,DIOR,F,A,46
2002,S,2002-04-16,JG,1,2,104,N,DIOR,F,A,52
2002,S,2002-04-16,JG,1,2,88,N,DIOR,M,A,51
2002,S,2002-04-16,JG,1,2,89,N,DIOR,M,A,51
2002,S,2002-04-16,JG,1,2,92,N,DIOR,M,A,45
2002,S,2002-04-16,JG,1,2,93,N,DIOR,M,A,52
2002,S,2002-04-16,JG,1,2,96,N,DIOR,M,A,60
2002,S,2002-04-16,JG,1,2,141,N,DIOR,M,A,50
2002,S,2002-04-16,JG,1,2,43,N,DIOR,M,A,60
2002,S,2002-04-16,JG,1,2,44,N,DIOR,F,A,42
2002,S,2002-04-16,JG,1,2,35,N,DIOR,NA,J,32
2002,S,2002-04-16,JG,1,2,15,N,DIOR,M,A,44
2002,S,2002-04-16,JG,1,2,17,N,DIOR,M,A,62
2002,S,2002-04-16,JG,1,2,12,N,DIOR,M,A,56
2002,S,2002-04-16,JG,1,2,9,N,DISP,M,A,155
2002,S,2002-04-16,JG,1,2,8,N,DIOR,M,A,54
2002,S,2002-04-16,JG,1,2,7,N,DIOR,F,A,47
2002,S,2002-04-16,JG,1,2,4,N,DIOR,M,A,54
2002,S,2002-04-16,JG,1,2,3,N,DIOR,F,A,53
2002,S,2002-04-16,JG,1,1,80,N,NEAL,F,A,0
2002,S,2002-04-16,JG,1,1,58,N,DIOR,NA,J,39
2002,S,2002-04-16,JG,1,1,53,N,DIOR,F,A,49
2002,S,2002-04-16,JG,1,1,67,N,DIOR,F,A,45
2002,S,2002-04-16,JG,1,1,71,N,DIOR,M,A,44
2002,S,2002-04-16,JG,1,1,76,N,DIOR,F,A,50
2002,S,2002-04-16,JG,1,1,135,N,DIOR,M,A,49
2002,S,2002-04-16,JG,1,1,59,N,DIOR,F,A,50
2002,S,2002-04-16,JG,1,1,72,N,DIOR,F,A,50
2002,S,2002-04-16,JG,1,1,56,N,DIOR,M,A,53
2002,S,2002-04-16,JG,1,1,83,N,DIOR,M,A,49
2002,S,2002-04-16,JG,1,1,138,N,DIOR,M,A,50
2002,S,2002-04-16,JG,1,1,38,N,PGFL,M,A,8
2002,S,2002-04-16,JG,1,1,45,N,DIOR,M,A,47
2002,S,2002-04-16,JG,1,1,47,N,DIOR,F,A,48
2002,S,2002-04-16,JG,1,1,48,N,DIOR,F,A,59
2002,S,2002-04-16,JG,1,1,36,N,DISP,F,A,162
2002,S,2002-04-16,JG,1,1,32,N,DIOR,M,A,42
2002,S,2002-04-16,JG,1,1,26,N,DIOR,F,A,66
2002,S,2002-04-16,JG,1,1,115,N,DIOR,M,A,55
2002,S,2002-04-16,JG,1,1,116,N,DIOR,NA,J,30
2002,S,2002-04-16,JG,1,1,120,N,DIOR,F,A,57
2002,S,2002-04-16,JG,1,1,131,N,DIOR,M,A,45
2002,S,2002-04-16,JG,1,1,127,N,DIOR,M,A,46
2002,S,2002-04-16,JG,1,1,144,N,DIOR,F,A,46
2002,S,2002-04-16,JG,1,1,103,N,DIOR,M,A,46
2002,S,2002-04-17,JG,2,3,86,N,DIOR,M,A,39
2002,S,2002-04-17,JG,2,3,126,N,SPSP,M,A,115
2002,S,2002-04-17,JG,2,3,131,N,PGFL,M,A,8
2002,S,2002-04-17,JG,2,3,142,N,DIOR,M,A,52
2002,S,2002-04-17,JG,2,3,70,N,PGFL,NA,NA,0
2002,S,2002-04-17,JG,2,3,84,N,DIOR,M,A,37
2002,S,2002-04-17,JG,2,3,60,N,DIOR,F,A,51
2002,S,2002-04-17,JG,2,3,11,N,DIOR,F,A,51
2002,S,2002-04-17,JG,2,2,32,N,DIOR,M,A,37
2002,S,2002-04-17,JG,2,2,101,N,DIOR,M,A,41
2002,S,2002-04-17,JG,2,2,96,N,DIOR,M,A,49
2002,S,2002-04-17,JG,2,2,84,N,SPSP,M,A,80
2002,S,2002-04-17,JG,2,2,105,N,DIOR,M,A,54
2002,S,2002-04-17,JG,2,2,82,N,SPSP,M,A,120
2002,S,2002-04-17,JG,2,2,48,N,DIOR,M,A,55
2002,S,2002-04-17,JG,2,2,143,N,DIOR,M,A,56
2002,S,2002-04-17,JG,2,2,11,N,DIOR,M,A,47
2002,S,2002-04-17,JG,2,2,10,N,DISP,NA,J,115
2002,S,2002-04-17,JG,2,2,55,N,DIOR,NA,J,34
2002,S,2002-04-17,JG,2,2,71,N,DIOR,F,A,61
2002,S,2002-04-17,JG,2,1,60,N,DIOR,F,A,45
2002,S,2002-04-17,JG,2,1,22,N,DIOR,F,A,50
2002,S,2002-04-17,JG,2,1,28,N,DIOR,M,A,39
2002,S,2002-04-17,JG,2,1,56,N,DIOR,M,A,50
2002,S,2002-04-17,JG,2,1,131,N,DIOR,M,A,45
2002,S,2002-04-17,JG,2,1,124,N,DIOR,M,A,48
2002,S,2002-04-17,JG,2,1,25,N,DIOR,M,A,59
2002,S,2002-04-17,JG,2,1,81,N,DIOR,M,A,44
2002,S,2002-04-17,JG,2,1,80,N,DIOR,NA,J,29
2002,S,2002-04-17,JG,2,1,144,N,DIOR,F,A,51
2002,S,2002-04-17,JG,2,1,9,N,DIOR,M,A,44
2002,S,2002-04-17,JG,2,1,27,N,DIOR,M,A,64
2002,S,2002-04-18,JG,3,3,83,N,PGFL,F,A,7
2002,S,2002-04-18,JG,3,3,70,N,DIOR,M,A,42
2002,S,2002-04-18,JG,3,3,46,N,DIOR,M,A,53
2002,S,2002-04-18,JG,3,3,142,N,PGFL,M,A,7
2002,S,2002-04-18,JG,3,3,143,N,ONLE,M,A,20
2002,S,2002-04-18,JG,3,2,84,N,DIOR,M,A,50
2002,S,2002-04-18,JG,3,2,141,N,DISP,F,A,135
2002,S,2002-04-18,JG,3,2,83,N,SPSP,M,A,98
2002,S,2002-04-18,JG,3,2,43,N,DIOR,M,A,38
2002,S,2002-04-18,JG,3,2,41,N,DIOR,M,A,51
2002,S,2002-04-18,JG,3,2,39,N,DIOR,F,A,61
2002,S,2002-04-18,JG,3,2,23,N,DIOR,M,A,45
2002,S,2002-04-18,JG,3,1,37,N,DIOR,M,A,42
2002,S,2002-04-18,JG,3,1,67,N,DIOR,M,A,49
2002,S,2002-04-18,JG,3,1,84,N,SPSP,M,A,105
2002,S,2002-04-18,JG,3,1,80,N,DIOR,F,A,58
2002,S,2002-04-18,JG,3,1,10,N,DIOR,F,A,51
2003,S,2003-04-24,JG,2,1,90,N,DIOR,F,A,55
2003,S,2003-04-24,JG,2,1,107,N,DIOR,F,A,50
2003,S,2003-04-24,JG,2,1,103,N,DIOR,M,A,51
2003,S,2003-04-24,JG,2,1,58,N,DIOR,M,A,46
2003,S,2003-04-24,JG,2,1,28,N,DISP,M,A,180
2003,S,2003-04-24,JG,2,2,16,N,ONAR,F,A,35
2003,S,2003-04-24,JG,2,2,35,N,DIOR,F,A,55
2003,S,2003-04-24,JG,2,3,66,N,DIOR,F,A,46
2003,S,2003-04-24,JG,2,3,71,N,DIOR,M,A,52
2003,S,2003-04-25,JG,3,1,29,N,DIOR,F,A,46
2003,S,2003-04-25,JG,3,1,130,N,DIOR,F,A,67
2003,S,2003-04-25,JG,3,1,124,N,DIOR,M,A,54
2003,S,2003-04-25,JG,3,1,123,N,CHPE,M,A,15
2003,S,2003-04-25,JG,3,2,140,N,DISP,M,A,108
2003,S,2003-04-25,JG,3,2,8,N,SPSP,M,A,108
2003,S,2003-04-25,JG,3,3,83,N,DIOR,F,A,57
2003,S,2003-04-25,JG,3,3,46,N,DIOR,F,A,50
2003,S,2003-04-23,JG,1,1,115,N,DIOR,F,A,59
2003,S,2003-04-23,JG,1,1,120,N,DIOR,F,A,57
2003,S,2003-04-23,JG,1,1,130,N,DIOR,F,A,53
2003,S,2003-04-23,JG,1,1,123,N,DIOR,M,A,59
2003,S,2003-04-23,JG,1,1,144,N,DIOR,M,A,59
2003,S,2003-04-23,JG,1,1,11,N,CHPE,M,A,13
2003,S,2003-04-23,JG,1,1,10,N,DIOR,F,A,0
2003,S,2003-04-23,JG,1,1,6,N,DISP,F,A,134
2003,S,2003-04-23,JG,1,1,5,N,DIOR,F,A,58
2003,S,2003-04-23,JG,1,1,15,N,DISP,M,A,151
2003,S,2003-04-23,JG,1,1,33,N,DIOR,F,A,51
2003,S,2003-04-23,JG,1,1,59,N,SPSP,M,A,98
2003,S,2003-04-23,JG,1,1,57,N,DISP,F,A,128
2003,S,2003-04-23,JG,1,1,56,N,DIOR,NA,NA,0
2003,S,2003-04-23,JG,1,2,47,N,DIOR,M,A,0
2003,S,2003-04-23,JG,1,2,58,N,SPSP,F,A,117
2003,S,2003-04-23,JG,1,2,53,N,DIOR,F,A,0
2003,S,2003-04-23,JG,1,2,61,N,DIOR,F,A,52
2003,S,2003-04-23,JG,1,2,72,N,DISP,NA,J,75
2003,S,2003-04-23,JG,1,2,84,N,DIOR,M,A,60
2003,S,2003-04-23,JG,1,2,140,N,DIOR,M,A,61
2003,S,2003-04-23,JG,1,2,35,N,DIOR,M,A,57
2003,S,2003-04-23,JG,1,3,41,N,DISP,F,A,102
2003,S,2003-04-23,JG,1,3,59,N,DIOR,M,A,63
2003,S,2003-04-23,JG,1,3,65,N,DISP,M,A,132
2003,S,2003-04-23,JG,1,3,66,N,DIOR,NA,NA,0
2003,S,2003-04-23,JG,1,3,93,N,DIOR,F,A,68
2003,S,2003-04-23,JG,1,3,95,N,DIOR,M,A,52
2003,S,2003-04-23,JG,1,3,96,N,DIOR,F,A,0
2003,S,2003-04-23,JG,1,3,104,N,DISP,F,A,96
2003,S,2003-04-23,JG,1,3,126,N,DIOR,M,A,62
2003,S,2003-04-23,JG,1,3,129,N,DIOR,M,A,56
2003,S,2003-04-23,JG,1,3,120,N,DIOR,F,A,58
2003,S,2003-04-24,JG,2,1,11,N,ONLE,M,A,36
2003,S,2003-04-24,JG,2,1,10,N,ONLE,F,A,31
2003,S,2003-04-24,JG,2,2,94,N,DIOR,M,A,60
2003,S,2003-04-24,JG,2,2,77,N,DIOR,F,A,51
2003,S,2003-04-24,JG,2,3,6,N,DIOR,F,A,50
2003,S,2003-04-24,JG,2,3,58,N,DIOR,M,A,53
2003,S,2003-04-25,JG,3,1,74,N,ONLE,M,A,19
2003,S,2003-04-25,JG,3,1,108,N,DIOR,F,A,39
2003,S,2003-04-25,JG,3,1,107,N,DIOR,M,A,49
2003,S,2003-04-25,JG,3,2,120,N,DIOR,F,A,53
2003,S,2003-04-25,JG,3,2,116,N,DIOR,F,A,43
2003,S,2003-04-25,JG,3,3,68,N,DIOR,M,A,49
2003,S,2003-04-25,JG,3,3,60,N,DIOR,NA,NA,0
2003,S,2003-04-23,JG,1,1,93,N,ONLE,M,A,30
2003,S,2003-04-23,JG,1,1,108,N,DIOR,M,A,0
2003,S,2003-04-23,JG,1,1,105,N,DIOR,M,A,0
2003,S,2003-04-23,JG,1,1,103,N,CHPE,M,A,14
2003,S,2003-04-23,JG,1,1,70,N,DIOR,M,A,50
2003,S,2003-04-23,JG,1,1,78,N,DIOR,F,A,44
2003,S,2003-04-23,JG,1,1,80,N,DIOR,M,A,52
2003,S,2003-04-23,JG,1,1,53,N,CHPE,M,A,15
2003,S,2003-04-23,JG,1,1,54,N,DIOR,F,A,54
2003,S,2003-04-23,JG,1,2,94,N,DIOR,F,A,64
2003,S,2003-04-23,JG,1,2,120,N,DIOR,M,A,58
2003,S,2003-04-23,JG,1,2,132,N,DIOR,F,A,50
2003,S,2003-04-23,JG,1,2,85,N,DIOR,M,A,59
2003,S,2003-04-23,JG,1,2,89,N,DIOR,M,A,49
2003,S,2003-04-23,JG,1,2,94,N,DIOR,F,A,55
2003,S,2003-04-23,JG,1,3,36,N,DIOR,F,A,60
2003,S,2003-04-23,JG,1,3,135,N,DIOR,M,A,50
2003,S,2003-04-23,JG,1,3,136,N,DIOR,F,A,50
2003,S,2003-04-23,JG,1,3,139,N,DIOR,M,A,53
2003,S,2003-04-23,JG,1,3,144,N,DIOR,M,A,0
2003,S,2003-04-23,JG,1,3,12,N,DIOR,F,A,68
2003,S,2003-04-23,JG,1,3,16,N,DIOR,NA,NA,0
2003,S,2003-04-23,JG,1,3,6,N,ONLE,M,A,30
2003,S,2003-04-23,JG,1,3,113,N,DIOR,M,A,52
2003,S,2003-04-24,JG,2,1,70,N,DIOR,F,A,30
2003,S,2003-04-24,JG,2,1,71,N,DIOR,M,A,55
2003,S,2003-04-24,JG,2,1,80,N,DIOR,F,A,52
2003,S,2003-04-24,JG,2,1,79,N,ONLE,F,A,32
2003,S,2003-04-24,JG,2,1,15,N,ONLE,F,A,22
2003,S,2003-04-24,JG,2,2,120,N,DIOR,NA,NA,0
2003,S,2003-04-24,JG,2,3,115,N,DIOR,F,A,49
2003,S,2003-04-24,JG,2,3,45,N,DIOR,NA,NA,0
2003,S,2003-04-25,JG,3,1,12,N,DIOR,M,A,40
2003,S,2003-04-25,JG,3,2,22,N,DIOR,M,A,0
2003,S,2003-04-25,JG,3,3,144,N,DIOR,F,A,0
2004,S,2004-04-20,JG,1,1,77,N,CHPE,M,A,16
2004,S,2004-04-20,JG,1,1,79,N,DIOR,M,A,52
2004,S,2004-04-20,JG,1,1,80,N,DIOR,M,A,60
2004,S,2004-04-20,JG,1,1,131,N,CHPE,M,A,15
2004,S,2004-04-20,JG,1,2,63,N,DIOR,F,A,48
2004,S,2004-04-20,JG,1,2,66,N,CHPE,M,A,16
2004,S,2004-04-20,JG,1,2,67,N,DIOR,M,A,56
2004,S,2004-04-20,JG,1,2,48,N,CHPE,M,A,19
2004,S,2004-04-20,JG,1,2,47,N,CHPE,F,A,16
2004,S,2004-04-20,JG,1,2,45,N,CHPE,F,A,16
2004,S,2004-04-20,JG,1,2,41,N,DIOR,M,A,60
2004,S,2004-04-20,JG,1,3,70,N,DIOR,M,A,60
2004,S,2004-04-20,JG,1,3,71,N,DIOR,F,A,48
2004,S,2004-04-20,JG,1,3,59,N,ONLE,M,A,35
2004,S,2004-04-20,JG,1,3,39,N,DISP,M,A,129
2004,S,2004-04-21,JG,2,1,131,N,DIOR,F,A,0
2004,S,2004-04-21,JG,2,2,35,N,DIOR,F,A,57
2004,S,2004-04-21,JG,2,2,48,N,CHPE,M,A,18
2004,S,2004-04-21,JG,2,3,95,N,DIOR,F,A,62
2004,S,2004-04-21,JG,2,3,60,N,DISP,F,A,127
2004,S,2004-04-21,JG,2,3,36,N,CHPE,M,A,16
2004,S,2004-04-22,JG,3,2,108,N,CHPE,M,A,14
2004,S,2004-04-22,JG,3,2,70,N,PGFL,M,A,8
2004,S,2004-04-22,JG,3,3,22,N,SPSP,M,A,100
2004,S,2004-04-22,JG,3,3,24,N,PGFL,F,A,8
2004,S,2004-04-20,JG,1,1,108,N,DIOR,F,A,52
2004,S,2004-04-20,JG,1,1,127,N,DIOR,M,A,48
2004,S,2004-04-20,JG,1,1,132,N,ONLE,M,A,35
2004,S,2004-04-20,JG,1,2,108,N,DIOR,M,A,48
2004,S,2004-04-20,JG,1,2,94,N,DIME,M,A,46
2004,S,2004-04-20,JG,1,2,93,N,DIOR,M,A,51
2004,S,2004-04-20,JG,1,3,93,N,DIOR,M,A,0
2004,S,2004-04-20,JG,1,3,83,N,DIOR,M,A,50
2004,S,2004-04-20,JG,1,3,23,N,CHPE,M,A,17
2004,S,2004-04-20,JG,1,3,24,N,PGFL,M,A,8
2004,S,2004-04-21,JG,2,1,77,N,DIOR,M,A,55
2004,S,2004-04-21,JG,2,1,92,N,DIOR,F,A,45
2004,S,2004-04-21,JG,2,2,89,N,DISP,F,A,130
2004,S,2004-04-21,JG,2,3,78,N,DIOR,F,A,54
2004,S,2004-04-22,JG,3,1,57,N,SPSP,F,A,127
2004,S,2004-04-22,JG,3,3,1,N,DIOR,F,A,45
2004,S,2004-04-20,JG,1,1,70,N,DIOR,M,A,58
2004,S,2004-04-20,JG,1,1,68,N,DIOR,F,A,55
2004,S,2004-04-20,JG,1,1,67,N,DIOR,F,A,75
2004,S,2004-04-20,JG,1,1,50,N,DISP,NA,NA,0
2004,S,2004-04-20,JG,1,1,54,N,DISP,NA,J,78
2004,S,2004-04-20,JG,1,1,55,N,DISP,M,A,164
2004,S,2004-04-20,JG,1,1,57,N,ONLE,F,A,42
2004,S,2004-04-20,JG,1,1,31,N,DIOR,F,A,50
2004,S,2004-04-20,JG,1,1,33,N,DIOR,M,A,60
2004,S,2004-04-20,JG,1,1,34,N,CHPE,M,A,0
2004,S,2004-04-20,JG,1,1,17,N,CHPE,M,A,18
2004,S,2004-04-20,JG,1,1,10,N,DIOR,M,A,59
2004,S,2004-04-20,JG,1,1,12,N,DIOR,M,A,56
2004,S,2004-04-20,JG,1,1,141,N,DIOR,F,A,52
2004,S,2004-04-20,JG,1,1,136,N,CHPE,F,A,11
2004,S,2004-04-20,JG,1,2,131,N,DIOR,M,A,49
2004,S,2004-04-20,JG,1,2,129,N,DIOR,M,A,59
2004,S,2004-04-20,JG,1,2,128,N,SPSP,M,A,100
2004,S,2004-04-20,JG,1,2,141,N,DIOR,F,A,64
2004,S,2004-04-20,JG,1,2,144,N,SPSP,NA,NA,0
2004,S,2004-04-20,JG,1,2,23,N,DIOR,M,A,59
2004,S,2004-04-20,JG,1,2,22,N,DIOR,F,A,46
2004,S,2004-04-20,JG,1,2,90,N,DISP,M,A,160
2004,S,2004-04-20,JG,1,2,92,N,DIOR,M,A,55
2004,S,2004-04-20,JG,1,3,101,N,DIME,M,A,65
2004,S,2004-04-20,JG,1,3,113,N,CHPE,M,A,18
2004,S,2004-04-20,JG,1,3,118,N,CHPE,M,A,20
2004,S,2004-04-20,JG,1,3,130,N,PGFL,F,A,7
2004,S,2004-04-20,JG,1,3,139,N,DIOR,M,A,56
2004,S,2004-04-20,JG,1,3,143,N,CHPE,M,A,17
2004,S,2004-04-21,JG,2,1,68,N,CHPE,M,A,14
2004,S,2004-04-21,JG,2,1,54,N,DISP,NA,J,80
2004,S,2004-04-21,JG,2,1,48,N,DIOR,M,A,45
2004,S,2004-04-21,JG,2,2,134,N,DIOR,M,A,63
2004,S,2004-04-21,JG,2,2,138,N,DIOR,F,A,60
2004,S,2004-04-21,JG,2,2,141,N,DIOR,F,A,45
2004,S,2004-04-21,JG,2,2,72,N,DIOR,M,A,62
2004,S,2004-04-21,JG,2,2,145,N,DIOR,M,A,63
2004,S,2004-04-21,JG,2,3,101,N,CHPE,F,A,12
2004,S,2004-04-22,JG,3,1,2,N,DISP,M,A,156
2004,S,2004-04-22,JG,3,2,131,N,CHPE,M,A,20
2004,S,2004-04-22,JG,3,2,4,N,CHPE,F,A,17
2004,S,2004-04-22,JG,3,3,71,N,SPSP,M,A,95
2004,S,2004-04-22,JG,3,3,60,N,DIOR,F,A,59
2004,S,2004-04-22,JG,3,3,38,N,DISP,M,A,146
2005,S,2005-04-12,JG,1,1,3,N,CHPE,F,A,15
2005,S,2005-04-12,JG,1,1,56,N,DIOR,NA,J,30
2005,S,2005-04-12,JG,1,2,58,N,CHPE,F,A,15
2005,S,2005-04-12,JG,1,3,135,N,CHPE,F,A,16
2005,S,2005-04-12,JG,1,3,24,N,CHPE,M,A,14
2005,S,2005-04-12,JG,1,1,1,N,DISP,M,A,160
2005,S,2005-04-12,JG,1,1,11,N,DIOR,F,A,62
2005,S,2005-04-12,JG,1,1,24,N,DISP,F,A,160
2005,S,2005-04-12,JG,1,1,49,N,DIOR,M,A,57
2005,S,2005-04-12,JG,1,1,51,N,DISP,M,A,180
2005,S,2005-04-12,JG,1,1,59,N,DIOR,M,A,55
2005,S,2005-04-12,JG,1,1,72,N,DIOR,F,A,64
2005,S,2005-04-12,JG,1,1,65,N,DIOR,F,A,61
2005,S,2005-04-12,JG,1,2,47,N,DISP,M,A,155
2005,S,2005-04-12,JG,1,2,48,N,CHPE,M,A,20
2005,S,2005-04-12,JG,1,2,60,N,DIOR,M,A,58
2005,S,2005-04-12,JG,1,2,72,N,DIOR,F,A,64
2005,S,2005-04-12,JG,1,3,12,N,CHPE,M,A,16
2005,S,2005-04-12,JG,1,3,10,N,CHPE,M,A,15
2005,S,2005-04-12,JG,1,3,16,N,ONLE,M,A,48
2005,S,2005-04-12,JG,1,3,23,N,CHPE,F,A,17
2005,S,2005-04-12,JG,1,3,36,N,DIOR,M,A,62
2005,S,2005-04-13,JG,2,1,97,N,CHPE,M,A,17
2005,S,2005-04-13,JG,2,2,58,N,CHPE,M,A,18
2005,S,2005-04-13,JG,2,3,23,N,DIOR,M,A,55
2005,S,2005-04-13,JG,2,3,65,N,PGFL,M,A,8
2005,S,2005-04-13,JG,2,1,36,N,SPSP,M,A,104
2005,S,2005-04-13,JG,2,2,44,N,CHPE,F,A,15
2005,S,2005-04-13,JG,2,2,56,N,DIOR,F,A,60
2005,S,2005-04-13,JG,2,2,53,N,DIOR,M,A,55
2005,S,2005-04-13,JG,2,2,22,N,DIOR,F,A,63
2005,S,2005-04-13,JG,2,3,84,N,DIOR,F,A,58
2005,S,2005-04-13,JG,2,2,45,N,DISP,NA,NA,0
2005,S,2005-04-13,JG,2,3,28,N,PGFL,NA,NA,0
2005,S,2005-04-14,JG,3,2,79,N,CHPE,M,A,19
2005,S,2005-04-14,JG,3,3,65,N,PGFL,M,A,7
2005,S,2005-04-14,JG,3,1,32,N,SPSP,M,A,110
2005,S,2005-04-14,JG,3,2,70,N,DIOR,F,A,60
2005,S,2005-04-12,JG,1,1,77,N,DIOR,M,A,55
2005,S,2005-04-12,JG,1,1,79,N,DIOR,M,A,47
2005,S,2005-04-12,JG,1,1,80,N,ONLE,F,A,37
2005,S,2005-04-12,JG,1,1,84,N,DIOR,F,A,56
2005,S,2005-04-12,JG,1,1,96,N,DIOR,F,A,41
2005,S,2005-04-12,JG,1,1,108,N,DIOR,F,A,66
2005,S,2005-04-12,JG,1,2,143,N,DIOR,M,A,43
2005,S,2005-04-12,JG,1,2,90,N,DIOR,F,A,45
2005,S,2005-04-12,JG,1,2,65,N,DIOR,M,A,58
2005,S,2005-04-12,JG,1,2,66,N,CHPE,M,A,14
2005,S,2005-04-12,JG,1,3,112,N,CHPE,M,A,15
2005,S,2005-04-12,JG,1,3,113,N,DIOR,M,A,40
2005,S,2005-04-12,JG,1,3,129,N,DIOR,F,A,51
2005,S,2005-04-12,JG,1,3,127,N,DIOR,M,A,66
2005,S,2005-04-12,JG,1,3,123,N,PGFL,M,A,7
2005,S,2005-04-12,JG,1,3,38,N,DIOR,M,A,53
2005,S,2005-04-12,JG,1,3,39,N,PGFL,F,A,7
2005,S,2005-04-13,JG,2,2,90,N,DISP,NA,J,49
2005,S,2005-04-13,JG,2,2,94,N,DIOR,M,A,52
2005,S,2005-04-13,JG,2,2,96,N,DIOR,F,A,36
2005,S,2005-04-13,JG,2,2,35,N,DIOR,M,A,51
2005,S,2005-04-13,JG,2,2,36,N,CHPE,M,A,19
2005,S,2005-04-13,JG,2,3,59,N,CHPE,M,A,11
2005,S,2005-04-13,JG,2,3,145,N,ONLE,M,A,25
2005,S,2005-04-14,JG,3,1,55,N,SPSP,M,A,120
2005,S,2005-04-14,JG,3,1,57,N,SPSP,F,A,124
2005,S,2005-04-14,JG,3,2,6,N,DISP,M,A,163
2005,S,2005-04-14,JG,3,3,110,N,SIHI,NA,NA,0
2005,S,2005-04-14,JG,3,3,112,N,CHPE,M,A,15
2005,S,2005-04-14,JG,3,3,129,N,CHPE,F,A,14
2005,S,2005-04-12,JG,1,1,145,N,CHPE,M,A,18
2005,S,2005-04-12,JG,1,1,25,N,CHPE,F,A,14
2005,S,2005-04-12,JG,1,1,28,N,CHPE,M,A,18
2005,S,2005-04-12,JG,1,1,30,N,DIOR,F,A,55
2005,S,2005-04-12,JG,1,2,113,N,DIOR,M,A,64
2005,S,2005-04-12,JG,1,2,119,N,DIOR,F,A,0
2005,S,2005-04-12,JG,1,2,131,N,DIOR,F,A,63
2005,S,2005-04-12,JG,1,3,95,N,ONLE,M,A,25
2005,S,2005-04-12,JG,1,3,30,N,DISP,M,A,0
2005,S,2005-04-12,JG,1,3,134,N,DIOR,M,A,42
2005,S,2005-04-13,JG,2,1,132,N,PGFL,M,A,8
2005,S,2005-04-13,JG,2,2,111,N,ONLE,F,A,41
2005,S,2005-04-13,JG,2,2,114,N,DIOR,F,A,52
2005,S,2005-04-13,JG,2,2,120,N,DIOR,F,A,51
2005,S,2005-04-13,JG,2,3,88,N,CHPE,M,A,12
2005,S,2005-04-13,JG,2,3,91,N,PGFL,M,A,9
2005,S,2005-04-14,JG,3,1,108,N,DIOR,NA,NA,0
2005,S,2005-04-14,JG,3,1,115,N,CHPE,M,A,12
2005,S,2005-04-14,JG,3,2,21,N,DIOR,NA,J,32
1999,S,1999-04-14,JG,1,3,95,N,DIOR,M,A,56
1999,S,1999-04-14,JG,1,3,94,N,DIOR,F,A,55
1999,S,1999-04-14,JG,1,3,93,N,DIOR,M,A,61
1999,S,1999-04-14,JG,1,3,67,N,DIOR,F,A,57
1999,S,1999-04-14,JG,1,3,71,N,DIOR,F,A,61
1999,S,1999-04-14,JG,1,3,72,N,DIOR,M,A,52
1999,S,1999-04-14,JG,1,3,58,N,DIOR,M,A,54
1999,S,1999-04-14,JG,1,3,34,N,ONLE,F,A,34
1999,S,1999-04-14,JG,1,3,11,N,DIOR,M,A,58
1999,S,1999-04-14,JG,1,3,23,N,DIOR,M,A,56
1999,S,1999-04-14,JG,1,2,48,N,DIOR,M,A,57
1999,S,1999-04-14,JG,1,2,46,N,DIOR,M,A,56
1999,S,1999-04-14,JG,1,2,45,N,DISP,M,A,142
1999,S,1999-04-14,JG,1,2,39,N,DIOR,M,A,54
1999,S,1999-04-14,JG,1,2,115,N,DIOR,M,A,46
1999,S,1999-04-14,JG,1,2,117,N,ONLE,F,A,35
1999,S,1999-04-14,JG,1,2,119,N,DIOR,F,A,49
1999,S,1999-04-14,JG,1,2,103,N,DIOR,M,A,48
1999,S,1999-04-14,JG,1,2,104,N,DISP,F,A,124
1999,S,1999-04-14,JG,1,2,105,N,DIOR,F,A,56
1999,S,1999-04-14,JG,1,2,108,N,DIOR,M,A,54
1999,S,1999-04-14,JG,1,1,24,N,DIOR,M,A,46
1999,S,1999-04-14,JG,1,1,36,N,DIOR,F,A,56
1999,S,1999-04-14,JG,1,1,34,N,DISP,M,A,150
1999,S,1999-04-14,JG,1,1,33,N,DIOR,M,A,56
1999,S,1999-04-14,JG,1,1,32,N,DIOR,M,A,53
1999,S,1999-04-14,JG,1,1,28,N,DIOR,M,A,55
1999,S,1999-04-14,JG,1,1,3,N,DIOR,F,A,49
1999,S,1999-04-14,JG,1,1,4,N,DIOR,M,A,46
1999,S,1999-04-14,JG,1,1,5,N,SPSP,F,A,94
1999,S,1999-04-14,JG,1,1,10,N,DIOR,F,A,48
1999,S,1999-04-15,JG,2,3,95,N,DIOR,M,A,57
1999,S,1999-04-15,JG,2,3,92,N,DIOR,F,A,52
1999,S,1999-04-15,JG,2,2,47,N,DISP,M,A,134
1999,S,1999-04-15,JG,2,2,56,N,NEAL,M,A,152
1999,S,1999-04-15,JG,2,2,72,N,DIOR,M,A,52
1999,S,1999-04-15,JG,2,2,71,N,DIOR,F,A,60
1999,S,1999-04-15,JG,2,1,102,N,DIOR,NA,J,27
1999,S,1999-04-15,JG,2,1,120,N,DIOR,M,A,54
1999,S,1999-04-15,JG,2,1,119,N,SPSP,F,A,112
1999,S,1999-04-15,JG,2,1,116,N,DIOR,M,A,53
1999,S,1999-04-16,JG,3,3,80,N,SPSP,M,A,82
1999,S,1999-04-16,JG,3,3,65,N,DIOR,M,A,53
1999,S,1999-04-16,JG,3,3,58,N,NEMI,NA,NA,0
1999,S,1999-04-16,JG,3,3,46,N,ONLE,F,A,42
1999,S,1999-04-16,JG,3,2,22,N,SPSP,M,A,128
1999,S,1999-04-16,JG,3,2,4,N,ONLE,M,A,39
1999,S,1999-04-16,JG,3,2,10,N,DIOR,F,A,55
1999,S,1999-04-16,JG,3,2,143,N,SPSP,M,A,77
1999,S,1999-04-16,JG,3,2,141,N,DIOR,M,A,54
1999,S,1999-04-16,JG,3,2,130,N,DIOR,M,A,43
1999,S,1999-04-16,JG,3,2,132,N,DIOR,M,A,56
1999,S,1999-04-16,JG,3,1,48,N,DIOR,F,A,56
1999,S,1999-04-16,JG,3,1,29,N,ONLE,F,A,38
1999,S,1999-04-16,JG,3,1,32,N,SPSP,M,A,112
1999,S,1999-04-14,JG,1,3,82,N,DISP,M,A,121
1999,S,1999-04-14,JG,1,3,80,N,DIOR,F,A,51
1999,S,1999-04-14,JG,1,3,78,N,DIOR,M,A,58
1999,S,1999-04-14,JG,1,3,77,N,DIOR,M,A,56
1999,S,1999-04-14,JG,1,3,37,N,DIOR,M,A,57
1999,S,1999-04-14,JG,1,3,41,N,DIOR,M,A,48
1999,S,1999-04-14,JG,1,3,42,N,DIOR,M,A,49
1999,S,1999-04-14,JG,1,3,44,N,SPSP,M,A,118
1999,S,1999-04-14,JG,1,3,45,N,DIOR,F,A,52
1999,S,1999-04-14,JG,1,3,48,N,DISP,F,A,136
1999,S,1999-04-14,JG,1,3,19,N,DIOR,M,A,51
1999,S,1999-04-14,JG,1,2,35,N,DIOR,M,A,56
1999,S,1999-04-14,JG,1,2,29,N,DIOR,M,A,53
1999,S,1999-04-14,JG,1,2,10,N,DIOR,NA,NA,0
1999,S,1999-04-14,JG,1,2,11,N,NEAL,F,A,182
1999,S,1999-04-14,JG,1,2,144,N,DIOR,M,A,54
1999,S,1999-04-14,JG,1,2,143,N,NEAL,M,A,205
1999,S,1999-04-14,JG,1,2,141,N,DIOR,F,A,52
1999,S,1999-04-14,JG,1,2,139,N,DIOR,F,A,51
1999,S,1999-04-14,JG,1,2,138,N,DIOR,M,A,54
1999,S,1999-04-14,JG,1,2,94,N,DIOR,M,A,56
1999,S,1999-04-14,JG,1,2,90,N,DIOR,M,A,55
1999,S,1999-04-14,JG,1,2,89,N,DIOR,F,A,53
1999,S,1999-04-14,JG,1,2,65,N,DIOR,F,A,56
1999,S,1999-04-14,JG,1,1,60,N,DIOR,M,A,57
1999,S,1999-04-14,JG,1,1,54,N,DISP,M,A,156
1999,S,1999-04-14,JG,1,1,53,N,DISP,F,A,154
1999,S,1999-04-14,JG,1,1,97,N,DIOR,F,A,57
1999,S,1999-04-14,JG,1,1,102,N,DIOR,M,A,54
1999,S,1999-04-14,JG,1,1,106,N,DIOR,M,A,59
1999,S,1999-04-14,JG,1,1,107,N,DIOR,F,A,52
1999,S,1999-04-14,JG,1,1,120,N,DIOR,M,A,58
1999,S,1999-04-14,JG,1,1,114,N,DIOR,F,A,51
1999,S,1999-04-14,JG,1,1,140,N,DIOR,M,A,60
1999,S,1999-04-14,JG,1,1,144,N,SPSP,M,A,108
1999,S,1999-04-15,JG,2,3,107,N,SPSP,M,A,0
1999,S,1999-04-15,JG,2,3,127,N,DISP,M,A,122
1999,S,1999-04-15,JG,2,3,120,N,DIOR,M,A,52
1999,S,1999-04-15,JG,2,3,113,N,ONAR,M,A,38
1999,S,1999-04-15,JG,2,3,35,N,CHPE,F,A,14
1999,S,1999-04-15,JG,2,2,33,N,DIOR,M,A,59
1999,S,1999-04-15,JG,2,2,10,N,DISP,F,A,0
1999,S,1999-04-15,JG,2,2,136,N,DIOR,F,A,56
1999,S,1999-04-15,JG,2,2,96,N,DIOR,M,A,56
1999,S,1999-04-15,JG,2,2,83,N,DIOR,M,A,53
1999,S,1999-04-15,JG,2,1,60,N,DIOR,M,A,53
1999,S,1999-04-15,JG,2,1,59,N,SPSP,M,A,0
1999,S,1999-04-15,JG,2,1,58,N,SPSP,M,A,118
1999,S,1999-04-15,JG,2,1,57,N,DIOR,M,A,55
1999,S,1999-04-15,JG,2,1,123,N,DIOR,F,A,62
1999,S,1999-04-15,JG,2,1,131,N,DIOR,F,A,58
1999,S,1999-04-15,JG,2,1,132,N,SPSP,NA,J,63
1999,S,1999-04-16,JG,3,2,33,N,DIOR,F,A,54
1999,S,1999-04-16,JG,3,2,116,N,DIOR,M,A,54
1999,S,1999-04-16,JG,3,1,104,N,DIOR,M,A,53
1999,S,1999-04-16,JG,3,1,108,N,DIOR,F,A,54
1999,S,1999-04-16,JG,3,1,119,N,SPSP,M,A,102
1999,S,1999-04-16,JG,3,1,58,N,SPSP,M,A,98
1999,S,1999-04-14,JG,1,3,107,N,DIOR,M,A,62
1999,S,1999-04-14,JG,1,3,98,N,DIOR,M,A,61
1999,S,1999-04-14,JG,1,3,131,N,DIOR,F,A,59
1999,S,1999-04-14,JG,1,3,128,N,DIOR,F,A,60
1999,S,1999-04-14,JG,1,3,126,N,DISP,F,A,138
1999,S,1999-04-14,JG,1,3,138,N,ONLE,F,A,36
1999,S,1999-04-14,JG,1,3,142,N,DIOR,M,A,65
1999,S,1999-04-14,JG,1,3,143,N,DIOR,F,A,56
1999,S,1999-04-14,JG,1,2,20,N,SPSP,F,A,110
1999,S,1999-04-14,JG,1,2,17,N,DIOR,F,A,57
1999,S,1999-04-14,JG,1,2,15,N,DISP,NA,NA,0
1999,S,1999-04-14,JG,1,2,56,N,DIOR,F,A,57
1999,S,1999-04-14,JG,1,2,58,N,DIOR,F,A,59
1999,S,1999-04-14,JG,1,2,68,N,DISP,F,A,138
1999,S,1999-04-14,JG,1,2,67,N,DIOR,M,A,60
1999,S,1999-04-14,JG,1,2,66,N,DIOR,F,A,58
1999,S,1999-04-14,JG,1,1,72,N,DIOR,F,A,57
1999,S,1999-04-14,JG,1,1,145,N,DIOR,M,A,63
1999,S,1999-04-14,JG,1,1,75,N,DIOR,NA,NA,0
1999,S,1999-04-14,JG,1,1,80,N,DIOR,F,A,58
1999,S,1999-04-14,JG,1,1,126,N,DIOR,M,A,63
1999,S,1999-04-14,JG,1,1,130,N,SPSP,M,A,110
1999,S,1999-04-14,JG,1,1,132,N,DIOR,M,A,58
1999,S,1999-04-15,JG,2,3,70,N,DIOR,M,A,61
1999,S,1999-04-15,JG,2,3,46,N,DIOR,F,A,55
1999,S,1999-04-15,JG,2,2,21,N,SPSP,M,A,100
1999,S,1999-04-15,JG,2,2,105,N,SPSP,M,A,104
1999,S,1999-04-15,JG,2,2,120,N,ONLE,F,A,40
1999,S,1999-04-15,JG,2,2,107,N,NEAL,F,A,148
1999,S,1999-04-15,JG,2,1,41,N,DIOR,M,A,55
1999,S,1999-04-15,JG,2,1,22,N,DIOR,M,A,56
1999,S,1999-04-15,JG,2,1,24,N,SPSP,M,A,98
1999,S,1999-04-15,JG,2,1,36,N,SPSP,F,A,100
1999,S,1999-04-15,JG,2,1,12,N,DIOR,F,A,65
1999,S,1999-04-16,JG,3,3,107,N,SPSP,M,A,110
1999,S,1999-04-16,JG,3,3,10,N,SPSP,M,A,130
1999,S,1999-04-16,JG,3,3,141,N,DIOR,M,A,63
1999,S,1999-04-16,JG,3,2,83,N,DIOR,M,A,56
1999,S,1999-04-16,JG,3,2,96,N,DISP,F,A,144
1999,S,1999-04-16,JG,3,2,94,N,DIOR,F,A,59
1999,S,1999-04-16,JG,3,2,90,N,DIOR,M,A,60
1999,S,1999-04-16,JG,3,1,79,N,DIOR,F,A,57
1999,S,1999-04-16,JG,3,1,81,N,SPSP,F,A,102
2006,F,2006-11-14,JC,1,1,6,N,ONAR,M,A,17
2006,F,2006-11-14,JC,1,1,8,N,DIME,F,A,37
2006,F,2006-11-14,JC,1,1,9,N,DIME,M,A,51
2006,F,2006-11-14,JC,1,1,12,N,DIME,F,A,39
2006,F,2006-11-14,JC,1,1,24,N,DIME,M,A,47
2006,F,2006-11-14,JC,1,1,34,N,DIME,M,A,46
2006,F,2006-11-14,JC,1,1,40,N,DIME,M,A,47
2006,F,2006-11-14,JC,1,1,46,N,DIME,M,A,41
2006,F,2006-11-14,JC,1,1,58,N,DIME,M,A,49
2006,F,2006-11-14,JC,1,1,63,N,CHPE,F,A,14
2006,F,2006-11-14,JC,1,1,66,N,MUMU,F,A,14
2006,F,2006-11-14,JC,1,1,67,N,DIME,M,A,48
2006,F,2006-11-14,JC,1,1,70,N,DIME,F,A,19
2006,F,2006-11-14,JC,1,1,71,N,DIME,M,A,23
2006,F,2006-11-14,JC,1,1,82,N,DIME,F,A,51
2006,F,2006-11-14,JC,1,1,83,N,DIME,M,A,55
2006,F,2006-11-14,JC,1,1,87,N,DIME,NA,J,34
2006,F,2006-11-14,JC,1,1,95,N,ONAR,M,A,17
2006,F,2006-11-14,JC,1,1,96,N,DIME,F,A,54
2006,F,2006-11-14,JC,1,1,98,N,DIME,NA,J,24
2006,F,2006-11-14,JC,1,1,103,N,DIME,M,A,50
2006,F,2006-11-14,JC,1,1,109,N,DIME,F,A,42
2006,F,2006-11-14,JC,1,1,113,N,SPSP,M,A,95
2006,F,2006-11-14,JC,1,1,116,N,SIHI,NA,J,35
2006,F,2006-11-14,JC,1,1,120,N,DIME,F,A,43
2006,F,2006-11-14,JC,1,1,128,N,DIME,F,A,44
2006,F,2006-11-14,JC,1,1,132,N,DIME,F,A,48
2006,F,2006-11-14,JC,1,1,137,N,DIME,M,A,52
2006,F,2006-11-14,JC,1,1,138,N,SIHI,M,A,0
2006,F,2006-11-14,JC,1,1,139,N,DIME,NA,J,29
2006,F,2006-11-14,JC,1,1,142,N,DIME,F,A,45
2006,F,2006-11-14,JC,1,2,1,N,PELE,M,A,20
2006,F,2006-11-14,JC,1,2,3,N,DIME,M,A,48
2006,F,2006-11-14,JC,1,2,8,N,DIME,F,A,42
2006,F,2006-11-14,JC,1,2,11,N,DIME,M,A,46
2006,F,2006-11-14,JC,1,2,15,N,PGFL,F,A,8
2006,F,2006-11-14,JC,1,2,18,N,DIME,M,A,48
2006,F,2006-11-14,JC,1,2,24,N,CHPE,F,A,12
2006,F,2006-11-14,JC,1,2,34,N,DIME,M,A,49
2006,F,2006-11-14,JC,1,2,38,N,DIME,F,A,29
2006,F,2006-11-14,JC,1,2,39,N,ONAR,F,A,21
2006,F,2006-11-14,JC,1,2,43,N,DIME,F,A,41
2006,F,2006-11-14,JC,1,2,47,N,PEER,F,A,26
2006,F,2006-11-14,JC,1,2,124,N,ONAR,F,A,21
2006,F,2006-11-14,JC,1,2,127,N,DIME,M,A,43
2006,F,2006-11-14,JC,1,2,130,N,DIME,M,A,43
2006,F,2006-11-14,JC,1,2,132,N,DIME,M,A,46
2006,F,2006-11-14,JC,1,2,138,N,SPSP,M,A,90
2006,F,2006-11-14,JC,1,2,143,N,DIME,M,A,44
2006,F,2006-11-14,JC,1,2,55,N,SIHI,NA,J,22
2006,F,2006-11-14,JC,1,2,57,N,DIME,M,A,49
2006,F,2006-11-14,JC,1,2,58,N,DIME,M,A,38
2006,F,2006-11-14,JC,1,2,76,N,DIME,F,A,46
2006,F,2006-11-14,JC,1,2,80,N,ONAR,M,A,24
2006,F,2006-11-14,JC,1,2,88,N,DIME,NA,J,36
2006,F,2006-11-14,JC,1,2,94,N,DIME,F,A,46
2006,F,2006-11-14,JC,1,2,96,N,DIME,M,A,50
2006,F,2006-11-14,JC,1,2,100,N,PGFL,M,A,8
2006,F,2006-11-14,JC,1,2,102,N,DIME,M,A,48
2006,F,2006-11-14,JC,1,2,105,N,DIME,M,A,47
2006,F,2006-11-14,JC,1,2,107,N,DIME,NA,J,35
2006,F,2006-11-14,JC,1,2,117,N,DIME,NA,J,32
2006,F,2006-11-14,JC,1,3,39,N,ONAR,F,A,18
2006,F,2006-11-14,JC,1,3,41,N,DIME,F,A,46
2006,F,2006-11-14,JC,1,3,46,N,DIME,M,A,45
2006,F,2006-11-14,JC,1,3,60,N,DIME,F,A,40
2006,F,2006-11-14,JC,1,3,64,N,DIME,F,A,30
2006,F,2006-11-14,JC,1,3,65,N,DIME,M,A,50
2006,F,2006-11-14,JC,1,3,69,N,PELE,M,A,19
2006,F,2006-11-14,JC,1,3,70,N,DIME,F,A,45
2006,F,2006-11-14,JC,1,3,71,N,DIME,M,A,40
2006,F,2006-11-14,JC,1,3,72,N,DIME,M,A,45
2006,F,2006-11-14,JC,1,3,74,N,PEER,M,A,26
2006,F,2006-11-14,JC,1,3,75,N,ONAR,F,A,14
2006,F,2006-11-14,JC,1,3,76,N,DIME,M,A,30
2006,F,2006-11-14,JC,1,3,78,N,DIME,M,A,45
2006,F,2006-11-14,JC,1,3,79,N,DIME,M,A,48
2006,F,2006-11-14,JC,1,3,81,N,MUMU,M,A,10
2006,F,2006-11-14,JC,1,3,86,N,DIOR,F,A,44
2006,F,2006-11-14,JC,1,3,91,N,MUMU,M,A,11
2006,F,2006-11-14,JC,1,3,93,N,PELE,F,A,21
2006,F,2006-11-14,JC,1,3,99,N,SIHI,M,A,105
2006,F,2006-11-14,JC,1,3,102,N,NEAL,F,A,0
2006,F,2006-11-14,JC,1,3,104,N,SIHI,F,A,56
2006,F,2006-11-14,JC,1,3,105,N,SIHI,M,A,105
2006,F,2006-11-14,JC,1,3,106,N,MUMU,F,A,14
2006,F,2006-11-14,JC,1,3,119,N,DIME,M,A,20
2006,F,2006-11-14,JC,1,3,6,N,DIME,F,A,43
2006,F,2006-11-14,JC,1,3,10,N,CHPE,F,A,13
2006,F,2006-11-14,JC,1,3,12,N,DIME,F,A,44
2006,F,2006-11-14,JC,1,3,13,N,CHPE,M,A,16
2006,F,2006-11-14,JC,1,3,17,N,DIME,M,A,54
2006,F,2006-11-14,JC,1,3,19,N,SPSP,F,A,90
2006,F,2006-11-14,JC,1,3,20,N,DIME,M,A,47
2006,F,2006-11-14,JC,1,3,22,N,DIME,F,A,44
2006,F,2006-11-14,JC,1,3,30,N,DIME,F,A,36
2006,F,2006-11-14,JC,1,3,31,N,DIME,F,A,53
2006,F,2006-11-14,JC,1,3,32,N,CHPE,M,A,15
2006,F,2006-11-14,JC,1,3,36,N,DIME,M,A,56
2006,F,2006-11-14,JC,1,3,121,N,DIME,F,A,45
2006,F,2006-11-14,JC,1,3,122,N,NEAL,M,A,99
2006,F,2006-11-14,JC,1,3,131,N,DIME,M,A,45
2006,F,2006-11-14,JC,1,3,134,N,PEER,F,A,34
2006,F,2006-11-14,JC,1,3,135,N,NEAL,M,A,235
2006,F,2006-11-14,JC,1,3,139,N,DIME,M,A,51
2006,F,2006-11-14,JC,1,3,141,N,DIME,M,A,49
2006,F,2006-11-14,JC,1,3,144,N,CHPE,M,A,14
2006,F,2006-11-15,JC,2,1,19,N,DIME,F,A,42
2006,F,2006-11-15,JC,2,1,59,N,DIME,M,A,40
2006,F,2006-11-15,JC,2,1,109,N,PELE,M,A,22
2006,F,2006-11-15,JC,2,1,136,N,CHPE,M,A,12
2006,F,2006-11-15,JC,2,1,63,N,DIME,NA,J,8
2006,F,2006-11-15,JC,2,1,66,N,DIME,F,A,34
2006,F,2006-11-15,JC,2,1,71,N,DIME,M,A,43
2006,F,2006-11-15,JC,2,1,83,N,DIME,M,A,44
2006,F,2006-11-15,JC,2,1,95,N,DIME,M,A,48
2006,F,2006-11-15,JC,2,1,116,N,SIHI,NA,J,37
2006,F,2006-11-15,JC,2,1,118,N,DIME,M,A,51
2006,F,2006-11-15,JC,2,1,120,N,CHPE,M,A,14
2006,F,2006-11-15,JC,2,2,1,N,PEMA,M,A,20
2006,F,2006-11-15,JC,2,2,5,N,DIME,M,A,38
2006,F,2006-11-15,JC,2,2,22,N,ONAR,M,A,18
2006,F,2006-11-15,JC,2,2,53,N,CHPE,M,A,8
2006,F,2006-11-15,JC,2,2,56,N,SIHI,M,A,40
2006,F,2006-11-15,JC,2,2,59,N,MUMU,M,A,11
2006,F,2006-11-15,JC,2,2,37,N,CHPE,M,A,0
2006,F,2006-11-15,JC,2,2,48,N,SIHI,NA,NA,0
2006,F,2006-11-15,JC,2,2,61,N,CHPE,M,A,16
2006,F,2006-11-15,JC,2,2,67,N,DIOR,M,A,70
2006,F,2006-11-15,JC,2,2,81,N,SIHI,M,A,20
2006,F,2006-11-15,JC,2,2,83,N,DIME,F,A,44
2006,F,2006-11-15,JC,2,2,84,N,DIME,M,A,24
2006,F,2006-11-15,JC,2,2,94,N,DIME,M,A,33
2006,F,2006-11-15,JC,2,2,99,N,CHPE,M,A,16
2006,F,2006-11-15,JC,2,2,106,N,DIME,NA,J,33
2006,F,2006-11-15,JC,2,2,119,N,DIME,M,A,50
2006,F,2006-11-15,JC,2,3,74,N,PEMA,M,A,20
2006,F,2006-11-15,JC,2,3,82,N,MUMU,M,A,10
2006,F,2006-11-15,JC,2,3,83,N,DIME,M,A,51
2006,F,2006-11-15,JC,2,3,86,N,CHPE,F,A,11
2006,F,2006-11-15,JC,2,3,89,N,MUMU,M,A,10
2006,F,2006-11-15,JC,2,3,90,N,SIHI,M,A,40
2006,F,2006-11-15,JC,2,3,92,N,PEMA,M,A,20
2006,F,2006-11-15,JC,2,3,93,N,PEMA,F,A,21
2006,F,2006-11-15,JC,2,3,95,N,DIME,M,A,42
2006,F,2006-11-15,JC,2,3,104,N,SIHI,F,A,105
2006,F,2006-11-15,JC,2,3,105,N,SIHI,F,A,40
2006,F,2006-11-15,JC,2,3,133,N,CHPE,F,A,13
2006,F,2006-11-15,JC,2,3,134,N,PEER,M,A,23
2006,F,2006-11-15,JC,2,3,137,N,CHPE,F,A,12
2006,F,2006-11-15,JC,2,3,5,N,CHPE,M,A,11
2006,F,2006-11-15,JC,2,3,12,N,DIME,M,A,40
2006,F,2006-11-15,JC,2,3,22,N,DIME,M,A,51
2006,F,2006-11-15,JC,2,3,24,N,CHPE,M,A,11
2006,F,2006-11-15,JC,2,3,29,N,DIME,F,A,40
2006,F,2006-11-15,JC,2,3,30,N,DIME,F,A,0
2006,F,2006-11-15,JC,2,3,34,N,DIME,M,A,34
2006,F,2006-11-15,JC,2,3,37,N,DIME,F,A,52
2006,F,2006-11-15,JC,2,3,41,N,DIME,F,A,42
2006,F,2006-11-15,JC,2,3,42,N,DIME,F,A,42
2006,F,2006-11-15,JC,2,3,56,N,SPSP,NA,J,65
2006,F,2006-11-15,JC,2,3,66,N,CHPE,F,A,16
2006,F,2006-11-15,JC,2,3,124,N,SIHI,F,A,72
2006,F,2006-11-15,JC,2,3,132,N,SPSP,F,A,92
2006,F,2006-11-15,JC,2,3,144,N,ONAR,F,A,11
2006,F,2006-11-16,JC,3,1,9,N,PEMA,M,A,12
2006,F,2006-11-16,JC,3,1,18,N,MUMU,F,A,12
2006,F,2006-11-16,JC,3,1,24,N,DIME,F,A,40
2006,F,2006-11-16,JC,3,1,65,N,CHPE,NA,J,8
2006,F,2006-11-16,JC,3,1,69,N,SPSP,M,A,0
2006,F,2006-11-16,JC,3,1,98,N,DIME,NA,J,24
2006,F,2006-11-16,JC,3,1,103,N,DIME,F,A,45
2006,F,2006-11-16,JC,3,1,120,N,PGFL,M,A,8
2006,F,2006-11-16,JC,3,1,138,N,SIHI,M,A,104
2006,F,2006-11-16,JC,3,2,28,N,MUMU,M,A,10
2006,F,2006-11-16,JC,3,2,34,N,DIME,F,A,42
2006,F,2006-11-16,JC,3,2,47,N,SIHI,NA,J,47
2006,F,2006-11-16,JC,3,2,48,N,SIHI,F,A,120
2006,F,2006-11-16,JC,3,2,56,N,SIHI,NA,J,41
2006,F,2006-11-16,JC,3,2,69,N,DIME,M,A,30
2006,F,2006-11-16,JC,3,2,72,N,DIME,M,A,41
2006,F,2006-11-16,JC,3,2,79,N,SIHI,F,A,100
2006,F,2006-11-16,JC,3,2,99,N,DIME,M,A,52
2006,F,2006-11-16,JC,3,2,117,N,NEMI,NA,J,122
2006,F,2006-11-16,JC,3,2,132,N,DIME,NA,J,26
2006,F,2006-11-16,JC,3,3,9,N,DIME,F,A,40
2006,F,2006-11-16,JC,3,3,16,N,DIME,F,A,41
2006,F,2006-11-16,JC,3,3,17,N,DIME,NA,J,20
2006,F,2006-11-16,JC,3,3,51,N,DIME,NA,J,12
2006,F,2006-11-16,JC,3,3,58,N,DIME,M,A,46
2006,F,2006-11-16,JC,3,3,61,N,PEER,F,A,21
2006,F,2006-11-16,JC,3,3,63,N,DIME,M,A,45
2006,F,2006-11-16,JC,3,3,72,N,DIME,F,A,40
2006,F,2006-11-16,JC,3,3,118,N,DIME,M,A,40
2006,F,2006-11-16,JC,3,3,82,N,PELE,M,A,11
2006,F,2006-11-16,JC,3,3,98,N,DIOR,M,A,43
2006,F,2006-11-16,JC,3,3,101,N,SIHI,F,A,56
2006,F,2006-11-16,JC,3,3,104,N,SIHI,M,A,109
2006,F,2006-11-16,JC,3,3,105,N,SIHI,F,A,58
2006,F,2006-11-16,JC,3,3,107,N,DIME,F,A,27
2006,F,2006-11-17,JG,1,1,108,N,DIOR,M,A,59
2006,F,2006-11-17,JG,1,1,122,N,DISP,M,A,150
2006,F,2006-11-17,JG,1,1,123,N,DISP,F,A,126
2006,F,2006-11-17,JG,1,2,64,N,ONLE,M,A,41
2006,F,2006-11-17,JG,1,2,96,N,SPSP,F,A,110
2006,F,2006-11-17,JG,1,3,123,N,DIOR,M,A,56
2006,F,2006-11-17,JG,1,3,128,N,CHPE,F,A,10
2006,F,2006-11-18,JG,2,1,4,N,SPSP,M,A,0
2006,F,2006-11-18,JG,2,1,77,N,DIOR,F,A,30
2006,F,2006-11-18,JG,2,2,72,N,DISP,F,A,124
2006,F,2006-11-18,JG,2,2,76,N,DIOR,M,A,65
2006,F,2006-11-18,JG,2,2,89,N,DISP,F,A,110
2006,F,2006-11-18,JG,2,2,103,N,SPSP,F,A,82
2006,F,2006-11-18,JG,2,3,25,N,CHPE,M,A,17
2006,F,2006-11-18,JG,2,3,36,N,SPSP,NA,J,58
2006,F,2006-11-18,JG,2,3,143,N,CHPE,M,A,6
2006,F,2006-11-19,JG,3,1,55,N,DIOR,M,A,65
2006,F,2006-11-19,JG,3,2,53,N,CHPE,M,A,14
2006,F,2006-11-19,JG,3,2,140,N,DIOR,F,A,59
2006,F,2006-11-19,JG,3,3,20,N,DIME,M,A,46
2006,F,2006-11-19,JG,3,3,131,N,DIOR,F,A,62
2006,F,2006-11-19,JG,3,3,142,N,CHPE,F,A,10
2006,F,2006-11-19,JG,3,3,144,N,DISP,M,A,140
2007,F,2007-10-09,JC,1,1,12,N,DIME,M,A,48
2007,F,2007-10-09,JC,1,1,26,N,DIME,NA,J,36
2007,F,2007-10-09,JC,1,1,29,N,PGFL,NA,J,6
2007,F,2007-10-09,JC,1,1,85,N,PELE,M,A,13
2007,F,2007-10-09,JC,1,1,94,N,DIME,M,A,48
2007,F,2007-10-09,JC,1,1,95,N,DIME,F,A,46
2007,F,2007-10-09,JC,1,1,98,N,PELE,M,A,21
2007,F,2007-10-09,JC,1,1,99,N,DIME,M,A,46
2007,F,2007-10-09,JC,1,1,102,N,PELE,M,A,21
2007,F,2007-10-09,JC,1,1,103,N,DIME,F,A,40
2007,F,2007-10-09,JC,1,1,107,N,DIME,M,A,43
2007,F,2007-10-09,JC,1,1,109,N,SIHI,NA,J,51
2007,F,2007-10-09,JC,1,1,113,N,NEMI,M,A,165
2007,F,2007-10-09,JC,1,1,116,N,SIHI,NA,J,42
2007,F,2007-10-09,JC,1,1,117,N,SIHI,NA,J,46
2007,F,2007-10-09,JC,1,1,118,N,DIME,NA,J,33
2007,F,2007-10-09,JC,1,1,120,N,DIME,M,A,43
2007,F,2007-10-09,JC,1,1,122,N,DIME,M,A,42
2007,F,2007-10-09,JC,1,1,125,N,PELE,M,A,17
2007,F,2007-10-09,JC,1,1,128,N,DIME,NA,J,36
2007,F,2007-10-09,JC,1,1,131,N,DIME,NA,J,35
2007,F,2007-10-09,JC,1,1,132,N,NEMI,NA,NA,230
2007,F,2007-10-09,JC,1,1,138,N,SIHI,NA,NA,0
2007,F,2007-10-09,JC,1,1,139,N,DIME,M,A,35
2007,F,2007-10-09,JC,1,1,141,N,DIME,M,A,41
2007,F,2007-10-09,JC,1,1,142,N,DIME,M,A,47
2007,F,2007-10-09,JC,1,1,143,N,DIME,M,A,48
2007,F,2007-10-09,JC,1,1,144,N,DIME,NA,J,35
2007,F,2007-10-09,JC,1,1,145,N,ONAR,M,A,21
2007,F,2007-10-09,JC,1,1,4,N,PELE,M,A,19
2007,F,2007-10-09,JC,1,1,6,N,DIME,M,A,37
2007,F,2007-10-09,JC,1,1,8,N,PELE,NA,J,14
2007,F,2007-10-09,JC,1,1,18,N,SIHI,M,A,68
2007,F,2007-10-09,JC,1,1,19,N,SIHI,NA,J,75
2007,F,2007-10-09,JC,1,1,21,N,PELE,M,A,16
2007,F,2007-10-09,JC,1,1,22,N,DIME,M,A,40
2007,F,2007-10-09,JC,1,1,24,N,SIHI,NA,A,70
2007,F,2007-10-09,JC,1,1,31,N,NEMI,F,A,120
2007,F,2007-10-09,JC,1,1,32,N,DIME,M,A,51
2007,F,2007-10-09,JC,1,1,34,N,DIME,F,A,45
2007,F,2007-10-09,JC,1,1,36,N,PELE,M,A,18
2007,F,2007-10-09,JC,1,1,37,N,PGFL,M,A,8
2007,F,2007-10-09,JC,1,1,42,N,PGFL,NA,J,7
2007,F,2007-10-09,JC,1,1,43,N,ONAR,NA,J,22
2007,F,2007-10-09,JC,1,1,44,N,PELE,NA,J,15
2007,F,2007-10-09,JC,1,1,45,N,DIME,M,A,45
2007,F,2007-10-09,JC,1,1,52,N,DIME,NA,J,35
2007,F,2007-10-09,JC,1,1,28,N,NA,NA,NA,0
2007,F,2007-10-09,JC,1,1,55,N,CHPE,M,A,15
2007,F,2007-10-09,JC,1,1,56,N,DIME,M,A,48
2007,F,2007-10-09,JC,1,1,57,N,DIME,F,A,43
2007,F,2007-10-09,JC,1,1,58,N,DIME,M,A,39
2007,F,2007-10-09,JC,1,1,59,N,ONAR,NA,J,19
2007,F,2007-10-09,JC,1,1,65,N,DIME,F,A,45
2007,F,2007-10-09,JC,1,1,68,N,PGFL,M,A,7
2007,F,2007-10-09,JC,1,1,69,N,DIME,M,A,51
2007,F,2007-10-09,JC,1,1,70,N,DIME,M,A,44
2007,F,2007-10-09,JC,1,1,71,N,ONAR,M,A,28
2007,F,2007-10-09,JC,1,1,75,N,DIME,M,A,37
2007,F,2007-10-09,JC,1,1,76,N,DIME,M,A,42
2007,F,2007-10-09,JC,1,1,77,N,PELE,F,A,25
2007,F,2007-10-09,JC,1,1,79,N,DIME,NA,NA,0
2007,F,2007-10-09,JC,1,1,80,N,DIME,M,A,36
2007,F,2007-10-09,JC,1,1,83,N,ONAR,M,A,20
2007,F,2007-10-09,JC,1,1,84,N,PGFL,M,A,6
2007,F,2007-10-09,JC,1,2,18,N,DIME,M,A,42
2007,F,2007-10-09,JC,1,2,22,N,DIME,M,A,46
2007,F,2007-10-09,JC,1,2,23,N,DIME,M,A,40
2007,F,2007-10-09,JC,1,2,24,N,NEMI,M,A,128
2007,F,2007-10-09,JC,1,2,32,N,PELE,M,A,22
2007,F,2007-10-09,JC,1,2,33,N,PELE,M,A,16
2007,F,2007-10-09,JC,1,2,34,N,CHPE,M,A,14
2007,F,2007-10-09,JC,1,2,36,N,DIME,M,A,40
2007,F,2007-10-09,JC,1,2,39,N,PELE,M,A,21
2007,F,2007-10-09,JC,1,2,40,N,SIHI,NA,J,40
2007,F,2007-10-09,JC,1,2,41,N,PELE,F,A,33
2007,F,2007-10-09,JC,1,2,42,N,CHPE,M,A,14
2007,F,2007-10-09,JC,1,2,45,N,DIME,M,A,45
2007,F,2007-10-09,JC,1,2,46,N,CHPE,M,A,18
2007,F,2007-10-09,JC,1,2,50,N,NEMI,M,A,0
2007,F,2007-10-09,JC,1,2,53,N,DIOR,M,A,57
2007,F,2007-10-09,JC,1,2,56,N,SIHI,F,A,77
2007,F,2007-10-09,JC,1,2,59,N,DIME,F,A,45
2007,F,2007-10-09,JC,1,2,60,N,ONAR,M,A,22
2007,F,2007-10-09,JC,1,2,74,N,PGFL,M,A,9
2007,F,2007-10-09,JC,1,2,79,N,ONAR,M,A,23
2007,F,2007-10-09,JC,1,2,82,N,SIHI,F,A,68
2007,F,2007-10-09,JC,1,2,83,N,PELE,F,A,20
2007,F,2007-10-09,JC,1,2,86,N,PGFL,M,A,6
2007,F,2007-10-09,JC,1,2,89,N,PGFL,NA,J,6
2007,F,2007-10-09,JC,1,2,91,N,DIME,M,A,42
2007,F,2007-10-09,JC,1,2,92,N,PELE,M,A,18
2007,F,2007-10-09,JC,1,2,94,N,DIME,M,A,38
2007,F,2007-10-09,JC,1,2,95,N,ONAR,NA,NA,0
2007,F,2007-10-09,JC,1,2,96,N,PGFL,F,A,7
2007,F,2007-10-09,JC,1,2,99,N,PELE,M,A,18
2007,F,2007-10-09,JC,1,2,100,N,ONAR,F,A,18
2007,F,2007-10-09,JC,1,2,101,N,ONAR,M,A,18
2007,F,2007-10-09,JC,1,2,102,N,NEMI,F,A,0
2007,F,2007-10-09,JC,1,2,107,N,DIME,F,A,37
2007,F,2007-10-09,JC,1,2,116,N,PGFL,F,A,7
2007,F,2007-10-09,JC,1,2,118,N,SIHI,M,A,76
2007,F,2007-10-09,JC,1,2,120,N,DIME,M,A,37
2007,F,2007-10-09,JC,1,2,123,N,PGFL,M,A,7
2007,F,2007-10-09,JC,1,2,124,N,DIME,M,A,45
2007,F,2007-10-09,JC,1,2,125,N,SIHI,NA,J,46
2007,F,2007-10-09,JC,1,2,128,N,DIME,F,A,45
2007,F,2007-10-09,JC,1,2,132,N,DIME,M,A,42
2007,F,2007-10-09,JC,1,2,4,N,SIHI,NA,J,40
2007,F,2007-10-09,JC,1,2,10,N,DIME,M,A,45
2007,F,2007-10-09,JC,1,2,11,N,PELE,NA,J,14
2007,F,2007-10-09,JC,1,2,12,N,NEAL,NA,J,135
2007,F,2007-10-09,JC,1,2,58,N,NEMI,NA,NA,0
2007,F,2007-10-09,JC,1,2,61,N,DIME,F,A,42
2007,F,2007-10-09,JC,1,2,64,N,PGFL,M,A,7
2007,F,2007-10-09,JC,1,2,65,N,PELE,NA,NA,0
2007,F,2007-10-09,JC,1,2,67,N,CHPE,M,A,14
2007,F,2007-10-09,JC,1,2,68,N,NEAL,NA,NA,0
2007,F,2007-10-09,JC,1,2,69,N,DIME,M,A,40
2007,F,2007-10-09,JC,1,2,70,N,NEAL,M,A,0
2007,F,2007-10-09,JC,1,2,72,N,DIME,M,A,38
2007,F,2007-10-09,JC,1,2,73,N,CHPE,M,A,14
2007,F,2007-10-09,JC,1,2,84,N,PELE,F,A,14
2007,F,2007-10-09,JC,1,2,138,N,PGFL,M,A,7
2007,F,2007-10-09,JC,1,2,139,N,PELE,M,A,21
2007,F,2007-10-09,JC,1,2,144,N,SIHI,NA,J,44
2007,F,2007-10-09,JC,1,3,8,N,NEMI,F,A,208
2007,F,2007-10-09,JC,1,3,10,N,NEAL,M,A,230
2007,F,2007-10-09,JC,1,3,11,N,DIME,F,A,47
2007,F,2007-10-09,JC,1,3,16,N,PGFL,NA,J,6
2007,F,2007-10-09,JC,1,3,20,N,DIME,F,A,49
2007,F,2007-10-09,JC,1,3,23,N,SPSP,M,A,98
2007,F,2007-10-09,JC,1,3,55,N,PGFL,M,A,7
2007,F,2007-10-09,JC,1,3,56,N,DIME,M,A,42
2007,F,2007-10-09,JC,1,3,60,N,DIME,M,A,44
2007,F,2007-10-09,JC,1,3,62,N,ONAR,M,A,23
2007,F,2007-10-09,JC,1,3,64,N,PGFL,M,A,6
2007,F,2007-10-09,JC,1,3,70,N,CHPE,M,A,13
2007,F,2007-10-09,JC,1,3,72,N,NEMI,F,A,185
2007,F,2007-10-09,JC,1,3,99,N,ONAR,M,A,18
2007,F,2007-10-09,JC,1,3,102,N,PGFL,NA,J,5
2007,F,2007-10-09,JC,1,3,104,N,SIHI,M,A,54
2007,F,2007-10-09,JC,1,3,105,N,SIHI,F,A,65
2007,F,2007-10-09,JC,1,3,106,N,SIHI,NA,J,41
2007,F,2007-10-09,JC,1,3,107,N,SIHI,NA,J,29
2007,F,2007-10-09,JC,1,3,109,N,ONAR,M,A,29
2007,F,2007-10-09,JC,1,3,113,N,SIHI,NA,J,38
2007,F,2007-10-09,JC,1,3,114,N,SIHI,F,A,63
2007,F,2007-10-09,JC,1,3,117,N,NEMI,M,A,165
2007,F,2007-10-09,JC,1,3,119,N,DIME,F,A,34
2007,F,2007-10-09,JC,1,3,28,N,DIOR,M,A,58
2007,F,2007-10-09,JC,1,3,30,N,PGFL,M,A,7
2007,F,2007-10-09,JC,1,3,31,N,DIME,M,A,42
2007,F,2007-10-09,JC,1,3,35,N,DIME,F,A,44
2007,F,2007-10-09,JC,1,3,39,N,PELE,F,A,20
2007,F,2007-10-09,JC,1,3,41,N,DIME,M,A,44
2007,F,2007-10-09,JC,1,3,44,N,ONAR,M,A,22
2007,F,2007-10-09,JC,1,3,47,N,DIME,F,A,37
2007,F,2007-10-09,JC,1,3,48,N,SIHI,F,A,100
2007,F,2007-10-09,JC,1,3,52,N,DIME,M,A,42
2007,F,2007-10-09,JC,1,3,76,N,SIHI,F,A,51
2007,F,2007-10-09,JC,1,3,77,N,DIME,F,A,40
2007,F,2007-10-09,JC,1,3,78,N,DIME,M,A,44
2007,F,2007-10-09,JC,1,3,80,N,CHPE,NA,NA,0
2007,F,2007-10-09,JC,1,3,82,N,ONAR,M,A,14
2007,F,2007-10-09,JC,1,3,84,N,NEMI,M,A,42
2007,F,2007-10-09,JC,1,3,86,N,DIOR,M,A,55
2007,F,2007-10-09,JC,1,3,89,N,PGFL,NA,J,0
2007,F,2007-10-09,JC,1,3,91,N,SIHI,F,A,35
2007,F,2007-10-09,JC,1,3,92,N,DIOR,M,A,61
2007,F,2007-10-09,JC,1,3,93,N,PELE,M,A,19
2007,F,2007-10-09,JC,1,3,95,N,PGFL,NA,J,6
2007,F,2007-10-09,JC,1,3,125,N,PGFL,M,A,8
2007,F,2007-10-09,JC,1,3,127,N,PELE,M,A,18
2007,F,2007-10-09,JC,1,3,128,N,NEMI,NA,NA,0
2007,F,2007-10-09,JC,1,3,129,N,DIME,M,A,44
2007,F,2007-10-09,JC,1,3,131,N,NEAL,M,A,140
2007,F,2007-10-09,JC,1,3,133,N,PGFL,M,A,7
2007,F,2007-10-09,JC,1,3,134,N,NEMI,F,A,156
2007,F,2007-10-09,JC,1,3,136,N,ONAR,F,A,20
2007,F,2007-10-09,JC,1,3,137,N,CHPE,F,A,16
2007,F,2007-10-09,JC,1,3,138,N,PELE,NA,J,17
2007,F,2007-10-09,JC,1,3,140,N,PELE,M,A,40
2007,F,2007-10-09,JC,1,3,141,N,ONAR,M,A,27
2007,F,2007-10-09,JC,1,3,142,N,DIME,F,A,40
2007,F,2007-10-09,JC,1,3,143,N,ONAR,NA,J,17
2007,F,2007-10-09,JC,1,3,144,N,DIME,F,A,40
2007,F,2007-10-10,JC,2,1,2,N,PELE,M,A,19
2007,F,2007-10-10,JC,2,1,6,N,SIHI,F,A,105
2007,F,2007-10-10,JC,2,1,8,N,SIHI,NA,J,31
2007,F,2007-10-10,JC,2,1,9,N,PELE,M,A,16
2007,F,2007-10-10,JC,2,1,12,N,DIME,NA,J,38
2007,F,2007-10-10,JC,2,1,31,N,PGFL,M,A,6
2007,F,2007-10-10,JC,2,1,40,N,NEMI,NA,NA,0
2007,F,2007-10-10,JC,2,1,41,N,ONAR,F,A,22
2007,F,2007-10-10,JC,2,1,43,N,DIME,F,A,48
2007,F,2007-10-10,JC,2,1,52,N,SIHI,M,A,96
2007,F,2007-10-10,JC,2,1,57,N,DIME,M,A,42
2007,F,2007-10-10,JC,2,1,61,N,PGFL,M,A,6
2007,F,2007-10-10,JC,2,1,63,N,SIHI,NA,J,33
2007,F,2007-10-10,JC,2,1,67,N,SIHI,NA,J,45
2007,F,2007-10-10,JC,2,1,70,N,DIME,M,A,47
2007,F,2007-10-10,JC,2,1,77,N,DIME,M,A,37
2007,F,2007-10-10,JC,2,1,81,N,SIHI,F,A,59
2007,F,2007-10-10,JC,2,1,84,N,DIME,M,A,47
2007,F,2007-10-10,JC,2,1,113,N,SPSP,F,A,130
2007,F,2007-10-10,JC,2,1,114,N,DIME,NA,J,37
2007,F,2007-10-10,JC,2,1,117,N,SIHI,F,A,72
2007,F,2007-10-10,JC,2,1,118,N,SIHI,NA,J,48
2007,F,2007-10-10,JC,2,1,120,N,PELE,M,A,21
2007,F,2007-10-10,JC,2,1,121,N,PGFL,M,A,6
2007,F,2007-10-10,JC,2,1,131,N,DIME,NA,J,35
2007,F,2007-10-10,JC,2,1,135,N,SIHI,M,A,72
2007,F,2007-10-10,JC,2,1,136,N,PGFL,M,A,7
2007,F,2007-10-10,JC,2,1,138,N,SIHI,F,A,90
2007,F,2007-10-10,JC,2,1,140,N,ONAR,M,A,23
2007,F,2007-10-10,JC,2,1,20,N,PGFL,NA,J,5
2007,F,2007-10-10,JC,2,1,29,N,PELE,M,A,19
2007,F,2007-10-10,JC,2,1,36,N,ONAR,F,A,22
2007,F,2007-10-10,JC,2,1,42,N,ONAR,M,A,20
2007,F,2007-10-10,JC,2,1,85,N,PELE,M,A,26
2007,F,2007-10-10,JC,2,1,86,N,PELE,NA,J,13
2007,F,2007-10-10,JC,2,1,90,N,PELE,NA,J,13
2007,F,2007-10-10,JC,2,1,92,N,PELE,M,A,20
2007,F,2007-10-10,JC,2,1,98,N,PGFL,NA,NA,0
2007,F,2007-10-10,JC,2,1,99,N,DIME,M,A,38
2007,F,2007-10-10,JC,2,1,105,N,DIME,NA,J,32
2007,F,2007-10-10,JC,2,1,107,N,DIME,M,A,40
2007,F,2007-10-10,JC,2,2,9,N,SIHI,M,A,95
2007,F,2007-10-10,JC,2,2,10,N,DIME,F,A,48
2007,F,2007-10-10,JC,2,2,14,N,ONAR,M,A,22
2007,F,2007-10-10,JC,2,2,30,N,CHPE,M,A,15
2007,F,2007-10-10,JC,2,2,31,N,DIME,M,A,46
2007,F,2007-10-10,JC,2,2,40,N,PELE,F,A,26
2007,F,2007-10-10,JC,2,2,46,N,ONAR,M,A,17
2007,F,2007-10-10,JC,2,2,48,N,SIHI,F,A,112
2007,F,2007-10-10,JC,2,2,64,N,SIHI,NA,J,50
2007,F,2007-10-10,JC,2,2,75,N,PELE,F,A,35
2007,F,2007-10-10,JC,2,2,81,N,SIHI,NA,J,35
2007,F,2007-10-10,JC,2,2,82,N,SIHI,NA,J,47
2007,F,2007-10-10,JC,2,2,83,N,NEAL,M,A,180
2007,F,2007-10-10,JC,2,2,134,N,DIME,M,A,46
2007,F,2007-10-10,JC,2,2,135,N,SIHI,F,A,48
2007,F,2007-10-10,JC,2,2,138,N,PGFL,F,A,7
2007,F,2007-10-10,JC,2,2,139,N,ONAR,M,A,20
2007,F,2007-10-10,JC,2,2,140,N,SIHI,M,A,55
2007,F,2007-10-10,JC,2,2,98,N,DIME,F,A,42
2007,F,2007-10-10,JC,2,2,99,N,PELE,F,A,24
2007,F,2007-10-10,JC,2,2,100,N,PELE,F,A,22
2007,F,2007-10-10,JC,2,2,108,N,PELE,NA,J,15
2007,F,2007-10-10,JC,2,2,111,N,ONAR,F,A,26
2007,F,2007-10-10,JC,2,2,115,N,SIHI,NA,NA,0
2007,F,2007-10-10,JC,2,2,116,N,PGFL,F,A,7
2007,F,2007-10-10,JC,2,2,119,N,SIHI,M,A,44
2007,F,2007-10-10,JC,2,2,120,N,NEAL,NA,NA,0
2007,F,2007-10-10,JC,2,2,129,N,PGFL,F,A,7
2007,F,2007-10-10,JC,2,2,131,N,DIME,F,A,45
2007,F,2007-10-10,JC,2,2,132,N,DIME,M,A,44
2007,F,2007-10-10,JC,2,3,11,N,CHPE,F,A,15
2007,F,2007-10-10,JC,2,3,16,N,PGFL,M,A,6
2007,F,2007-10-10,JC,2,3,17,N,PGFL,M,A,7
2007,F,2007-10-10,JC,2,3,19,N,PGFL,M,A,9
2007,F,2007-10-10,JC,2,3,24,N,CHPE,F,A,15
2007,F,2007-10-10,JC,2,3,43,N,NEMI,M,A,255
2007,F,2007-10-10,JC,2,3,47,N,PGFL,M,A,7
2007,F,2007-10-10,JC,2,3,53,N,CHPE,M,A,14
2007,F,2007-10-10,JC,2,3,58,N,PELE,M,A,20
2007,F,2007-10-10,JC,2,3,59,N,PGFL,M,A,6
2007,F,2007-10-10,JC,2,3,60,N,DIME,M,A,38
2007,F,2007-10-10,JC,2,3,61,N,PELE,M,A,22
2007,F,2007-10-10,JC,2,3,64,N,SIHI,M,A,55
2007,F,2007-10-10,JC,2,3,100,N,SIHI,M,A,50
2007,F,2007-10-10,JC,2,3,101,N,SIHI,M,A,52
2007,F,2007-10-10,JC,2,3,104,N,SIHI,M,A,60
2007,F,2007-10-10,JC,2,3,105,N,SIHI,M,A,63
2007,F,2007-10-10,JC,2,3,107,N,NEAL,F,A,163
2007,F,2007-10-10,JC,2,3,79,N,SIHI,NA,J,44
2007,F,2007-10-10,JC,2,3,83,N,PGFL,M,A,6
2007,F,2007-10-10,JC,2,3,84,N,NEMI,NA,J,44
2007,F,2007-10-10,JC,2,3,88,N,PGFL,NA,NA,0
2007,F,2007-10-10,JC,2,3,91,N,PGFL,M,A,6
2007,F,2007-10-10,JC,2,3,93,N,SIHI,NA,J,36
2007,F,2007-10-10,JC,2,3,124,N,SIHI,M,A,33
2007,F,2007-10-10,JC,2,3,129,N,DIME,M,A,44
2007,F,2007-10-10,JC,2,3,130,N,DIME,M,A,47
2007,F,2007-10-10,JC,2,3,132,N,SIHI,M,A,52
2007,F,2007-10-10,JC,2,3,138,N,NEMI,M,A,145
2007,F,2007-10-10,JC,2,3,144,N,CHPE,M,A,16
2007,F,2007-10-11,JC,3,1,9,N,SIHI,NA,J,47
2007,F,2007-10-11,JC,3,1,121,N,SIHI,NA,J,45
2007,F,2007-10-11,JC,3,1,133,N,SIHI,F,A,56
2007,F,2007-10-11,JC,3,1,143,N,CHPE,M,A,14
2007,F,2007-10-11,JC,3,1,13,N,PELE,F,A,30
2007,F,2007-10-11,JC,3,1,18,N,PGFL,F,A,6
2007,F,2007-10-11,JC,3,1,32,N,PGFL,M,A,6
2007,F,2007-10-11,JC,3,1,38,N,PELE,F,A,24
2007,F,2007-10-11,JC,3,1,40,N,PGFL,F,A,7
2007,F,2007-10-11,JC,3,1,42,N,PGFL,NA,NA,0
2007,F,2007-10-11,JC,3,1,45,N,SIHI,F,A,55
2007,F,2007-10-11,JC,3,1,48,N,NEMI,M,A,0
2007,F,2007-10-11,JC,3,1,59,N,PELE,M,A,19
2007,F,2007-10-11,JC,3,1,63,N,SIHI,NA,J,31
2007,F,2007-10-11,JC,3,1,66,N,SIHI,NA,J,26
2007,F,2007-10-11,JC,3,1,67,N,SIHI,NA,J,32
2007,F,2007-10-11,JC,3,1,81,N,NEMI,F,A,180
2007,F,2007-10-11,JC,3,1,83,N,ONAR,M,A,22
2007,F,2007-10-11,JC,3,1,93,N,PELE,M,A,15
2007,F,2007-10-11,JC,3,1,94,N,SIHI,M,A,89
2007,F,2007-10-11,JC,3,1,96,N,NEAL,M,A,97
2007,F,2007-10-11,JC,3,2,5,N,SIHI,NA,J,48
2007,F,2007-10-11,JC,3,2,9,N,SIHI,M,A,50
2007,F,2007-10-11,JC,3,2,11,N,PGFL,F,A,9
2007,F,2007-10-11,JC,3,2,22,N,DIME,M,A,43
2007,F,2007-10-11,JC,3,2,46,N,SIHI,F,A,80
2007,F,2007-10-11,JC,3,2,47,N,ONAR,M,A,17
2007,F,2007-10-11,JC,3,2,55,N,SIHI,NA,J,22
2007,F,2007-10-11,JC,3,2,56,N,SIHI,NA,J,26
2007,F,2007-10-11,JC,3,2,58,N,PGFL,M,A,6
2007,F,2007-10-11,JC,3,2,60,N,DIME,M,A,44
2007,F,2007-10-11,JC,3,2,66,N,NEAL,M,A,158
2007,F,2007-10-11,JC,3,2,68,N,SIHI,F,A,100
2007,F,2007-10-11,JC,3,2,69,N,PGFL,M,A,7
2007,F,2007-10-11,JC,3,2,79,N,SIHI,NA,J,23
2007,F,2007-10-11,JC,3,2,92,N,SIHI,NA,J,27
2007,F,2007-10-11,JC,3,2,97,N,PELE,F,A,29
2007,F,2007-10-11,JC,3,2,99,N,NEMI,NA,J,98
2007,F,2007-10-11,JC,3,2,102,N,PGFL,F,A,7
2007,F,2007-10-11,JC,3,2,114,N,CHPE,M,A,15
2007,F,2007-10-11,JC,3,2,116,N,PGFL,M,A,7
2007,F,2007-10-11,JC,3,2,117,N,SIHI,M,A,100
2007,F,2007-10-11,JC,3,2,118,N,SIHI,M,A,78
2007,F,2007-10-11,JC,3,2,119,N,NEMI,M,A,263
2007,F,2007-10-11,JC,3,2,130,N,SIHI,M,A,56
2007,F,2007-10-11,JC,3,2,138,N,SIHI,NA,J,49
2007,F,2007-10-11,JC,3,2,143,N,PGFL,M,A,5
2007,F,2007-10-11,JC,3,2,144,N,SIHI,M,A,53
2007,F,2007-10-11,JC,3,3,9,N,NEAL,M,A,225
2007,F,2007-10-11,JC,3,3,10,N,NEAL,NA,J,90
2007,F,2007-10-11,JC,3,3,12,N,SPSP,M,A,100
2007,F,2007-10-11,JC,3,3,29,N,PGFL,M,A,7
2007,F,2007-10-11,JC,3,3,31,N,SPSP,M,A,95
2007,F,2007-10-11,JC,3,3,33,N,PGFL,M,A,6
2007,F,2007-10-11,JC,3,3,35,N,PGFL,F,A,7
2007,F,2007-10-11,JC,3,3,36,N,DIME,M,A,37
2007,F,2007-10-11,JC,3,3,81,N,PGFL,M,A,8
2007,F,2007-10-11,JC,3,3,117,N,DIME,M,A,45
2007,F,2007-10-11,JC,3,3,141,N,DIME,F,A,40
2007,F,2007-10-11,JC,3,3,143,N,PGFL,M,A,6
2007,F,2007-10-11,JC,3,3,144,N,SIHI,NA,J,35
2007,F,2007-10-11,JC,3,3,19,N,PELE,F,A,19
2007,F,2007-10-11,JC,3,3,41,N,PELE,M,A,20
2007,F,2007-10-11,JC,3,3,52,N,ONAR,M,A,18
2007,F,2007-10-11,JC,3,3,85,N,PGFL,M,A,9
2007,F,2007-10-11,JC,3,3,91,N,PGFL,F,A,8
2007,F,2007-10-11,JC,3,3,93,N,PELE,M,A,13
2007,F,2007-10-11,JC,3,3,105,N,SIHI,M,A,65
2007,F,2007-10-16,JG,1,1,2,N,DIOR,M,A,0
2007,F,2007-10-16,JG,1,1,6,N,DIOR,M,A,51
2007,F,2007-10-16,JG,1,1,11,N,DIOR,M,A,64
2007,F,2007-10-16,JG,1,1,17,N,CHPE,M,A,18
2007,F,2007-10-16,JG,1,1,19,N,DIOR,M,A,58
2007,F,2007-10-16,JG,1,1,21,N,DIOR,M,A,40
2007,F,2007-10-16,JG,1,1,35,N,PELE,M,A,23
2007,F,2007-10-16,JG,1,1,46,N,DIOR,F,A,60
2007,F,2007-10-16,JG,1,1,47,N,DIOR,M,A,61
2007,F,2007-10-16,JG,1,1,50,N,DIOR,F,A,55
2007,F,2007-10-16,JG,1,1,53,N,DISP,M,A,0
2007,F,2007-10-16,JG,1,1,56,N,DIOR,F,A,61
2007,F,2007-10-16,JG,1,1,57,N,CHPE,NA,NA,0
2007,F,2007-10-16,JG,1,1,66,N,CHPE,M,A,15
2007,F,2007-10-16,JG,1,1,74,N,DIOR,M,A,55
2007,F,2007-10-16,JG,1,1,75,N,NEMI,M,A,265
2007,F,2007-10-16,JG,1,1,76,N,CHPE,NA,NA,0
2007,F,2007-10-16,JG,1,1,78,N,DIOR,F,A,56
2007,F,2007-10-16,JG,1,1,79,N,DIOR,M,A,55
2007,F,2007-10-16,JG,1,1,80,N,DIOR,M,A,48
2007,F,2007-10-16,JG,1,1,90,N,CHPE,F,A,18
2007,F,2007-10-16,JG,1,1,93,N,DISP,NA,NA,0
2007,F,2007-10-16,JG,1,1,94,N,DIOR,M,A,64
2007,F,2007-10-16,JG,1,1,102,N,DIOR,F,A,58
2007,F,2007-10-16,JG,1,1,105,N,DIOR,M,A,0
2007,F,2007-10-16,JG,1,1,118,N,CHPE,M,A,14
2007,F,2007-10-16,JG,1,1,119,N,SIHI,NA,NA,0
2007,F,2007-10-16,JG,1,1,130,N,DISP,M,A,110
2007,F,2007-10-16,JG,1,1,131,N,DIOR,M,A,55
2007,F,2007-10-16,JG,1,1,135,N,DISP,F,A,145
2007,F,2007-10-16,JG,1,2,16,N,DIOR,M,A,59
2007,F,2007-10-16,JG,1,2,40,N,NEMI,F,A,125
2007,F,2007-10-16,JG,1,2,42,N,DISP,M,A,123
2007,F,2007-10-16,JG,1,2,43,N,DIPO1,NA,NA,0
2007,F,2007-10-16,JG,1,2,45,N,DIOR,NA,J,39
2007,F,2007-10-16,JG,1,2,47,N,DISP,M,A,125
2007,F,2007-10-16,JG,1,2,60,N,DIOR,M,A,60
2007,F,2007-10-16,JG,1,2,61,N,PELE,M,A,21
2007,F,2007-10-16,JG,1,2,62,N,PELE,M,A,22
2007,F,2007-10-16,JG,1,2,64,N,PELE,M,A,23
2007,F,2007-10-16,JG,1,2,72,N,DIOR,M,A,65
2007,F,2007-10-16,JG,1,2,83,N,DIOR,F,A,54
2007,F,2007-10-16,JG,1,2,85,N,DIOR,M,A,61
2007,F,2007-10-16,JG,1,2,86,N,ONLE,F,A,35
2007,F,2007-10-16,JG,1,2,88,N,PGFL,M,A,6
2007,F,2007-10-16,JG,1,2,93,N,DIOR,M,A,48
2007,F,2007-10-16,JG,1,2,109,N,DIOR,F,A,0
2007,F,2007-10-16,JG,1,2,113,N,DIOR,NA,NA,0
2007,F,2007-10-16,JG,1,2,115,N,NEMI,F,A,102
2007,F,2007-10-16,JG,1,2,129,N,DIOR,M,A,0
2007,F,2007-10-16,JG,1,2,143,N,DIOR,M,A,54
2007,F,2007-10-16,JG,1,3,20,N,CHPE,M,A,17
2007,F,2007-10-16,JG,1,3,21,N,CHPE,M,A,16
2007,F,2007-10-16,JG,1,3,28,N,DISP,M,A,157
2007,F,2007-10-16,JG,1,3,30,N,DIOR,M,A,61
2007,F,2007-10-16,JG,1,3,41,N,DISP,F,A,125
2007,F,2007-10-16,JG,1,3,47,N,NEMI,M,A,260
2007,F,2007-10-16,JG,1,3,55,N,SIHI,NA,J,55
2007,F,2007-10-16,JG,1,3,60,N,DIOR,M,A,57
2007,F,2007-10-16,JG,1,3,65,N,DIOR,F,A,47
2007,F,2007-10-16,JG,1,3,67,N,SIHI,M,A,112
2007,F,2007-10-16,JG,1,3,78,N,SIHI,NA,J,52
2007,F,2007-10-16,JG,1,3,79,N,SIHI,F,A,135
2007,F,2007-10-16,JG,1,3,82,N,CHPE,M,A,17
2007,F,2007-10-16,JG,1,3,92,N,DIOR,M,A,54
2007,F,2007-10-16,JG,1,3,101,N,DISP,M,A,180
2007,F,2007-10-16,JG,1,3,104,N,DIOR,M,A,56
2007,F,2007-10-16,JG,1,3,120,N,ONLE,M,A,18
2007,F,2007-10-16,JG,1,3,122,N,PELE,F,A,18
2007,F,2007-10-16,JG,1,3,135,N,ONLE,F,A,33
2007,F,2007-10-16,JG,1,3,142,N,SIHI,NA,J,42
2007,F,2007-10-16,JG,1,3,143,N,DISP,M,A,128
2007,F,2007-10-16,JG,1,3,145,N,DIOR,F,A,62
2007,F,2007-10-16,JG,1,3,145,N,PELE,F,A,18
2007,F,2007-10-17,JG,2,1,1,N,NEMI,M,A,129
2007,F,2007-10-17,JG,2,1,7,N,DIOR,NA,NA,0
2007,F,2007-10-17,JG,2,1,35,N,CHPE,M,A,15
2007,F,2007-10-17,JG,2,1,49,N,DIOR,M,A,62
2007,F,2007-10-17,JG,2,1,55,N,CHPE,M,A,15
2007,F,2007-10-17,JG,2,1,57,N,CHPE,M,A,16
2007,F,2007-10-17,JG,2,1,67,N,DISP,M,A,143
2007,F,2007-10-17,JG,2,1,69,N,CHPE,F,A,11
2007,F,2007-10-17,JG,2,1,73,N,CHPE,M,A,16
2007,F,2007-10-17,JG,2,1,80,N,NEMI,M,A,222
2007,F,2007-10-17,JG,2,1,98,N,DIOR,M,A,61
2007,F,2007-10-17,JG,2,1,101,N,DIOR,F,A,70
2007,F,2007-10-17,JG,2,1,101,N,PGFL,M,A,6
2007,F,2007-10-17,JG,2,1,108,N,SIHI,F,A,61
2007,F,2007-10-17,JG,2,1,115,N,DIOR,NA,NA,0
2007,F,2007-10-17,JG,2,1,119,N,SIHI,F,A,90
2007,F,2007-10-17,JG,2,1,123,N,CHPE,F,A,14
2007,F,2007-10-17,JG,2,1,124,N,DIOR,M,A,57
2007,F,2007-10-17,JG,2,1,125,N,PELE,NA,J,12
2007,F,2007-10-17,JG,2,1,128,N,CHPE,M,A,14
2007,F,2007-10-17,JG,2,1,129,N,DIOR,F,A,54
2007,F,2007-10-17,JG,2,1,132,N,CHPE,F,A,13
2007,F,2007-10-17,JG,2,1,137,N,ONLE,M,A,26
2007,F,2007-10-17,JG,2,1,137,N,PGFL,M,A,8
2007,F,2007-10-17,JG,2,1,140,N,NEMI,F,A,150
2007,F,2007-10-17,JG,2,2,5,N,DIOR,M,A,0
2007,F,2007-10-17,JG,2,2,42,N,DIOR,M,A,50
2007,F,2007-10-17,JG,2,2,43,N,DIOR,F,A,56
2007,F,2007-10-17,JG,2,2,44,N,PGFL,F,A,7
2007,F,2007-10-17,JG,2,2,46,N,CHPE,M,A,14
2007,F,2007-10-17,JG,2,2,54,N,CHPE,M,A,15
2007,F,2007-10-17,JG,2,2,56,N,DISP,F,A,130
2007,F,2007-10-17,JG,2,2,60,N,DIOR,F,A,60
2007,F,2007-10-17,JG,2,2,66,N,CHPE,NA,NA,0
2007,F,2007-10-17,JG,2,2,68,N,CHPE,M,A,17
2007,F,2007-10-17,JG,2,2,69,N,ONLE,F,A,28
2007,F,2007-10-17,JG,2,2,71,N,CHPE,M,A,15
2007,F,2007-10-17,JG,2,2,74,N,CHPE,M,A,12
2007,F,2007-10-17,JG,2,2,85,N,DIOR,F,A,60
2007,F,2007-10-17,JG,2,2,94,N,PELE,M,A,25
2007,F,2007-10-17,JG,2,2,96,N,PELE,M,A,23
2007,F,2007-10-17,JG,2,2,105,N,DIOR,F,A,84
2007,F,2007-10-17,JG,2,2,107,N,DIOR,M,A,63
2007,F,2007-10-17,JG,2,2,109,N,DIOR,M,A,53
2007,F,2007-10-17,JG,2,2,110,N,CHPE,M,A,15
2007,F,2007-10-17,JG,2,2,120,N,CHPE,F,A,14
2007,F,2007-10-17,JG,2,2,126,N,DIOR,F,A,50
2007,F,2007-10-17,JG,2,2,131,N,DIOR,M,A,50
2007,F,2007-10-17,JG,2,2,136,N,DISP,NA,NA,0
2007,F,2007-10-17,JG,2,2,144,N,ONLE,M,A,24
2007,F,2007-10-17,JG,2,3,19,N,PGFL,M,A,6
2007,F,2007-10-17,JG,2,3,34,N,DIOR,M,A,64
2007,F,2007-10-17,JG,2,3,35,N,SIHI,NA,J,41
2007,F,2007-10-17,JG,2,3,36,N,CHPE,F,A,18
2007,F,2007-10-17,JG,2,3,44,N,PGFL,M,A,8
2007,F,2007-10-17,JG,2,3,45,N,SIHI,NA,J,34
2007,F,2007-10-17,JG,2,3,47,N,NEMI,NA,J,105
2007,F,2007-10-17,JG,2,3,48,N,ONAR,M,A,20
2007,F,2007-10-17,JG,2,3,49,N,DIOR,M,A,52
2007,F,2007-10-17,JG,2,3,50,N,DIOR,M,A,60
2007,F,2007-10-17,JG,2,3,51,N,CHPE,M,A,14
2007,F,2007-10-17,JG,2,3,59,N,DIOR,F,A,54
2007,F,2007-10-17,JG,2,3,61,N,PELE,M,A,14
2007,F,2007-10-17,JG,2,3,62,N,PGFL,M,A,7
2007,F,2007-10-17,JG,2,3,67,N,SIHI,M,A,0
2007,F,2007-10-17,JG,2,3,76,N,ONLE,F,A,19
2007,F,2007-10-17,JG,2,3,77,N,CHPE,M,A,16
2007,F,2007-10-17,JG,2,3,83,N,PGFL,F,A,7
2007,F,2007-10-17,JG,2,3,85,N,PGFL,M,A,5
2007,F,2007-10-17,JG,2,3,93,N,DIOR,F,A,57
2007,F,2007-10-17,JG,2,3,96,N,ONAR,M,A,27
2007,F,2007-10-17,JG,2,3,105,N,CHPE,F,A,28
2007,F,2007-10-17,JG,2,3,113,N,DISP,M,A,160
2007,F,2007-10-17,JG,2,3,117,N,DIOR,F,A,60
2007,F,2007-10-17,JG,2,3,127,N,DISP,F,A,150
2007,F,2007-10-17,JG,2,3,129,N,SIHI,NA,J,38
2007,F,2007-10-17,JG,2,3,133,N,CHPE,M,A,18
2007,F,2007-10-17,JG,2,3,141,N,CHPE,F,A,18
2007,F,2007-10-17,JG,2,3,145,N,CHPE,F,A,14
2007,F,2007-10-18,JG,3,1,3,N,PGFL,M,A,6
2007,F,2007-10-18,JG,3,1,6,N,ONAR,M,A,30
2007,F,2007-10-18,JG,3,1,12,N,DIOR,M,A,34
2007,F,2007-10-18,JG,3,1,23,N,PGFL,M,A,7
2007,F,2007-10-18,JG,3,1,26,N,PELE,M,A,17
2007,F,2007-10-18,JG,3,1,27,N,PELE,F,A,18
2007,F,2007-10-18,JG,3,1,31,N,PGFL,F,A,7
2007,F,2007-10-18,JG,3,1,37,N,SIHI,M,A,46
2007,F,2007-10-18,JG,3,1,38,N,ONLE,F,A,23
2007,F,2007-10-18,JG,3,1,41,N,ONLE,M,A,33
2007,F,2007-10-18,JG,3,1,50,N,PGFL,NA,J,5
2007,F,2007-10-18,JG,3,1,53,N,CHPE,F,A,13
2007,F,2007-10-18,JG,3,1,61,N,DIOR,F,A,35
2007,F,2007-10-18,JG,3,1,63,N,ONLE,M,A,21
2007,F,2007-10-18,JG,3,1,71,N,PGFL,M,A,6
2007,F,2007-10-18,JG,3,1,92,N,DISP,M,A,130
2007,F,2007-10-18,JG,3,1,93,N,DISP,NA,NA,0
2007,F,2007-10-18,JG,3,1,101,N,ONLE,M,A,25
2007,F,2007-10-18,JG,3,1,110,N,DIOR,M,A,59
2007,F,2007-10-18,JG,3,1,115,N,DIOR,M,A,66
2007,F,2007-10-18,JG,3,1,131,N,DISP,F,A,140
2007,F,2007-10-18,JG,3,1,144,N,DIOR,M,A,0
2007,F,2007-10-18,JG,3,2,5,N,DIOR,M,A,65
2007,F,2007-10-18,JG,3,2,14,N,ONLE,M,A,21
2007,F,2007-10-18,JG,3,2,23,N,DIOR,F,A,60
2007,F,2007-10-18,JG,3,2,43,N,CHPE,M,A,15
2007,F,2007-10-18,JG,3,2,62,N,SIHI,F,A,120
2007,F,2007-10-18,JG,3,2,63,N,SIHI,NA,J,44
2007,F,2007-10-18,JG,3,2,66,N,CHPE,M,A,19
2007,F,2007-10-18,JG,3,2,71,N,SPSP,M,A,95
2007,F,2007-10-18,JG,3,2,82,N,PGFL,M,A,8
2007,F,2007-10-18,JG,3,2,90,N,DISP,M,A,125
2007,F,2007-10-18,JG,3,2,96,N,NEMI,F,A,0
2007,F,2007-10-18,JG,3,2,115,N,CHPE,F,A,13
2007,F,2007-10-18,JG,3,2,122,N,CHPE,F,A,13
2007,F,2007-10-18,JG,3,2,134,N,CHPE,F,A,14
2007,F,2007-10-18,JG,3,2,136,N,DISP,M,A,159
2007,F,2007-10-18,JG,3,2,138,N,PGFL,NA,J,5
2007,F,2007-10-18,JG,3,2,143,N,ONLE,F,A,30
2007,F,2007-10-18,JG,3,2,144,N,CHPE,F,A,8
2007,F,2007-10-18,JG,3,3,12,N,SIHI,M,A,56
2007,F,2007-10-18,JG,3,3,30,N,CHPE,M,A,16
2007,F,2007-10-18,JG,3,3,34,N,CHPE,F,A,18
2007,F,2007-10-18,JG,3,3,36,N,SIHI,NA,J,38
2007,F,2007-10-18,JG,3,3,40,N,SIHI,NA,J,45
2007,F,2007-10-18,JG,3,3,50,N,PELE,M,A,20
2007,F,2007-10-18,JG,3,3,58,N,SIHI,NA,J,42
2007,F,2007-10-18,JG,3,3,94,N,ONLE,F,A,22
2007,F,2007-10-18,JG,3,3,97,N,PGFL,F,A,8
2007,F,2007-10-18,JG,3,3,101,N,PGFL,M,A,8
2007,F,2007-10-18,JG,3,3,102,N,PGFL,F,A,9
2007,F,2007-10-18,JG,3,3,106,N,PGFL,M,A,9
2007,F,2007-10-18,JG,3,3,117,N,ONLE,F,A,27
2007,F,2007-10-18,JG,3,3,118,N,SIHI,NA,J,44
2007,F,2007-10-18,JG,3,3,120,N,PGFL,M,A,7
2007,F,2007-10-18,JG,3,3,124,N,ONLE,F,A,25
2007,F,2007-10-18,JG,3,3,127,N,CHPE,F,A,14
2007,F,2007-10-18,JG,3,3,130,N,PGFL,M,A,8
2007,F,2007-10-18,JG,3,3,136,N,PELE,F,A,20
2007,F,2007-10-18,JG,3,3,138,N,SIHI,NA,J,40
2007,F,2007-10-18,JG,3,3,144,N,NEAL,F,A,150
