year,biomass_g
1991,6.121612801032742
1992,8.940988544936001
1993,17.442737443764535
1994,12.903826111674912
1995,6.300407773013898
1996,5.850648242898821
1997,4.847791514592557
1998,5.343974515983848
1999,7.383495638133018
2000,2.932760744652089
2001,1.8153904497473776
2002,1.9827668306270727
2003,3.970694145226017
2004,15.11154248084959
2005,10.238825044058023
2006,17.263440062175246
2007,16.31134319818295
2008,9.742361740098088
