year,night,web,recap,species,mass_g
1989,1,1,n,PGFV,7
1989,1,1,n,DIOR,55
1989,1,1,n,DIOR,45
1989,1,1,n,PGFV,8
1989,1,1,n,DIOR,45.5
1989,1,1,n,PGFV,6.5
1989,1,1,n,REMO,7
1989,1,1,n,DIOR,43.5
1989,1,1,n,PGFV,7.5
1989,1,1,n,PGFV,8.5
1989,1,2,n,DISP,98
1989,1,2,n,PGFV,6.5
1989,1,2,n,DIOR,46
1989,1,2,n,PGFV,5
1989,1,2,n,PGFV,7
1989,1,2,n,PGFV,5
1989,1,2,n,REME,9
1989,1,2,n,DIOR,50
1989,1,2,n,REME,10
1989,1,2,n,PGFV,6
1989,1,2,n,PGFV,7.5
1989,1,2,n,ONAR,22
1989,1,3,n,PGFV,8
1989,1,3,n,PGFV,7.5
1989,1,3,n,PGFV,5
1989,1,3,n,DISP,102
1989,1,3,n,DIOR,44.5
1989,1,3,n,DIOR,36
1989,1,3,n,PGFV,8
1989,1,3,n,DIOR,27
1989,1,3,n,DIOR,45
1989,1,3,n,DIOR,42
1989,1,3,n,PGFV,7
1989,1,3,n,DIOR,36
1989,1,3,n,DIOR,24
1989,1,3,n,DIOR,22
1989,1,3,n,DIOR,47.5
1989,1,3,n,DIOR,51.5
1989,1,3,n,PGFV,6.5
1989,1,3,n,DIOR,40
1989,1,3,n,PGFV,7.5
1989,1,3,n,DIOR,27
1989,1,4,n,PGFV,7.5
1989,1,4,n,PGFV,6
1989,1,4,n,ONAR,26.5
1989,1,4,n,PGFV,5
1989,1,4,n,REMO,8
1989,1,4,n,DIOR,47
1989,1,4,n,DIOR,45.5
1989,1,5,n,REME,10.5
1989,1,5,n,PGFV,6
1989,1,5,n,REMO,8
1989,1,5,n,PGFV,7
1989,1,5,n,DIOR,50
1989,1,5,n,DIOR,52
1989,1,5,n,PGFV,6
1989,2,1,n,PGFV,6.5
1989,2,1,n,DISP,95
1989,2,1,n,PGFV,7
1989,2,1,n,PGFV,9
1989,2,1,n,PGFV,7
1989,2,1,n,ONAR,22
1989,2,1,n,DISP,46
1989,2,2,n,PGFV,7
1989,2,2,n,DIOR,40
1989,2,2,n,DIOR,55
1989,2,2,n,DIOR,46
1989,2,2,n,PGFV,8
1989,2,2,n,DIOR,49
1989,2,2,n,DIOR,34
1989,2,3,n,PGFV,8
1989,2,3,n,PGFV,8
1989,2,3,n,DISP,120
1989,2,3,n,DIOR,47
1989,2,3,n,DIOR,44
1989,2,3,n,PGFV,8.5
1989,2,3,n,PGFV,8
1989,2,3,n,PGFV,7
1989,2,3,n,DIOR,43.5
1989,2,3,n,DIOR,51
1989,2,3,n,ONAR,21
1989,2,3,n,PGFV,6.5
1989,2,3,n,REME,7
1989,2,3,n,DIOR,41.5
1989,2,3,n,PGFV,6
1989,2,3,n,DIOR,46
1989,2,3,n,PGFV,8
1989,2,3,n,DIOR,52
1989,2,4,n,PGFV,5
1989,2,5,n,PGFV,8
1989,2,5,n,DIOR,47
1989,2,5,n,REME,10
1989,2,5,n,PGFV,8
1989,2,5,n,PGFV,8
1989,2,5,n,PGFV,7
1989,2,5,n,DIOR,49
1989,2,5,n,PGFV,7
1989,2,5,n,DISP,82
1989,2,5,n,DIME,20
1989,2,5,n,DIME,20
1989,3,1,n,PGFV,7.5
1989,3,1,n,DIOR,45.5
1989,3,1,n,PGFV,6.5
1989,3,1,n,PGFV,9
1989,3,1,n,PGFV,8.5
1989,3,1,n,PGFV,7.5
1989,3,1,n,REME,9
1989,3,2,n,DIOR,48
1989,3,2,n,PGFV,5
1989,3,3,n,PGFV,7
1989,3,3,n,PGFV,8
1989,3,3,n,DISP,125
1989,3,3,n,PGFV,6
1989,3,3,n,DISP,80
1989,3,3,n,PGFV,7
1989,3,3,n,PGFV,6
1989,3,3,n,PGFV,7
1989,3,3,n,PGFV,7
1989,3,3,n,REME,6.5
1989,3,3,n,DIOR,49
1989,3,3,n,PGFV,7
1989,3,4,n,PGFV,4.5
1989,3,5,n,PGFV,11
1989,3,5,n,DIOR,48
1989,3,5,n,DISP,140
1989,3,5,n,DISP,130
1989,3,5,n,PGFV,8
1989,3,5,n,REME,4
1989,3,5,n,PGFV,7
1989,3,5,n,ONAR,11
1989,1,1,n,PGFV,6
1989,1,1,n,DIOR,47.5
1989,1,1,n,PGFV,7
1989,1,1,n,PGFV,8
1989,1,1,n,PGFV,7
1989,1,1,n,DISP,123
1989,1,1,n,PGFV,6.5
1989,1,1,n,DISP,106
1989,1,1,n,DIOR,48.5
1989,1,1,n,ONAR,20.5
1989,1,1,n,DISP,135
1989,1,1,n,PGFV,7.5
1989,1,1,n,PGFV,7
1989,1,2,n,DIOR,51
1989,1,2,n,DIOR,43
1989,1,2,n,PGFV,7
1989,1,2,n,PGFV,8
1989,1,2,n,DIOR,53
1989,1,2,n,PGFV,6
1989,1,2,n,PGFV,5
1989,1,2,n,PGFV,3
1989,1,2,n,REMO,7
1989,1,2,n,PGFV,5
1989,1,2,n,DIOR,50
1989,1,2,n,PGFV,6.5
1989,1,2,n,REMO,9
1989,1,2,n,ONAR,22
1989,1,2,n,PGFV,7
1989,1,2,n,DIOR,37
1989,1,2,n,DISP,120
1989,1,3,n,PGFV,6
1989,1,3,n,PGFV,6
1989,1,3,n,DISP,100
1989,1,3,n,DIOR,49
1989,1,3,n,DIOR,49
1989,1,3,n,PGFV,6
1989,1,3,n,PGFV,9
1989,1,3,n,DIOR,50
1989,1,3,n,DISP,110
1989,1,3,n,DIOR,31
1989,1,3,n,DISP,100
1989,1,3,n,DIOR,38
1989,1,3,n,DIOR,49
1989,1,3,n,DIOR,45
1989,1,3,n,DIOR,51
1989,1,4,n,PGFV,8
1989,1,4,n,DISP,147
1989,1,4,n,PGFV,5.5
1989,1,4,n,PGFV,6
1989,1,4,n,REMO,8.5
1989,1,4,n,DIOR,47
1989,1,4,n,DIOR,51
1989,1,4,n,DIOR,50.5
1989,1,4,n,PGFV,7
1989,1,4,n,DISP,121
1989,1,4,n,ONAR,22.5
1989,1,4,n,PGFV,7
1989,1,4,n,DIOR,47
1989,1,5,n,PGFV,8
1989,1,5,n,PGFV,7
1989,1,5,n,PGFV,4
1989,1,5,n,PGFV,5
1989,1,5,n,PGFV,4
1989,1,5,n,DIOR,56
1989,1,5,n,PGFV,7
1989,1,5,n,PGFV,5.5
1989,1,5,n,PGFV,7
1989,1,5,n,DIOR,51
1989,1,5,n,PGFV,7
1989,1,5,n,PGFV,6.5
1989,1,5,n,PGFV,7
1989,1,5,n,DIOR,47
1989,1,5,n,PGFV,6.5
1989,2,1,n,PGFV,9.5
1989,2,1,n,PGFV,6.5
1989,2,1,n,DISP,110
1989,2,1,n,PGFV,6.5
1989,2,1,n,DIOR,43
1989,2,1,n,PEBO,24.5
1989,2,1,n,PGFV,8
1989,2,1,n,ONAR,22.5
1989,2,1,n,PGFV,7.5
1989,2,2,n,REMO,6
1989,2,2,n,DISP,110
1989,2,2,n,PGFV,8.5
1989,2,2,n,PETR,NA
1989,2,2,n,PGFV,5
1989,2,2,n,DIOR,42
1989,2,2,n,PGFV,7
1989,2,2,n,DIME,55
1989,2,2,n,REMO,4
1989,2,2,n,PGFV,7
1989,2,2,n,REMO,8
1989,2,2,n,DIOR,47
1989,2,3,n,DIOR,47
1989,2,3,n,PGFV,8
1989,2,3,n,DIOR,48
1989,2,3,n,REME,6
1989,2,3,n,PGFV,5.5
1989,2,3,n,DIOR,35
1989,2,3,n,ONAR,16
1989,2,3,n,DIOR,46
1989,2,3,n,PGFV,8
1989,2,4,n,DISP,113
1989,2,4,n,REMO,6.5
1989,2,4,n,ONAR,22
1989,2,4,n,PGFV,6.5
1989,2,4,n,PEMA,15.5
1989,2,4,n,PGFV,7
1989,2,4,n,PGFV,6
1989,2,5,n,PGFV,8
1989,2,5,n,PGFV,6
1989,2,5,n,PGFV,9
1989,2,5,n,PGFV,6
1989,2,5,n,DIOR,48
1989,2,5,n,DISP,140
1989,3,1,n,PGFV,7
1989,3,1,n,PGFV,8
1989,3,1,n,PGFV,7.5
1989,3,1,n,PGFV,8.5
1989,3,1,n,PGFV,7
1989,3,1,n,PGFV,7
1989,3,3,n,DIOR,50
1989,3,3,n,DISP,100
1989,3,3,n,PGFV,6
1989,3,3,n,ONAR,16
1989,3,4,n,PGFV,6.5
1989,3,4,n,DIOR,49
1989,3,4,n,DISP,115
1989,3,4,n,PGFV,7
1989,3,5,n,PGFV,8
1989,3,5,n,PGFV,7.5
1989,3,5,n,REMO,9
1989,3,5,n,REMO,8
1989,3,5,n,DIOR,54
1989,3,5,n,DISP,110
1989,3,5,n,PGFV,8
1989,1,1,n,DIME,41
1989,1,1,n,DIME,43
1989,1,1,n,DIME,35
1989,1,1,n,DIME,38
1989,1,1,n,DIME,36
1989,1,1,n,DISP,109
1989,1,1,n,DIME,46
1989,1,1,n,ONAR,18
1989,1,1,n,DIME,50
1989,1,1,n,DIME,45
1989,1,1,n,DIME,45
1989,1,1,n,ONAR,22
1989,1,1,n,DIME,39
1989,1,1,n,DIME,49
1989,1,1,n,DIME,44.5
1989,1,1,n,DIME,38
1989,1,1,n,DIME,29
1989,1,2,n,PGFV,7.5
1989,1,2,n,DIME,26
1989,1,2,n,DIME,40.5
1989,1,2,n,DIME,23.5
1989,1,2,n,PGFV,7
1989,1,2,n,DIME,39
1989,1,2,n,PGFV,6
1989,1,2,n,DIME,40
1989,1,2,n,PGFV,6.5
1989,1,2,n,PGFV,7
1989,1,2,n,DIME,37
1989,1,2,n,DIME,46
1989,1,2,n,DIME,44
1989,1,2,n,DIME,45
1989,1,2,n,DIME,47.5
1989,1,2,n,DIME,41.5
1989,1,2,n,DIME,31.5
1989,1,3,n,DIME,28.5
1989,1,3,n,ONAR,28
1989,1,3,n,DIME,39
1989,1,3,n,DIME,42
1989,1,3,n,DIME,33
1989,1,3,n,DIME,43
1989,1,3,n,DIME,37
1989,1,3,n,PGFV,14
1989,1,3,n,DIME,45
1989,1,3,n,DIME,38
1989,1,3,n,DIME,39
1989,1,4,n,DIME,41
1989,1,4,n,DIME,41.5
1989,1,4,n,DISP,125
1989,1,4,n,DIME,NA
1989,1,4,n,DIME,41.5
1989,1,4,n,DIME,26.5
1989,1,4,n,DIME,39
1989,1,4,n,DIME,42.5
1989,1,4,n,DIME,41
1989,1,4,n,DIME,40.5
1989,1,4,n,DIME,41.5
1989,1,5,n,DIME,37
1989,1,5,n,DIME,40
1989,1,5,n,DIME,32
1989,1,5,n,DIME,45
1989,1,5,n,DIME,32
1989,1,5,n,DIME,41
1989,1,5,n,ONAR,20
1989,1,5,n,DIME,40
1989,1,5,n,DIME,28
1989,1,5,n,DIME,37
1989,1,5,n,DISP,98
1989,2,1,n,DIME,40
1989,2,1,n,DIME,42
1989,2,1,n,DIME,33.5
1989,2,1,n,PGFV,7
1989,2,1,n,PGFV,7
1989,2,1,n,DIME,37
1989,2,1,n,DIME,27
1989,2,1,n,DIME,36
1989,2,1,n,DIME,41
1989,2,1,n,DIME,38
1989,2,1,n,PGFV,7.5
1989,2,1,n,ONAR,13
1989,2,1,n,DISP,148
1989,2,2,n,DIME,41
1989,2,2,n,PGFV,NA
1989,2,2,n,DIME,42.5
1989,2,2,n,DIME,42.5
1989,2,2,n,DISP,130
1989,2,2,n,DIME,46
1989,2,2,n,DIME,34.5
1989,2,2,n,REME,11
1989,2,2,n,REME,11
1989,2,2,n,ONAR,15.5
1989,2,2,n,DISP,60
1989,2,2,n,PGFV,7.5
1989,2,2,n,PGFV,7
1989,2,2,n,ONAR,16.5
1989,2,3,n,DIME,45
1989,2,3,n,ONAR,35
1989,2,3,n,DIME,37
1989,2,3,n,DIME,38
1989,2,3,n,DIME,44
1989,2,3,n,PGFV,7
1989,2,3,n,DIME,48
1989,2,3,n,ONAR,29
1989,2,3,n,DIME,41
1989,2,3,n,PGFV,6
1989,2,3,n,REME,9
1989,2,3,n,DIME,40
1989,2,3,n,DIME,45
1989,2,4,n,DISP,155
1989,2,4,n,DIME,38
1989,2,4,n,DIME,39
1989,2,4,n,DIME,44.5
1989,2,4,n,DIME,38.5
1989,2,4,n,DIME,43
1989,2,5,n,DIME,47
1989,2,5,n,ONAR,20
1989,2,5,n,DIME,43
1989,2,5,n,DIME,39
1989,2,5,n,DIME,44
1989,2,5,n,DIME,42
1989,2,5,n,ONAR,20
1989,2,5,n,DIME,44
1989,2,5,n,DIME,42
1989,2,5,n,DIME,45
1989,2,5,n,DIME,19
1989,2,5,n,DIME,20
1989,2,5,n,DIME,47
1989,3,1,n,PGFV,7
1989,3,1,n,DIME,45
1989,3,1,n,DIME,54
1989,3,1,n,PGFV,8
1989,3,1,n,DIME,45
1989,3,1,n,DIME,41
1989,3,2,n,REMO,7.5
1989,3,2,n,PGFV,5
1989,3,2,n,DISP,70
1989,3,2,n,PGFV,6.5
1989,3,2,n,DIME,45
1989,3,2,n,PGFV,7
1989,3,2,n,DISP,70
1989,3,2,n,PGFV,7.5
1989,3,2,n,ONAR,22.5
1989,3,2,n,DIME,36
1989,3,2,n,DISP,145
1989,3,2,n,DIME,38.5
1989,3,3,n,DISP,92
1989,3,3,n,DISP,86
1989,3,3,n,DISP,89
1989,3,3,n,DIME,42
1989,3,3,n,DIME,40
1989,3,4,n,ONAR,22.5
1989,3,4,n,DIME,31.5
1989,3,4,n,DISP,100
1989,3,4,n,DIME,30.5
1989,3,4,n,PGFV,NA
1989,3,4,n,DIME,40.5
1989,3,4,n,ONAR,NA
1989,3,4,n,DIME,39
1989,3,4,n,DIME,42
1989,3,4,n,DIME,41.5
1989,3,5,n,DIME,NA
1989,3,5,n,DIME,38
1989,3,5,n,DISP,110
1989,3,5,n,DIME,43
1989,1,1,n,DIME,45
1989,1,1,n,DIME,38
1989,1,1,n,DIME,44
1989,1,1,n,DIME,29
1989,1,1,n,DIME,40
1989,1,1,n,DIME,44
1989,1,1,n,PGFV,8
1989,1,1,n,DIME,44
1989,1,1,n,DIME,38
1989,1,1,n,ONAR,10
1989,1,1,n,DIME,41
1989,1,1,n,DIME,37
1989,1,1,n,PGFV,6
1989,1,1,n,PGFV,7
1989,1,1,n,DIME,42
1989,1,1,n,DIME,40
1989,1,1,n,DISP,130
1989,1,1,n,PGFV,7
1989,1,1,n,DIME,52
1989,1,1,n,DIME,39
1989,1,1,n,DIME,42
1989,1,1,n,DIME,36
1989,1,1,n,PELE,22
1989,1,1,n,DIME,45
1989,1,1,n,DISP,100
1989,1,1,n,DIME,43
1989,1,1,n,DIME,41
1989,1,1,n,REME,17
1989,1,1,n,DIME,46
1989,1,1,n,DIME,41
1989,1,1,n,PGFV,5
1989,1,1,n,DIME,32
1989,1,1,n,PGFV,5
1989,1,1,n,DIME,44
1989,1,1,n,DIME,46
1989,1,1,n,ONAR,26
1989,1,1,n,DISP,75
1989,1,1,n,DIME,41
1989,1,1,n,DIME,49
1989,1,1,n,DIME,42
1989,1,1,n,DIME,40
1989,1,2,n,PGFV,7
1989,1,2,n,PGFV,8.5
1989,1,2,n,PGFV,6.5
1989,1,2,n,DIME,41
1989,1,2,n,DIME,36.5
1989,1,2,n,DIME,41.5
1989,1,2,n,DIME,43.5
1989,1,2,n,PGFV,8
1989,1,2,n,DIME,42.5
1989,1,2,n,PGFV,7
1989,1,2,n,DIME,42
1989,1,2,n,DIME,40.5
1989,1,2,n,DIME,31.5
1989,1,2,n,PGFV,8.5
1989,1,2,n,PGFV,7
1989,1,2,n,PGFV,7.5
1989,1,2,n,PGFV,6
1989,1,2,n,DIME,40.5
1989,1,2,n,PGFV,6.5
1989,1,2,n,DIME,39.5
1989,1,2,n,DIME,46.5
1989,1,2,n,PGFV,6.5
1989,1,2,n,DIME,52
1989,1,2,n,DIME,36.5
1989,1,2,n,DIME,36
1989,1,2,n,DIME,45.5
1989,1,2,n,DIME,35.5
1989,1,2,n,ONAR,22
1989,1,2,n,PGFV,8
1989,1,2,n,DIME,33
1989,1,2,n,PGFV,7
1989,1,3,n,PGFV,8
1989,1,3,n,DIME,44
1989,1,3,n,ONAR,28
1989,1,3,n,PGFV,5
1989,1,3,n,DIME,35
1989,1,3,n,DIME,42
1989,1,3,n,DIME,39
1989,1,3,n,REME,7
1989,1,3,n,PGFV,7.5
1989,1,3,n,DIME,42
1989,1,3,n,DIME,43
1989,1,3,n,DIME,43
1989,1,3,n,DIME,28
1989,1,3,n,PGFV,7
1989,1,3,n,DIME,42
1989,1,3,n,REME,8.5
1989,1,3,n,DISP,100
1989,1,3,n,REME,7.5
1989,1,3,n,PGFV,7
1989,1,3,n,PGFV,8.5
1989,1,3,n,PGFV,7
1989,1,3,n,DIME,41
1989,1,3,n,DIME,41
1989,1,3,n,PGFV,6.5
1989,1,3,n,PGFV,6
1989,1,3,n,PGFV,7
1989,1,3,n,DIME,46
1989,1,3,n,DIME,38
1989,1,3,n,ONAR,17
1989,1,3,n,DIME,47
1989,1,3,n,DIME,39
1989,1,3,n,PGFV,7.5
1989,1,3,n,DIME,40
1989,1,3,n,PGFV,7
1989,1,3,n,PGFV,5
1989,1,4,n,PGFV,7
1989,1,4,n,PGFV,8.5
1989,1,4,n,DIME,36.5
1989,1,4,n,DIME,46.5
1989,1,4,n,DISP,125
1989,1,4,n,DIME,43.5
1989,1,4,n,DIME,50
1989,1,4,n,PGFV,NA
1989,1,4,n,DIME,44
1989,1,4,n,DISP,160
1989,1,4,n,DIME,39.5
1989,1,4,n,DIME,29
1989,1,4,n,PGFV,8
1989,1,4,n,DIME,36
1989,1,4,n,DIME,41
1989,1,4,n,PGFV,8
1989,1,4,n,PEER,18.5
1989,1,4,n,DIME,35.5
1989,1,4,n,DIME,44.5
1989,1,4,n,PEER,11.5
1989,1,4,n,ONAR,21.5
1989,1,4,n,PEER,16.5
1989,1,4,n,DIME,41.5
1989,1,5,n,PGFV,7.5
1989,1,5,n,DISP,150
1989,1,5,n,ONAR,22
1989,1,5,n,DIME,49
1989,1,5,n,DIME,34
1989,1,5,n,DIME,45
1989,1,5,n,DIME,39
1989,1,5,n,DIME,42
1989,1,5,n,DIME,47
1989,1,5,n,PGFV,7
1989,1,5,n,PGFV,6.5
1989,1,5,n,DIME,35
1989,1,5,n,PGFV,7
1989,1,5,n,PGFV,7
1989,1,5,n,DIME,41
1989,1,5,n,PGFV,7.5
1989,1,5,n,DIME,46
1989,1,5,n,DIME,44
1989,1,5,n,DIME,42
1989,1,5,n,PGFV,6
1989,1,5,n,DIME,41
1989,1,5,n,DIME,35
1989,1,5,n,DISP,100
1989,1,5,n,DIME,36
1989,2,1,n,DIME,41
1989,2,1,n,DIME,39
1989,2,1,n,PGFV,7
1989,2,1,n,PGFV,6
1989,2,1,n,DIME,41
1989,2,1,n,PGFV,8
1989,2,1,n,DISP,100
1989,2,1,n,DIME,40
1989,2,1,n,DIME,41
1989,2,1,n,DIME,30
1989,2,1,n,DISP,78
1989,2,2,n,DIME,51
1989,2,2,n,DIME,41
1989,2,2,n,ONAR,16.5
1989,2,2,n,PEER,17.5
1989,2,2,n,PGFV,8
1989,2,2,n,DIME,36.5
1989,2,2,n,PGFV,7.5
1989,2,2,n,PGFV,7.5
1989,2,2,n,ONAR,22.5
1989,2,3,n,DIME,39
1989,2,3,n,DIME,51
1989,2,3,n,DIME,38
1989,2,3,n,DIME,40
1989,2,3,n,DIME,47
1989,2,3,n,PGFV,6
1989,2,3,n,DIME,37
1989,2,3,n,PGFV,7
1989,2,3,n,DIME,46
1989,2,3,n,PGFV,5
1989,2,3,n,DIME,35
1989,2,3,n,DIME,41
1989,2,3,n,DIME,38
1989,2,3,n,ONAR,15
1989,2,4,n,DIME,41
1989,2,4,n,ONAR,27
1989,2,4,n,PGFV,7
1989,2,4,n,PGFV,7.5
1989,2,4,n,DISP,50
1989,2,4,n,ONAR,18.5
1989,2,4,n,PGFV,4.5
1989,2,4,n,PGFV,7
1989,2,4,n,ONAR,17
1989,2,4,n,DIME,48.5
1989,2,4,n,DIME,36
1989,2,4,n,PGFV,7.5
1989,2,4,n,ONAR,11.5
1989,2,4,n,DIME,NA
1989,2,4,n,ONAR,26
1989,2,4,n,DIME,38
1989,2,4,n,DIME,47
1989,2,4,n,DIME,39
1989,2,5,n,PGFV,7
1989,2,5,n,DIME,30
1989,2,5,n,PGFV,6.5
1989,2,5,n,DIME,36
1989,2,5,n,DIME,43
1989,2,5,n,DIME,30
1989,2,5,n,DIME,30
1989,2,5,n,DIME,33
1989,2,5,n,DIME,42
1989,2,5,n,PGFV,8
1989,2,5,n,DIME,35
1989,2,5,n,PGFV,6
1989,3,1,n,ONAR,24
1989,3,1,n,ONAR,NA
1989,3,1,n,PGFV,6.5
1989,3,1,n,DIME,42
1989,3,1,n,DIME,44
1989,3,1,n,DIME,42
1989,3,1,n,DIME,36
1989,3,1,n,DIME,47
1989,3,2,n,PGFV,6.5
1989,3,2,n,REME,10
1989,3,2,n,DISP,105
1989,3,2,n,ONAR,16.5
1989,3,2,n,DIME,37
1989,3,2,n,PGFV,7.5
1989,3,2,n,PGFV,6
1989,3,2,n,DISP,110
1989,3,2,n,DIME,44.5
1989,3,2,n,PGFV,7.5
1989,3,2,n,DIME,42
1989,3,3,n,DIME,39
1989,3,3,n,DIME,34
1989,3,3,n,PGFV,7
1989,3,3,n,DISP,100
1989,3,3,n,PGFV,7
1989,3,3,n,DIME,30
1989,3,3,n,DIME,40
1989,3,3,n,DIME,30
1989,3,4,n,PETR,16.5
1989,3,4,n,PGFV,8.5
1989,3,4,n,PGFV,9
1989,3,4,n,DIME,38.5
1989,3,4,n,DIME,41
1989,3,4,n,DIME,36.5
1989,3,5,n,PGFV,8
1989,3,5,n,DIME,38
1989,3,5,n,DIME,43
1989,3,5,n,DIME,42
1989,3,5,n,PGFV,6
1989,3,5,n,DISP,90
1989,3,5,n,PEER,18
1989,3,5,n,DIME,42
1989,3,5,n,PEER,22
1989,3,5,n,ONAR,26
1989,3,5,n,DIME,26
1990,1,1,n,PGFV,6
1990,1,1,n,PGFV,6.5
1990,1,1,n,DIOR,54
1990,1,1,n,PGFV,8
1990,1,1,n,DISP,120
1990,1,1,n,PGFV,8
1990,1,1,n,PGFV,7
1990,1,2,n,PGFV,3
1990,1,2,n,DIOR,42
1990,1,3,n,DIOR,56
1990,1,3,n,DIOR,53
1990,1,3,n,DIOR,51
1990,1,3,n,DISP,100
1990,1,3,n,DIOR,48
1990,1,3,n,DIOR,44
1990,1,3,n,DIOR,NA
1990,1,4,n,ONAR,24
1990,1,4,n,DIOR,54.5
1990,1,5,n,ONAR,10
1990,1,5,n,DIOR,34
1990,1,5,n,PGFV,8
1990,1,5,n,PGFV,7
1990,1,5,n,DISP,100
1990,1,5,n,PGFV,7
1990,1,5,n,PGFV,6
1990,1,5,n,PGFV,7
1990,1,5,n,DIOR,54
1990,1,5,n,PGFV,5
1990,1,5,n,ONAR,23
1990,2,1,n,DISP,88
1990,2,1,n,DISP,133
1990,2,1,n,DISP,124
1990,2,2,n,DIOR,45
1990,2,2,n,PGFV,5
1990,2,2,n,DIOR,52
1990,2,2,n,PGFV,8
1990,2,2,n,DIOR,60
1990,2,3,n,DIOR,53
1990,2,3,n,PGFV,7
1990,2,3,n,PGFV,6
1990,2,3,n,DIOR,51
1990,2,3,n,DISP,100
1990,2,3,n,DISP,80
1990,2,3,n,DISP,100
1990,2,3,n,DIOR,45
1990,2,3,n,DISP,100
1990,2,3,n,DIOR,39
1990,2,3,n,DIOR,52
1990,2,3,n,DIOR,43
1990,2,3,n,ONAR,32
1990,2,4,n,ONAR,20.5
1990,2,4,n,DIOR,45
1990,2,4,n,DIOR,42.5
1990,2,5,n,PGFV,9
1990,2,5,n,ONAR,23
1990,2,5,n,DIOR,48
1990,2,5,n,PGFV,6
1990,2,5,n,DIOR,42
1990,2,5,n,DISP,100
1990,2,5,n,DISP,100
1990,3,1,n,PGFV,6
1990,3,1,n,DIOR,39
1990,3,2,n,DIOR,52
1990,3,2,n,PGFV,8
1990,3,3,n,DISP,72
1990,3,3,n,PGFV,8
1990,3,3,n,DIOR,40
1990,3,3,n,DISP,100
1990,3,3,n,DIME,55
1990,3,3,n,DIOR,53
1990,3,4,n,ONAR,25
1990,3,4,n,PGFV,5.5
1990,3,4,n,DIOR,40.5
1990,3,4,n,DIOR,40.5
1990,3,5,n,PGFV,7
1990,3,5,n,DIOR,39
1990,3,5,n,DIOR,52
1990,3,5,n,DISP,100
1990,3,5,n,DIOR,44
1990,3,5,n,DIOR,44.5
1990,3,5,n,DIOR,51.5
1990,1,1,n,DIOR,45
1990,1,2,n,DIOR,47
1990,1,2,n,DIOR,48
1990,1,2,n,DIOR,NA
1990,1,2,n,DIOR,55
1990,1,2,n,DIOR,52
1990,1,3,n,DIME,45
1990,1,3,n,DIOR,50
1990,1,3,n,DISP,100
1990,1,3,n,DISP,100
1990,1,3,n,DIME,NA
1990,1,4,n,DIOR,45.5
1990,1,4,n,PGFV,7.5
1990,1,4,n,DIOR,40
1990,1,4,n,ONAR,21.5
1990,1,5,n,DIOR,51
1990,1,5,n,PGFV,NA
1990,1,5,n,DISP,100
1990,2,1,n,PGFV,7.5
1990,2,1,n,ONAR,21
1990,2,3,n,PGFV,7
1990,2,3,n,DISP,100
1990,2,3,n,DIOR,53
1990,2,3,n,DIOR,39
1990,2,3,n,DIOR,54
1990,2,5,n,DIOR,39
1990,2,5,n,DIOR,49
1990,2,5,n,PGFV,8.5
1990,2,5,n,DISP,100
1990,3,2,n,DIOR,42
1990,3,3,n,PGFV,8
1990,3,3,n,DIOR,NA
1990,3,3,n,DIOR,38
1990,3,3,n,PGFV,NA
1990,3,3,n,DIOR,44
1990,3,5,n,DISP,100
1990,1,1,n,DIME,42
1990,1,1,n,DIME,44
1990,1,1,n,DIME,45
1990,1,1,n,DIOR,41
1990,1,1,n,PGFV,7
1990,1,1,n,DIME,40
1990,1,1,n,DIME,48
1990,1,1,n,DIME,49
1990,1,1,n,DIME,38
1990,1,1,n,PGFV,8
1990,1,1,n,DIME,42
1990,1,1,n,DIME,44
1990,1,1,n,PGFV,7
1990,1,1,n,DIME,43.5
1990,1,2,n,PGFV,7.5
1990,1,2,n,PGFV,6.5
1990,1,2,n,DIME,36.5
1990,1,2,n,PGFV,7
1990,1,3,n,DIME,47
1990,1,3,n,DISP,100
1990,1,3,n,DIME,50
1990,1,3,n,DIME,45
1990,1,3,n,DISP,100
1990,1,4,n,DIME,43.5
1990,1,4,n,DIME,15.5
1990,1,4,n,DIME,39
1990,1,4,n,DIME,47
1990,1,4,n,ONAR,27
1990,1,4,n,DIME,49
1990,1,5,n,DIME,45
1990,1,5,n,DIME,42
1990,1,5,n,DIME,41
1990,2,1,n,DIME,45
1990,2,1,n,DIME,40
1990,2,1,n,DIME,41
1990,2,1,n,DIME,42
1990,2,1,n,DIME,40
1990,2,1,n,DIME,NA
1990,2,1,n,DIME,40
1990,2,2,n,DIME,43.5
1990,2,2,n,DIOR,40
1990,2,2,n,DIME,44.5
1990,2,2,n,DIME,37
1990,2,2,n,ONAR,23.5
1990,2,3,n,DIME,41
1990,2,3,n,DIME,39
1990,2,3,n,DIME,44
1990,2,3,n,ONAR,36
1990,2,4,n,DIME,39.5
1990,2,4,n,DISP,133
1990,2,4,n,DIME,41
1990,2,4,n,DIME,37.5
1990,2,4,n,DIME,43
1990,2,5,n,DISP,100
1990,2,5,n,DIME,38
1990,2,5,n,DIME,43
1990,2,5,n,DIME,45
1990,2,5,n,DIME,45
1990,2,5,n,DIME,41
1990,2,5,n,DIME,38
1990,3,1,n,DIME,45
1990,3,1,n,DIME,38
1990,3,1,n,DIME,40.5
1990,3,1,n,DIME,39
1990,3,2,n,DIME,45.5
1990,3,2,n,PGFV,7.5
1990,3,2,n,PGFV,7
1990,3,2,n,DIME,38
1990,3,2,n,DISP,102
1990,3,3,n,DIME,36
1990,3,3,n,DISP,100
1990,3,3,n,DIME,43
1990,3,4,n,DISP,142
1990,3,4,n,DIME,39.5
1990,3,5,n,DIME,37
1990,3,5,n,DIME,38
1990,1,1,n,DIME,45
1990,1,1,n,DIME,42
1990,1,1,n,DIME,34
1990,1,1,n,DISP,100
1990,1,1,n,DIME,41
1990,1,1,n,PGFV,6.5
1990,1,1,n,DIME,46
1990,1,1,n,PEER,21
1990,1,1,n,DIME,30
1990,1,1,n,DIME,43.5
1990,1,1,n,DIME,49
1990,1,1,n,DIME,38
1990,1,1,n,DIME,36
1990,1,2,n,PGFV,8
1990,1,2,n,PGFV,7.5
1990,1,2,n,DIME,43.5
1990,1,3,n,DIME,37
1990,1,3,n,DIME,33
1990,1,3,n,DIME,29
1990,1,3,n,PGFV,2
1990,1,3,n,DIME,45
1990,1,3,n,DIME,40
1990,1,3,n,DIME,40
1990,1,3,n,DIME,40
1990,1,3,n,DIME,42
1990,1,3,n,DIME,46
1990,1,3,n,DIME,31
1990,1,4,n,DIME,30.5
1990,1,4,n,DIME,41
1990,1,4,n,DIME,44
1990,1,4,n,DIME,31.5
1990,1,4,n,DISP,108
1990,1,4,n,DIME,43.5
1990,1,4,n,DIME,27
1990,1,4,n,DIME,28
1990,1,5,n,DISP,100
1990,1,5,n,DIME,45
1990,1,5,n,DIME,30
1990,1,5,n,DIME,38
1990,1,5,n,DIME,35
1990,1,5,n,DIME,46
1990,1,5,n,DIME,35
1990,1,5,n,DIME,44
1990,1,5,n,DIME,43
1990,2,1,n,DIME,41
1990,2,1,n,PEER,16
1990,2,1,n,DIME,38
1990,2,1,n,DIME,46
1990,2,1,n,DISP,100
1990,2,1,n,DIME,43
1990,2,1,n,DIME,21
1990,2,1,n,DIME,28
1990,2,1,n,DIME,39
1990,2,1,n,DIME,40
1990,2,2,n,DIME,40
1990,2,2,n,PGFV,7.5
1990,2,2,n,DIME,30
1990,2,2,n,ONAR,16.5
1990,2,2,n,DIME,41.5
1990,2,2,n,DIME,28
1990,2,3,n,DISP,100
1990,2,3,n,DIME,25
1990,2,3,n,DIME,43
1990,2,3,n,DIME,42
1990,2,3,n,DIME,40
1990,2,3,n,DIME,29
1990,2,4,n,ONAR,18
1990,2,4,n,DIME,27
1990,2,5,n,DIME,38
1990,2,5,n,DIME,38
1990,2,5,n,DISP,100
1990,2,5,n,DIME,NA
1990,2,5,n,DIME,30
1990,3,1,n,DIME,36
1990,3,1,n,DIME,40
1990,3,1,n,ONAR,NA
1990,3,1,n,ONAR,19
1990,3,1,n,DIME,37
1990,3,1,n,DIME,36.5
1990,3,1,n,DIME,38
1990,3,3,n,DISP,NA
1990,3,3,n,DIME,33
1990,3,3,n,DIME,37
1990,3,4,n,DIME,35.5
1990,3,4,n,DIME,49.5
1990,3,5,n,DIME,32
1990,3,5,n,DIME,40
1991,1,1,n,DISP,136.8
1991,1,1,n,PGFV,8.4
1991,1,1,n,DISP,108.1
1991,1,1,n,XESP,109.3
1991,1,1,n,PGFV,7.7
1991,1,2,n,PGFV,6.5
1991,1,3,n,DIOR,30
1991,1,3,n,DIOR,42
1991,1,3,n,PELE,17
1991,1,3,n,DISP,118
1991,1,3,n,DISP,68
1991,1,3,n,DISP,126
1991,1,3,n,DIOR,41
1991,1,4,n,DIOR,41.6
1991,1,4,n,DISP,125.6
1991,1,4,n,DIOR,47.8
1991,1,4,n,DIOR,46.5
1991,1,4,n,DIME,42.5
1991,1,5,n,DISP,62
1991,1,5,n,PGFV,5
1991,2,1,n,PETR,18.9
1991,2,1,n,PGFV,6.9
1991,2,1,n,DIOR,48.9
1991,2,2,n,ONAR,15
1991,2,2,n,PGFV,8
1991,2,3,n,DISP,126
1991,2,3,n,DISP,NA
1991,2,3,n,DISP,64
1991,2,3,n,DIOR,29
1991,2,3,n,DISP,125
1991,2,3,n,DIOR,45
1991,2,3,n,XESP,97
1991,2,3,n,DIOR,52
1991,2,4,n,DISP,87.6
1991,2,4,n,XESP,NA
1991,2,4,n,DISP,70.2
1991,2,4,n,PGFV,6.8
1991,2,4,n,DISP,105.2
1991,2,4,n,DISP,106.3
1991,2,5,n,XESP,NA
1991,2,5,n,PGFV,7
1991,2,5,n,ONAR,NA
1991,2,5,n,DISP,63
1991,2,5,n,DISP,111
1991,3,3,n,DISP,100
1991,3,3,n,DIOR,40
1991,3,3,n,DISP,59
1991,3,3,n,DISP,NA
1991,3,3,n,DISP,NA
1991,3,3,n,DIOR,29
1991,3,3,n,DIOR,49
1991,3,3,n,DISP,142
1991,3,4,n,ONAR,10.1
1991,3,4,n,DIOR,13.3
1991,3,5,n,PGFV,6.5
1991,3,5,n,DISP,NA
1991,3,5,n,DISP,NA
1991,1,1,n,PGFV,8.1
1991,1,1,n,ONLE,19.8
1991,1,1,n,DISP,112.6
1991,1,1,n,PGFV,8
1991,1,1,n,PGFV,7.7
1991,1,1,n,PGFV,7.2
1991,1,1,n,DISP,63.1
1991,1,1,n,PGFV,7.7
1991,1,1,n,DISP,91.5
1991,1,2,n,PETR,19
1991,1,2,n,PGFV,7
1991,1,2,n,DISP,110
1991,1,2,n,PETR,20
1991,1,3,n,DISP,100
1991,1,3,n,DIOR,50
1991,1,3,n,DIOR,49
1991,1,4,n,DISP,122.3
1991,1,4,n,PGFV,5.7
1991,1,4,n,DISP,106.2
1991,1,4,n,PGFV,7.4
1991,1,4,n,DIOR,55.5
1991,1,4,n,DISP,141.2
1991,1,5,n,DISP,111
1991,1,5,n,PGFV,9
1991,1,5,n,DISP,91
1991,2,1,n,DIOR,37.6
1991,2,1,n,PGFL,7.8
1991,2,1,n,XESP,103.8
1991,2,1,n,XESP,79.2
1991,2,1,n,PGFV,6.3
1991,2,2,n,XESP,118
1991,2,2,n,PELE,25
1991,2,2,n,PGFV,7.5
1991,2,2,n,XESP,NA
1991,2,2,n,XESP,94
1991,2,2,n,PELE,27
1991,2,3,n,DISP,96
1991,2,3,n,PGFV,6.5
1991,2,3,n,PGFV,8
1991,2,3,n,DIOR,49
1991,2,3,n,DIOR,49
1991,2,4,n,XESP,51.4
1991,2,4,n,PGFV,7.3
1991,2,4,n,DIOR,48.3
1991,2,5,n,XESP,60
1991,2,5,n,DISP,107
1991,2,5,n,DISP,91
1991,3,1,n,ONAR,9.2
1991,3,1,n,DISP,99
1991,3,2,n,DISP,102
1991,3,2,n,XESP,NA
1991,3,2,n,DISP,NA
1991,3,3,n,PETR,19
1991,3,3,n,DISP,90
1991,3,3,n,PGFV,7
1991,3,3,n,DIOR,47
1991,3,3,n,DISP,106
1991,3,4,n,DISP,114.9
1991,3,4,n,PGFV,3.6
1991,3,4,n,XESP,57.6
1991,3,4,n,ONAR,28.8
1991,3,4,n,PGFV,6.6
1991,3,5,n,DISP,105
1991,3,5,n,DISP,92
1991,1,1,n,PETR,18
1991,1,1,n,DIME,39
1991,1,1,n,ONAR,NA
1991,1,1,n,PETR,20
1991,1,1,n,DIME,41
1991,1,1,n,DIME,34
1991,1,1,n,DIME,42
1991,1,1,n,DIME,47
1991,1,2,n,DIME,37.8
1991,1,2,n,ONAR,12.5
1991,1,2,n,PELE,22.7
1991,1,2,n,DISP,89.5
1991,1,2,n,DIME,41.1
1991,1,3,n,DIME,25
1991,1,3,n,ONAR,22
1991,1,3,n,DIME,39
1991,1,3,n,XESP,40
1991,1,3,n,DIME,51
1991,1,3,n,DIME,43
1991,1,3,n,DIME,32
1991,1,3,n,DIME,44
1991,1,3,n,DIME,45
1991,1,3,n,DIME,25
1991,1,3,n,DIME,24
1991,1,4,n,DIME,43.3
1991,1,4,n,DIME,44.6
1991,1,4,n,DIME,37.5
1991,1,4,n,DIME,43.8
1991,1,4,n,DIME,47.3
1991,1,4,n,DIME,44.3
1991,1,4,n,XESP,103.4
1991,1,5,n,DIME,44
1991,1,5,n,PETR,21
1991,1,5,n,DISP,94
1991,1,5,n,DIME,37
1991,1,5,n,XESP,88
1991,1,5,n,PETR,20
1991,1,5,n,NEAL,96
1991,1,5,n,NEMI,150
1991,2,1,n,DIME,39
1991,2,1,n,PELE,23
1991,2,1,n,PETR,25.5
1991,2,1,n,DIME,41
1991,2,1,n,PETR,21
1991,2,1,n,DIME,43
1991,2,1,n,DIME,40
1991,2,1,n,DIME,39
1991,2,2,n,PGFV,7.6
1991,2,2,n,ONAR,21.2
1991,2,2,n,DIME,42.8
1991,2,2,n,DIME,42.4
1991,2,2,n,DISP,107.4
1991,2,2,n,ONAR,14.4
1991,2,3,n,PELE,21
1991,2,3,n,DIME,24
1991,2,3,n,DIME,43
1991,2,3,n,DIME,40
1991,2,3,n,DISP,80
1991,2,3,n,PETR,21
1991,2,3,n,DISP,76
1991,2,3,n,DIME,50
1991,2,3,n,PETR,20
1991,2,3,n,DIME,46
1991,2,3,n,DIME,45
1991,2,3,n,DIME,25
1991,2,3,n,DIME,43
1991,2,3,n,NEAL,94
1991,2,3,n,DIME,23
1991,2,4,n,DIME,45.1
1991,2,4,n,DIME,41.4
1991,2,5,n,ONAR,20
1991,2,5,n,DIME,55
1991,2,5,n,DIME,42
1991,2,5,n,DISP,91
1991,2,5,n,DIME,20
1991,2,5,n,DIME,38
1991,2,5,n,DIME,46
1991,2,5,n,PETR,19
1991,2,5,n,PETR,26
1991,2,5,n,NEMI,NA
1991,3,1,n,DIME,39
1991,3,1,n,PEXX,22
1991,3,1,n,PETR,22
1991,3,1,n,DIME,40
1991,3,1,n,PETR,22
1991,3,1,n,PETR,20
1991,3,1,n,PETR,NA
1991,3,1,n,DISP,100
1991,3,1,n,DIME,26
1991,3,1,n,DIME,47
1991,3,1,n,PETR,23
1991,3,1,n,DIME,39
1991,3,1,n,PETR,24
1991,3,1,n,DIME,39
1991,3,2,n,DIME,39.5
1991,3,2,n,PETR,23.4
1991,3,2,n,DIME,37.4
1991,3,2,n,PETR,27.8
1991,3,3,n,DIME,23
1991,3,3,n,PEXX,23
1991,3,3,n,PETR,20
1991,3,3,n,DIME,36
1991,3,3,n,DISP,74
1991,3,3,n,PETR,20
1991,3,3,n,PETR,26
1991,3,3,n,PELE,19
1991,3,3,n,PETR,24
1991,3,3,n,DIME,43
1991,3,3,n,DIME,49
1991,3,3,n,DISP,73
1991,3,3,n,PETR,20
1991,3,3,n,DIME,41
1991,3,3,n,DIME,48
1991,3,3,n,DIME,24
1991,3,4,n,PETR,22.2
1991,3,4,n,PETR,22
1991,3,4,n,DIME,44.6
1991,3,4,n,DIME,37.3
1991,3,4,n,PETR,23.4
1991,3,4,n,PETR,22.1
1991,3,4,n,DIME,27.6
1991,3,5,n,DIME,47
1991,3,5,n,DIME,43
1991,3,5,n,DISP,92
1991,3,5,n,PGFV,8
1991,3,5,n,DIME,39
1991,3,5,n,DIME,21
1991,3,5,n,DIME,45
1991,3,5,n,PETR,22
1991,3,5,n,NEMI,NA
1991,1,1,n,DIME,35
1991,1,1,n,PETR,20
1991,1,1,n,PETR,15
1991,1,1,n,NEAL,92
1991,1,1,n,DIME,39
1991,1,1,n,PETR,20.5
1991,1,1,n,PELE,25
1991,1,1,n,DIME,50
1991,1,2,n,XESP,46.2
1991,1,2,n,PGFV,10.8
1991,1,2,n,DIME,45.6
1991,1,2,n,PETR,20.1
1991,1,2,n,DIME,33.9
1991,1,2,n,PETR,20.9
1991,1,2,n,DIME,32.1
1991,1,3,n,DIME,33
1991,1,3,n,XESP,114
1991,1,3,n,DIME,42
1991,1,3,n,NEAL,20
1991,1,3,n,DIME,43
1991,1,3,n,DIME,34
1991,1,4,n,DIME,37.9
1991,1,4,n,NEAL,98.8
1991,1,4,n,DIME,46.7
1991,2,1,n,DIME,47
1991,2,1,n,DIME,35
1991,2,1,n,DIME,31
1991,2,1,n,PETR,20.5
1991,2,1,n,PETR,14
1991,2,1,n,DIME,36
1991,2,1,n,PETR,21
1991,2,1,n,PETR,21.5
1991,2,1,n,PETR,16
1991,2,1,n,PEER,16
1991,2,1,n,PEER,27
1991,2,3,n,DISP,138
1991,2,3,n,DIME,30.5
1991,2,3,n,XESP,97
1991,2,3,n,XESP,35
1991,2,3,n,NEAL,186
1991,2,3,n,DIME,43
1991,2,3,n,DIME,43
1991,2,4,n,DIME,30
1991,2,4,n,DIME,29.1
1991,2,4,n,PETR,15.1
1991,2,4,n,PENA,19.5
1991,2,4,n,DISP,103.3
1991,2,5,n,DIME,38.5
1991,2,5,n,NEAL,18
1991,2,5,n,PETR,17
1991,2,5,n,NEAL,126
1991,2,5,n,NEAL,171
1991,2,5,n,PETR,21
1991,3,1,n,DIME,41
1991,3,1,n,DIME,32
1991,3,1,n,PELE,23
1991,3,1,n,DIME,34
1991,3,1,n,PETR,20
1991,3,1,n,PETR,19
1991,3,1,n,PETR,19
1991,3,1,n,DIME,36
1991,3,1,n,PETR,21
1991,3,1,n,PETR,23
1991,3,1,n,PETR,20
1991,3,1,n,PELE,73
1991,3,2,n,DIME,29
1991,3,2,n,PETR,18.8
1991,3,3,n,DISP,132
1991,3,3,n,DIME,30
1991,3,3,n,XESP,35
1991,3,3,n,DIME,48
1991,3,3,n,DIME,32
1991,3,4,n,DIME,31.6
1991,3,4,n,XESP,65.8
1991,3,4,n,XESP,35
1991,3,4,n,DIME,38.4
1991,3,4,n,PELE,21.5
1991,3,5,n,NEAL,23
1991,3,5,n,DIME,36
1991,3,5,n,NEAL,182
1991,3,5,n,XESP,NA
1991,3,5,n,XESP,100
1991,3,5,n,PELE,18
1991,3,5,n,NEAL,154
1991,3,5,n,PETR,20
1991,1,1,n,ONAR,33
1991,1,1,n,PELE,28
1991,1,1,n,NEAL,121
1991,1,1,n,DIOR,46
1991,1,1,n,DIOR,53
1991,1,1,n,NEAL,140
1991,1,1,n,PGFL,12
1991,1,1,n,DIME,43
1991,1,1,n,PEMA,23
1991,1,1,n,PGFL,9
1991,1,1,n,PELE,27
1991,1,1,n,DIME,48
1991,1,1,n,PETR,23
1991,1,1,n,PELE,26
1991,1,1,n,PGFL,11
1991,1,1,n,DIOR,50
1991,1,1,n,DIME,38
1991,1,1,n,DIOR,55
1991,1,1,n,PETR,22
1991,1,1,n,DIOR,40
1991,1,1,n,PELE,27.5
1991,1,1,n,DIME,43
1991,1,1,n,PGFL,15
1991,1,1,n,DIOR,50
1991,1,1,n,DIOR,28.5
1991,1,1,n,DIOR,42
1991,1,1,n,DIME,30
1991,1,1,n,DIOR,35
1991,1,1,n,DIOR,36
1991,1,2,n,DIOR,57.2
1991,1,2,n,PETR,25.1
1991,1,2,n,DIOR,45.3
1991,1,2,n,ONLE,35.8
1991,1,2,n,NEAL,118
1991,1,2,n,REME,9.7
1991,1,2,n,DIME,37.1
1991,1,2,n,PELE,23.7
1991,1,2,n,DIOR,48.5
1991,1,2,n,NEAL,NA
1991,1,2,n,PGFL,11.1
1991,1,2,n,PELE,31.7
1991,1,3,n,DIOR,45.5
1991,1,3,n,DIOR,50.6
1991,1,3,n,PGFL,10.3
1991,1,3,n,DIME,44.5
1991,1,3,n,XESP,NA
1991,1,3,n,NEAL,149.6
1991,1,3,n,DIOR,40
1991,1,3,n,PGFL,13.4
1991,1,3,n,DIOR,47
1991,1,3,n,PELE,17.2
1991,1,4,n,DIOR,33
1991,1,4,n,DIOR,43
1991,1,4,n,PELE,25
1991,1,4,n,ONAR,35
1991,1,4,n,ONLE,21
1991,1,4,n,PELE,24
1991,1,4,n,PEXX,25
1991,1,4,n,DIOR,20
1991,1,4,n,PELE,19
1991,1,4,n,DIOR,50
1991,1,4,n,DIME,21
1991,1,4,n,DIOR,37
1991,1,4,n,DIOR,47
1991,1,4,n,DIOR,45
1991,1,4,n,DIOR,56
1991,1,4,n,ONLE,29
1991,1,4,n,PELE,17
1991,1,4,n,DIOR,51
1991,1,4,n,PELE,28
1991,1,4,n,DIOR,45
1991,1,4,n,DIME,48
1991,1,4,n,PEXX,27
1991,1,5,n,DIME,32
1991,1,5,n,DIME,41
1991,1,5,n,DIOR,49
1991,1,5,n,PELE,25
1991,1,5,n,DIOR,55
1991,1,5,n,PETR,26
1991,1,5,n,NEAL,89
1991,1,5,n,PELE,28
1991,1,5,n,ONLE,29
1991,1,5,n,DIOR,47
1991,1,5,n,PETR,NA
1991,1,5,n,PELE,21
1991,1,5,n,DIOR,50
1991,1,5,n,DIME,40
1991,1,5,n,DIOR,47
1991,1,5,n,ONLE,28
1991,1,5,n,NEAL,136
1991,1,5,n,DIOR,NA
1991,1,5,n,ONLE,33
1991,1,5,n,DIOR,50
1991,1,5,n,DIOR,30
1991,1,5,n,DIME,38
1991,1,5,n,DIME,52
1991,1,5,n,DIOR,45
1991,2,1,n,DIOR,41
1991,2,1,n,PETR,24
1991,2,1,n,PELE,32
1991,2,1,n,NEAL,113
1991,2,1,n,DIOR,43
1991,2,1,n,DISP,NA
1991,2,1,n,PGFL,12
1991,2,1,n,DIME,43
1991,2,1,n,PEMA,25
1991,2,1,n,DIME,32
1991,2,1,n,DIME,46
1991,2,1,n,PGFV,8
1991,2,1,n,PETR,21
1991,2,1,n,DIME,30
1991,2,1,n,ONLE,19
1991,2,1,n,DIOR,40
1991,2,1,n,DIME,41
1991,2,1,n,DIOR,53
1991,2,1,n,PGFL,10
1991,2,1,n,DIOR,27
1991,2,1,n,XESP,NA
1991,2,1,n,PGFL,11
1991,2,1,n,DIOR,49
1991,2,1,n,DIOR,34
1991,2,1,n,PGFL,12
1991,2,1,n,PGFL,NA
1991,2,1,n,DIOR,49
1991,2,2,n,XESP,NA
1991,2,2,n,PELE,26.7
1991,2,2,n,NEAL,150
1991,2,2,n,DIOR,46.5
1991,2,2,n,PGFL,10.4
1991,2,2,n,DIOR,35.8
1991,2,2,n,ONLE,32.7
1991,2,2,n,PGFL,NA
1991,2,2,n,REME,9.6
1991,2,2,n,XESP,NA
1991,2,2,n,DIME,47.9
1991,2,2,n,PELE,20.6
1991,2,3,n,DIOR,38.4
1991,2,3,n,DIOR,47.1
1991,2,3,n,DIME,30
1991,2,3,n,PETR,23.1
1991,2,3,n,DIOR,49.9
1991,2,3,n,PGFL,12.7
1991,2,3,n,DIOR,46.2
1991,2,4,n,DIOR,35
1991,2,4,n,ONAR,30
1991,2,4,n,PELE,26
1991,2,4,n,DIOR,45
1991,2,4,n,ONLE,20
1991,2,4,n,DIOR,43
1991,2,4,n,DIOR,42
1991,2,4,n,PELE,23
1991,2,4,n,DIOR,54
1991,2,4,n,ONLE,32
1991,2,4,n,DIOR,53
1991,2,4,n,PELE,24
1991,2,4,n,DIOR,49
1991,2,4,n,DIOR,35
1991,2,4,n,DIME,20
1991,2,4,n,DIME,20
1991,2,4,n,DIOR,51
1991,2,4,n,DIOR,55
1991,2,4,n,PGFL,9
1991,2,4,n,PELE,15
1991,2,4,n,NEAL,158
1991,2,4,n,DIOR,50
1991,2,4,n,DIME,43
1991,2,4,n,DIOR,48
1991,2,4,n,PEXX,27
1991,2,4,n,PELE,24
1991,2,4,n,PELE,19
1991,2,5,n,DIOR,52
1991,2,5,n,DIME,32
1991,2,5,n,PELE,27
1991,2,5,n,ONLE,37
1991,2,5,n,DIOR,46
1991,2,5,n,XESP,97
1991,2,5,n,DIME,29
1991,2,5,n,DIOR,48
1991,2,5,n,PETR,24
1991,2,5,n,ONLE,34
1991,2,5,n,NEAL,82
1991,2,5,n,ONLE,28
1991,2,5,n,PELE,14
1991,2,5,n,REME,11
1991,2,5,n,DIOR,46
1991,2,5,n,ONLE,32
1991,2,5,n,DIOR,51
1991,2,5,n,DIME,41
1991,2,5,n,DIOR,47
1991,2,5,n,DIOR,50
1991,2,5,n,PELE,21
1991,2,5,n,DIOR,48
1991,2,5,n,DIOR,28
1991,2,5,n,DIME,38
1991,2,5,n,DIME,28
1991,2,5,n,DIME,48
1991,2,5,n,DIOR,44
1991,3,1,n,ONLE,26
1991,3,1,n,DIME,48
1991,3,1,n,NEAL,NA
1991,3,1,n,DIOR,31
1991,3,1,n,DIOR,NA
1991,3,1,n,PGFL,10
1991,3,1,n,DIOR,40
1991,3,1,n,DIME,40
1991,3,1,n,REMO,7
1991,3,1,n,DIOR,46
1991,3,1,n,DIME,42
1991,3,1,n,PELE,26
1991,3,1,n,PETR,14
1991,3,1,n,DIME,45
1991,3,1,n,XESP,90
1991,3,1,n,DIME,27
1991,3,1,n,DIOR,39
1991,3,1,n,PELE,24
1991,3,1,n,PELE,8
1991,3,1,n,PETR,19
1991,3,1,n,PETR,23
1991,3,1,n,DIOR,26
1991,3,1,n,DIOR,49
1991,3,1,n,PEMA,25
1991,3,2,n,PELE,25
1991,3,2,n,DIOR,52
1991,3,2,n,PGFL,14.4
1991,3,2,n,DIOR,55.3
1991,3,3,n,ONLE,42.4
1991,3,3,n,DIOR,33.8
1991,3,3,n,DIOR,48.4
1991,3,3,n,NEAL,141.3
1991,3,4,n,PELE,27
1991,3,4,n,PELE,15
1991,3,4,n,DIOR,40
1991,3,4,n,ONLE,35
1991,3,4,n,NEAL,66
1991,3,4,n,PELE,25
1991,3,4,n,DIOR,43
1991,3,4,n,PELE,19
1991,3,4,n,PELE,24
1991,3,4,n,DIOR,44
1991,3,4,n,AMLE,56
1991,3,4,n,DIOR,33
1991,3,4,n,ONLE,37
1991,3,4,n,PELE,15
1991,3,4,n,DIME,19
1991,3,4,n,DIOR,47
1991,3,4,n,DIOR,49
1991,3,4,n,NEAL,77
1991,3,4,n,DIOR,55
1991,3,4,n,DIOR,48
1991,3,4,n,DIME,44
1991,3,4,n,PELE,11
1991,3,4,n,DIOR,NA
1991,3,4,n,PEXX,25
1991,3,5,n,DIOR,45
1991,3,5,n,DIME,38
1991,3,5,n,PELE,28
1991,3,5,n,ONLE,44
1991,3,5,n,PELE,23
1991,3,5,n,DIOR,45
1991,3,5,n,PELE,22
1991,3,5,n,ONLE,31
1991,3,5,n,DIME,32
1991,3,5,n,DIOR,49
1991,3,5,n,PETR,22
1991,3,5,n,PELE,26
1991,3,5,n,PELE,24
1991,3,5,n,ONLE,25
1991,3,5,n,DIOR,50
1991,3,5,n,NEAL,131
1991,3,5,n,DIOR,47
1991,3,5,n,DIME,31
1991,3,5,n,DIOR,47
1991,3,5,n,DIOR,28
1991,3,5,n,NEAL,171
1991,3,5,n,DIME,27
1991,3,5,n,DIOR,43
1991,1,1,n,NEAL,158
1991,1,1,n,PGFL,13
1991,1,2,n,DIOR,48
1991,1,2,n,PGFL,11.2
1991,1,2,n,ONLE,37.8
1991,1,2,n,DIOR,49.6
1991,1,2,n,DIOR,45.4
1991,1,2,n,DIOR,37.6
1991,1,2,n,DIOR,54.8
1991,1,2,n,NEAL,181.5
1991,1,2,n,DIOR,37.6
1991,1,2,n,DIME,41.3
1991,1,2,n,PGFL,11.5
1991,1,2,n,DIOR,47.8
1991,1,2,n,DIME,48.2
1991,1,3,n,ONLE,35.2
1991,1,3,n,DIOR,40
1991,1,3,n,DIME,30.7
1991,1,3,n,PGFL,15
1991,1,3,n,DIOR,49.9
1991,1,3,n,NEAL,143.7
1991,1,3,n,DIME,39.7
1991,1,3,n,DIOR,37.7
1991,1,3,n,DIOR,45.5
1991,1,3,n,DIME,32.6
1991,1,3,n,DIME,50.8
1991,1,3,n,NEAL,132
1991,1,3,n,DIOR,43.2
1991,1,4,n,ONLE,46
1991,1,4,n,NEAL,135
1991,1,4,n,ONLE,35.5
1991,1,4,n,DIOR,55
1991,1,4,n,PELE,27
1991,1,4,n,NEAL,204
1991,1,4,n,DIME,44
1991,1,5,n,ONLE,33
1991,1,5,n,NEAL,140
1991,1,5,n,DIME,49
1991,1,5,n,DIME,43
1991,1,5,n,DIOR,46
1991,1,5,n,DIOR,50
1991,1,5,n,PGFL,10
1991,1,5,n,XESP,93
1991,2,1,n,DIOR,52
1991,2,1,n,DIOR,58
1991,2,1,n,NEAL,161
1991,2,1,n,PGFL,13
1991,2,1,n,PETR,20
1991,2,1,n,DIOR,53
1991,2,2,n,DIOR,58.5
1991,2,2,n,DIOR,57.5
1991,2,2,n,XESP,93.9
1991,2,2,n,DIOR,56.4
1991,2,2,n,DIOR,60
1991,2,2,n,DIOR,53.9
1991,2,2,n,NEAL,145.3
1991,2,3,n,DIOR,48.3
1991,2,3,n,DIOR,51.2
1991,2,3,n,NEMI,149.1
1991,2,3,n,DIOR,43.7
1991,2,3,n,DIOR,55.7
1991,2,3,n,PEER,27.3
1991,2,3,n,DIOR,48.4
1991,2,4,n,PGFL,11
1991,2,4,n,PGFL,10
1991,2,4,n,ONLE,42
1991,2,4,n,ONLE,39
1991,2,4,n,DIOR,56
1991,2,4,n,DIME,49
1991,2,4,n,DIME,43
1991,2,5,n,DIOR,63
1991,2,5,n,DIME,41
1991,2,5,n,ONLE,33
1991,2,5,n,PGFL,9
1991,2,5,n,DIOR,43
1991,2,5,n,DIME,48
1991,3,1,n,XESP,86
1991,3,2,n,PGFL,10
1991,3,2,n,DIOR,51.6
1991,3,2,n,DIOR,50.3
1991,3,2,n,PGFL,11.6
1991,3,2,n,PGFL,11
1991,3,3,n,DIOR,57.4
1991,3,3,n,DIOR,47.9
1991,3,3,n,REME,13
1991,3,3,n,XESP,108.6
1991,3,3,n,NEAL,156.7
1991,3,3,n,PGFL,12.3
1991,3,3,n,NEAL,120.7
1991,3,3,n,DIOR,49.8
1991,3,3,n,DIOR,39.3
1991,3,4,n,DIOR,52
1991,3,4,n,PGFL,9
1991,3,4,n,NEAL,122
1991,3,4,n,ONLE,37
1991,3,4,n,DIOR,54
1991,3,4,n,PELE,NA
1991,3,4,n,PGFL,10
1991,3,4,n,DIME,48
1991,3,4,n,DIOR,52
1991,3,4,n,DIME,44
1991,3,4,n,DIME,32
1991,3,4,n,DIME,35
1991,3,4,n,DIME,NA
1991,3,5,n,DIOR,45
1991,3,5,n,DIOR,61
1991,3,5,n,ONLE,36
1991,3,5,n,DIME,38
1991,3,5,n,DIOR,54
1991,3,5,n,XESP,96
1991,3,5,n,PGFL,9
1991,3,5,n,DIOR,53
1991,3,5,n,PELE,26.5
1991,3,5,n,DIME,44
1991,1,1,n,PGFV,7.4
1991,1,1,n,PETR,25.2
1991,1,1,n,DIME,26.2
1991,1,1,n,PELE,28.4
1991,1,1,n,DIME,19.7
1991,1,1,n,PELE,36.8
1991,1,1,n,ONLE,22.4
1991,1,1,n,PELE,27
1991,1,1,n,DIME,42.6
1991,1,1,n,DIME,42
1991,1,1,n,PGFV,7.2
1991,1,1,n,DIME,41.2
1991,1,1,n,PELE,25
1991,1,1,n,PELE,29.7
1991,1,1,n,DIME,42.6
1991,1,2,n,PELE,28
1991,1,2,n,DIME,29
1991,1,2,n,DISP,90
1991,1,2,n,PELE,38
1991,1,2,n,NEAL,57
1991,1,2,n,PELE,26
1991,1,2,n,PETR,23.5
1991,1,2,n,PETR,23.5
1991,1,2,n,PELE,29
1991,1,2,n,DIME,50
1991,1,2,n,PGFV,7
1991,1,2,n,DIME,32
1991,1,2,n,PELE,25
1991,1,2,n,DIME,48
1991,1,2,n,DIME,48
1991,1,2,n,PETR,25
1991,1,2,n,DIME,34
1991,1,2,n,DIME,34
1991,1,2,n,PELE,29
1991,1,2,n,DIME,20
1991,1,3,n,DIME,19.3
1991,1,3,n,DIME,43.6
1991,1,3,n,PGFV,7.6
1991,1,3,n,DIOR,40.8
1991,1,3,n,DIME,46.8
1991,1,3,n,DIME,31.8
1991,1,3,n,PGFV,7.2
1991,1,3,n,PGFV,7.5
1991,1,3,n,DIME,45.7
1991,1,3,n,DIME,40
1991,1,3,n,NEAL,101.6
1991,1,3,n,DIME,46.7
1991,1,3,n,DIME,28.2
1991,1,3,n,DIME,31.9
1991,1,3,n,DIME,47
1991,1,3,n,NEAL,82.8
1991,1,4,n,PGFL,8
1991,1,4,n,DIME,47
1991,1,4,n,PELE,29
1991,1,4,n,DIME,37.5
1991,1,4,n,DIME,40
1991,1,4,n,DIME,51
1991,1,4,n,PELE,22
1991,1,4,n,PGFV,7.5
1991,1,4,n,DIME,51
1991,1,4,n,PETR,21
1991,1,4,n,PGFV,8
1991,1,4,n,DIME,43
1991,1,4,n,DIME,45
1991,1,4,n,DIME,41
1991,1,5,n,PGFV,8
1991,1,5,n,DIME,38
1991,1,5,n,PGFV,9
1991,1,5,n,PGFV,9
1991,1,5,n,DIME,43
1991,1,5,n,DIME,50
1991,1,5,n,DIME,50
1991,1,5,n,DIME,38
1991,1,5,n,PETR,16
1991,1,5,n,DIME,26
1991,1,5,n,DIME,34
1991,2,1,n,DIME,44.2
1991,2,1,n,ONLE,39.2
1991,2,1,n,PGFL,5.3
1991,2,1,n,PELE,24
1991,2,1,n,ONLE,33.7
1991,2,1,n,PETR,22.9
1991,2,1,n,PEMA,15.4
1991,2,1,n,DIOR,33.4
1991,2,2,n,PETR,21
1991,2,2,n,PETR,22
1991,2,2,n,DIME,39
1991,2,2,n,DIME,29
1991,2,2,n,DISP,88
1991,2,2,n,PELE,38
1991,2,2,n,NEAL,54
1991,2,2,n,DIME,48
1991,2,2,n,PGFV,7
1991,2,2,n,PELE,24
1991,2,2,n,NEAL,88
1991,2,2,n,PGFV,6.5
1991,2,2,n,DIME,46
1991,2,2,n,DIME,31
1991,2,2,n,DIME,38
1991,2,2,n,PELE,23
1991,2,2,n,DIME,44
1991,2,2,n,DIME,23
1991,2,2,n,DIME,31
1991,2,2,n,PETR,24
1991,2,2,n,DIME,32
1991,2,2,n,PETR,27
1991,2,2,n,DIME,20
1991,2,3,n,DIOR,40
1991,2,3,n,DIME,28.8
1991,2,3,n,PGFV,6.1
1991,2,3,n,PGFV,7.5
1991,2,3,n,DIME,47
1991,2,4,n,DIME,36
1991,2,4,n,DIME,44
1991,2,4,n,DIME,38
1991,2,4,n,DIME,46
1991,2,4,n,PGFV,7
1991,2,4,n,DIME,33
1991,2,4,n,DIME,43
1991,2,4,n,DIME,42
1991,2,4,n,DIME,38
1991,2,4,n,DIME,44
1991,2,4,n,DIME,38
1991,2,4,n,PGFV,7
1991,2,4,n,DIME,40
1991,2,4,n,PGFV,7
1991,2,4,n,PGFV,5
1991,2,4,n,PELE,19
1991,2,4,n,DIME,41
1991,2,4,n,PELE,19
1991,2,4,n,DIME,37
1991,2,4,n,PELE,24
1991,2,4,n,DIME,37
1991,2,4,n,DIME,28
1991,2,4,n,DIME,44
1991,2,5,n,PGFV,8
1991,2,5,n,DIME,35
1991,2,5,n,DIME,42
1991,2,5,n,DIME,26
1991,2,5,n,DIME,48
1991,2,5,n,DIME,38
1991,2,5,n,REXX,12
1991,2,5,n,PGFV,7
1991,2,5,n,PGFV,8
1991,2,5,n,PETR,18
1991,2,5,n,DIME,24
1991,2,5,n,DIME,36
1991,2,5,n,DIME,48
1991,2,5,n,DIME,46
1991,2,5,n,DIME,30
1991,3,1,n,DIME,48.7
1991,3,1,n,DIOR,28.1
1991,3,1,n,DIME,35
1991,3,1,n,DIME,30
1991,3,1,n,PELE,23.2
1991,3,1,n,DIME,44.2
1991,3,1,n,DIME,46.2
1991,3,1,n,PGFV,9.8
1991,3,1,n,PELE,12.4
1991,3,1,n,DIME,24.4
1991,3,1,n,DIOR,41.2
1991,3,1,n,PETR,24.7
1991,3,1,n,DISP,95.6
1991,3,1,n,PGFL,11
1991,3,1,n,PETR,18.6
1991,3,1,n,PETR,18.1
1991,3,1,n,DIOR,42.7
1991,3,2,n,PELE,11
1991,3,2,n,DIME,28
1991,3,2,n,DISP,94
1991,3,2,n,NEAL,45
1991,3,2,n,PGFV,6
1991,3,2,n,NEAL,80
1991,3,2,n,PELE,38
1991,3,2,n,PELE,25
1991,3,2,n,PELE,20
1991,3,2,n,DIME,24
1991,3,2,n,DIME,47
1991,3,2,n,PGFV,7
1991,3,2,n,NEAL,79
1991,3,2,n,DIME,44.5
1991,3,2,n,PGFV,7
1991,3,2,n,PELE,13.5
1991,3,2,n,DIME,42
1991,3,2,n,PETR,22
1991,3,2,n,PELE,27
1991,3,2,n,PETR,20
1991,3,2,n,PELE,12
1991,3,2,n,DIME,36
1991,3,2,n,DIME,21
1991,3,2,n,DIME,42
1991,3,2,n,DIME,30
1991,3,2,n,PELE,22
1991,3,2,n,DIME,28
1991,3,2,n,PETR,18
1991,3,2,n,DIME,32
1991,3,2,n,DIME,51
1991,3,2,n,PGFL,7
1991,3,2,n,DIME,40
1991,3,2,n,DIME,21
1991,3,3,n,PELE,20.1
1991,3,3,n,DIME,42.3
1991,3,3,n,PGFV,4.3
1991,3,3,n,PETR,20.3
1991,3,3,n,ONLE,24.2
1991,3,3,n,DIME,28.6
1991,3,4,n,DIME,40
1991,3,4,n,PELE,22
1991,3,4,n,DIME,34
1991,3,4,n,DIME,41
1991,3,4,n,DIME,33
1991,3,4,n,REME,7
1991,3,4,n,REME,10
1991,3,4,n,PGFV,7
1991,3,4,n,DIME,37.5
1991,3,4,n,DIME,47
1991,3,4,n,DIME,38
1991,3,4,n,DIME,47
1991,3,4,n,PGFV,7
1991,3,4,n,PGFV,8
1991,3,4,n,DIME,40
1991,3,4,n,DIME,46
1991,3,4,n,DIME,36
1991,3,4,n,DIME,28
1991,3,4,n,DIME,43
1991,3,5,n,PETR,20
1991,3,5,n,PGFV,7.5
1991,3,5,n,DIME,52
1991,3,5,n,DIME,33
1991,3,5,n,DIME,41
1991,3,5,n,DIME,23
1991,3,5,n,DIME,46
1991,3,5,n,DIME,38
1991,3,5,n,DIME,34
1991,3,5,n,DIME,23
1991,3,5,n,PGFV,4
1991,3,5,n,DIME,34
1991,3,5,n,DIME,44
1991,3,5,n,DIME,33
1991,3,5,n,PETR,14.5
1991,3,5,n,DIME,46
1991,3,5,n,DIME,49
1991,3,5,n,DIME,30
1991,1,1,n,DIME,46.1
1991,1,1,n,PGFV,4.6
1991,1,1,n,PGFV,7.5
1991,1,1,n,PGFV,7.2
1991,1,1,n,DIME,34.5
1991,1,1,n,REME,14.2
1991,1,1,n,PETR,27.9
1991,1,1,n,PGFV,5.6
1991,1,1,n,ONLE,31.5
1991,1,1,n,PELE,27.1
1991,1,1,n,ONLE,34.7
1991,1,1,n,PGFL,9.4
1991,1,1,n,PGFV,7.7
1991,1,1,n,DIME,38.2
1991,1,1,n,PETR,29.3
1991,1,1,n,PELE,22
1991,1,1,n,PGFL,13.5
1991,1,1,n,DIME,29.6
1991,1,2,n,PGFV,7.5
1991,1,2,n,DIME,32
1991,1,2,n,DIOR,38
1991,1,2,n,PELE,21
1991,1,2,n,PELE,30
1991,1,2,n,DIOR,52
1991,1,2,n,PGFV,7
1991,1,2,n,DIME,38
1991,1,2,n,DIME,38
1991,1,2,n,PGFV,8
1991,1,2,n,DIME,37
1991,1,2,n,DIOR,49
1991,1,3,n,DIME,41.2
1991,1,3,n,PGFL,7.7
1991,1,3,n,PGFL,6.9
1991,1,3,n,PGFV,6
1991,1,3,n,DIME,43.7
1991,1,3,n,DIME,43.2
1991,1,3,n,DIME,41.5
1991,1,3,n,PGFV,5.6
1991,1,3,n,DIME,39.1
1991,1,3,n,DIME,41.2
1991,1,3,n,DIME,36.3
1991,1,3,n,PGFV,5.9
1991,1,3,n,DIME,47.1
1991,1,3,n,DIME,35.7
1991,1,4,n,DIME,NA
1991,1,4,n,DIME,46
1991,1,4,n,DIME,31
1991,1,4,n,PGFV,6
1991,1,4,n,DIOR,30
1991,1,4,n,DIME,49
1991,1,4,n,PGFV,8
1991,1,4,n,PGFV,7
1991,1,4,n,PGFL,8.5
1991,1,4,n,PGFV,7
1991,1,4,n,DIME,52
1991,1,4,n,DIME,41
1991,1,4,n,NEAL,178
1991,1,5,n,DIME,33
1991,1,5,n,DIME,25
1991,1,5,n,PGFV,7
1991,1,5,n,DIME,50
1991,2,1,n,PGFV,7
1991,2,1,n,ONLE,29.5
1991,2,1,n,PETR,32
1991,2,1,n,PGFV,NA
1991,2,1,n,PETR,22.1
1991,2,1,n,PGFL,15.1
1991,2,1,n,PGFL,11.6
1991,2,2,n,DIOR,44
1991,2,2,n,DIME,42
1991,2,2,n,DIME,25
1991,2,2,n,DIOR,35
1991,2,2,n,PELE,26.5
1991,2,2,n,PELE,30
1991,2,2,n,PGFV,9
1991,2,2,n,DIOR,49
1991,2,2,n,DIOR,38
1991,2,2,n,DIME,37
1991,2,2,n,DIME,37
1991,2,2,n,DIME,43
1991,2,3,n,DIME,49.7
1991,2,3,n,PGFV,8.4
1991,2,3,n,PGFV,7.1
1991,2,3,n,DIME,48.2
1991,2,3,n,PGFV,5.6
1991,2,3,n,NEAL,135.9
1991,2,3,n,PGFV,7
1991,2,4,n,PGFV,5
1991,2,4,n,DIME,51
1991,2,4,n,DIME,30
1991,2,4,n,DIOR,28
1991,2,4,n,DIME,39
1991,2,4,n,DIME,50
1991,2,4,n,PELE,27
1991,2,4,n,NEAL,176
1991,2,5,n,DIME,21
1991,2,5,n,PGFV,6.5
1991,2,5,n,DIME,34
1991,2,5,n,DIME,48
1991,3,1,n,ONLE,33
1991,3,1,n,PETR,24.6
1991,3,1,n,PGFV,7
1991,3,1,n,REME,10.9
1991,3,1,n,PGFV,6.9
1991,3,2,n,DIME,39
1991,3,2,n,DIME,42
1991,3,2,n,DIME,NA
1991,3,2,n,DIOR,33
1991,3,2,n,PELE,31.5
1991,3,2,n,DIOR,46
1991,3,2,n,DIME,35
1991,3,2,n,DIOR,37
1991,3,2,n,PETR,24
1991,3,2,n,DIME,35
1991,3,2,n,DIME,36
1991,3,2,n,DIME,34.5
1991,3,2,n,DIOR,45
1991,3,2,n,DIME,32
1991,3,2,n,PGFV,8
1991,3,3,n,PGFV,6.3
1991,3,3,n,NEAL,218
1991,3,3,n,PGFV,6.1
1991,3,4,n,DIME,30
1991,3,4,n,DIOR,27.5
1991,3,4,n,NEAL,177
1991,3,4,n,DIME,47
1991,3,4,n,DIME,36
1991,3,4,n,PELE,24
1991,3,4,n,NEAL,176
1991,3,4,n,DIME,51
1991,3,5,n,DIME,36.5
1991,3,5,n,PELE,29.5
1991,3,5,n,DIME,22
1991,3,5,n,PGFV,7
1991,3,5,n,DIME,33
1991,3,5,n,ONAR,23
1991,3,5,n,DIME,31
1991,3,5,n,DIME,47
1991,1,1,n,DIME,39
1991,1,1,n,CHIN,9
1991,1,1,n,DIME,35
1991,1,1,n,DIME,43
1991,1,1,n,DIME,40
1991,1,1,n,DIME,44
1991,1,1,n,DIME,35
1991,1,1,n,DIME,43.5
1991,1,1,n,DIME,44
1991,1,1,n,CHIN,12
1991,1,1,n,DIME,42
1991,1,1,n,DIME,46
1991,1,1,n,NEAL,224
1991,1,1,n,DIME,47
1991,1,1,n,PETR,23
1991,1,1,n,NEAL,164
1991,1,1,n,PGFV,5
1991,1,1,n,DIME,52.5
1991,1,2,n,NEAL,100.8
1991,1,2,n,PGFV,5.4
1991,1,2,n,DIME,48.4
1991,1,2,n,DIME,27
1991,1,2,n,CHIN,8.2
1991,1,2,n,CHIN,14.2
1991,1,3,n,PETR,23.8
1991,1,3,n,DIME,41.1
1991,1,3,n,DIME,38.2
1991,1,3,n,DIME,27.8
1991,1,3,n,PETR,19.8
1991,1,4,n,DIME,42
1991,1,4,n,PGFV,5.5
1991,1,4,n,DIME,43
1991,1,4,n,CHIN,12
1991,1,4,n,CHIN,10
1991,1,4,n,DIME,NA
1991,1,5,n,DIME,44
1991,1,5,n,DIME,39
1991,1,5,n,PGFV,7
1991,1,5,n,DIME,35
1991,1,5,n,DIME,44.5
1991,1,5,n,DIME,47
1991,1,5,n,DIME,34
1991,1,5,n,DIME,49
1991,1,5,n,PETR,24
1991,1,5,n,DIME,41
1991,1,5,n,PGFV,9
1991,1,5,n,DIME,24
1991,2,1,n,DIME,40
1991,2,1,n,DIME,38
1991,2,1,n,DIME,32
1991,2,1,n,DIME,42
1991,2,1,n,CHIN,11.5
1991,2,1,n,NEDO,63
1991,2,1,n,DIME,42
1991,2,1,n,DIME,46
1991,2,1,n,NEDO,40
1991,2,1,n,NEDO,NA
1991,2,1,n,DIME,39
1991,2,1,n,DIME,40
1991,2,1,n,NEAL,210
1991,2,1,n,DIME,46
1991,2,1,n,DIME,47
1991,2,1,n,CHIN,20
1991,2,2,n,NEDO,43.9
1991,2,2,n,DIME,33.1
1991,2,2,n,DIME,46.7
1991,2,2,n,CHIN,13.4
1991,2,2,n,CHIN,8
1991,2,4,n,DIME,38
1991,2,4,n,DIME,42
1991,2,4,n,NEDO,NA
1991,2,4,n,NEDO,NA
1991,2,4,n,DIME,43
1991,2,4,n,PGFV,6.5
1991,2,5,n,DIME,39
1991,2,5,n,DIME,34
1991,2,5,n,DIME,40
1991,2,5,n,DIME,45
1991,2,5,n,DIME,34
1991,2,5,n,DIME,NA
1991,2,5,n,DIME,41
1991,2,5,n,DIME,41
1991,2,5,n,DIME,24
1991,3,1,n,NEDO,NA
1991,3,1,n,DIME,39
1991,3,1,n,CHIN,12
1991,3,1,n,CHIN,10
1991,3,1,n,DIME,46
1991,3,1,n,DIME,34
1991,3,1,n,DIME,37
1991,3,1,n,DIME,44
1991,3,1,n,DIME,40
1991,3,1,n,DIME,45
1991,3,2,n,PETR,21.8
1991,3,2,n,DIME,22.9
1991,3,2,n,DIME,33.4
1991,3,2,n,DIME,37.8
1991,3,3,n,DIME,47.6
1991,3,3,n,CHIN,16.9
1991,3,4,n,DIME,36
1991,3,4,n,DIME,42
1991,3,4,n,CHIN,10
1991,3,4,n,NEAL,137
1991,3,4,n,CHIN,13
1991,3,4,n,DIME,39
1991,3,5,n,NEDO,44
1991,3,5,n,DIME,34
1991,3,5,n,DIME,34
1991,3,5,n,DIME,NA
1991,3,5,n,DIME,43
1991,3,5,n,DIME,46
1991,3,5,n,DIME,40
1991,3,5,n,DIME,41
1991,3,5,n,PETR,23
1991,1,1,n,NEAL,110
1991,1,1,n,NEAL,160
1991,1,1,n,DIME,46
1991,1,1,n,DIME,39
1991,1,1,n,DIME,46
1991,1,2,n,CHIN,15.9
1991,1,2,n,DIME,50.3
1991,1,2,n,DIME,41.8
1991,1,2,n,NEAL,129.5
1991,1,2,n,DIME,41.2
1991,1,2,n,DIME,33.3
1991,1,2,n,CHIN,13.6
1991,1,2,n,CHIN,15
1991,1,2,n,DIME,35.4
1991,1,2,n,NEAL,NA
1991,1,2,n,DIME,18.4
1991,1,2,n,DIME,52.3
1991,1,2,n,CHIN,15.2
1991,1,3,n,DIME,35.2
1991,1,3,n,DIME,40.4
1991,1,3,n,DIME,48.6
1991,1,3,n,PGFV,7.3
1991,1,3,n,DIME,49.9
1991,1,3,n,DIME,45.1
1991,1,3,n,DIME,44.8
1991,1,3,n,DIME,28.9
1991,1,3,n,DIME,46.8
1991,1,3,n,DIME,42.6
1991,1,4,n,CHIN,14
1991,1,5,n,DIME,44
1991,1,5,n,DIME,42
1991,1,5,n,DIME,40
1991,2,1,n,PGFV,8
1991,2,1,n,DIME,36
1991,2,1,n,DIME,39
1991,2,1,n,NEAL,155
1991,2,1,n,CHIN,15
1991,2,1,n,CHIN,16
1991,2,1,n,NEAL,109
1991,2,2,n,CHIN,12.8
1991,2,2,n,PGFV,7
1991,2,2,n,DIME,42.5
1991,2,2,n,DIME,38.8
1991,2,2,n,CHIN,15.8
1991,2,2,n,CHIN,13
1991,2,2,n,NEAL,184.5
1991,2,2,n,CHIN,13
1991,2,2,n,CHIN,16.7
1991,2,3,n,DIME,38.6
1991,2,3,n,DIME,42.2
1991,2,3,n,DIME,42.1
1991,2,4,n,CHIN,15
1991,2,4,n,CHIN,16.5
1991,2,5,n,DIME,43
1991,2,5,n,DIME,42
1991,2,5,n,NEDO,46
1991,2,5,n,PGFV,9
1991,3,1,n,DIME,46
1991,3,1,n,DIME,39
1991,3,1,n,CHIN,13
1991,3,1,n,PGFV,5
1991,3,1,n,DIME,48
1991,3,1,n,NEAL,173
1991,3,1,n,DIME,45
1991,3,1,n,DIME,33
1991,3,1,n,CHIN,16
1991,3,1,n,DIME,43
1991,3,1,n,NEAL,100
1991,3,2,n,NEAL,164
1991,3,2,n,CHIN,14.6
1991,3,4,n,CHIN,13
1991,3,5,n,PGFV,7
1991,3,5,n,DIME,40
1992,1,1,n,PGFV,6
1992,1,1,n,DIOR,46
1992,1,1,n,DISP,142
1992,1,1,n,PELE,23.3
1992,1,1,n,DIOR,53
1992,1,1,n,DISP,127
1992,1,1,n,PGFV,8
1992,1,2,n,ONAR,21
1992,1,2,n,DISP,104
1992,1,2,n,XESP,120
1992,1,2,n,PGFV,8
1992,1,2,n,DISP,150
1992,1,2,n,ONAR,20
1992,1,2,n,PGFV,10
1992,1,2,n,DISP,106
1992,1,2,n,ONAR,22
1992,1,2,n,DIOR,52
1992,1,3,n,DIOR,42
1992,1,3,n,PGFV,8
1992,1,3,n,DISP,140
1992,1,3,n,DISP,82
1992,1,3,n,PGFV,7
1992,1,3,n,DISP,124
1992,1,3,n,DISP,97
1992,1,3,n,DISP,120
1992,1,3,n,DISP,128
1992,1,3,n,DIOR,45
1992,1,3,n,DISP,62
1992,1,3,n,DISP,152
1992,1,3,n,DIOR,52
1992,1,3,n,PGFV,75
1992,1,3,n,DISP,102
1992,1,3,n,ONAR,40
1992,1,4,n,DIOR,49.2
1992,1,4,n,PGFV,6.3
1992,1,4,n,PGFV,6
1992,1,4,n,DIOR,45
1992,1,4,n,DIOR,55
1992,1,4,n,DIOR,46
1992,1,4,n,PGFV,7
1992,1,4,n,DISP,87
1992,1,4,n,DIXX,72
1992,1,4,n,PGFV,7.9
1992,1,5,n,PGFV,7
1992,1,5,n,PGFV,7
1992,1,5,n,PGFV,9
1992,1,5,n,PGFV,8
1992,1,5,n,DISP,84
1992,1,5,n,XESP,120
1992,1,5,n,PGFV,7
1992,1,5,n,PGFV,7
1992,1,5,n,DIOR,47
1992,2,1,n,PGFV,8.9
1992,2,1,n,PGFV,NA
1992,2,1,n,PGFV,5.6
1992,2,1,n,REMO,10.7
1992,2,1,n,DIOR,55.8
1992,2,1,n,PGFV,9
1992,2,1,n,PGFV,6.5
1992,2,1,n,PGFV,7.5
1992,2,1,n,ONAR,34.9
1992,2,1,n,REMO,8.3
1992,2,2,n,XESP,108
1992,2,2,n,DISP,114
1992,2,2,n,REME,18
1992,2,2,n,PGFV,12
1992,2,2,n,DISP,120
1992,2,3,n,DISP,154
1992,2,3,n,ONAR,24
1992,2,3,n,DISP,116
1992,2,3,n,DISP,156
1992,2,3,n,DIOR,43
1992,2,4,n,DISP,NA
1992,2,4,n,ONAR,26
1992,2,4,n,PGFV,5
1992,2,4,n,XESP,92.6
1992,2,4,n,DIOR,47.4
1992,2,4,n,PGFV,7
1992,2,4,n,DISP,112
1992,2,5,n,PGFV,5.5
1992,2,5,n,PGFV,5.5
1992,2,5,n,XESP,106
1992,2,5,n,PGFV,9
1992,2,5,n,PGFV,8
1992,2,5,n,DIOR,58
1992,2,5,n,DISP,34
1992,3,1,n,DIOR,44.5
1992,3,1,n,PGFV,9
1992,3,2,n,DISP,100
1992,3,2,n,ONAR,13
1992,3,2,n,DIOR,60
1992,3,2,n,REMO,8
1992,3,2,n,PGFV,9
1992,3,3,n,DISP,92
1992,3,3,n,ONAR,29
1992,3,3,n,REMO,11
1992,3,3,n,DISP,138
1992,3,3,n,NEAL,92
1992,3,3,n,DISP,136
1992,3,3,n,REMO,8
1992,3,3,n,REMO,9
1992,3,4,n,PGFV,7.6
1992,3,4,n,NEAL,184
1992,3,4,n,PGFV,5
1992,3,4,n,DIOR,50
1992,3,4,n,PGFV,6.8
1992,3,4,n,DISP,110
1992,3,5,n,PGFV,9
1992,3,5,n,REMO,6.5
1992,3,5,n,PGFV,5
1992,3,5,n,PGFV,9
1992,1,1,n,ONAR,21.4
1992,1,1,n,DISP,108
1992,1,1,n,PGFV,7
1992,1,1,n,DIOR,41.2
1992,1,1,n,PGFV,7.2
1992,1,1,n,DIOR,53.2
1992,1,1,n,XESP,154
1992,1,1,n,PGFV,7.7
1992,1,2,n,PGFV,6
1992,1,2,n,DISP,112
1992,1,2,n,DISP,130
1992,1,2,n,PGFV,6
1992,1,2,n,PGFV,7
1992,1,2,n,PGFV,7
1992,1,2,n,REMO,9
1992,1,2,n,DIOR,55
1992,1,2,n,PGFV,9
1992,1,3,n,REMO,6.5
1992,1,3,n,PGFV,8
1992,1,3,n,ONAR,21
1992,1,3,n,DISP,130
1992,1,3,n,DISP,132
1992,1,3,n,DISP,118
1992,1,3,n,DISP,102
1992,1,3,n,ONAR,31
1992,1,3,n,DIOR,54
1992,1,4,n,ONAR,20.8
1992,1,4,n,DIOR,51.7
1992,1,4,n,XESP,148
1992,1,4,n,ONAR,21.2
1992,1,4,n,PGFV,6.1
1992,1,5,n,PGFV,8
1992,1,5,n,PGFV,9
1992,1,5,n,ONAR,19
1992,1,5,n,ONAR,29
1992,1,5,n,PGFV,8
1992,1,5,n,PGFV,7
1992,1,5,n,DIOR,48
1992,2,1,n,PGFV,7.4
1992,2,1,n,REMO,8.4
1992,2,1,n,DIOR,37.4
1992,2,1,n,PGFV,7.6
1992,2,1,n,REMO,8
1992,2,2,n,DISP,120
1992,2,2,n,PGFV,6.5
1992,2,2,n,REMO,9
1992,2,2,n,XESP,116
1992,2,2,n,DISP,108
1992,2,2,n,PGFV,8
1992,2,2,n,PGFV,9
1992,2,3,n,XESP,106
1992,2,3,n,DISP,144
1992,2,3,n,REMO,10
1992,2,3,n,XESP,136
1992,2,3,n,DISP,150
1992,2,4,n,DISP,122
1992,2,4,n,XESP,63.3
1992,2,4,n,ONAR,16.2
1992,2,5,n,REMO,8
1992,2,5,n,XESP,74
1992,2,5,n,XESP,62
1992,2,5,n,ONAR,20
1992,2,5,n,ONAR,22
1992,2,5,n,DISP,124
1992,3,1,n,PGFV,7.6
1992,3,1,n,XESP,156
1992,3,1,n,PGFV,8.7
1992,3,1,n,XESP,58.8
1992,3,1,n,PGFV,7.8
1992,3,2,n,DISP,122
1992,3,2,n,DIOR,60
1992,3,2,n,REMO,8
1992,3,2,n,PGFV,7
1992,3,3,n,DISP,108
1992,3,3,n,DISP,104
1992,3,3,n,REMO,10
1992,3,3,n,DISP,134
1992,3,3,n,DISP,140
1992,3,4,n,REMO,8.3
1992,3,4,n,DISP,103
1992,3,4,n,SIHI,63
1992,3,4,n,REMO,9.3
1992,3,5,n,DISP,104
1992,3,5,n,PGFV,8
1992,3,5,n,PGFV,8
1992,3,5,n,XESP,124
1992,1,1,n,DIME,53
1992,1,1,n,DIME,38
1992,1,1,n,ONAR,24
1992,1,1,n,ONAR,26
1992,1,1,n,PGFV,7
1992,1,1,n,DIME,42
1992,1,1,n,DIME,49
1992,1,1,n,DIME,58
1992,1,1,n,DIME,46
1992,1,1,n,DIME,52
1992,1,1,n,DIME,40
1992,1,1,n,DIME,32
1992,1,1,n,DIME,39
1992,1,1,n,PEER,23
1992,1,1,n,DISP,118
1992,1,1,n,PEXX,22
1992,1,1,n,PEER,23
1992,1,1,n,DIME,46
1992,1,1,n,DIME,42
1992,1,1,n,DIME,29
1992,1,1,n,DIME,47
1992,1,1,n,DIME,49
1992,1,2,n,DIME,50.9
1992,1,2,n,DIME,30
1992,1,2,n,DIME,46.4
1992,1,2,n,DIME,41.6
1992,1,2,n,DIME,48.5
1992,1,2,n,DIME,41.6
1992,1,2,n,DIME,27
1992,1,2,n,DISP,104
1992,1,2,n,PGFV,7.4
1992,1,2,n,DIME,38.1
1992,1,2,n,DIME,40
1992,1,3,n,DIME,43
1992,1,3,n,DIME,40
1992,1,3,n,DIME,40
1992,1,3,n,DIME,NA
1992,1,3,n,DIME,39
1992,1,3,n,DIME,38
1992,1,3,n,DISP,139
1992,1,3,n,DIME,22
1992,1,3,n,DIME,45
1992,1,3,n,DIME,43
1992,1,3,n,DIME,44
1992,1,3,n,DIME,35
1992,1,3,n,DIME,41
1992,1,3,n,DIME,43
1992,1,3,n,PGFV,8
1992,1,3,n,DIME,37
1992,1,3,n,DIME,40
1992,1,3,n,REMO,11
1992,1,4,n,XESP,98.2
1992,1,4,n,PGFV,8
1992,1,4,n,ONAR,24.2
1992,1,4,n,DIME,28.1
1992,1,4,n,NEMI,139
1992,1,4,n,PGFV,7.2
1992,1,4,n,DIME,41.7
1992,1,4,n,DIME,47.9
1992,1,4,n,DIME,29.7
1992,1,4,n,DIME,45.5
1992,1,4,n,DIME,44.4
1992,1,4,n,DIME,44.1
1992,1,4,n,DIME,48
1992,1,4,n,DIME,45
1992,1,4,n,DIME,31.8
1992,1,4,n,ONAR,21.9
1992,1,4,n,DIME,39.1
1992,1,5,n,DIME,37
1992,1,5,n,DIME,48
1992,1,5,n,DIME,41
1992,1,5,n,DIME,50
1992,1,5,n,ONAR,22
1992,1,5,n,ONAR,26
1992,1,5,n,DIME,47
1992,1,5,n,DIME,42
1992,2,1,n,DIME,48
1992,2,1,n,DIME,42
1992,2,1,n,ONAR,12
1992,2,1,n,DIME,48
1992,2,1,n,DIME,37
1992,2,1,n,DIME,40
1992,2,1,n,DIME,46
1992,2,1,n,DISP,84
1992,2,1,n,DIME,43
1992,2,1,n,DIME,45
1992,2,1,n,DIME,43
1992,2,1,n,PGFV,7
1992,2,1,n,DISP,72
1992,2,1,n,PEER,21
1992,2,1,n,ONAR,15
1992,2,1,n,DIME,35
1992,2,2,n,ONAR,19
1992,2,2,n,DIME,50
1992,2,2,n,DIME,40.6
1992,2,2,n,PGFV,7.4
1992,2,2,n,DIME,53.2
1992,2,2,n,PGFV,7.1
1992,2,2,n,DIME,50.4
1992,2,2,n,PGFV,7.8
1992,2,2,n,DIME,31.4
1992,2,2,n,DIME,44
1992,2,3,n,DIME,39
1992,2,3,n,NEAL,92
1992,2,3,n,PGFV,4
1992,2,3,n,DISP,118
1992,2,3,n,PGFV,8
1992,2,3,n,DIME,44
1992,2,3,n,DIME,34
1992,2,3,n,DIME,32
1992,2,3,n,DIME,38
1992,2,3,n,DIME,37
1992,2,3,n,PGFV,8
1992,2,3,n,ONAR,25
1992,2,3,n,DIME,39
1992,2,3,n,DIME,44
1992,2,3,n,DIME,45
1992,2,3,n,ONAR,23
1992,2,3,n,REMO,9
1992,2,4,n,DIME,39.7
1992,2,4,n,ONAR,24.8
1992,2,4,n,DIME,45.2
1992,2,4,n,DIME,41.2
1992,2,4,n,DIME,33.7
1992,2,4,n,PGFV,6.8
1992,2,4,n,PGFV,9.4
1992,2,4,n,DIME,30.7
1992,2,4,n,DIME,31.5
1992,2,4,n,DIME,39.8
1992,2,4,n,PGFV,5.8
1992,2,4,n,NEAL,97.3
1992,2,4,n,DIME,23.6
1992,2,5,n,PGFV,9
1992,2,5,n,ONAR,20
1992,2,5,n,DIME,40
1992,2,5,n,ONAR,26
1992,2,5,n,DIME,134
1992,2,5,n,DIME,33
1992,2,5,n,REMO,8.5
1992,2,5,n,DIME,42
1992,2,5,n,DIME,49
1992,2,5,n,XESP,113
1992,2,5,n,PGFV,6
1992,2,5,n,DIME,44
1992,2,5,n,DIME,45
1992,2,5,n,DIME,31
1992,2,5,n,DIME,44
1992,2,5,n,DIME,46
1992,3,1,n,DIME,NA
1992,3,1,n,DIME,NA
1992,3,1,n,DIME,38
1992,3,1,n,DIME,44
1992,3,1,n,ONAR,14
1992,3,1,n,DIME,43
1992,3,2,n,ONAR,11.9
1992,3,2,n,DIME,40.7
1992,3,2,n,ONAR,12.6
1992,3,2,n,PGFV,7.4
1992,3,2,n,DIME,41.4
1992,3,2,n,DISP,96.6
1992,3,3,n,DIME,45
1992,3,3,n,PGFV,8
1992,3,3,n,REME,10
1992,3,3,n,DIME,20
1992,3,3,n,DIME,45
1992,3,4,n,DIME,22.7
1992,3,4,n,PGFV,8.2
1992,3,4,n,ONAR,15.4
1992,3,4,n,DIME,30.8
1992,3,4,n,DIME,37.9
1992,3,4,n,DIME,42.4
1992,3,4,n,XESP,106
1992,3,4,n,DIME,33.3
1992,3,4,n,DIME,41.7
1992,3,5,n,DIME,47.5
1992,1,1,n,DIME,39
1992,1,1,n,DIME,49
1992,1,1,n,DISP,108
1992,1,1,n,PGFV,7
1992,1,1,n,PEER,20
1992,1,1,n,PELE,26
1992,1,1,n,DIME,40
1992,1,1,n,DIME,45
1992,1,1,n,PEER,22
1992,1,1,n,DIME,45
1992,1,1,n,DISP,104
1992,1,1,n,DIME,34
1992,1,1,n,DIME,34
1992,1,1,n,DIME,43
1992,1,1,n,PGFV,7
1992,1,1,n,PGFV,6
1992,1,1,n,PEER,22
1992,1,1,n,DIME,36
1992,1,1,n,DIME,52
1992,1,1,n,DISP,100
1992,1,1,n,DIME,30
1992,1,1,n,PEER,NA
1992,1,1,n,DISP,118
1992,1,1,n,PGFV,9
1992,1,1,n,PEER,19
1992,1,1,n,PEER,22
1992,1,1,n,DIME,41
1992,1,1,n,PEER,23
1992,1,1,n,DIME,40
1992,1,1,n,DIME,43
1992,1,1,n,PGFV,5
1992,1,1,n,DIME,45
1992,1,1,n,DIME,41
1992,1,1,n,DIME,45
1992,1,1,n,DIME,33
1992,1,1,n,PEER,19
1992,1,1,n,DIME,40
1992,1,1,n,DIME,34
1992,1,2,n,DISP,99.2
1992,1,2,n,DIME,43.7
1992,1,2,n,DISP,114
1992,1,2,n,DIME,37
1992,1,2,n,DIME,48.7
1992,1,2,n,DIME,30.2
1992,1,2,n,DIME,47.8
1992,1,2,n,DIME,33
1992,1,2,n,DIME,47.6
1992,1,2,n,DIME,43.1
1992,1,2,n,DIME,37.1
1992,1,2,n,DIME,41.5
1992,1,2,n,DIME,29
1992,1,2,n,DIME,32.1
1992,1,2,n,DIME,37.8
1992,1,2,n,DISP,120
1992,1,2,n,DIME,42
1992,1,2,n,DIME,35.6
1992,1,2,n,DIME,49.3
1992,1,2,n,DIME,20.1
1992,1,2,n,PGFV,4.4
1992,1,2,n,PGFV,6.5
1992,1,2,n,DIME,23.6
1992,1,3,n,DIME,38
1992,1,3,n,DIME,40
1992,1,3,n,PGFV,9
1992,1,3,n,DIME,35
1992,1,3,n,DIME,41
1992,1,3,n,DISP,122
1992,1,3,n,DIME,47
1992,1,3,n,DIME,43
1992,1,3,n,DIME,46
1992,1,3,n,DISP,97
1992,1,3,n,DIME,41
1992,1,3,n,DIME,41
1992,1,3,n,DIME,38
1992,1,3,n,DIME,42
1992,1,3,n,DIME,40
1992,1,3,n,PGFV,9
1992,1,3,n,DIME,45
1992,1,3,n,DIME,47
1992,1,3,n,PGFV,8
1992,1,3,n,PGFV,7
1992,1,3,n,DIME,30
1992,1,3,n,PGFV,7
1992,1,3,n,DIME,40
1992,1,3,n,DIME,46
1992,1,3,n,DISP,138
1992,1,3,n,PGFV,9
1992,1,3,n,DISP,110
1992,1,3,n,DIME,43
1992,1,3,n,DIME,40
1992,1,4,n,DIME,47.8
1992,1,4,n,NEAL,248
1992,1,4,n,XESP,59.2
1992,1,4,n,DIME,40.5
1992,1,4,n,DIME,34.3
1992,1,4,n,ONAR,21.2
1992,1,4,n,DIME,25.8
1992,1,4,n,DIME,39.8
1992,1,4,n,DISP,113
1992,1,4,n,DIME,38.5
1992,1,4,n,DIME,31.9
1992,1,4,n,DIME,36.5
1992,1,4,n,DIME,29
1992,1,4,n,DIME,38.3
1992,1,4,n,DIME,41.1
1992,1,4,n,DIME,40.3
1992,1,4,n,DIME,34.7
1992,1,4,n,ONAR,20.2
1992,1,4,n,DIME,36
1992,1,4,n,DIME,37.1
1992,1,4,n,DIME,38.9
1992,1,4,n,PGFV,8.2
1992,1,5,n,DIME,42
1992,1,5,n,DIME,41
1992,1,5,n,DIME,40
1992,1,5,n,DIME,48
1992,1,5,n,DIME,42
1992,1,5,n,ONAR,21
1992,1,5,n,DIME,37
1992,1,5,n,PGFV,7
1992,1,5,n,DIME,40
1992,1,5,n,DIME,44
1992,1,5,n,DIME,42
1992,1,5,n,PGFV,7
1992,1,5,n,DIME,33
1992,1,5,n,PGFV,7
1992,1,5,n,NEAL,166
1992,1,5,n,PGFV,6
1992,2,1,n,PEER,21
1992,2,1,n,DIME,32
1992,2,1,n,DIME,42
1992,2,1,n,PEER,20
1992,2,1,n,DIME,39
1992,2,1,n,PGFV,6
1992,2,1,n,PGFV,7
1992,2,1,n,PEER,25
1992,2,1,n,DISP,106
1992,2,1,n,ONAR,27
1992,2,1,n,PEER,11
1992,2,1,n,PEER,11.9
1992,2,1,n,PGFV,6
1992,2,1,n,PEER,18
1992,2,2,n,DIME,38.4
1992,2,2,n,PGFV,7.3
1992,2,2,n,NEAL,114
1992,2,2,n,PGFV,5.9
1992,2,2,n,PGFV,6.6
1992,2,2,n,PEER,15
1992,2,2,n,DIME,28.7
1992,2,3,n,DIME,30
1992,2,3,n,DIME,44
1992,2,3,n,DIME,46
1992,2,3,n,DIME,48
1992,2,3,n,DIME,39
1992,2,3,n,CHIN,12
1992,2,4,n,ONAR,17.4
1992,2,4,n,PGFV,7.1
1992,2,4,n,DISP,122
1992,2,4,n,PGFV,6.5
1992,2,4,n,DIME,30.5
1992,2,4,n,REME,13.1
1992,2,4,n,DIME,44.5
1992,2,4,n,DIME,27.3
1992,2,4,n,DIME,44.3
1992,2,4,n,PEER,20.8
1992,2,4,n,ONAR,16.9
1992,2,4,n,NEAL,132
1992,2,4,n,DIME,38.2
1992,2,5,n,DIME,39
1992,2,5,n,DIME,27
1992,2,5,n,DIME,36
1992,2,5,n,ONAR,19
1992,2,5,n,DIME,NA
1992,2,5,n,DIME,39
1992,2,5,n,DIME,33
1992,3,1,n,PEER,19
1992,3,1,n,PGFV,7.5
1992,3,1,n,DIME,47
1992,3,1,n,DIME,40
1992,3,1,n,DIME,45
1992,3,1,n,PEER,15
1992,3,1,n,PGFV,6
1992,3,1,n,PEER,10.5
1992,3,1,n,DIME,40
1992,3,1,n,PEER,17
1992,3,1,n,DISP,102
1992,3,1,n,DIME,43
1992,3,1,n,PEER,21
1992,3,2,n,PETR,20.8
1992,3,2,n,NEAL,109
1992,3,3,n,DIME,35
1992,3,3,n,DIME,30
1992,3,3,n,DIME,26
1992,3,3,n,DIME,39
1992,3,3,n,DIME,23
1992,3,3,n,DIME,33
1992,3,4,n,DIME,28.3
1992,3,4,n,PGFV,7.2
1992,3,4,n,PGFV,7.4
1992,3,4,n,DIME,34.7
1992,3,4,n,DIME,31.1
1992,3,4,n,DISP,119
1992,3,5,n,DIME,44
1992,3,5,n,DIME,40
1992,3,5,n,DIME,48
1992,3,5,n,DISP,78
1992,3,5,n,ONAR,25
1992,3,5,n,PGFV,NA
1992,3,5,n,NEAL,73
1992,1,1,n,PETR,31
1992,1,1,n,NEAL,130
1992,1,1,n,PETR,28
1992,1,1,n,PETR,36
1992,1,1,n,PEBO,30
1992,1,1,n,PETR,31
1992,1,1,n,PETR,28
1992,1,1,n,PETR,33
1992,1,1,n,PETR,28
1992,1,1,n,PETR,26
1992,1,1,n,PETR,28
1992,1,1,n,PETR,26
1992,1,1,n,PETR,32
1992,1,1,n,PETR,33
1992,1,1,n,PETR,29
1992,1,1,n,PETR,29
1992,1,1,n,PETR,25
1992,1,1,n,PETR,28
1992,1,1,n,PETR,28
1992,1,2,n,PETR,28
1992,1,2,n,PETR,33
1992,1,2,n,PETR,25
1992,1,2,n,PETR,30
1992,1,2,n,PETR,28
1992,1,2,n,PETR,28
1992,1,2,n,PETR,35
1992,1,2,n,PETR,28
1992,1,2,n,PETR,30
1992,1,2,n,PETR,22
1992,1,2,n,PETR,29
1992,1,2,n,PETR,34
1992,1,2,n,PETR,28
1992,1,2,n,PETR,27
1992,1,2,n,NEAL,207
1992,1,2,n,PETR,30
1992,1,2,n,PETR,34
1992,1,2,n,PETR,30
1992,1,2,n,PETR,33
1992,1,2,n,PETR,30
1992,1,3,n,PETR,32
1992,1,3,n,PETR,34
1992,1,3,n,PETR,31
1992,1,3,n,NEAL,167
1992,1,3,n,PETR,25
1992,1,3,n,PETR,33
1992,1,3,n,PETR,28
1992,1,3,n,PETR,36
1992,1,3,n,PETR,31
1992,1,3,n,PETR,36
1992,1,3,n,PETR,28
1992,1,3,n,PETR,27
1992,1,3,n,PETR,30
1992,1,3,n,PETR,32
1992,1,3,n,PETR,34
1992,1,4,n,PETR,30
1992,1,4,n,PETR,27
1992,1,4,n,PETR,31
1992,1,4,n,PETR,28
1992,1,4,n,PETR,30
1992,1,4,n,PETR,23
1992,1,4,n,PETR,25
1992,1,4,n,NEAL,159
1992,1,4,n,NEAL,120
1992,1,4,n,PETR,28
1992,1,4,n,PETR,30
1992,1,4,n,PETR,26
1992,1,4,n,PETR,25
1992,1,4,n,PETR,27
1992,1,4,n,PETR,28
1992,1,4,n,PETR,26
1992,1,4,n,PETR,28
1992,1,4,n,NEQU,35
1992,1,4,n,PETR,32
1992,1,4,n,NEAL,80
1992,1,5,n,PETR,31
1992,1,5,n,PETR,30
1992,1,5,n,PETR,31
1992,1,5,n,PETR,29
1992,1,5,n,NEAL,94
1992,1,5,n,PETR,36
1992,1,5,n,PETR,29
1992,1,5,n,NEAL,74
1992,1,5,n,PETR,34
1992,1,5,n,NEAL,170
1992,1,5,n,PETR,21
1992,1,5,n,PETR,30
1992,1,5,n,PETR,39
1992,2,1,n,PETR,24
1992,2,1,n,PEBO,31
1992,2,1,n,PETR,31
1992,2,1,n,PETR,29
1992,2,1,n,PETR,30
1992,2,1,n,PETR,26
1992,2,1,n,PETR,27
1992,2,1,n,PETR,26
1992,2,2,n,PETR,29
1992,2,2,n,PETR,28
1992,2,2,n,PETR,28
1992,2,2,n,PETR,28
1992,2,2,n,PETR,30
1992,2,2,n,PETR,30
1992,2,2,n,PETR,30
1992,2,2,n,PETR,29
1992,2,2,n,NEQU,35
1992,2,3,n,PETR,28
1992,2,3,n,PETR,26
1992,2,3,n,PEBO,29
1992,2,3,n,PGFV,9
1992,2,3,n,PETR,24
1992,2,4,n,PETR,27
1992,2,4,n,PETR,25
1992,2,4,n,PETR,20
1992,2,4,n,NEAL,92
1992,2,4,n,NEAL,66
1992,2,4,n,NEAL,92
1992,2,4,n,NEAL,75
1992,2,4,n,PETR,19
1992,2,4,n,PETR,13
1992,2,4,n,NEAL,160
1992,2,5,n,PETR,26
1992,2,5,n,PETR,28
1992,2,5,n,NEQU,38
1992,2,5,n,NEAL,76
1992,2,5,n,NEAL,89
1992,2,5,n,NEQU,35
1992,2,5,n,NEAL,148
1992,3,1,n,NEQU,60
1992,3,1,n,SYAU,NA
1992,3,1,n,AMIN,51
1992,3,2,n,PETR,27
1992,3,3,n,PETR,23.5
1992,3,3,n,PEBO,27
1992,3,4,n,NEAL,170
1992,3,4,n,NEQU,43
1992,3,4,n,NEQU,62
1992,3,4,n,NEQU,41
1992,3,4,n,NEQU,68
1992,3,4,n,NEAL,79
1992,3,5,n,PETR,29
1992,3,5,n,NEQU,NA
1992,3,5,n,PETR,NA
1992,1,1,n,PENA,NA
1992,1,1,n,PENA,NA
1992,1,1,n,PETR,NA
1992,1,1,n,PETR,NA
1992,1,1,n,PETR,30
1992,1,1,n,PETR,NA
1992,1,1,n,PETR,NA
1992,1,1,n,PETR,22
1992,1,1,n,PETR,NA
1992,1,1,n,PETR,20
1992,1,1,n,PETR,NA
1992,1,1,n,PETR,13
1992,1,1,n,PETR,32
1992,1,1,n,NEAL,114
1992,1,1,n,NEAL,158
1992,1,1,n,PETR,21
1992,1,2,n,PETR,20.6
1992,1,2,n,PETR,12.4
1992,1,2,n,PETR,31
1992,1,2,n,PETR,28.6
1992,1,2,n,PETR,26.4
1992,1,2,n,PETR,21.6
1992,1,3,n,PETR,NA
1992,1,3,n,PETR,NA
1992,1,3,n,PETR,NA
1992,1,3,n,NEAL,NA
1992,1,3,n,CHIN,15
1992,1,3,n,CHIN,17
1992,1,3,n,PETR,NA
1992,1,3,n,PETR,21
1992,1,4,n,PETR,26.9
1992,1,4,n,NEAL,68
1992,1,4,n,PETR,29.4
1992,1,4,n,PETR,21.9
1992,1,4,n,NEAL,125
1992,1,4,n,NEAL,95.7
1992,1,4,n,PETR,14.4
1992,1,4,n,CHIN,13.8
1992,1,4,n,PETR,30.8
1992,1,4,n,PETR,20.5
1992,1,4,n,NEAL,87.5
1992,1,5,n,PETR,NA
1992,1,5,n,PETR,NA
1992,1,5,n,NEAL,NA
1992,1,5,n,PETR,NA
1992,2,1,n,NEQU,74
1992,2,1,n,PETR,30
1992,2,1,n,PETR,25
1992,2,1,n,PETR,26
1992,2,1,n,PETR,27
1992,2,1,n,PETR,29
1992,2,1,n,PETR,35
1992,2,2,n,PETR,28.6
1992,2,2,n,PETR,26
1992,2,2,n,PETR,27.5
1992,2,2,n,PETR,14.5
1992,2,2,n,PETR,14.5
1992,2,2,n,NEQU,55.3
1992,2,3,n,PETR,23.7
1992,2,3,n,AMIN,80
1992,2,4,n,PETR,25.8
1992,2,4,n,NEAL,181
1992,2,4,n,NEQU,61.4
1992,2,4,n,PETR,18.7
1992,2,5,n,PETR,37
1992,2,5,n,PETR,15
1992,2,5,n,NEQU,76.6
1992,2,5,n,PETR,28
1992,2,5,n,PETR,21
1992,3,1,n,PENA,27
1992,3,1,n,NEAL,131
1992,3,1,n,PETR,26
1992,3,1,n,PEXX,16
1992,3,1,n,PETR,27
1992,3,1,n,PETR,25
1992,3,1,n,PETR,26
1992,3,2,n,PETR,17
1992,3,2,n,PETR,24.4
1992,3,2,n,AMIN,85.9
1992,3,3,n,NEAL,180
1992,3,3,n,PETR,26
1992,3,3,n,PETR,28
1992,3,3,n,NEAL,43
1992,3,4,n,CHIN,13.3
1992,3,4,n,PETR,19.3
1992,3,4,n,NEQU,50.1
1992,3,5,n,PETR,27
1992,3,5,n,PENA,21
1992,3,5,n,PENA,15
1992,3,5,n,NEAL,87
1992,3,5,n,NEAL,77
1992,1,1,n,PGFL,16
1992,1,1,n,PELE,29
1992,1,1,n,DIME,31
1992,1,1,n,NEAL,170
1992,1,1,n,NEAL,NA
1992,1,1,n,NEAL,206
1992,1,1,n,NEAL,102
1992,1,2,n,NEAL,164
1992,1,2,n,NEAL,175
1992,1,2,n,PGFL,14.4
1992,1,2,n,NEAL,149
1992,1,2,n,ONLE,29.8
1992,1,2,n,PELE,30
1992,1,2,n,PGFL,9.9
1992,1,2,n,NEAL,70.6
1992,1,2,n,NEAL,247
1992,1,2,n,ONAR,13.7
1992,1,2,n,NEAL,99.5
1992,1,2,n,NEAL,127
1992,1,2,n,NEAL,96.7
1992,1,2,n,PETR,26.9
1992,1,2,n,DIME,41
1992,1,2,n,NEAL,137
1992,1,3,n,NEAL,149
1992,1,3,n,DIME,55
1992,1,3,n,ONLE,29.8
1992,1,3,n,PGFL,13.5
1992,1,3,n,NEAL,113
1992,1,3,n,PGFL,9.9
1992,1,3,n,PELE,21.4
1992,1,3,n,NEAL,173
1992,1,3,n,PEMA,18
1992,1,3,n,DIME,42.6
1992,1,3,n,NEAL,163
1992,1,3,n,DIME,43.5
1992,1,4,n,NEAL,72
1992,1,4,n,NEAL,NA
1992,1,4,n,ONAR,32
1992,1,4,n,NEAL,98
1992,1,4,n,PETR,27
1992,1,4,n,NEAL,196
1992,1,4,n,PGFL,14
1992,1,4,n,NEAL,190
1992,1,4,n,DIME,NA
1992,1,4,n,NEAL,81
1992,1,4,n,DIME,50
1992,1,4,n,DIOR,50
1992,1,4,n,DIOR,54
1992,1,4,n,NEAL,152
1992,1,4,n,NEAL,130
1992,1,4,n,ONLE,36
1992,1,4,n,NEAL,94
1992,1,4,n,PGFL,15
1992,1,4,n,NEAL,214
1992,1,4,n,NEAL,178
1992,1,4,n,PEMA,17
1992,1,4,n,PELE,22
1992,1,4,n,DIME,47
1992,1,5,n,NEAL,144
1992,1,5,n,DIOR,45
1992,1,5,n,REME,11
1992,1,5,n,ONLE,23
1992,1,5,n,DIME,46
1992,1,5,n,NEAL,164
1992,1,5,n,DIOR,55
1992,1,5,n,NEAL,146
1992,1,5,n,NEAL,146
1992,1,5,n,NEAL,205
1992,1,5,n,DIME,62
1992,1,5,n,DIME,39
1992,1,5,n,PETR,24
1992,1,5,n,PETR,26
1992,1,5,n,DIME,45
1992,1,5,n,ONLE,33
1992,1,5,n,ONLE,33
1992,2,1,n,NEAL,206
1992,2,1,n,DIME,53
1992,2,1,n,DISP,135
1992,2,1,n,NEAL,165
1992,2,1,n,PGFL,15
1992,2,1,n,NEAL,214
1992,2,1,n,DIOR,47
1992,2,2,n,PETR,26.8
1992,2,2,n,DIME,24.1
1992,2,2,n,ONLE,33.4
1992,2,2,n,NEAL,203
1992,2,2,n,NEAL,155
1992,2,2,n,NEAL,173
1992,2,2,n,ONLE,46
1992,2,2,n,NEAL,235
1992,2,2,n,NEAL,148
1992,2,2,n,NEAL,203
1992,2,2,n,DIME,30.9
1992,2,2,n,PGFL,15.1
1992,2,3,n,NEAL,111
1992,2,3,n,PELE,29.2
1992,2,3,n,NEAL,109
1992,2,3,n,NEAL,35
1992,2,3,n,DIOR,50.8
1992,2,3,n,PGFL,13.6
1992,2,3,n,PELE,21.1
1992,2,3,n,PGFL,14.2
1992,2,4,n,REME,15
1992,2,4,n,NEAL,185
1992,2,4,n,ONAR,37
1992,2,4,n,PELE,31
1992,2,4,n,NEAL,NA
1992,2,4,n,DIME,44
1992,2,4,n,DIOR,61
1992,2,4,n,DIOR,58.5
1992,2,5,n,ONLE,36.5
1992,2,5,n,DIME,45
1992,2,5,n,ONLE,34
1992,2,5,n,NEAL,80
1992,2,5,n,DIOR,51
1992,2,5,n,PELE,29
1992,2,5,n,NEAL,162
1992,2,5,n,DIME,50
1992,2,5,n,DIOR,48
1992,2,5,n,PELE,28
1992,2,5,n,NEAL,87
1992,2,5,n,ONLE,29
1992,2,5,n,PELE,28
1992,2,5,n,PELE,18
1992,2,5,n,NEAL,110
1992,2,5,n,ONLE,39
1992,3,1,n,ONAR,NA
1992,3,1,n,NEAL,96
1992,3,1,n,PEMA,22
1992,3,1,n,DISP,100
1992,3,1,n,DIME,48
1992,3,2,n,NEAL,159
1992,3,2,n,PELE,18.2
1992,3,2,n,ONAR,14.8
1992,3,2,n,NEAL,71.8
1992,3,2,n,DIME,31.8
1992,3,2,n,DIME,33
1992,3,2,n,ONLE,38
1992,3,2,n,NEAL,194
1992,3,3,n,PELE,25.7
1992,3,3,n,NEAL,190
1992,3,3,n,DIOR,47.9
1992,3,3,n,PGFL,15
1992,3,3,n,NEAL,71.5
1992,3,3,n,ONLE,46.3
1992,3,3,n,PELE,17.9
1992,3,3,n,NEAL,91.9
1992,3,4,n,PGFL,10
1992,3,4,n,DIOR,41
1992,3,4,n,DIOR,45
1992,3,4,n,DIOR,55
1992,3,4,n,ONLE,40
1992,3,4,n,DIME,39
1992,3,4,n,DIME,33
1992,3,4,n,NEAL,208
1992,3,4,n,DIOR,42
1992,3,4,n,DIOR,55
1992,3,4,n,DIME,49
1992,3,4,n,REME,14
1992,3,5,n,PELE,26
1992,3,5,n,DIOR,68
1992,3,5,n,NEAL,NA
1992,3,5,n,DIOR,50
1992,3,5,n,ONAR,38
1992,3,5,n,ONAR,29
1992,3,5,n,DIOR,59
1992,3,5,n,NEAL,9.2
1992,3,5,n,NEAL,218
1992,1,1,n,XESP,112
1992,1,1,n,DIOR,50
1992,1,1,n,NEAL,182
1992,1,1,n,DIME,38
1992,1,1,n,DIME,40
1992,1,1,n,DIME,45
1992,1,1,n,DIME,41
1992,1,1,n,DIOR,59
1992,1,1,n,PGFL,14
1992,1,1,n,DIME,46
1992,1,1,n,NEAL,194
1992,1,1,n,PGFL,15
1992,1,1,n,PGFV,7
1992,1,1,n,DISP,136
1992,1,1,n,DIME,36
1992,1,1,n,DIME,41
1992,1,1,n,PGFL,16
1992,1,1,n,PGFL,16
1992,1,1,n,NEAL,134
1992,1,1,n,NEAL,240
1992,1,1,n,DIOR,54
1992,1,1,n,DIOR,59
1992,1,1,n,XESP,NA
1992,1,1,n,XESP,96
1992,1,1,n,DIME,44
1992,1,1,n,PGFV,8
1992,1,2,n,DIOR,46
1992,1,2,n,DIOR,45.8
1992,1,2,n,DIOR,55
1992,1,2,n,DIOR,57.5
1992,1,2,n,NEAL,191
1992,1,2,n,NEAL,156
1992,1,2,n,PGFL,11.5
1992,1,2,n,DIOR,29.5
1992,1,2,n,NEAL,107
1992,1,2,n,PGFL,10.3
1992,1,2,n,PGFL,11.7
1992,1,2,n,DIME,40
1992,1,2,n,PGFV,4.6
1992,1,2,n,PGFL,12.7
1992,1,2,n,DIOR,44.4
1992,1,2,n,NEAL,150
1992,1,2,n,DIME,36.8
1992,1,2,n,DIOR,60.3
1992,1,3,n,DIME,37.1
1992,1,3,n,DIOR,52.4
1992,1,3,n,PGFL,16.9
1992,1,3,n,NEAL,146
1992,1,3,n,PGFL,16.1
1992,1,3,n,NEAL,205
1992,1,3,n,DIOR,47.4
1992,1,3,n,DIOR,52
1992,1,3,n,XESP,112
1992,1,3,n,DIME,35.5
1992,1,3,n,DIOR,51.1
1992,1,3,n,NEAL,173
1992,1,3,n,DIOR,38.9
1992,1,3,n,PELE,34.8
1992,1,3,n,ONAR,35.3
1992,1,3,n,NEAL,210
1992,1,4,n,DIOR,46
1992,1,4,n,DIOR,52
1992,1,4,n,PGFV,7
1992,1,4,n,DIOR,56
1992,1,4,n,NEAL,96
1992,1,4,n,DIOR,61
1992,1,4,n,DIOR,54
1992,1,4,n,PGFL,14
1992,1,4,n,DIOR,50
1992,1,4,n,DIOR,50
1992,1,4,n,NEAL,190
1992,1,4,n,DIOR,50
1992,1,4,n,DIOR,51
1992,1,4,n,DIME,30
1992,1,4,n,DIME,44
1992,1,4,n,PGFL,10
1992,1,4,n,DIME,41
1992,1,4,n,DIOR,47
1992,1,4,n,PGFL,16
1992,1,4,n,PGFL,15
1992,1,4,n,NEAL,194
1992,1,4,n,ONAR,39
1992,1,4,n,NEAL,90
1992,1,4,n,DIOR,46
1992,1,4,n,DIOR,49
1992,1,4,n,ONAR,40
1992,1,4,n,DIME,47
1992,1,4,n,NEAL,166
1992,1,4,n,DIOR,59
1992,1,4,n,PGFL,14
1992,1,4,n,DIOR,50
1992,1,5,n,DIME,30
1992,1,5,n,DIME,44
1992,1,5,n,NEAL,NA
1992,1,5,n,PELE,33
1992,1,5,n,DIOR,59
1992,1,5,n,DIOR,28
1992,1,5,n,PGFL,NA
1992,1,5,n,NEAL,182
1992,1,5,n,PGFL,12
1992,1,5,n,NEAL,NA
1992,1,5,n,PGFL,13
1992,1,5,n,PGFL,12
1992,1,5,n,DIOR,54
1992,1,5,n,NEAL,188
1992,1,5,n,DIME,48
1992,1,5,n,DIOR,61
1992,1,5,n,DIOR,52
1992,1,5,n,PGFL,13
1992,1,5,n,DIME,32
1992,1,5,n,DIOR,65
1992,1,5,n,PGFL,10
1992,1,5,n,ONAR,31
1992,1,5,n,DIOR,49
1992,1,5,n,DIOR,40
1992,1,5,n,PGFL,14
1992,1,5,n,DIOR,50
1992,1,5,n,DIOR,36
1992,1,5,n,DIME,45
1992,1,5,n,PGFL,15
1992,1,5,n,DIOR,49
1992,1,5,n,PGFL,13
1992,2,1,n,ONAR,40
1992,2,1,n,XESP,118
1992,2,1,n,DIME,NA
1992,2,1,n,PGFV,7
1992,2,1,n,PGFL,17
1992,2,1,n,PGFV,13
1992,2,1,n,XESP,132
1992,2,1,n,DIME,36
1992,2,2,n,DIOR,55
1992,2,2,n,DIOR,36
1992,2,2,n,DIOR,51.9
1992,2,2,n,DIME,42.7
1992,2,2,n,PGFL,11.7
1992,2,2,n,ONAR,32
1992,2,2,n,ONAR,39.6
1992,2,3,n,ONAR,22.2
1992,2,3,n,DIME,44.9
1992,2,3,n,DIME,41.4
1992,2,3,n,XESP,113
1992,2,3,n,PELE,29
1992,2,3,n,ONLE,31.4
1992,2,4,n,PELE,31
1992,2,4,n,DIOR,56
1992,2,4,n,PGFL,17
1992,2,4,n,DIOR,55
1992,2,4,n,ONAR,39
1992,2,4,n,DIME,35
1992,2,4,n,ONAR,36
1992,2,4,n,DIOR,33
1992,2,4,n,DIOR,73
1992,2,5,n,DIOR,59
1992,2,5,n,REME,11
1992,2,5,n,ONAR,40
1992,2,5,n,ONAR,34
1992,2,5,n,ONAR,36
1992,2,5,n,ONAR,39
1992,2,5,n,ONAR,38
1992,2,5,n,ONAR,39
1992,3,1,n,DIOR,72
1992,3,1,n,NEAL,100
1992,3,1,n,XESP,110
1992,3,1,n,PGFL,18
1992,3,1,n,DIOR,60
1992,3,1,n,PGFL,16
1992,3,1,n,DIOR,40
1992,3,1,n,DISP,120
1992,3,1,n,NEAL,85
1992,3,1,n,REME,17
1992,3,1,n,ONAR,39
1992,3,1,n,ONAR,44
1992,3,1,n,PGFV,9
1992,3,1,n,DIOR,60
1992,3,2,n,PGFL,14.9
1992,3,2,n,PGFL,15.5
1992,3,2,n,PGFL,13.2
1992,3,2,n,NEAL,139
1992,3,2,n,ONLE,46.2
1992,3,2,n,XESP,96.9
1992,3,2,n,DIOR,45.6
1992,3,2,n,PGFL,15
1992,3,2,n,DIOR,30.7
1992,3,2,n,DIME,33.1
1992,3,2,n,PGFV,6
1992,3,2,n,DIME,31.8
1992,3,2,n,PGFL,11.1
1992,3,3,n,NEAL,135
1992,3,3,n,DIME,40.5
1992,3,3,n,PGFL,13.8
1992,3,3,n,DIOR,47
1992,3,3,n,DIOR,42.9
1992,3,3,n,PGFL,18
1992,3,3,n,PGFL,16.1
1992,3,3,n,XESP,111
1992,3,3,n,PGFL,17.2
1992,3,3,n,DIOR,45.8
1992,3,3,n,PGFL,15.2
1992,3,3,n,PGFL,14.6
1992,3,3,n,DIOR,52
1992,3,3,n,DIOR,51.5
1992,3,3,n,DIOR,47.7
1992,3,3,n,ONAR,36.3
1992,3,3,n,DIME,39
1992,3,4,n,PGFL,15
1992,3,4,n,DIOR,65
1992,3,4,n,PGFL,15
1992,3,4,n,ONAR,23
1992,3,4,n,PGFL,15
1992,3,4,n,DIME,15
1992,3,4,n,REME,14
1992,3,4,n,PGFL,13
1992,3,4,n,DIOR,62
1992,3,4,n,DIME,42
1992,3,5,n,PGFL,14
1992,3,5,n,DIOR,55
1992,3,5,n,PGFL,9
1992,3,5,n,ONAR,58
1992,3,5,n,PGFL,17
1992,3,5,n,DIOR,48
1992,3,5,n,DIOR,49
1992,3,5,n,DIOR,37
1992,3,5,n,DIOR,51
1992,3,5,n,PGFL,14
1992,3,5,n,PGFL,13
1992,3,5,n,REME,13
1992,3,5,n,DIOR,32
1992,3,5,n,DIOR,62
1992,3,5,n,PGFL,14
1992,3,5,n,PGFL,15
1992,3,5,n,XESP,152
1992,3,5,n,DIME,35
1992,3,5,n,DIOR,63
1992,3,5,n,PGFL,14
1992,3,5,n,ONAR,36
1992,1,1,n,DIME,48.3
1992,1,1,n,DIME,43.2
1992,1,1,n,PETR,33.4
1992,1,1,n,PELE,20.6
1992,1,1,n,DIME,36.6
1992,1,1,n,PELE,18.8
1992,1,1,n,PELE,22.8
1992,1,1,n,PETR,34.1
1992,1,1,n,PELE,17.5
1992,1,1,n,DIME,46.6
1992,1,1,n,PELE,31.7
1992,1,1,n,PGFV,7.7
1992,1,1,n,DIME,26.6
1992,1,1,n,PELE,19.6
1992,1,1,n,PETR,23.7
1992,1,1,n,DIME,38.6
1992,1,1,n,DIME,50.9
1992,1,1,n,PELE,16.1
1992,1,1,n,ONAR,35.7
1992,1,1,n,DIME,43.6
1992,1,2,n,DIME,35.8
1992,1,2,n,DIME,49
1992,1,2,n,DIME,35
1992,1,2,n,PENA,22
1992,1,2,n,DIME,47
1992,1,2,n,PELE,20
1992,1,2,n,PELE,13
1992,1,2,n,NEAL,172
1992,1,2,n,DIME,22
1992,1,2,n,PELE,21
1992,1,2,n,DIME,42
1992,1,2,n,PELE,13
1992,1,2,n,PGFV,9
1992,1,2,n,DIME,50
1992,1,2,n,DIME,44
1992,1,2,n,DIME,47
1992,1,2,n,PELE,32
1992,1,2,n,DIME,30
1992,1,2,n,DIME,50
1992,1,2,n,DIME,44
1992,1,2,n,PELE,26
1992,1,2,n,DIME,36
1992,1,2,n,DIOR,50
1992,1,2,n,DIME,39
1992,1,2,n,DIME,35
1992,1,2,n,PENA,22
1992,1,2,n,DIME,45
1992,1,2,n,ONAR,24
1992,1,2,n,DIME,46
1992,1,2,n,PGFV,7
1992,1,2,n,DIME,50
1992,1,2,n,PELE,24
1992,1,3,n,DIME,45.8
1992,1,3,n,DIME,45.7
1992,1,3,n,DIME,39.4
1992,1,3,n,DIME,34.8
1992,1,3,n,DIOR,44.5
1992,1,3,n,DIME,42
1992,1,3,n,XESP,108
1992,1,3,n,DIOR,42.6
1992,1,3,n,NEAL,150
1992,1,3,n,NEAL,65.8
1992,1,3,n,DIME,26.4
1992,1,3,n,ONLE,18.2
1992,1,3,n,DIME,41.2
1992,1,3,n,DIME,39.9
1992,1,3,n,DIME,28.7
1992,1,4,n,DIME,49
1992,1,4,n,DIME,43
1992,1,4,n,DIME,45
1992,1,4,n,PGFL,9
1992,1,4,n,PELE,24
1992,1,4,n,DIME,48
1992,1,4,n,DIME,59
1992,1,4,n,DIME,49
1992,1,4,n,DIME,44
1992,1,4,n,DIME,48
1992,1,4,n,PGFV,8
1992,1,4,n,DIME,44
1992,1,4,n,PGFV,7
1992,1,4,n,DIME,44
1992,1,4,n,DIME,44
1992,1,4,n,DIME,48
1992,1,4,n,PELE,26
1992,1,4,n,PGFV,7
1992,1,4,n,PGFV,8
1992,1,4,n,DIME,49
1992,1,5,n,DIME,45
1992,1,5,n,DIME,36
1992,1,5,n,DIME,52
1992,1,5,n,DIME,27
1992,1,5,n,PGFV,6
1992,1,5,n,DIME,39
1992,1,5,n,PELE,27
1992,1,5,n,DIME,29
1992,1,5,n,DIME,42
1992,1,5,n,DIME,45
1992,1,5,n,DIME,33
1992,1,5,n,DIME,49
1992,1,5,n,DIME,50
1992,1,5,n,PGFV,7
1992,1,5,n,DIME,51
1992,1,5,n,DIME,39
1992,1,5,n,PGFV,8
1992,1,5,n,DIME,45
1992,1,5,n,DIME,44
1992,1,5,n,DIME,46
1992,1,5,n,DIME,46
1992,1,5,n,DIME,35
1992,1,5,n,DIME,40
1992,1,5,n,DIME,56
1992,2,1,n,PGFV,7.1
1992,2,1,n,PETR,24.3
1992,2,1,n,PETR,18.4
1992,2,1,n,PGFV,6.3
1992,2,1,n,PETR,13.6
1992,2,1,n,PGFV,6.6
1992,2,1,n,PETR,29.8
1992,2,1,n,PGFV,9.7
1992,2,1,n,PGFV,8.5
1992,2,1,n,DIME,28
1992,2,1,n,PGFV,6.4
1992,2,1,n,PGFV,8.1
1992,2,1,n,DIME,45.7
1992,2,1,n,DISP,127
1992,2,1,n,PETR,25.6
1992,2,2,n,ONLE,32
1992,2,2,n,DIME,22
1992,2,2,n,PETR,13
1992,2,2,n,PELE,24
1992,2,2,n,PELE,NA
1992,2,2,n,PELE,24
1992,2,2,n,DIME,46
1992,2,2,n,PELE,17
1992,2,2,n,PETR,29
1992,2,2,n,PGFV,9
1992,2,2,n,PETR,33
1992,2,2,n,DIME,48
1992,2,2,n,DIME,44
1992,2,2,n,REME,15
1992,2,2,n,NEAL,124
1992,2,2,n,PETR,25
1992,2,3,n,DIME,35.8
1992,2,3,n,DIOR,46.6
1992,2,3,n,DIME,45.4
1992,2,3,n,DIME,46.1
1992,2,3,n,ONAR,19.8
1992,2,3,n,ONAR,17.6
1992,2,3,n,DIME,44.6
1992,2,3,n,XESP,29.6
1992,2,3,n,NEAL,75.8
1992,2,3,n,PGFV,6.9
1992,2,3,n,DIME,75.2
1992,2,3,n,PELE,23.3
1992,2,3,n,PGFV,8.2
1992,2,3,n,ONAR,18
1992,2,3,n,DIME,42.4
1992,2,3,n,DIME,35.9
1992,2,4,n,DIME,45
1992,2,4,n,DIME,48
1992,2,4,n,PGFV,NA
1992,2,4,n,PGFV,5
1992,2,4,n,REME,12
1992,2,4,n,PGFV,4
1992,2,5,n,REME,10
1992,2,5,n,DIME,35
1992,2,5,n,PGFV,6
1992,2,5,n,DIME,40
1992,2,5,n,PGFV,7
1992,2,5,n,NEAL,92
1992,2,5,n,PELE,21
1992,3,1,n,PETR,17.3
1992,3,1,n,DIME,23.7
1992,3,1,n,DIME,37.5
1992,3,1,n,DIME,45.1
1992,3,1,n,DIOR,55.8
1992,3,1,n,DIME,45.4
1992,3,1,n,DIME,22.3
1992,3,1,n,REME,10.7
1992,3,1,n,PGFV,8.9
1992,3,1,n,DIOR,55.6
1992,3,2,n,ONAR,11
1992,3,2,n,DIME,43
1992,3,2,n,PELE,17
1992,3,2,n,PGFV,NA
1992,3,2,n,PETR,25
1992,3,2,n,ONLE,36
1992,3,3,n,ONLE,31.4
1992,3,3,n,XESP,36.9
1992,3,3,n,REMO,10.6
1992,3,3,n,XESP,31.4
1992,3,3,n,XESP,36.8
1992,3,3,n,DIOR,49.4
1992,3,3,n,DIME,43.6
1992,3,3,n,PELE,19
1992,3,3,n,PELE,25.5
1992,3,3,n,DIME,42.7
1992,3,4,n,PGFV,8
1992,3,4,n,PGFV,7
1992,3,4,n,PGFV,7
1992,3,4,n,DIME,49
1992,3,4,n,DIME,31
1992,3,4,n,PGFV,9
1992,3,4,n,DIME,29
1992,3,5,n,DIME,44
1992,3,5,n,REME,10
1992,3,5,n,PGFV,9
1992,3,5,n,REME,12
1992,3,5,n,PGFV,7
1992,3,5,n,REMO,13
1992,1,1,n,DIME,37.4
1992,1,1,n,DIOR,52.7
1992,1,1,n,DIME,44.9
1992,1,1,n,DIME,29
1992,1,1,n,PGFV,6.8
1992,1,1,n,PGFV,6.2
1992,1,1,n,DIOR,58.6
1992,1,1,n,PETR,26.5
1992,1,1,n,ONLE,36.7
1992,1,1,n,PGFV,5.6
1992,1,1,n,PGFV,5.4
1992,1,1,n,PGFV,7.9
1992,1,1,n,DIME,34.5
1992,1,1,n,PGFV,8.5
1992,1,1,n,PGFV,7.7
1992,1,1,n,PELE,19
1992,1,1,n,DIME,42.5
1992,1,1,n,PELE,17.7
1992,1,1,n,REME,13.7
1992,1,1,n,PELE,24
1992,1,1,n,PELE,21.5
1992,1,1,n,NEAL,108
1992,1,1,n,PGFV,7.6
1992,1,1,n,ONAR,18.2
1992,1,1,n,DIME,47.8
1992,1,1,n,ONLE,34.4
1992,1,1,n,DIME,40.1
1992,1,1,n,DIME,34
1992,1,1,n,DIME,35.9
1992,1,1,n,NEAL,154
1992,1,1,n,PGFL,11.5
1992,1,1,n,NEAL,226
1992,1,1,n,PGFV,5
1992,1,2,n,NEAL,168
1992,1,2,n,ONLE,42
1992,1,2,n,DIME,47
1992,1,2,n,DIME,32
1992,1,2,n,DIME,50
1992,1,2,n,DIME,45
1992,1,2,n,DIME,40
1992,1,2,n,DIME,27
1992,1,2,n,PELE,25
1992,1,2,n,DIME,44
1992,1,2,n,PGFV,8
1992,1,2,n,DIME,40
1992,1,2,n,PGFV,8
1992,1,2,n,DIME,43
1992,1,2,n,DIME,47
1992,1,2,n,DIME,NA
1992,1,2,n,DIME,46
1992,1,2,n,DIME,41.5
1992,1,2,n,DIME,39
1992,1,2,n,PGFV,NA
1992,1,2,n,DIME,39
1992,1,2,n,ONAR,44
1992,1,2,n,ONLE,33
1992,1,2,n,REME,15
1992,1,2,n,DIME,NA
1992,1,2,n,DIME,47
1992,1,2,n,DIME,45
1992,1,3,n,ONLE,27.2
1992,1,3,n,DIME,39.5
1992,1,3,n,DIME,34.2
1992,1,3,n,NEAL,182
1992,1,3,n,NEAL,93
1992,1,3,n,ONLE,34.1
1992,1,3,n,DIME,36.5
1992,1,3,n,NEAL,189
1992,1,3,n,REME,11.5
1992,1,3,n,DIME,38.7
1992,1,3,n,PGFV,7
1992,1,3,n,REMO,7.8
1992,1,3,n,DIME,34.5
1992,1,3,n,DIME,36.7
1992,1,3,n,NEAL,127
1992,1,3,n,PGFV,7.9
1992,1,3,n,PELE,29.1
1992,1,3,n,DIME,34.5
1992,1,3,n,DIME,46.9
1992,1,3,n,DIME,37.9
1992,1,3,n,PGFV,6.8
1992,1,3,n,DIME,33.7
1992,1,3,n,PGFV,6.2
1992,1,3,n,NEAL,133
1992,1,3,n,DIME,37.7
1992,1,4,n,DIME,41
1992,1,4,n,PELE,27
1992,1,4,n,DIME,41
1992,1,4,n,DIME,49
1992,1,4,n,DIME,50
1992,1,4,n,PGFV,10
1992,1,4,n,PELE,30
1992,1,4,n,NEAL,150
1992,1,4,n,DIME,44
1992,1,4,n,NEAL,NA
1992,1,4,n,PGFV,8
1992,1,4,n,DIME,46
1992,1,4,n,PGFV,7
1992,1,4,n,PGFV,8
1992,1,4,n,DIME,44
1992,1,4,n,PGFV,6
1992,1,4,n,DIME,51
1992,1,4,n,DIME,46
1992,1,4,n,PGFV,7
1992,1,4,n,DIME,44
1992,1,4,n,DIME,40
1992,1,4,n,NEAL,182
1992,1,4,n,PGFV,7
1992,1,4,n,PGFV,7.5
1992,1,4,n,PGFV,8
1992,1,4,n,DIME,45
1992,1,4,n,DIME,36
1992,1,4,n,DIME,46
1992,1,4,n,DIME,42
1992,1,5,n,PGFV,8
1992,1,5,n,PGFV,9
1992,1,5,n,DIME,48
1992,1,5,n,DIME,51
1992,1,5,n,DIME,39
1992,1,5,n,DIME,40
1992,1,5,n,PGFV,9
1992,1,5,n,DIME,47
1992,1,5,n,PELE,23
1992,1,5,n,DIME,45
1992,1,5,n,DIME,43
1992,1,5,n,PGFV,9
1992,1,5,n,PELE,19
1992,1,5,n,PGFV,NA
1992,1,5,n,PGFV,NA
1992,1,5,n,PGFV,7
1992,1,5,n,DIME,36
1992,1,5,n,NEAL,90
1992,1,5,n,PGFV,7
1992,1,5,n,DIME,34
1992,1,5,n,PELE,29
1992,1,5,n,ONLE,38
1992,1,5,n,DIME,47
1992,1,5,n,NEAL,113
1992,1,5,n,DIME,41
1992,1,5,n,PELE,36
1992,1,5,n,PELE,28
1992,1,5,n,PELE,29
1992,1,5,n,DIME,40
1992,1,5,n,DIME,49
1992,1,5,n,DIME,43
1992,1,5,n,DIME,48
1992,2,1,n,DIME,33.8
1992,2,1,n,PGFV,5.9
1992,2,1,n,PGFV,6.9
1992,2,1,n,DIOR,54.5
1992,2,1,n,DIME,37.7
1992,2,1,n,PGFV,7.3
1992,2,1,n,DIOR,59.5
1992,2,1,n,PELE,24.7
1992,2,1,n,PELE,30.4
1992,2,1,n,DIOR,56.1
1992,2,1,n,REME,11.6
1992,2,1,n,ONAR,34.5
1992,2,1,n,DIME,40.9
1992,2,1,n,REMO,8.4
1992,2,1,n,PGFL,14.6
1992,2,2,n,PGFV,9
1992,2,2,n,REME,14
1992,2,2,n,NEMI,204
1992,2,2,n,ONAR,19
1992,2,2,n,PGFV,7
1992,2,2,n,DIME,44
1992,2,2,n,PGFV,10
1992,2,2,n,DIME,47
1992,2,2,n,DIME,45
1992,2,2,n,PGFV,8.5
1992,2,2,n,PGFL,15
1992,2,2,n,DIME,45
1992,2,2,n,NEMI,130
1992,2,2,n,PGFV,7
1992,2,3,n,REMO,8.2
1992,2,3,n,DIME,26.5
1992,2,3,n,XESP,86
1992,2,3,n,PGFV,8.7
1992,2,3,n,PGFL,10.1
1992,2,3,n,NEAL,79.8
1992,2,3,n,ONLE,35.6
1992,2,3,n,DIME,50.1
1992,2,3,n,ONLE,33.5
1992,2,3,n,DIME,30.7
1992,2,3,n,ONAR,18.6
1992,2,3,n,PGFV,6.3
1992,2,3,n,REME,12.7
1992,2,4,n,REMO,9
1992,2,4,n,DIME,36
1992,2,4,n,NEAL,112
1992,2,4,n,XESP,84
1992,2,4,n,PGFV,9
1992,2,4,n,PGFV,8
1992,2,4,n,REMO,9
1992,2,4,n,DIME,50
1992,2,4,n,PGFV,7
1992,2,4,n,NEAL,184
1992,2,5,n,XESP,76
1992,2,5,n,DIME,45
1992,2,5,n,PELE,28
1992,2,5,n,DIME,58
1992,2,5,n,REME,21
1992,2,5,n,ONAR,29
1992,2,5,n,PGFV,8
1992,2,5,n,DIME,44
1992,2,5,n,PGFV,10
1992,2,5,n,PGFV,NA
1992,2,5,n,PGFV,7.5
1992,2,5,n,DIME,38
1992,2,5,n,PELE,32
1992,2,5,n,DIME,42
1992,2,5,n,DIME,42
1992,2,5,n,PGFV,5
1992,2,5,n,PGFV,8
1992,3,1,n,ONLE,36.6
1992,3,1,n,REMO,7.1
1992,3,1,n,PGFV,6.5
1992,3,1,n,PGFL,10.7
1992,3,1,n,REMO,5.7
1992,3,1,n,ONLE,38
1992,3,1,n,DIOR,57.1
1992,3,1,n,PGFV,7.1
1992,3,1,n,DIME,34.7
1992,3,1,n,NEAL,169
1992,3,1,n,PGFV,6.2
1992,3,2,n,DIME,28
1992,3,2,n,DIME,53
1992,3,2,n,PELE,20
1992,3,2,n,REME,12
1992,3,2,n,PELE,25
1992,3,3,n,ONLE,32.6
1992,3,3,n,DIOR,47.3
1992,3,3,n,DIME,46.4
1992,3,3,n,REME,14.6
1992,3,3,n,NEAL,173
1992,3,3,n,NEAL,239
1992,3,3,n,PELE,21
1992,3,3,n,REMO,8.9
1992,3,3,n,DIME,51.3
1992,3,3,n,NEAL,163
1992,3,4,n,PGFV,NA
1992,3,4,n,PGFV,6
1992,3,4,n,DIME,34
1992,3,4,n,PGFV,8.5
1992,3,4,n,NEAL,162
1992,3,4,n,NEAL,108
1992,3,4,n,NEAL,112
1992,3,4,n,PGFV,9
1992,3,4,n,REMO,10
1992,3,5,n,DIME,15
1992,3,5,n,NEAL,68
1992,3,5,n,PGFV,NA
1992,3,5,n,PGFV,10
1992,3,5,n,REMO,11
1992,3,5,n,XESP,NA
1992,3,5,n,PELE,16
1992,3,5,n,PELE,21
1992,1,1,n,DIME,47
1992,1,1,n,NEAL,81
1992,1,1,n,PETR,24
1992,1,1,n,DIME,43
1992,1,1,n,NEAL,146
1992,1,1,n,NEAL,150
1992,1,1,n,DIME,44
1992,1,1,n,DIME,44
1992,1,1,n,NEAL,164
1992,1,1,n,DIME,45
1992,1,1,n,DIME,48
1992,1,1,n,DIME,42
1992,1,1,n,NEAL,116
1992,1,1,n,CHIN,19
1992,1,1,n,DIME,39
1992,1,1,n,DIME,42
1992,1,1,n,PGFV,7
1992,1,1,n,NEAL,172
1992,1,1,n,DIME,50
1992,1,2,n,NEAL,132
1992,1,2,n,DIME,43.1
1992,1,2,n,DIME,45.4
1992,1,2,n,DIME,45
1992,1,2,n,NEDO,61.8
1992,1,2,n,DIME,44.1
1992,1,2,n,NEAL,166
1992,1,2,n,DIME,41.3
1992,1,3,n,DIME,40.5
1992,1,3,n,DIME,33.8
1992,1,3,n,DIME,40.5
1992,1,3,n,PGFV,7.5
1992,1,3,n,DIME,42.2
1992,1,4,n,DIME,22
1992,1,4,n,DIME,40
1992,1,4,n,PGFV,8
1992,1,4,n,NEAL,124
1992,1,4,n,PETR,25
1992,1,4,n,PGFV,13
1992,1,4,n,DIME,50
1992,1,4,n,CHIN,12
1992,1,4,n,NEAL,160
1992,1,4,n,PETR,23
1992,1,4,n,CHIN,20
1992,1,5,n,DIME,44
1992,1,5,n,DIME,48
1992,1,5,n,DIME,49
1992,1,5,n,NEAL,112
1992,1,5,n,DIME,26
1992,1,5,n,DIME,44
1992,1,5,n,DIME,39
1992,1,5,n,DIME,41
1992,1,5,n,DIME,31
1992,1,5,n,PGFV,8
1992,1,5,n,DIME,47
1992,1,5,n,DIME,52
1992,1,5,n,DIME,51
1992,1,5,n,PETR,21
1992,1,5,n,PGFV,6
1992,1,5,n,PGFV,7
1992,2,1,n,DIME,26
1992,2,1,n,NEAL,174
1992,2,1,n,CHIN,9
1992,2,1,n,NEAL,82
1992,2,1,n,DIME,43
1992,2,1,n,NEAL,182
1992,2,1,n,DIME,44
1992,2,1,n,CHIN,9
1992,2,2,n,NEDO,63.7
1992,2,2,n,CHIN,16.7
1992,2,2,n,NEAL,44.8
1992,2,2,n,CHIN,14.5
1992,2,2,n,DIME,47.3
1992,2,3,n,PGFV,6
1992,2,3,n,DIME,44.9
1992,2,4,n,DIME,42
1992,2,4,n,DIME,45
1992,2,4,n,DIME,40
1992,2,4,n,CHIN,9
1992,2,4,n,CHIN,13
1992,2,4,n,DIME,40
1992,2,4,n,NEAL,140
1992,2,4,n,PGFV,5
1992,2,4,n,NEAL,108
1992,2,4,n,NEAL,90
1992,2,4,n,CHIN,16
1992,2,5,n,DIME,25
1992,2,5,n,DIME,28
1992,2,5,n,DIME,48
1992,2,5,n,DIME,28
1992,3,1,n,NEAL,114
1992,3,1,n,DIME,38
1992,3,1,n,NEAL,82
1992,3,1,n,CHIN,13
1992,3,1,n,PETR,23
1992,3,1,n,DIME,28
1992,3,1,n,DIME,44
1992,3,1,n,NEAL,267
1992,3,1,n,NEAL,78
1992,3,1,n,PETR,29
1992,3,1,n,PETR,27
1992,3,2,n,DIME,43.6
1992,3,2,n,NEAL,99.6
1992,3,2,n,NEAL,142
1992,3,2,n,NEAL,132
1992,3,2,n,AMLE,104
1992,3,3,n,DIME,43.1
1992,3,4,n,CHIN,13
1992,3,4,n,PETR,18
1992,3,4,n,NEAL,180
1992,1,1,n,NEMI,200
1992,1,1,n,DIME,38
1992,1,1,n,DIME,46
1992,1,1,n,DIME,44
1992,1,1,n,DIME,38
1992,1,1,n,CHIN,13
1992,1,1,n,DIME,32
1992,1,1,n,DIME,46
1992,1,1,n,DIME,43
1992,1,1,n,CHIN,12
1992,1,1,n,DIME,50
1992,1,1,n,CHIN,17
1992,1,1,n,DIME,41
1992,1,1,n,CHIN,19
1992,1,1,n,DIME,51
1992,1,1,n,NEAL,152
1992,1,1,n,CHIN,16
1992,1,1,n,NEMI,236
1992,1,1,n,CHIN,12
1992,1,1,n,DIME,48
1992,1,1,n,NEMI,194
1992,1,1,n,DIME,48
1992,1,1,n,DIME,46
1992,1,1,n,PGFV,8
1992,1,1,n,CHIN,17
1992,1,1,n,CHIN,13
1992,1,1,n,DIME,36
1992,1,1,n,CHIN,11
1992,1,2,n,CHIN,12.6
1992,1,2,n,CHIN,15.1
1992,1,2,n,DIME,43.3
1992,1,2,n,CHIN,14.3
1992,1,2,n,DIME,37
1992,1,2,n,DIME,38.1
1992,1,2,n,DIME,30.8
1992,1,2,n,CHIN,14.1
1992,1,2,n,DIME,34.1
1992,1,3,n,DIME,39.1
1992,1,3,n,DIME,33.8
1992,1,3,n,DIME,40.7
1992,1,3,n,PGFV,6.8
1992,1,3,n,CHIN,15.7
1992,1,3,n,DIME,47.8
1992,1,4,n,DIME,46
1992,1,4,n,PGFV,9
1992,1,4,n,PGFV,7
1992,1,4,n,DIME,34
1992,1,4,n,PGFV,7
1992,1,4,n,PGFV,9
1992,1,4,n,CHIN,13
1992,1,4,n,DIME,49
1992,1,4,n,CHIN,14
1992,1,4,n,CHIN,12
1992,1,4,n,CHIN,18
1992,1,4,n,PGFV,9
1992,1,4,n,CHIN,14
1992,1,4,n,PGFV,9
1992,1,4,n,CHIN,16
1992,1,4,n,CHIN,12
1992,1,4,n,CHIN,11
1992,1,5,n,DIME,50
1992,1,5,n,DIME,39
1992,1,5,n,DIME,49
1992,1,5,n,CHIN,7
1992,1,5,n,DIME,51
1992,1,5,n,PGFV,7
1992,1,5,n,CHIN,14
1992,1,5,n,DIME,46
1992,1,5,n,DIME,47
1992,2,1,n,NEAL,188
1992,2,1,n,CHIN,18
1992,2,1,n,NEMI,270
1992,2,1,n,NEAL,166
1992,2,1,n,CHIN,12
1992,2,1,n,CHIN,14
1992,2,1,n,PGFV,8
1992,2,2,n,DIME,27
1992,2,2,n,DIME,47.7
1992,2,2,n,PGFV,7.7
1992,2,2,n,DIME,37.6
1992,2,2,n,CHIN,12.8
1992,2,2,n,CHIN,13.5
1992,2,3,n,DIME,32.5
1992,2,4,n,NEAL,126
1992,2,4,n,CHIN,16
1992,2,4,n,CHIN,20
1992,2,5,n,DIME,44
1992,2,5,n,CHIN,15
1992,3,1,n,CHIN,14
1992,3,1,n,CHIN,NA
1992,3,1,n,PELE,18
1992,3,1,n,PGFV,8
1992,3,1,n,NEAL,102
1992,3,1,n,PGFV,6
1992,3,1,n,PGFV,7
1992,3,1,n,CHIN,13
1992,3,1,n,PGFV,8
1992,3,2,n,NEAL,82.3
1992,3,2,n,PGFV,5.4
1992,3,3,n,DIME,40.3
1992,3,3,n,PGFV,6.3
1992,3,4,n,CHIN,15
1992,3,4,n,CHIN,15
1992,3,4,n,CHIN,NA
1992,3,4,n,CHIN,13
1992,3,4,n,PGFV,7
1992,3,5,n,CHIN,11
1992,3,5,n,DIME,47
1992,3,5,n,PELE,19
1992,3,5,n,PGFV,7
1992,3,5,n,DIME,27
1992,3,5,n,PGFV,8
1992,3,5,n,CHIN,15
1993,1,1,n,DISP,122
1993,1,1,n,DISP,97
1993,1,1,n,REMO,7
1993,1,1,n,DIOR,51
1993,1,2,n,PGFV,8
1993,1,2,n,XESP,110
1993,1,2,n,DIOR,36
1993,1,2,n,DISP,140
1993,1,2,n,DISP,98
1993,1,3,n,DISP,150
1993,1,3,n,PETR,23
1993,1,3,n,PGFV,7
1993,1,3,n,DISP,128
1993,1,3,n,DISP,127
1993,1,3,n,XESP,130
1993,1,3,n,DIOR,42
1993,1,3,n,DIOR,46
1993,1,4,n,PGFV,8
1993,1,4,n,DISP,105
1993,1,4,n,DISP,108
1993,1,4,n,PENA,20
1993,1,4,n,DISP,95
1993,1,4,n,PGFV,7
1993,1,4,n,PGFV,8
1993,1,4,n,DISP,134
1993,1,4,n,DIOR,53
1993,1,4,n,PETR,19
1993,1,5,n,PETR,24
1993,1,5,n,PGFV,7
1993,1,5,n,PETR,28
1993,1,5,n,NEMI,73
1993,1,5,n,NEMI,169
1993,1,5,n,DIOR,35
1993,1,5,n,DIOR,30
1993,1,5,n,DIOR,50
1993,1,5,n,DIOR,38
1993,1,5,n,PGFV,9
1993,1,5,n,XESP,NA
1993,1,5,n,NEMI,240
1993,1,5,n,PGFV,8
1993,2,1,n,PGFV,6
1993,2,1,n,PGFV,7
1993,2,1,n,PGFV,8
1993,2,1,n,DIOR,48
1993,2,2,n,PGFV,5
1993,2,2,n,DISP,80
1993,2,2,n,DISP,119
1993,2,2,n,XESP,105
1993,2,3,n,DISP,103
1993,2,3,n,NEMI,130
1993,2,3,n,PETR,19
1993,2,3,n,PGFV,8
1993,2,3,n,DISP,100
1993,2,3,n,DISP,100
1993,2,4,n,DIOR,53
1993,2,4,n,XESP,102
1993,2,5,n,PGFV,9
1993,2,5,n,PGFV,8
1993,2,5,n,XESP,NA
1993,2,5,n,DISP,80
1993,2,5,n,PENA,19
1993,3,1,n,REMO,7
1993,3,1,n,PGFV,8
1993,3,1,n,PETR,25
1993,3,1,n,DISP,142
1993,3,2,n,PETR,19
1993,3,2,n,DISP,119
1993,3,2,n,PETR,20
1993,3,2,n,DISP,100
1993,3,3,n,DIOR,42
1993,3,3,n,PGFV,6
1993,3,3,n,PGFV,7
1993,3,3,n,XESP,100
1993,3,3,n,DISP,137
1993,3,3,n,XESP,128
1993,3,4,n,REMO,8
1993,3,4,n,ONAR,17
1993,3,4,n,DIOR,50
1993,3,4,n,XESP,128
1993,3,4,n,PETR,27
1993,3,4,n,PETR,27
1993,3,5,n,NEMI,69
1993,3,5,n,DISP,92
1993,3,5,n,PENA,18
1993,3,5,n,XESP,104
1993,1,1,n,PGFV,7
1993,1,1,n,PGFV,7
1993,1,1,n,DISP,140
1993,1,1,n,DISP,118
1993,1,1,n,PGFV,6
1993,1,2,n,PGFV,6
1993,1,2,n,DISP,100
1993,1,2,n,DISP,124
1993,1,2,n,PGFV,7
1993,1,2,n,DIOR,32
1993,1,2,n,XESP,110
1993,1,2,n,REMO,9
1993,1,2,n,ONAR,18
1993,1,2,n,XESP,110
1993,1,2,n,PGFV,9
1993,1,2,n,DISP,120
1993,1,3,n,DISP,148
1993,1,3,n,DISP,130
1993,1,3,n,DIOR,40
1993,1,3,n,DISP,112
1993,1,3,n,PGFV,6
1993,1,3,n,DIOR,40
1993,1,3,n,DISP,135
1993,1,3,n,DISP,130
1993,1,3,n,DIOR,45
1993,1,3,n,DIOR,35
1993,1,3,n,XESP,114
1993,1,3,n,DISP,120
1993,1,3,n,DIOR,40
1993,1,3,n,DISP,146
1993,1,3,n,DISP,108
1993,1,4,n,DISP,73
1993,1,4,n,XESP,81
1993,1,4,n,DISP,143
1993,1,4,n,PGFV,6
1993,1,4,n,REMO,7
1993,1,4,n,DISP,97
1993,1,4,n,DIOR,37
1993,1,4,n,DISP,137
1993,1,4,n,DIOR,52
1993,1,4,n,DIOR,46
1993,1,5,n,ONAR,16
1993,1,5,n,XESP,100
1993,1,5,n,PGFV,8
1993,1,5,n,DISP,106
1993,1,5,n,DIOR,48
1993,1,5,n,DISP,128
1993,1,5,n,REMO,8
1993,1,5,n,REMO,9
1993,1,5,n,DIOR,49
1993,1,5,n,PGFV,8
1993,1,5,n,DIOR,42
1993,1,5,n,DISP,132
1993,2,1,n,PGFV,8
1993,2,2,n,DISP,90
1993,2,3,n,ONAR,25
1993,2,3,n,DISP,140
1993,2,5,n,PGFV,11
1993,3,2,n,ONAR,17
1993,3,3,n,PGFV,8
1993,3,3,n,ONAR,20
1993,3,4,n,ONAR,16
1993,3,5,n,REMO,9
1993,1,1,n,DIME,40
1993,1,1,n,DISP,90
1993,1,1,n,DIME,44
1993,1,1,n,DIME,29
1993,1,1,n,DISP,108
1993,1,1,n,DISP,130
1993,1,1,n,DIME,45
1993,1,1,n,DIME,40
1993,1,1,n,ONAR,25
1993,1,1,n,DIME,46
1993,1,1,n,DIME,49
1993,1,1,n,DISP,118
1993,1,1,n,PEER,22
1993,1,1,n,DIME,44
1993,1,1,n,DIME,41
1993,1,1,n,DISP,80
1993,1,1,n,DIME,38
1993,1,1,n,DIME,45
1993,1,1,n,DIME,56
1993,1,1,n,DIME,50
1993,1,1,n,DIME,44
1993,1,1,n,DIME,47
1993,1,2,n,DISP,133
1993,1,2,n,DIME,43
1993,1,2,n,DIME,42
1993,1,2,n,NEAL,87
1993,1,2,n,DIME,49
1993,1,2,n,DIME,45
1993,1,2,n,PEER,19
1993,1,2,n,DIME,37
1993,1,2,n,DISP,103
1993,1,2,n,ONAR,13
1993,1,2,n,DIME,42
1993,1,3,n,DISP,140
1993,1,3,n,DIME,45
1993,1,3,n,PEER,20
1993,1,3,n,ONAR,23
1993,1,3,n,DIME,46
1993,1,3,n,DISP,120
1993,1,3,n,DIME,43
1993,1,3,n,DIME,48
1993,1,3,n,DIME,45
1993,1,3,n,DISP,140
1993,1,3,n,DIME,36
1993,1,3,n,DIME,45
1993,1,3,n,DIME,43
1993,1,3,n,DIME,46
1993,1,3,n,DIME,43
1993,1,3,n,DIME,41
1993,1,3,n,DIME,47
1993,1,3,n,DIME,36
1993,1,3,n,DISP,121
1993,1,3,n,DISP,120
1993,1,4,n,DIME,44
1993,1,4,n,DIME,48
1993,1,4,n,DISP,140
1993,1,4,n,DIME,40
1993,1,4,n,DIME,45
1993,1,4,n,DIME,39
1993,1,4,n,DIME,18
1993,1,4,n,REMO,9
1993,1,4,n,DIME,40
1993,1,4,n,DIME,38
1993,1,4,n,ONAR,28
1993,1,4,n,DISP,122
1993,1,4,n,DIME,38
1993,1,5,n,DIME,41
1993,1,5,n,DISP,120
1993,1,5,n,DIME,46
1993,1,5,n,DIME,43
1993,1,5,n,DIME,44
1993,1,5,n,DIME,43
1993,1,5,n,DIME,43
1993,1,5,n,DIME,44
1993,1,5,n,DIME,41
1993,1,5,n,DIME,39
1993,1,5,n,DIME,19
1993,1,5,n,DIME,40
1993,2,1,n,DIME,43
1993,2,1,n,DISP,90
1993,2,1,n,DISP,119
1993,2,1,n,DIME,34
1993,2,1,n,PELE,17
1993,2,1,n,DIME,49
1993,2,1,n,DIME,45
1993,2,1,n,PELE,19
1993,2,1,n,PELE,19
1993,2,2,n,DIME,39
1993,2,2,n,DIME,44
1993,2,2,n,DIME,39
1993,2,2,n,PEER,18
1993,2,2,n,ONAR,15
1993,2,2,n,DIME,20
1993,2,2,n,ONAR,21
1993,2,2,n,DIME,47
1993,2,3,n,ONAR,21
1993,2,3,n,DIME,47
1993,2,3,n,DISP,104
1993,2,4,n,DISP,71
1993,2,4,n,DIME,41
1993,2,4,n,DIME,20
1993,2,4,n,DIME,43
1993,2,4,n,REME,8
1993,2,5,n,DIME,20
1993,2,5,n,DIME,48
1993,2,5,n,ONAR,22
1993,2,5,n,NEMI,106
1993,2,5,n,DISP,110
1993,2,5,n,DISP,80
1993,3,1,n,DIME,43
1993,3,1,n,REME,9
1993,3,1,n,PELE,20
1993,3,1,n,CHIN,11
1993,3,1,n,PEER,20
1993,3,2,n,ONAR,21
1993,3,2,n,DISP,118
1993,3,2,n,ONAR,24
1993,3,2,n,DIME,43
1993,3,2,n,DIME,39
1993,3,2,n,DIME,35
1993,3,2,n,DISP,135
1993,3,3,n,DIME,37
1993,3,3,n,DIME,47
1993,3,3,n,ONAR,22
1993,3,3,n,ONAR,23
1993,3,3,n,DISP,112
1993,3,4,n,ONAR,19
1993,3,4,n,DIME,46
1993,3,4,n,DIME,43
1993,3,4,n,NEAL,104
1993,3,5,n,XESP,98
1993,3,5,n,DIME,18
1993,3,5,n,ONAR,16
1993,3,5,n,DIME,39
1993,3,5,n,PGFV,7
1993,3,5,n,REME,11
1993,3,5,n,DIME,40
1993,1,1,n,DIME,41
1993,1,1,n,DIME,53
1993,1,1,n,DIME,42
1993,1,1,n,NEAL,116
1993,1,1,n,DIME,35
1993,1,1,n,PGFV,7
1993,1,1,n,DISP,110
1993,1,1,n,DIME,42
1993,1,1,n,DIME,46
1993,1,1,n,DIME,40
1993,1,1,n,DISP,126
1993,1,1,n,PGFV,8
1993,1,1,n,PELE,13
1993,1,1,n,DIME,41
1993,1,1,n,CHIN,14
1993,1,1,n,CHIN,13
1993,1,1,n,DIME,44
1993,1,1,n,DIME,55
1993,1,1,n,PELE,13
1993,1,1,n,CHIN,13
1993,1,1,n,DIME,45
1993,1,1,n,DIME,46
1993,1,1,n,DIME,45
1993,1,1,n,DIME,46
1993,1,1,n,DIME,45
1993,1,1,n,NEAL,94
1993,1,2,n,DISP,86
1993,1,2,n,DIME,20
1993,1,2,n,DISP,103
1993,1,2,n,DIME,49
1993,1,2,n,DISP,134
1993,1,2,n,DIME,34
1993,1,2,n,ONAR,21
1993,1,2,n,PGFV,7.5
1993,1,3,n,DIME,37
1993,1,3,n,PGFV,8
1993,1,3,n,DIME,50
1993,1,3,n,PGFV,8
1993,1,3,n,NEMI,180
1993,1,3,n,DIME,45
1993,1,3,n,DISP,140
1993,1,3,n,DIME,47
1993,1,3,n,DIME,39
1993,1,3,n,DIME,47
1993,1,3,n,DIME,47
1993,1,3,n,DISP,120
1993,1,3,n,DISP,110
1993,1,3,n,DIME,42
1993,1,3,n,DIME,49
1993,1,3,n,DIME,37
1993,1,3,n,DIME,26
1993,1,3,n,PGFV,8
1993,1,3,n,DIME,44
1993,1,3,n,DIME,45
1993,1,3,n,PELE,24
1993,1,4,n,DIME,45
1993,1,4,n,DIME,50
1993,1,4,n,DIME,38
1993,1,4,n,DIME,28
1993,1,4,n,DISP,111
1993,1,4,n,NEAL,104
1993,1,4,n,DIME,46
1993,1,4,n,DIME,34
1993,1,5,n,DIME,29
1993,1,5,n,DIME,49
1993,1,5,n,DIME,28
1993,1,5,n,NEMI,140
1993,1,5,n,DIME,43
1993,1,5,n,DIME,47
1993,1,5,n,PGFV,8
1993,1,5,n,DIME,45
1993,1,5,n,DISP,130
1993,1,5,n,DISP,85
1993,1,5,n,DIME,39
1993,1,5,n,DIME,48
1993,1,5,n,DIME,45
1993,1,5,n,DIME,41
1993,1,5,n,DISP,140
1993,2,1,n,DIME,44
1993,2,1,n,DIME,30
1993,2,1,n,DISP,120
1993,2,1,n,REXX,11
1993,2,1,n,PELE,12
1993,2,1,n,DISP,112
1993,2,1,n,PEER,19
1993,2,1,n,DISP,112
1993,2,1,n,DIME,42
1993,2,1,n,DIME,47
1993,2,1,n,PEER,22
1993,2,1,n,PEER,21
1993,2,2,n,DIME,48
1993,2,2,n,NEAL,108
1993,2,2,n,DIME,45
1993,2,3,n,DISP,130
1993,2,3,n,DIME,38
1993,2,3,n,ONAR,20
1993,2,3,n,DIME,45
1993,2,3,n,PGFV,8
1993,2,3,n,DISP,123
1993,2,3,n,DIME,42
1993,2,3,n,DISP,118
1993,2,3,n,DIME,45
1993,2,4,n,DISP,130
1993,2,4,n,DIME,40
1993,2,4,n,DIME,28
1993,2,4,n,DIME,35
1993,2,4,n,PGFV,8
1993,2,4,n,DIME,42
1993,2,5,n,PELE,24
1993,2,5,n,DIME,43
1993,2,5,n,PGFV,7
1993,2,5,n,PELE,21
1993,3,1,n,PELE,11
1993,3,1,n,PGFV,7
1993,3,1,n,DIME,40
1993,3,1,n,DISP,84
1993,3,1,n,PETR,18
1993,3,1,n,PGFV,7
1993,3,1,n,PEER,20
1993,3,1,n,PEXX,NA
1993,3,1,n,PELE,10
1993,3,1,n,PEER,21
1993,3,1,n,PELE,24
1993,3,1,n,PEER,22
1993,3,1,n,NEAL,212
1993,3,2,n,NEAL,106
1993,3,2,n,DIME,23
1993,3,2,n,PEER,11.5
1993,3,3,n,PGFV,8
1993,3,3,n,NEAL,178
1993,3,3,n,ONAR,17
1993,3,3,n,DISP,98
1993,3,4,n,ONAR,20
1993,3,4,n,NEAL,111
1993,3,4,n,PETR,22
1993,3,4,n,DIME,43
1993,3,5,n,PGFV,8
1993,3,5,n,DIME,16
1993,3,5,n,DISP,138
1993,3,5,n,PGFV,6
1993,1,1,n,PETR,22
1993,1,1,n,PEBO,29
1993,1,1,n,PEBO,25
1993,1,1,n,PEBO,25
1993,1,1,n,PEBO,18
1993,1,1,n,PETR,29
1993,1,1,n,NEQU,58
1993,1,1,n,PETR,23
1993,1,1,n,PETR,21
1993,1,1,n,PETR,23
1993,1,1,n,PEBO,25
1993,1,1,n,PETR,21
1993,1,1,n,PETR,26
1993,1,1,n,PETR,32
1993,1,1,n,NEQU,58
1993,1,1,n,PENA,25
1993,1,1,n,PETR,25
1993,1,2,n,PETR,28
1993,1,2,n,PETR,22
1993,1,2,n,PETR,25
1993,1,2,n,PETR,23
1993,1,2,n,PETR,22
1993,1,2,n,NEAL,109
1993,1,2,n,PETR,23
1993,1,2,n,PETR,23
1993,1,2,n,PETR,30
1993,1,3,n,PETR,30
1993,1,3,n,PETR,21
1993,1,3,n,PETR,26
1993,1,3,n,PETR,31
1993,1,3,n,PETR,28
1993,1,3,n,PEBO,19
1993,1,3,n,PETR,25
1993,1,3,n,PEBO,32
1993,1,3,n,PETR,25
1993,1,3,n,PETR,NA
1993,1,3,n,NEAL,94
1993,1,3,n,PETR,26
1993,1,3,n,NEAL,152
1993,1,3,n,PEBO,21
1993,1,3,n,PETR,33
1993,1,3,n,PEBO,28
1993,1,3,n,PEBO,23
1993,1,3,n,NEAL,141
1993,1,4,n,PETR,24
1993,1,4,n,PETR,25
1993,1,4,n,PETR,25
1993,1,4,n,NEQU,51
1993,1,4,n,PETR,36
1993,1,4,n,PETR,31
1993,1,4,n,PETR,26
1993,1,4,n,PETR,21
1993,1,4,n,PETR,26
1993,1,4,n,PETR,13
1993,1,4,n,PETR,18
1993,1,4,n,PETR,27
1993,1,4,n,NEQU,56
1993,1,4,n,PETR,27
1993,1,5,n,NEAL,86
1993,1,5,n,PETR,23
1993,1,5,n,PENA,21
1993,1,5,n,NEAL,108
1993,1,5,n,PETR,18
1993,1,5,n,PETR,23
1993,1,5,n,NEAL,130
1993,1,5,n,PEBO,13
1993,1,5,n,PEBO,13
1993,1,5,n,NEAL,58
1993,1,5,n,NEAL,140
1993,1,5,n,NEAL,104
1993,1,5,n,PETR,27
1993,2,1,n,PETR,35
1993,2,1,n,PEBO,22
1993,2,1,n,NEAL,88
1993,2,1,n,PEBO,23
1993,2,1,n,PEBO,19
1993,2,1,n,PETR,23
1993,2,1,n,PETR,23
1993,2,1,n,PEBO,20
1993,2,1,n,PETR,26
1993,2,1,n,PEBO,21
1993,2,1,n,PGFV,9
1993,2,1,n,PETR,32
1993,2,1,n,PEBO,28
1993,2,1,n,NEQU,39
1993,2,2,n,AMIN,113
1993,2,2,n,NEQU,52
1993,2,2,n,PETR,23
1993,2,2,n,NEQU,43
1993,2,2,n,NEAL,27
1993,2,2,n,PETR,30
1993,2,2,n,NEQU,45
1993,2,3,n,PELE,18
1993,2,3,n,CHIN,14
1993,2,3,n,PETR,26
1993,2,3,n,PETR,26
1993,2,3,n,PETR,24
1993,2,3,n,PETR,24
1993,2,3,n,PEBO,12
1993,2,3,n,PETR,34
1993,2,3,n,PEBO,18
1993,2,3,n,PETR,26
1993,2,3,n,PENA,19
1993,2,3,n,PEBO,22
1993,2,3,n,PEBO,18
1993,2,4,n,PETR,18
1993,2,4,n,NEAL,70
1993,2,4,n,PENA,24
1993,2,4,n,PETR,30
1993,2,4,n,NEQU,56
1993,2,4,n,PETR,37
1993,2,4,n,PENA,11
1993,2,4,n,PETR,13
1993,2,4,n,PETR,11
1993,2,4,n,PETR,NA
1993,2,4,n,NEAL,136
1993,2,4,n,NEQU,60
1993,2,4,n,PETR,25
1993,2,4,n,NEAL,122
1993,2,4,n,NEAL,84
1993,2,4,n,PETR,21
1993,2,4,n,PETR,24
1993,2,4,n,PETR,16
1993,2,4,n,NEQU,57
1993,2,4,n,PETR,25
1993,2,5,n,PETR,14
1993,2,5,n,PENA,18
1993,2,5,n,PETR,24
1993,2,5,n,PETR,29
1993,2,5,n,PEBO,14
1993,2,5,n,PETR,22
1993,2,5,n,NEAL,110
1993,2,5,n,PETR,22
1993,2,5,n,PEBO,16
1993,2,5,n,PETR,31
1993,2,5,n,PETR,25
1993,2,5,n,PETR,32
1993,3,1,n,NEQU,54
1993,3,1,n,NEQU,35
1993,3,1,n,PETR,31
1993,3,1,n,PEBO,21
1993,3,1,n,DISP,92
1993,3,1,n,PETR,24
1993,3,1,n,PETR,25
1993,3,1,n,PEBO,30
1993,3,2,n,PETR,15
1993,3,2,n,PETR,25
1993,3,2,n,PETR,27
1993,3,2,n,PELE,19
1993,3,2,n,NEQU,44
1993,3,2,n,PELE,8
1993,3,2,n,PELE,10
1993,3,2,n,NEQU,49
1993,3,2,n,PETR,27
1993,3,2,n,PELE,22
1993,3,3,n,PEXX,12
1993,3,3,n,NEAL,84
1993,3,3,n,REXX,10
1993,3,3,n,REXX,11
1993,3,3,n,PETR,23
1993,3,3,n,PETR,24
1993,3,3,n,PETR,23
1993,3,3,n,PETR,30
1993,3,3,n,PEXX,12
1993,3,3,n,PETR,29
1993,3,3,n,PEBO,30
1993,3,3,n,PENA,18
1993,3,4,n,NEQU,51
1993,3,4,n,NEQU,51
1993,3,4,n,PETR,11
1993,3,4,n,NEQU,59
1993,3,4,n,PETR,23
1993,3,4,n,PETR,25
1993,3,4,n,PETR,11
1993,3,5,n,PETR,25
1993,3,5,n,PEBO,14
1993,3,5,n,PETR,28
1993,3,5,n,PETR,36
1993,3,5,n,NEAL,138
1993,1,1,n,PETR,20
1993,1,1,n,NEAL,150
1993,1,1,n,PEBO,13
1993,1,1,n,PETR,16
1993,1,1,n,PETR,19
1993,1,1,n,PETR,22
1993,1,1,n,PETR,24
1993,1,1,n,PETR,28
1993,1,1,n,PETR,24
1993,1,1,n,PETR,22
1993,1,1,n,PETR,21
1993,1,1,n,PETR,19
1993,1,1,n,PETR,27
1993,1,1,n,PETR,25
1993,1,2,n,PETR,15
1993,1,2,n,PETR,19
1993,1,2,n,PETR,16
1993,1,2,n,PETR,24
1993,1,2,n,PETR,22
1993,1,2,n,PETR,15
1993,1,2,n,PETR,31
1993,1,2,n,PETR,16
1993,1,3,n,CHIN,15
1993,1,3,n,NEQU,70
1993,1,3,n,PETR,24
1993,1,3,n,PETR,27
1993,1,3,n,PETR,24
1993,1,3,n,PETR,24
1993,1,3,n,NEAL,106
1993,1,3,n,PELE,21
1993,1,3,n,PETR,31
1993,1,3,n,PETR,25
1993,1,3,n,PETR,23
1993,1,4,n,PEBO,24
1993,1,4,n,PETR,13
1993,1,4,n,PETR,22
1993,1,4,n,PETR,16
1993,1,4,n,PETR,32
1993,1,4,n,PETR,20
1993,1,4,n,PETR,23
1993,1,4,n,PEBO,22
1993,1,5,n,NEAL,104
1993,1,5,n,PETR,23
1993,1,5,n,PETR,16
1993,1,5,n,NEAL,74
1993,1,5,n,NEQU,53
1993,1,5,n,PETR,19
1993,1,5,n,PETR,25
1993,1,5,n,PETR,17
1993,1,5,n,NEAL,NA
1993,2,1,n,PEBO,23
1993,2,1,n,NEQU,52
1993,2,1,n,PETR,24
1993,2,1,n,PGFV,9
1993,2,1,n,PEBO,23
1993,2,1,n,PEBO,23
1993,2,1,n,PEBO,44
1993,2,1,n,PEBO,25
1993,2,1,n,PETR,24
1993,2,1,n,PEBO,15
1993,2,1,n,PEBO,22
1993,2,1,n,PETR,26
1993,2,1,n,NEAL,112
1993,2,1,n,NEAL,156
1993,2,2,n,PETR,18
1993,2,2,n,NEQU,NA
1993,2,2,n,NEQU,NA
1993,2,3,n,NEQU,50
1993,2,3,n,NEQU,32
1993,2,3,n,PETR,26
1993,2,3,n,PETR,17
1993,2,3,n,PGFV,9
1993,2,3,n,NEQU,NA
1993,2,3,n,PETR,30
1993,2,3,n,PGFV,8
1993,2,3,n,NEQU,33
1993,2,3,n,PEBO,23
1993,2,3,n,PEBO,20
1993,2,3,n,NEAL,86
1993,2,3,n,PETR,23
1993,2,3,n,CHIN,15
1993,2,4,n,PEBO,19
1993,2,4,n,NEAL,95
1993,2,4,n,NEAL,112
1993,2,4,n,PETR,10
1993,2,4,n,PETR,19
1993,2,4,n,CHIN,11
1993,2,4,n,PGFV,8
1993,2,4,n,PEBO,11
1993,2,5,n,PETR,24
1993,2,5,n,PETR,23
1993,2,5,n,PENA,22
1993,2,5,n,PENA,19
1993,2,5,n,PEBO,14
1993,2,5,n,NEAL,130
1993,2,5,n,PETR,22
1993,2,5,n,PETR,22
1993,2,5,n,PENA,20
1993,2,5,n,PETR,26
1993,2,5,n,PENA,29
1993,2,5,n,NEQU,NA
1993,3,1,n,PEBO,24
1993,3,1,n,PEBO,17
1993,3,1,n,OTVA,NA
1993,3,1,n,NEQU,NA
1993,3,1,n,PETR,25
1993,3,1,n,PETR,29
1993,3,1,n,PEBO,22
1993,3,1,n,PEBO,11
1993,3,1,n,PETR,21
1993,3,1,n,PETR,21
1993,3,1,n,NEQU,NA
1993,3,1,n,NEQU,NA
1993,3,1,n,PETR,26
1993,3,1,n,PEBO,11
1993,3,2,n,PETR,24
1993,3,2,n,NEQU,NA
1993,3,3,n,PETR,27
1993,3,3,n,NEQU,30
1993,3,3,n,NEQU,34
1993,3,4,n,NEQU,NA
1993,3,4,n,CHIN,11
1993,3,4,n,PETR,21
1993,3,4,n,PETR,22
1993,3,4,n,NEQU,NA
1993,3,4,n,PETR,23
1993,3,5,n,PETR,27
1993,3,5,n,PETR,25
1993,3,5,n,PETR,NA
1993,3,5,n,PETR,24
1993,3,5,n,PETR,26
1993,1,1,n,DIOR,60
1993,1,1,n,DIME,39
1993,1,1,n,DIOR,NA
1993,1,1,n,DIOR,48
1993,1,1,n,DIOR,48
1993,1,1,n,DIOR,52
1993,1,1,n,DIOR,47
1993,1,1,n,DIME,30
1993,1,1,n,DIME,47
1993,1,1,n,DIME,41
1993,1,1,n,DIME,43
1993,1,1,n,NEAL,130
1993,1,1,n,DIME,44
1993,1,1,n,DIME,NA
1993,1,1,n,PELE,28
1993,1,1,n,PELE,24
1993,1,1,n,PELE,20
1993,1,1,n,PGFV,7
1993,1,1,n,ONAR,21
1993,1,1,n,DIOR,47
1993,1,1,n,PETR,19
1993,1,1,n,ONAR,40
1993,1,1,n,DIME,39
1993,1,1,n,DIME,44
1993,1,1,n,DIME,50
1993,1,1,n,PGFL,12
1993,1,1,n,ONLE,30
1993,1,1,n,NEAL,NA
1993,1,1,n,DIOR,50
1993,1,1,n,DIOR,55
1993,1,1,n,DISP,132
1993,1,1,n,PELE,26
1993,1,1,n,DIOR,55
1993,1,1,n,ONLE,38
1993,1,1,n,DIOR,49
1993,1,1,n,XESP,97
1993,1,1,n,ONAR,22
1993,1,1,n,DIOR,58
1993,1,1,n,NEAL,116
1993,1,1,n,DIME,45
1993,1,1,n,ONAR,32
1993,1,1,n,PELE,20
1993,1,1,n,DIOR,59
1993,1,1,n,DIOR,38
1993,1,1,n,DIOR,55
1993,1,2,n,PELE,21
1993,1,2,n,PELE,20
1993,1,2,n,PETR,20
1993,1,2,n,PELE,22
1993,1,2,n,PELE,21
1993,1,2,n,ONLE,24
1993,1,2,n,DIOR,47
1993,1,2,n,DIME,38
1993,1,2,n,NEAL,165
1993,1,2,n,DIOR,44
1993,1,2,n,DIOR,38
1993,1,2,n,DIOR,52
1993,1,2,n,DIOR,42
1993,1,2,n,ONLE,42
1993,1,2,n,NEAL,177
1993,1,2,n,PELE,24
1993,1,2,n,DIOR,55
1993,1,2,n,DIOR,45
1993,1,2,n,DIOR,49
1993,1,2,n,NEAL,134
1993,1,2,n,PETR,22
1993,1,2,n,ONAR,26
1993,1,2,n,DIME,37
1993,1,2,n,PETR,25
1993,1,2,n,ONLE,30
1993,1,2,n,PETR,25
1993,1,2,n,DIOR,51
1993,1,2,n,ONLE,38
1993,1,2,n,NEAL,188
1993,1,2,n,DIOR,56
1993,1,2,n,PELE,22
1993,1,2,n,DIME,44
1993,1,2,n,PETR,28
1993,1,2,n,DIOR,44
1993,1,3,n,XESP,119
1993,1,3,n,DIOR,46
1993,1,3,n,DIOR,49.5
1993,1,3,n,NEAL,72
1993,1,3,n,NEAL,131
1993,1,3,n,DISP,95
1993,1,3,n,NEAL,151
1993,1,3,n,PELE,21
1993,1,3,n,PELE,23
1993,1,3,n,DIOR,48
1993,1,3,n,REME,11
1993,1,3,n,NEAL,129
1993,1,3,n,DIME,39
1993,1,3,n,DIOR,49
1993,1,3,n,DIME,50
1993,1,3,n,NEAL,98
1993,1,3,n,DIOR,49
1993,1,3,n,PGFL,11
1993,1,3,n,DIOR,53
1993,1,3,n,NEAL,186
1993,1,3,n,DIOR,37
1993,1,3,n,DIOR,54
1993,1,3,n,DIOR,39
1993,1,3,n,ONLE,40
1993,1,3,n,DIOR,50
1993,1,3,n,DIME,46
1993,1,3,n,ONLE,30
1993,1,3,n,DIME,37
1993,1,3,n,DIOR,50
1993,1,3,n,NEAL,183
1993,1,3,n,PGFL,8
1993,1,3,n,DIOR,54
1993,1,3,n,DIOR,45
1993,1,3,n,NEAL,182
1993,1,3,n,DIOR,48
1993,1,3,n,ONAR,30
1993,1,3,n,ONLE,41
1993,1,4,n,DIOR,43
1993,1,4,n,NEAL,160
1993,1,4,n,NEAL,NA
1993,1,4,n,NEAL,222
1993,1,4,n,DIOR,55
1993,1,4,n,NEAL,58
1993,1,4,n,NEAL,169
1993,1,4,n,PELE,24
1993,1,4,n,ONAR,47
1993,1,4,n,NEAL,160
1993,1,4,n,DIOR,50
1993,1,4,n,NEAL,164
1993,1,4,n,PELE,23
1993,1,4,n,DIOR,49
1993,1,4,n,DIOR,45
1993,1,4,n,ONAR,34
1993,1,4,n,NEAL,154
1993,1,4,n,NEAL,110
1993,1,4,n,DIOR,43
1993,1,4,n,PELE,20
1993,1,4,n,DIOR,54
1993,1,4,n,NEAL,104
1993,1,4,n,DIOR,43
1993,1,4,n,NEAL,226
1993,1,4,n,DIOR,50
1993,1,4,n,PGFL,11
1993,1,4,n,DIOR,48
1993,1,4,n,DIOR,47
1993,1,4,n,PELE,25
1993,1,4,n,DIOR,49
1993,1,4,n,NEAL,134
1993,1,4,n,DIME,42
1993,1,4,n,DIME,47
1993,1,4,n,DIOR,36
1993,1,4,n,DIOR,53
1993,1,4,n,PELE,22
1993,1,4,n,DIOR,47
1993,1,4,n,DIME,44
1993,1,4,n,PEER,18
1993,1,4,n,NEAL,170
1993,1,4,n,DIME,53
1993,1,4,n,DIME,45
1993,1,4,n,DIOR,50
1993,1,4,n,DIOR,48
1993,1,4,n,ONAR,32
1993,1,4,n,DIOR,48
1993,1,4,n,NEAL,94
1993,1,4,n,DIME,48
1993,1,4,n,DIOR,50
1993,1,4,n,NEAL,160
1993,1,4,n,ONAR,29
1993,1,5,n,NEAL,183
1993,1,5,n,NEAL,88
1993,1,5,n,DIME,47
1993,1,5,n,ONAR,54
1993,1,5,n,ONAR,30
1993,1,5,n,NEAL,190
1993,1,5,n,ONAR,29
1993,1,5,n,DIOR,45
1993,1,5,n,NEAL,144
1993,1,5,n,DIOR,50
1993,1,5,n,ONAR,NA
1993,1,5,n,DIOR,48
1993,1,5,n,ONAR,38
1993,1,5,n,DIOR,46
1993,1,5,n,DIOR,50
1993,1,5,n,PELE,21
1993,1,5,n,PELE,23
1993,1,5,n,DIOR,48
1993,1,5,n,DIOR,43
1993,1,5,n,PELE,23
1993,1,5,n,ONAR,29
1993,1,5,n,ONAR,30
1993,1,5,n,ONAR,34
1993,1,5,n,NEAL,110
1993,1,5,n,DIOR,49
1993,1,5,n,DIOR,44
1993,1,5,n,DIOR,48
1993,1,5,n,DIME,36
1993,1,5,n,NEAL,140
1993,1,5,n,DIOR,55
1993,1,5,n,DIOR,49
1993,1,5,n,ONLE,26
1993,1,5,n,DIME,45
1993,1,5,n,DIOR,48
1993,1,5,n,DIOR,50
1993,1,5,n,DIME,46
1993,1,5,n,DIOR,49
1993,1,5,n,NEAL,180
1993,1,5,n,DIOR,54
1993,1,5,n,ONAR,39
1993,1,5,n,REME,11
1993,1,5,n,REME,9
1993,1,5,n,DIME,39
1993,1,5,n,PELE,17
1993,1,5,n,DIOR,50
1993,1,5,n,DIME,44
1993,1,5,n,ONLE,25
1993,1,5,n,NEAL,NA
1993,2,1,n,NEAL,200
1993,2,1,n,ONAR,23
1993,2,1,n,PELE,22
1993,2,1,n,ONAR,23
1993,2,1,n,PELE,28
1993,2,1,n,PGFL,12
1993,2,1,n,DIOR,40
1993,2,1,n,NEAL,98
1993,2,1,n,REME,12
1993,2,1,n,PGFL,11
1993,2,1,n,DIOR,49
1993,2,1,n,DIOR,44
1993,2,1,n,PELE,24
1993,2,1,n,PELE,11
1993,2,1,n,DIOR,49
1993,2,1,n,PGFV,7
1993,2,1,n,PETR,21
1993,2,1,n,NEAL,210
1993,2,1,n,PELE,24
1993,2,1,n,DIOR,55
1993,2,1,n,PGFV,5
1993,2,1,n,NEAL,180
1993,2,1,n,NEAL,102
1993,2,1,n,DISP,110
1993,2,1,n,DIME,38
1993,2,1,n,NEAL,185
1993,2,1,n,PETR,28
1993,2,1,n,PGFL,13
1993,2,1,n,NEAL,160
1993,2,1,n,DIME,38
1993,2,2,n,DIOR,45
1993,2,2,n,ONLE,29
1993,2,2,n,REME,11
1993,2,2,n,NEAL,220
1993,2,2,n,PGFL,13
1993,2,2,n,DIOR,43
1993,2,2,n,DIOR,49
1993,2,2,n,PGFV,7
1993,2,2,n,PETR,19
1993,2,2,n,NEAL,113
1993,2,2,n,PETR,18
1993,2,2,n,DIOR,39
1993,2,2,n,PGFV,8
1993,2,2,n,ONLE,36
1993,2,2,n,NEAL,98
1993,2,2,n,ONLE,24
1993,2,2,n,PETR,26
1993,2,2,n,PETR,24
1993,2,2,n,DIOR,53
1993,2,2,n,NEAL,122
1993,2,2,n,ONLE,42
1993,2,2,n,NEAL,129
1993,2,2,n,ONLE,46
1993,2,2,n,DIOR,56
1993,2,2,n,SIHI,58
1993,2,2,n,ONAR,11
1993,2,2,n,NEAL,87
1993,2,3,n,DIME,42
1993,2,3,n,ONLE,40
1993,2,3,n,PGFL,11
1993,2,3,n,NEAL,86
1993,2,3,n,ONLE,40
1993,2,3,n,DIOR,44
1993,2,3,n,PELE,29
1993,2,3,n,NEAL,91
1993,2,3,n,DIOR,45
1993,2,3,n,PELE,27
1993,2,3,n,ONLE,33
1993,2,3,n,DIME,43
1993,2,3,n,PETR,19
1993,2,3,n,PETR,20
1993,2,3,n,REME,11
1993,2,3,n,NEAL,179
1993,2,3,n,SIHI,69
1993,2,3,n,ONLE,37
1993,2,3,n,PETR,21
1993,2,3,n,NEAL,119
1993,2,3,n,PGFL,12
1993,2,3,n,DIOR,45
1993,2,3,n,PELE,24
1993,2,3,n,DIOR,52
1993,2,3,n,PELE,24
1993,2,3,n,DIOR,50
1993,2,3,n,NEAL,130
1993,2,3,n,DIOR,48
1993,2,4,n,DIOR,48
1993,2,4,n,NEAL,140
1993,2,4,n,NEAL,80
1993,2,4,n,ONAR,11
1993,2,4,n,NEAL,90
1993,2,4,n,ONLE,24
1993,2,4,n,PGFL,16
1993,2,4,n,ONAR,26
1993,2,4,n,ONAR,14
1993,2,4,n,PGFL,10
1993,2,4,n,DIOR,55
1993,2,4,n,NEAL,158
1993,2,4,n,DIOR,48
1993,2,4,n,NEAL,98
1993,2,4,n,ONLE,42
1993,2,4,n,PGFL,11
1993,2,5,n,ONAR,26
1993,2,5,n,DIOR,50
1993,2,5,n,ONAR,29
1993,2,5,n,DIOR,48
1993,2,5,n,PGFL,10
1993,2,5,n,NEAL,NA
1993,2,5,n,NEAL,86
1993,2,5,n,PGFV,6
1993,2,5,n,ONAR,34
1993,2,5,n,NEAL,176
1993,2,5,n,DIOR,41
1993,2,5,n,NEAL,188
1993,2,5,n,DIOR,47
1993,2,5,n,DIOR,45
1993,2,5,n,DIOR,53
1993,2,5,n,NEAL,200
1993,2,5,n,DIOR,52
1993,2,5,n,PETR,20
1993,2,5,n,PELE,23
1993,2,5,n,NEAL,100
1993,2,5,n,PETR,22
1993,2,5,n,NEAL,110
1993,2,5,n,DIOR,45
1993,2,5,n,DIOR,49
1993,3,1,n,PGFV,5
1993,3,1,n,PGFV,12
1993,3,1,n,PELE,24
1993,3,1,n,PGFV,5
1993,3,1,n,PELE,26
1993,3,1,n,DISP,NA
1993,3,1,n,PGFV,8
1993,3,1,n,DIOR,44
1993,3,1,n,REME,10
1993,3,1,n,ONAR,10
1993,3,1,n,PGFL,NA
1993,3,1,n,DIOR,45
1993,3,1,n,ONLE,28
1993,3,1,n,DIOR,44
1993,3,1,n,PELE,20
1993,3,1,n,DIOR,48
1993,3,2,n,REMO,8
1993,3,2,n,PETR,19
1993,3,2,n,PELE,21
1993,3,2,n,NEAL,97
1993,3,2,n,NEAL,152
1993,3,2,n,PELE,23
1993,3,2,n,NEAL,102
1993,3,2,n,DIOR,51
1993,3,2,n,DIOR,32
1993,3,2,n,DIOR,44
1993,3,2,n,PELE,23
1993,3,2,n,DIOR,47
1993,3,2,n,NEAL,226
1993,3,2,n,DIOR,54
1993,3,2,n,PETR,19
1993,3,2,n,DIOR,40
1993,3,2,n,ONLE,35
1993,3,2,n,NEAL,85
1993,3,2,n,PGFL,14
1993,3,2,n,DIOR,42
1993,3,2,n,DIME,39
1993,3,2,n,NEAL,171
1993,3,3,n,DIOR,48
1993,3,3,n,PELE,18
1993,3,3,n,PETR,21
1993,3,3,n,PETR,20
1993,3,3,n,NEAL,96
1993,3,3,n,NEAL,90
1993,3,3,n,NEAL,94
1993,3,3,n,ONLE,28
1993,3,3,n,DIOR,51
1993,3,3,n,REME,12
1993,3,3,n,NEAL,168
1993,3,3,n,NEAL,219
1993,3,3,n,PGFL,11
1993,3,3,n,REME,11
1993,3,3,n,PELE,21
1993,3,4,n,DIOR,55
1993,3,4,n,ONLE,29
1993,3,4,n,DIOR,52
1993,3,4,n,ONAR,28
1993,3,4,n,ONAR,27
1993,3,4,n,PELE,23
1993,3,4,n,NEAL,241
1993,3,4,n,PELE,NA
1993,3,4,n,ONAR,26
1993,3,4,n,ONAR,22
1993,3,4,n,NEAL,90
1993,3,4,n,PELE,25
1993,3,4,n,DIOR,50
1993,3,4,n,PELE,23
1993,3,5,n,ONLE,32
1993,3,5,n,NEAL,119
1993,3,5,n,NEAL,120
1993,3,5,n,DIOR,49
1993,3,5,n,NEAL,230
1993,3,5,n,NEAL,241
1993,3,5,n,NEAL,150
1993,3,5,n,NEAL,100
1993,3,5,n,NEAL,51
1993,3,5,n,PELE,23
1993,3,5,n,PGFL,12
1993,3,5,n,NEAL,70
1993,3,5,n,DIOR,50
1993,3,5,n,ONLE,40
1993,3,5,n,ONAR,26
1993,3,5,n,PGFL,10
1993,3,5,n,REME,11
1993,3,5,n,DIOR,49
1993,3,5,n,ONAR,55
1993,1,1,n,NEAL,96
1993,1,1,n,DIOR,48
1993,1,1,n,PGFL,12
1993,1,1,n,DIOR,51
1993,1,1,n,PELE,28
1993,1,1,n,ONAR,34
1993,1,1,n,DIOR,55
1993,1,1,n,DIOR,50
1993,1,1,n,DIOR,52
1993,1,1,n,PGFL,12
1993,1,1,n,DIME,49
1993,1,1,n,NEAL,102
1993,1,1,n,DIME,46
1993,1,1,n,DIME,44
1993,1,1,n,PETR,23
1993,1,1,n,REME,10
1993,1,1,n,DIME,40
1993,1,1,n,DIME,38
1993,1,1,n,PGFL,13
1993,1,1,n,DIOR,50
1993,1,1,n,ONXX,NA
1993,1,1,n,DIOR,55
1993,1,1,n,PGFL,13
1993,1,1,n,DIOR,44
1993,1,1,n,DIOR,60
1993,1,1,n,DIOR,51
1993,1,1,n,DIOR,40
1993,1,1,n,PGFV,7
1993,1,1,n,DIOR,60
1993,1,1,n,DIOR,56
1993,1,1,n,PGFL,12
1993,1,2,n,DIOR,50
1993,1,2,n,DIME,35
1993,1,2,n,REME,10
1993,1,2,n,PGFL,16
1993,1,2,n,PGFL,10
1993,1,2,n,REME,11
1993,1,2,n,DIME,41
1993,1,2,n,NEAL,101
1993,1,2,n,DIOR,43
1993,1,2,n,PETR,18
1993,1,2,n,NEAL,131
1993,1,2,n,DIOR,35
1993,1,2,n,NEAL,165
1993,1,2,n,DIOR,58
1993,1,3,n,DIOR,44
1993,1,3,n,PGFL,10
1993,1,3,n,DIME,32
1993,1,3,n,PGFL,14
1993,1,3,n,NEAL,138
1993,1,3,n,DIOR,55
1993,1,3,n,DIME,45
1993,1,3,n,DIOR,52
1993,1,3,n,PGFL,13
1993,1,3,n,DIOR,43
1993,1,3,n,DIOR,42
1993,1,3,n,PGFL,9
1993,1,3,n,ONLE,30
1993,1,3,n,DIOR,50
1993,1,3,n,NEAL,88
1993,1,3,n,DIOR,41
1993,1,3,n,NEAL,132
1993,1,3,n,ONLE,33.5
1993,1,3,n,DIOR,46.5
1993,1,3,n,REME,12
1993,1,3,n,NEAL,169
1993,1,3,n,NEAL,131
1993,1,3,n,DIME,43
1993,1,3,n,DIME,40
1993,1,3,n,PGFL,12
1993,1,3,n,DIOR,47
1993,1,3,n,PELE,21
1993,1,3,n,DIOR,55
1993,1,3,n,DIOR,38
1993,1,3,n,ONLE,28
1993,1,4,n,NEAL,176
1993,1,4,n,PGFL,10
1993,1,4,n,NEAL,NA
1993,1,4,n,DIOR,52
1993,1,4,n,DIME,48
1993,1,4,n,NEAL,178
1993,1,4,n,PGFL,11
1993,1,4,n,DIOR,49
1993,1,4,n,DIOR,50
1993,1,4,n,DIOR,52
1993,1,4,n,DIME,42
1993,1,4,n,DIOR,44
1993,1,4,n,ONAR,36
1993,1,4,n,DIOR,50
1993,1,4,n,PGFL,12
1993,1,4,n,DIOR,50
1993,1,4,n,ONLE,33
1993,1,4,n,DIOR,59
1993,1,4,n,DIOR,50
1993,1,4,n,DIME,41
1993,1,4,n,DIOR,56
1993,1,4,n,ONLE,48
1993,1,4,n,NEAL,133
1993,1,4,n,DIOR,50
1993,1,4,n,NEAL,200
1993,1,4,n,DIOR,51
1993,1,4,n,DIOR,55
1993,1,4,n,PELE,28
1993,1,4,n,NEAL,NA
1993,1,4,n,NEAL,140
1993,1,4,n,DIOR,50
1993,1,4,n,DIOR,45
1993,1,4,n,DIOR,54
1993,1,4,n,NEAL,204
1993,1,4,n,DIOR,45
1993,1,4,n,ONAR,32
1993,1,5,n,ONXX,NA
1993,1,5,n,DIOR,45
1993,1,5,n,DIOR,51
1993,1,5,n,PGFL,10
1993,1,5,n,DIOR,51
1993,1,5,n,NEAL,210
1993,1,5,n,DIOR,47
1993,1,5,n,DIOR,50
1993,1,5,n,ONAR,28
1993,1,5,n,NEAL,78
1993,1,5,n,NEAL,216
1993,1,5,n,NEAL,108
1993,1,5,n,NEAL,164
1993,1,5,n,DIOR,47
1993,1,5,n,ONLE,38
1993,1,5,n,DIOR,43
1993,1,5,n,DIOR,46
1993,1,5,n,ONLE,38
1993,1,5,n,ONAR,45
1993,1,5,n,ONAR,30
1993,1,5,n,DIOR,55
1993,1,5,n,PGFL,12
1993,1,5,n,DIME,47
1993,1,5,n,DIOR,46
1993,1,5,n,DIME,45
1993,1,5,n,DIOR,55
1993,1,5,n,PGFL,12
1993,1,5,n,DIOR,50
1993,1,5,n,DIOR,50
1993,1,5,n,DIOR,52
1993,1,5,n,NEAL,251
1993,1,5,n,DIOR,50
1993,1,5,n,ONAR,33
1993,1,5,n,ONLE,43
1993,1,5,n,DIME,41
1993,1,5,n,ONAR,30
1993,1,5,n,DIOR,50
1993,1,5,n,DIOR,52
1993,1,5,n,NEAL,150
1993,1,5,n,DIME,46
1993,1,5,n,ONAR,31
1993,1,5,n,DIOR,48
1993,2,1,n,PENA,18
1993,2,1,n,DIME,45
1993,2,1,n,DIME,45
1993,2,1,n,DIME,30
1993,2,1,n,NEAL,220
1993,2,1,n,NEAL,174
1993,2,1,n,DIOR,46
1993,2,1,n,PGFV,6
1993,2,1,n,DIME,47
1993,2,1,n,PGFV,6
1993,2,1,n,ONAR,28
1993,2,1,n,DIOR,50
1993,2,1,n,DIOR,57
1993,2,1,n,DIME,44
1993,2,1,n,NEAL,160
1993,2,1,n,PGFL,14
1993,2,2,n,ONLE,36
1993,2,2,n,PGFV,5
1993,2,2,n,PETR,22
1993,2,2,n,NEAL,240
1993,2,2,n,PGFV,6
1993,2,2,n,DIME,37
1993,2,2,n,DIOR,56
1993,2,2,n,DIOR,51
1993,2,3,n,DIOR,54
1993,2,3,n,DIOR,49
1993,2,3,n,DIOR,48
1993,2,3,n,PETR,20
1993,2,3,n,REME,11
1993,2,3,n,PGFL,14
1993,2,3,n,PGFL,9.5
1993,2,3,n,DIOR,52
1993,2,3,n,ONLE,27
1993,2,3,n,NEAL,152
1993,2,3,n,DIOR,42
1993,2,3,n,REME,13
1993,2,3,n,NEAL,158
1993,2,3,n,PELE,25
1993,2,3,n,NEAL,151
1993,2,3,n,REME,9
1993,2,4,n,DIOR,45
1993,2,4,n,DIOR,42
1993,2,4,n,ONLE,41
1993,2,4,n,DIOR,52
1993,2,4,n,NEAL,142
1993,2,4,n,NEAL,250
1993,2,4,n,NEAL,186
1993,2,4,n,REME,11
1993,2,4,n,DIME,44
1993,2,4,n,NEAL,240
1993,2,4,n,NEAL,NA
1993,2,4,n,ONAR,32
1993,2,4,n,NEAL,130
1993,2,4,n,NEAL,137
1993,2,4,n,DIOR,48
1993,2,4,n,DIOR,50
1993,2,5,n,NEAL,185
1993,2,5,n,DIOR,50
1993,2,5,n,NEAL,156
1993,2,5,n,ONAR,34
1993,2,5,n,NEAL,198
1993,2,5,n,PGFL,11
1993,2,5,n,NEAL,190
1993,2,5,n,DIOR,55
1993,2,5,n,ONAR,31
1993,3,1,n,NEAL,NA
1993,3,1,n,DISP,110
1993,3,1,n,PGFL,13
1993,3,1,n,DIOR,50
1993,3,1,n,PETR,20
1993,3,1,n,DISP,NA
1993,3,1,n,DIOR,60
1993,3,2,n,REMO,12
1993,3,2,n,DIOR,50
1993,3,2,n,DIOR,56
1993,3,2,n,DIME,45
1993,3,2,n,DIOR,57
1993,3,3,n,PGFL,11
1993,3,3,n,ONLE,30
1993,3,3,n,DIOR,41
1993,3,3,n,DIME,43
1993,3,3,n,DIOR,45
1993,3,3,n,DIOR,41
1993,3,4,n,NEAL,140
1993,3,4,n,PGFL,10
1993,3,4,n,XESP,130
1993,3,4,n,REME,10
1993,3,4,n,PGFL,12
1993,3,4,n,PETR,23
1993,3,4,n,DIOR,52
1993,3,4,n,PELE,30
1993,3,5,n,DIOR,53
1993,3,5,n,NEAL,160
1993,3,5,n,DIOR,54
1993,3,5,n,ONLE,29
1993,3,5,n,DIOR,46
1993,3,5,n,ONAR,32
1993,1,1,n,DIME,41
1993,1,1,n,ONLE,24
1993,1,1,n,PETR,23
1993,1,1,n,PELE,19
1993,1,1,n,REME,11
1993,1,1,n,DIOR,43
1993,1,1,n,ONLE,24
1993,1,1,n,PELE,22
1993,1,1,n,PETR,19.5
1993,1,1,n,DIOR,48
1993,1,1,n,PGFV,7
1993,1,1,n,PETR,20
1993,1,1,n,PELE,28
1993,1,1,n,DIME,30
1993,1,1,n,ONLE,25
1993,1,1,n,PETR,23
1993,1,1,n,DIOR,46
1993,1,1,n,PETR,31
1993,1,1,n,PETR,22
1993,1,1,n,ONLE,34
1993,1,1,n,ONLE,29
1993,1,1,n,DIME,40
1993,1,1,n,PETR,19
1993,1,1,n,PETR,20
1993,1,1,n,PELE,24
1993,1,1,n,ONLE,29
1993,1,1,n,PELE,21
1993,1,1,n,PETR,25
1993,1,1,n,DIME,48
1993,1,1,n,NEAL,215
1993,1,2,n,PELE,21
1993,1,2,n,DIME,42
1993,1,2,n,DIME,36
1993,1,2,n,DIME,22
1993,1,2,n,PETR,19
1993,1,2,n,PELE,24
1993,1,2,n,NEAL,180
1993,1,2,n,ONAR,29
1993,1,2,n,NEAL,100
1993,1,2,n,DIME,42
1993,1,2,n,DIME,30
1993,1,2,n,PETR,20
1993,1,2,n,DIOR,55
1993,1,2,n,NEAL,110
1993,1,2,n,PELE,22
1993,1,2,n,PETR,18
1993,1,2,n,ONAR,34
1993,1,2,n,DIME,44
1993,1,2,n,PETR,25
1993,1,2,n,ONAR,28
1993,1,2,n,PETR,22
1993,1,2,n,PETR,27
1993,1,2,n,PETR,19
1993,1,2,n,ONLE,33
1993,1,2,n,DIME,47
1993,1,2,n,DIME,36
1993,1,2,n,DIME,47
1993,1,2,n,PELE,23
1993,1,2,n,PETR,26
1993,1,2,n,PETR,20
1993,1,2,n,PELE,28
1993,1,2,n,DIOR,44
1993,1,2,n,PELE,NA
1993,1,2,n,PETR,11
1993,1,2,n,PELE,27
1993,1,2,n,PETR,20
1993,1,2,n,DIME,29
1993,1,2,n,PETR,23
1993,1,2,n,PETR,21
1993,1,2,n,DIME,47
1993,1,2,n,DIME,38
1993,1,2,n,DIME,34
1993,1,2,n,DIME,45
1993,1,2,n,DIME,33
1993,1,2,n,PETR,20
1993,1,2,n,DIME,28
1993,1,2,n,PETR,18
1993,1,2,n,REME,10
1993,1,2,n,REME,13
1993,1,2,n,PETR,21
1993,1,2,n,DIME,44
1993,1,2,n,NEAL,108
1993,1,3,n,DIME,40
1993,1,3,n,PGFV,8
1993,1,3,n,DIME,26
1993,1,3,n,DIME,43
1993,1,3,n,REMO,12
1993,1,3,n,REME,11
1993,1,3,n,REMO,8
1993,1,3,n,DIME,35
1993,1,3,n,DIME,40
1993,1,3,n,DIOR,43
1993,1,3,n,DIME,42
1993,1,3,n,REME,10
1993,1,3,n,PGFV,7
1993,1,3,n,NEAL,108
1993,1,3,n,PELE,15
1993,1,3,n,ONLE,36
1993,1,3,n,DIOR,39
1993,1,3,n,ONLE,29
1993,1,3,n,REMO,8
1993,1,3,n,PGFV,7
1993,1,3,n,REME,12
1993,1,3,n,DIME,38
1993,1,3,n,PELE,12
1993,1,3,n,PELE,23
1993,1,3,n,PELE,20
1993,1,3,n,DIME,22
1993,1,3,n,DIOR,34
1993,1,3,n,DIOR,28
1993,1,3,n,DIME,40
1993,1,3,n,DIME,46
1993,1,4,n,DIME,46
1993,1,4,n,DIME,44
1993,1,4,n,ONAR,10
1993,1,4,n,DIME,32
1993,1,4,n,DIME,35
1993,1,4,n,DIME,41
1993,1,4,n,DIME,44
1993,1,4,n,DIME,44
1993,1,4,n,REME,10
1993,1,4,n,PELE,27
1993,1,4,n,PELE,10
1993,1,4,n,PELE,20
1993,1,4,n,PGFV,7
1993,1,4,n,PELE,18
1993,1,4,n,DIME,43
1993,1,4,n,DIME,36
1993,1,4,n,PGFV,6
1993,1,4,n,DIME,35
1993,1,4,n,ONAR,20
1993,1,4,n,DIME,50
1993,1,4,n,NEAL,80
1993,1,4,n,PELE,16
1993,1,4,n,NEAL,180
1993,1,4,n,PGFV,7
1993,1,4,n,DIME,50
1993,1,4,n,DIME,45
1993,1,4,n,DIME,44
1993,1,4,n,PGFV,7
1993,1,4,n,DIME,38
1993,1,5,n,DIME,43
1993,1,5,n,DIME,35
1993,1,5,n,PELE,18
1993,1,5,n,REME,10
1993,1,5,n,DIME,40
1993,1,5,n,DIME,49
1993,1,5,n,DIME,44
1993,1,5,n,REMO,10
1993,1,5,n,DIME,28
1993,1,5,n,DIME,44
1993,1,5,n,DIME,24
1993,1,5,n,DIME,39
1993,1,5,n,DIME,24
1993,1,5,n,DIME,50
1993,1,5,n,PELE,20
1993,1,5,n,PGFV,8
1993,1,5,n,REMO,8
1993,1,5,n,NEAL,80
1993,1,5,n,REME,10
1993,1,5,n,PELE,18
1993,1,5,n,NEAL,140
1993,1,5,n,REMO,12
1993,1,5,n,DIME,32
1993,1,5,n,PELE,27
1993,1,5,n,DIME,45
1993,1,5,n,ONAR,22
1993,1,5,n,PELE,19
1993,1,5,n,PELE,24
1993,1,5,n,PELE,23
1993,1,5,n,REXX,11
1993,1,5,n,DIME,44
1993,1,5,n,DIME,50
1993,1,5,n,DIME,39
1993,1,5,n,DIME,33
1993,1,5,n,PELE,27
1993,1,5,n,PELE,12
1993,1,5,n,PELE,17
1993,1,5,n,DIME,40
1993,1,5,n,PELE,26
1993,1,5,n,PELE,22
1993,2,1,n,DIOR,33
1993,2,1,n,DIME,38
1993,2,1,n,DIOR,40
1993,2,1,n,PETR,21
1993,2,1,n,DIOR,34
1993,2,1,n,ONAR,22
1993,2,1,n,REME,10
1993,2,1,n,DIME,39
1993,2,1,n,DIME,41
1993,2,1,n,REME,11
1993,2,1,n,PELE,24
1993,2,1,n,DIOR,27
1993,2,1,n,PETR,18
1993,2,1,n,DIME,40
1993,2,1,n,REMO,9
1993,2,1,n,DIME,35
1993,2,1,n,DIOR,49
1993,2,1,n,PETR,24
1993,2,1,n,PELE,13
1993,2,1,n,DIOR,42
1993,2,2,n,DIME,31
1993,2,2,n,PETR,24
1993,2,2,n,DIOR,50
1993,2,2,n,PELE,18
1993,2,2,n,PGFV,NA
1993,2,2,n,DIME,51
1993,2,3,n,PELE,28
1993,2,3,n,PGFV,9
1993,2,3,n,DIOR,45
1993,2,3,n,NEAL,187
1993,2,3,n,XESP,114
1993,2,3,n,PELE,14
1993,2,3,n,REMO,7
1993,2,3,n,PETR,23
1993,2,3,n,PGFV,7
1993,2,3,n,NEAL,200
1993,2,3,n,PELE,21
1993,2,3,n,DIME,45
1993,2,3,n,DIOR,56
1993,2,3,n,DIOR,44
1993,2,3,n,DIME,36
1993,2,3,n,REME,9
1993,2,3,n,PELE,20
1993,2,3,n,DIOR,39
1993,2,4,n,DIME,48
1993,2,4,n,REXX,11
1993,2,4,n,DIME,37
1993,2,4,n,PELE,18
1993,2,4,n,ONAR,12
1993,2,4,n,REMO,NA
1993,2,4,n,PGFV,8
1993,2,4,n,NEAL,161
1993,2,4,n,REME,10
1993,2,5,n,DIME,41
1993,2,5,n,DIME,47
1993,2,5,n,REXX,11
1993,2,5,n,ONAR,20
1993,2,5,n,PELE,NA
1993,2,5,n,PGFV,7
1993,2,5,n,PELE,NA
1993,3,1,n,PGFV,6
1993,3,1,n,ONLE,24
1993,3,1,n,REME,10
1993,3,1,n,DIOR,47
1993,3,1,n,PGFV,7
1993,3,1,n,DIOR,47
1993,3,1,n,REME,11
1993,3,2,n,PETR,21
1993,3,2,n,PEXX,10
1993,3,2,n,DIME,43
1993,3,2,n,PETR,20
1993,3,2,n,PELE,9
1993,3,2,n,PETR,25
1993,3,2,n,XESP,120
1993,3,3,n,REME,11
1993,3,3,n,DIOR,53
1993,3,3,n,DIME,44
1993,3,3,n,DIME,44
1993,3,3,n,DIME,36
1993,3,3,n,REME,10
1993,3,3,n,REME,10
1993,3,3,n,PETR,20
1993,3,4,n,REME,10
1993,3,4,n,DIME,41
1993,3,4,n,PETR,15
1993,3,4,n,PGFV,7
1993,3,4,n,PELE,22
1993,3,4,n,REME,9
1993,3,4,n,REME,11
1993,3,4,n,DIME,38
1993,3,4,n,PELE,18
1993,3,4,n,ONAR,21
1993,3,5,n,DIOR,44
1993,3,5,n,PGFV,7
1993,3,5,n,REME,9
1993,3,5,n,DIME,37
1993,3,5,n,NEAL,130
1993,3,5,n,ONLE,27
1993,3,5,n,PELE,15
1993,1,1,n,PGFV,6
1993,1,1,n,DIOR,45
1993,1,1,n,PETR,20
1993,1,1,n,ONLE,25
1993,1,1,n,PETR,21
1993,1,1,n,PETR,19
1993,1,1,n,ONLE,24
1993,1,1,n,REME,8
1993,1,1,n,ONLE,22
1993,1,1,n,PETR,17
1993,1,1,n,REME,12
1993,1,1,n,REME,12
1993,1,1,n,DIME,38
1993,1,1,n,PGFV,5
1993,1,1,n,ONLE,32
1993,1,1,n,DIME,50
1993,1,1,n,REME,12
1993,1,1,n,DIME,31
1993,1,1,n,REME,11
1993,1,1,n,PGFV,8
1993,1,1,n,DIME,33
1993,1,1,n,PGFL,10
1993,1,1,n,DIOR,49
1993,1,1,n,PGFV,7
1993,1,1,n,PETR,20
1993,1,1,n,NEAL,127
1993,1,1,n,SIHI,39
1993,1,1,n,PETR,22
1993,1,1,n,PGFV,8
1993,1,2,n,DIME,49
1993,1,2,n,DIME,56
1993,1,2,n,PGFV,8
1993,1,2,n,PGFV,9
1993,1,2,n,DIME,41
1993,1,2,n,DIME,47
1993,1,2,n,ONAR,35
1993,1,2,n,PETR,29
1993,1,2,n,DISP,106
1993,1,2,n,PELE,30
1993,1,2,n,DIOR,53
1993,1,2,n,DIME,46
1993,1,2,n,DIOR,56
1993,1,2,n,PGFV,7
1993,1,2,n,PGFV,7
1993,1,2,n,DIME,32
1993,1,2,n,ONLE,37
1993,1,2,n,PETR,28
1993,1,2,n,PENA,22
1993,1,2,n,DIME,49
1993,1,2,n,PETR,30
1993,1,2,n,DIOR,47
1993,1,2,n,DIOR,44
1993,1,2,n,DIOR,44
1993,1,2,n,PGFV,5
1993,1,2,n,DIME,50
1993,1,2,n,DIME,30
1993,1,2,n,DIME,56
1993,1,2,n,PETR,25
1993,1,2,n,NEAL,120
1993,1,2,n,PETR,23
1993,1,2,n,DIME,47
1993,1,2,n,PETR,23
1993,1,3,n,DIME,37
1993,1,3,n,REMO,10
1993,1,3,n,NEAL,77
1993,1,3,n,NEAL,162
1993,1,3,n,NEAL,111
1993,1,3,n,PGFV,7
1993,1,3,n,PGFV,8
1993,1,3,n,REMO,9.5
1993,1,3,n,PGFV,6
1993,1,3,n,DIME,34
1993,1,3,n,NEAL,105
1993,1,3,n,DIME,40
1993,1,3,n,PGFV,7
1993,1,3,n,DISP,98
1993,1,3,n,PELE,26
1993,1,3,n,DIME,42
1993,1,3,n,PGFV,8
1993,1,4,n,PGFV,9
1993,1,4,n,PGFV,7
1993,1,4,n,PGFV,7
1993,1,4,n,DIME,37
1993,1,4,n,DIME,49
1993,1,4,n,PEXX,NA
1993,1,4,n,PGFV,6
1993,1,4,n,PELE,29
1993,1,4,n,DIME,29
1993,1,4,n,NEAL,170
1993,1,4,n,DIME,37
1993,1,4,n,PGFV,7
1993,1,4,n,DIME,41
1993,1,4,n,PELE,22
1993,1,4,n,PELE,20
1993,1,4,n,DIME,48
1993,1,4,n,ONAR,21
1993,1,4,n,PELE,21
1993,1,4,n,NEAL,200
1993,1,4,n,DIME,48
1993,1,4,n,DIME,46
1993,1,4,n,DIME,40
1993,1,4,n,PETR,22
1993,1,4,n,XESP,110
1993,1,4,n,ONAR,32
1993,1,4,n,DIME,49
1993,1,5,n,DIME,43
1993,1,5,n,DIME,44
1993,1,5,n,PELE,24
1993,1,5,n,DIME,38
1993,1,5,n,DIME,46
1993,1,5,n,PGFV,8
1993,1,5,n,PELE,28
1993,1,5,n,DIME,42
1993,1,5,n,PGFV,8
1993,1,5,n,DIME,46
1993,1,5,n,PGFV,6
1993,1,5,n,NEAL,118
1993,1,5,n,NEMI,130
1993,1,5,n,DIME,32
1993,1,5,n,PETR,23
1993,1,5,n,PGFV,7
1993,1,5,n,PGFV,7
1993,1,5,n,PGFV,6
1993,1,5,n,PELE,20
1993,1,5,n,PELE,26
1993,1,5,n,DIME,29
1993,1,5,n,PELE,24
1993,1,5,n,NEAL,142
1993,1,5,n,PELE,24
1993,1,5,n,PGFV,8
1993,1,5,n,PELE,25
1993,1,5,n,DIME,38
1993,1,5,n,DIME,43
1993,1,5,n,PELE,29
1993,1,5,n,DIME,38
1993,1,5,n,DIME,40
1993,2,1,n,DIOR,34
1993,2,1,n,REME,11
1993,2,1,n,REME,10
1993,2,1,n,PGFV,8
1993,2,1,n,PETR,18
1993,2,1,n,PETR,16
1993,2,1,n,ONLE,31
1993,2,1,n,NEAL,107
1993,2,1,n,ONLE,38
1993,2,1,n,DIME,35
1993,2,1,n,ONLE,23
1993,2,1,n,PETR,21
1993,2,1,n,NEAL,210
1993,2,1,n,DIOR,38
1993,2,1,n,NEAL,137
1993,2,2,n,PETR,26
1993,2,2,n,DIME,41
1993,2,2,n,PELE,29
1993,2,2,n,PETR,22
1993,2,2,n,PGFV,8
1993,2,2,n,REME,12
1993,2,2,n,DIME,40
1993,2,2,n,PETR,31
1993,2,2,n,REME,10
1993,2,2,n,PGFV,8
1993,2,2,n,PGFV,6
1993,2,2,n,NEAL,144
1993,2,2,n,PETR,24
1993,2,2,n,PETR,21
1993,2,2,n,NEAL,80
1993,2,2,n,ONLE,30
1993,2,3,n,ONAR,21
1993,2,3,n,DIME,31
1993,2,3,n,PETR,24
1993,2,3,n,NEAL,74
1993,2,3,n,PETR,17
1993,2,3,n,PELE,26
1993,2,3,n,PELE,24
1993,2,3,n,ONLE,26
1993,2,3,n,PGFV,8.5
1993,2,3,n,PETR,19
1993,2,4,n,DIME,44
1993,2,4,n,PETR,27
1993,2,4,n,NEAL,280
1993,2,4,n,NEAL,100
1993,2,4,n,PGFV,7
1993,2,4,n,PGFV,7
1993,2,4,n,NEAL,138
1993,2,4,n,SIHI,64
1993,2,4,n,DIME,42
1993,2,4,n,SIHI,72
1993,2,4,n,REME,14
1993,2,4,n,DIME,47
1993,2,4,n,PELE,27
1993,2,4,n,DIME,40
1993,2,4,n,REME,NA
1993,2,4,n,PELE,20
1993,2,4,n,NEAL,102
1993,2,4,n,NEMI,110
1993,2,4,n,NEAL,260
1993,2,4,n,REME,12
1993,2,4,n,NEAL,174
1993,2,4,n,ONAR,31
1993,2,4,n,DIME,NA
1993,2,5,n,ONAR,28
1993,2,5,n,DIME,35
1993,2,5,n,PELE,21
1993,2,5,n,PGFV,7
1993,2,5,n,NEAL,100
1993,2,5,n,DIME,49
1993,2,5,n,DIME,46
1993,2,5,n,PGFV,7
1993,2,5,n,NEAL,104
1993,2,5,n,DIME,52
1993,2,5,n,DIME,39
1993,2,5,n,PELE,NA
1993,3,1,n,PETR,23
1993,3,1,n,PGFV,7
1993,3,1,n,DIME,48
1993,3,1,n,REME,12
1993,3,1,n,DISP,91
1993,3,1,n,DIME,36.5
1993,3,1,n,SIHI,69
1993,3,2,n,REME,11
1993,3,2,n,DIME,46
1993,3,2,n,NEAL,246
1993,3,2,n,DIME,44
1993,3,3,n,DIME,38
1993,3,3,n,PETR,26
1993,3,3,n,NEAL,152
1993,3,3,n,REMO,7
1993,3,3,n,PELE,25
1993,3,3,n,PGFV,6
1993,3,3,n,PGFV,7
1993,3,3,n,PELE,18
1993,3,4,n,DIME,24
1993,3,4,n,PGFV,7
1993,3,4,n,DIME,43
1993,3,4,n,ONAR,24
1993,3,4,n,DIME,49
1993,3,4,n,PGFV,7
1993,3,4,n,SIHI,NA
1993,3,5,n,DIME,48
1993,3,5,n,PGFV,8
1993,3,5,n,REMO,10
1993,3,5,n,XESP,120
1993,3,5,n,DIME,42
1993,3,5,n,PGFV,8
1993,3,5,n,PGFV,7
1993,3,5,n,XESP,100
1993,3,5,n,PELE,31
1993,3,5,n,DIME,38
1993,1,1,n,PETR,25
1993,1,1,n,DIME,35
1993,1,1,n,NEAL,160
1993,1,1,n,DIME,39
1993,1,1,n,CHIN,17
1993,1,1,n,DIME,49
1993,1,1,n,DIME,41
1993,1,1,n,NEAL,84
1993,1,1,n,NEAL,96
1993,1,1,n,PGFV,6
1993,1,1,n,DIME,37
1993,1,1,n,DIME,43
1993,1,1,n,PELE,20
1993,1,1,n,PETR,22
1993,1,1,n,DIME,38
1993,1,1,n,NEAL,146
1993,1,1,n,CHIN,14
1993,1,1,n,CHIN,15
1993,1,1,n,NEAL,146
1993,1,1,n,DIME,24
1993,1,1,n,DIME,37
1993,1,1,n,NEAL,228
1993,1,1,n,PEBO,24
1993,1,1,n,NEAL,107
1993,1,1,n,DIME,45
1993,1,1,n,NEAL,183
1993,1,1,n,DIME,49
1993,1,1,n,DIME,50
1993,1,1,n,DIME,52
1993,1,1,n,NEAL,NA
1993,1,1,n,NEAL,140
1993,1,1,n,NEAL,217
1993,1,1,n,DIME,46
1993,1,1,n,NEAL,222
1993,1,1,n,NEMI,168
1993,1,1,n,PELE,18
1993,1,1,n,NEAL,178
1993,1,1,n,CHIN,10
1993,1,1,n,NEAL,80
1993,1,1,n,PETR,22
1993,1,1,n,DIME,43
1993,1,1,n,PELE,24
1993,1,1,n,NEAL,109
1993,1,1,n,PETR,30
1993,1,1,n,CHIN,15
1993,1,1,n,PETR,19
1993,1,1,n,PELE,NA
1993,1,1,n,NEAL,98
1993,1,1,n,PELE,24
1993,1,1,n,NEAL,125
1993,1,1,n,CHIN,8
1993,1,2,n,PGFV,8
1993,1,2,n,DIME,32
1993,1,2,n,DIME,40
1993,1,2,n,CHIN,9
1993,1,2,n,DIME,25
1993,1,2,n,NEAL,123
1993,1,2,n,CHIN,12
1993,1,2,n,NEAL,161
1993,1,2,n,DIME,45
1993,1,2,n,NEAL,134
1993,1,2,n,DIME,29
1993,1,2,n,CHIN,16
1993,1,2,n,CHIN,15
1993,1,2,n,PENA,21
1993,1,2,n,DIME,47
1993,1,2,n,NEAL,186
1993,1,2,n,CHIN,9
1993,1,2,n,CHIN,16
1993,1,2,n,DIME,45
1993,1,2,n,NEAL,83
1993,1,2,n,DIME,35
1993,1,2,n,CHIN,9
1993,1,2,n,CHIN,16
1993,1,2,n,PEBO,22
1993,1,2,n,DIME,39
1993,1,2,n,PETR,15
1993,1,3,n,PETR,31
1993,1,3,n,DIME,37
1993,1,3,n,PETR,24
1993,1,3,n,PETR,29
1993,1,3,n,DIME,34
1993,1,3,n,DIME,41
1993,1,3,n,DIME,40
1993,1,3,n,PGFV,6
1993,1,3,n,CHIN,16
1993,1,3,n,PGFV,8
1993,1,3,n,DIME,45
1993,1,3,n,PETR,24
1993,1,3,n,PELE,25
1993,1,3,n,PETR,24
1993,1,3,n,DIME,24
1993,1,3,n,DIME,27
1993,1,3,n,CHIN,12
1993,1,3,n,PGFV,6
1993,1,4,n,DIME,36
1993,1,4,n,DIME,47
1993,1,4,n,DIME,30
1993,1,4,n,DIME,27
1993,1,4,n,NEAL,69
1993,1,4,n,CHIN,16
1993,1,4,n,NEAL,132
1993,1,4,n,CHIN,10
1993,1,4,n,NEAL,108
1993,1,4,n,PETR,25
1993,1,4,n,DIME,41
1993,1,4,n,DIME,19
1993,1,4,n,CHIN,16
1993,1,4,n,NEAL,152
1993,1,4,n,CHIN,16
1993,1,4,n,PETR,27
1993,1,4,n,PETR,22
1993,1,4,n,NEAL,160
1993,1,4,n,PEBO,26
1993,1,4,n,NEAL,74
1993,1,4,n,NEAL,140
1993,1,4,n,CHIN,10
1993,1,4,n,PETR,25
1993,1,4,n,NEAL,68
1993,1,4,n,CHIN,10
1993,1,4,n,CHIN,16
1993,1,4,n,PELE,18
1993,1,4,n,PETR,20
1993,1,4,n,PGFV,9
1993,1,5,n,DIME,48
1993,1,5,n,DIME,42
1993,1,5,n,DIME,39
1993,1,5,n,DIME,29
1993,1,5,n,NEAL,110
1993,1,5,n,PGFV,8
1993,1,5,n,PETR,23
1993,1,5,n,PETR,30
1993,1,5,n,PETR,28
1993,1,5,n,NEDO,49
1993,1,5,n,DIME,45
1993,1,5,n,NEAL,96
1993,1,5,n,DIME,39
1993,1,5,n,PELE,31
1993,1,5,n,PELE,11
1993,1,5,n,DIME,29
1993,1,5,n,DIME,53
1993,1,5,n,DIME,48
1993,1,5,n,DIME,36
1993,1,5,n,PELE,12
1993,1,5,n,PETR,25
1993,1,5,n,PETR,24
1993,1,5,n,DIME,57
1993,1,5,n,DIME,24
1993,1,5,n,PELE,28
1993,1,5,n,DIME,49
1993,1,5,n,DIME,27
1993,1,5,n,PETR,23
1993,1,5,n,PELE,13
1993,1,5,n,DIME,48
1993,1,5,n,PETR,28
1993,2,1,n,DIME,20
1993,2,1,n,CHIN,15
1993,2,1,n,DIME,25
1993,2,1,n,CHIN,10
1993,2,1,n,PEBO,21
1993,2,1,n,CHIN,16
1993,2,1,n,NEDO,45
1993,2,1,n,PELE,24
1993,2,1,n,DIME,26
1993,2,1,n,NEDO,50
1993,2,1,n,CHIN,9
1993,2,1,n,CHIN,15
1993,2,1,n,CHIN,15
1993,2,1,n,CHIN,9
1993,2,1,n,NEAL,218
1993,2,1,n,CHIN,8
1993,2,1,n,PEMA,NA
1993,2,1,n,PGFV,8
1993,2,2,n,CHIN,9
1993,2,2,n,PETR,22
1993,2,2,n,NEAL,29
1993,2,2,n,PEBO,24
1993,2,2,n,CHIN,9
1993,2,2,n,NEAL,214
1993,2,2,n,CHIN,11
1993,2,2,n,PELE,14
1993,2,2,n,CHIN,12
1993,2,2,n,PEBO,17
1993,2,2,n,NEDO,62
1993,2,2,n,CHIN,9
1993,2,2,n,PEBO,17
1993,2,2,n,DISP,104
1993,2,2,n,DIME,43
1993,2,2,n,CHIN,14
1993,2,3,n,PGFV,6
1993,2,3,n,CHIN,9
1993,2,3,n,DIME,21
1993,2,3,n,DIME,18
1993,2,3,n,DIME,45
1993,2,3,n,CHIN,9
1993,2,3,n,NEAL,86
1993,2,3,n,NEAL,165
1993,2,3,n,PETR,23
1993,2,3,n,DIME,37
1993,2,3,n,PELE,19
1993,2,4,n,PELE,24
1993,2,4,n,PELE,15
1993,2,4,n,DIME,31
1993,2,4,n,PGFV,8
1993,2,4,n,CHIN,12
1993,2,4,n,NEDO,66
1993,2,4,n,NEDO,53
1993,2,4,n,NEAL,178
1993,2,4,n,CHIN,14
1993,2,4,n,NEAL,96
1993,2,4,n,CHIN,10
1993,2,4,n,CHIN,15
1993,2,4,n,PEBO,22
1993,2,4,n,CHIN,15
1993,2,4,n,DIME,48
1993,2,4,n,PETR,24
1993,2,5,n,PELE,13
1993,2,5,n,NEAL,148
1993,2,5,n,PETR,22
1993,2,5,n,PELE,26
1993,2,5,n,DIME,36
1993,2,5,n,PELE,16
1993,2,5,n,PELE,10
1993,2,5,n,OTVA,NA
1993,2,5,n,PELE,10
1993,2,5,n,NEMI,108
1993,2,5,n,PETR,25
1993,2,5,n,PGFV,6
1993,2,5,n,DIME,22
1993,2,5,n,PETR,24
1993,2,5,n,DIME,48
1993,2,5,n,PELE,12
1993,2,5,n,DIME,26
1993,2,5,n,DIME,44
1993,2,5,n,PEBO,13
1993,2,5,n,PETR,20
1993,3,1,n,PELE,23
1993,3,1,n,AMLE,120
1993,3,1,n,NEMI,190
1993,3,1,n,CHIN,13
1993,3,1,n,ONAR,23
1993,3,1,n,PELE,23
1993,3,1,n,PGFV,NA
1993,3,1,n,CHIN,11
1993,3,2,n,CHIN,8
1993,3,2,n,DIME,27
1993,3,2,n,PEBO,23
1993,3,2,n,NEAL,127
1993,3,2,n,NEDO,42
1993,3,2,n,NEAL,202
1993,3,2,n,CHIN,9
1993,3,2,n,DIME,40
1993,3,2,n,NEDO,66
1993,3,3,n,PELE,13
1993,3,3,n,DIME,22
1993,3,3,n,DIME,49
1993,3,3,n,DIME,51
1993,3,3,n,PETR,24
1993,3,3,n,PGFV,8
1993,3,3,n,DIME,35
1993,3,3,n,NEDO,NA
1993,3,3,n,PETR,19
1993,3,4,n,PEBO,20
1993,3,4,n,DIME,45
1993,3,4,n,NEAL,81
1993,3,4,n,PGFV,6
1993,3,4,n,PETR,19
1993,3,4,n,CHIN,NA
1993,3,4,n,PETR,18
1993,3,4,n,PELE,23
1993,3,4,n,PELE,17
1993,3,4,n,NEAL,138
1993,3,4,n,CHIN,14
1993,3,5,n,PELE,25
1993,3,5,n,DIME,42
1993,3,5,n,PELE,NA
1993,3,5,n,PELE,32
1993,3,5,n,DIME,46
1993,3,5,n,NEDO,54
1993,3,5,n,NEDO,NA
1993,3,5,n,NEDO,63
1993,3,5,n,DIME,38
1993,1,1,n,DIME,49
1993,1,1,n,PETR,25
1993,1,1,n,DIME,36
1993,1,1,n,DIME,41
1993,1,1,n,CHIN,11
1993,1,1,n,CHIN,18
1993,1,1,n,CHIN,15
1993,1,1,n,PELE,24
1993,1,1,n,PEBO,22
1993,1,1,n,PEBO,NA
1993,1,1,n,DIME,44
1993,1,1,n,DIME,38
1993,1,1,n,DIME,30
1993,1,1,n,PELE,24
1993,1,1,n,DIME,36
1993,1,1,n,CHIN,22
1993,1,1,n,DIME,50
1993,1,1,n,CHIN,18
1993,1,1,n,CHIN,11
1993,1,1,n,CHIN,12
1993,1,1,n,NEAL,136
1993,1,1,n,DIME,48
1993,1,1,n,DIME,44
1993,1,1,n,CHIN,13
1993,1,1,n,CHIN,18
1993,1,1,n,PGFV,7
1993,1,2,n,PETR,17
1993,1,2,n,PENA,21
1993,1,2,n,DIME,32
1993,1,2,n,CHIN,13
1993,1,2,n,DIME,31
1993,1,2,n,DIME,31
1993,1,2,n,NEAL,94
1993,1,2,n,NEAL,132
1993,1,2,n,NEAL,154
1993,1,2,n,PETR,21
1993,1,3,n,PELE,18
1993,1,3,n,DIME,40
1993,1,3,n,DIME,36
1993,1,3,n,PETR,24
1993,1,3,n,DIME,48
1993,1,3,n,DIME,37
1993,1,3,n,PGFV,7
1993,1,3,n,DIME,31
1993,1,3,n,CHIN,14
1993,1,3,n,CHIN,13
1993,1,3,n,DIME,35
1993,1,4,n,DIME,38
1993,1,4,n,DIME,50
1993,1,4,n,DIME,24
1993,1,4,n,PETR,25
1993,1,4,n,CHIN,14
1993,1,4,n,NEAL,124
1993,1,4,n,CHIN,13
1993,1,4,n,DIME,34
1993,1,4,n,PETR,47
1993,1,4,n,NEAL,160
1993,1,4,n,PETR,17
1993,1,4,n,NEAL,155
1993,1,4,n,CHIN,14
1993,1,4,n,NEAL,90
1993,1,4,n,CHIN,15
1993,1,4,n,CHIN,16
1993,1,4,n,DIME,35
1993,1,4,n,PGFV,8
1993,1,4,n,PETR,23
1993,1,5,n,DIME,44
1993,1,5,n,DIME,35
1993,1,5,n,NEMI,NA
1993,1,5,n,NEAL,108
1993,1,5,n,DIME,50
1993,1,5,n,DIME,39
1993,1,5,n,PETR,19
1993,1,5,n,DIME,52
1993,1,5,n,DIME,43
1993,1,5,n,DIME,40
1993,1,5,n,PETR,25
1993,1,5,n,DIME,49
1993,1,5,n,DIME,49
1993,1,5,n,DIME,50
1993,1,5,n,PETR,20
1993,1,5,n,PEBO,28
1993,2,1,n,CHIN,15
1993,2,1,n,NEAL,108
1993,2,1,n,PETR,24
1993,2,1,n,DIME,45
1993,2,1,n,DIME,40
1993,2,1,n,CHIN,17
1993,2,1,n,NEAL,NA
1993,2,1,n,NEAL,100
1993,2,1,n,PETR,19
1993,2,1,n,NEAL,NA
1993,2,1,n,NEAL,230
1993,2,1,n,NEAL,187
1993,2,1,n,ONAR,12
1993,2,1,n,PETR,22
1993,2,1,n,PETR,23
1993,2,2,n,DIME,44
1993,2,2,n,CHIN,14
1993,2,2,n,NEAL,114
1993,2,2,n,NEAL,184
1993,2,2,n,NEAL,117
1993,2,2,n,NEAL,89
1993,2,2,n,CHIN,13
1993,2,2,n,CHIN,13
1993,2,2,n,DIME,42
1993,2,2,n,PETR,19
1993,2,2,n,PGFV,4
1993,2,3,n,PELE,23
1993,2,3,n,DIME,41
1993,2,3,n,PGFV,6
1993,2,3,n,DIME,42
1993,2,3,n,PGFV,7
1993,2,3,n,CHIN,14
1993,2,4,n,DIME,46
1993,2,4,n,CHIN,14
1993,2,4,n,CHIN,18
1993,2,4,n,DIME,35
1993,2,4,n,DIME,46
1993,2,4,n,CHIN,12
1993,2,4,n,PETR,20
1993,2,4,n,CHIN,13
1993,2,4,n,CHIN,NA
1993,2,4,n,DIME,38
1993,2,5,n,DIME,44
1993,2,5,n,DIME,42
1993,2,5,n,DIME,39
1993,2,5,n,DIME,39
1993,2,5,n,DIME,44
1993,2,5,n,DIME,42
1993,2,5,n,DIME,40
1993,2,5,n,DIME,43
1993,2,5,n,DIME,47
1993,3,1,n,NEAL,151
1993,3,1,n,DIME,46
1993,3,1,n,CHIN,16
1993,3,1,n,CHIN,16
1993,3,1,n,CHIN,15
1993,3,1,n,ONAR,24
1993,3,1,n,DIME,48
1993,3,1,n,CHIN,15
1993,3,1,n,CHIN,14
1993,3,2,n,CHIN,15
1993,3,2,n,NEDO,49
1993,3,2,n,PGFV,7
1993,3,2,n,DIME,36
1993,3,3,n,PGFV,7
1993,3,3,n,PEBO,14
1993,3,3,n,DIME,36
1993,3,3,n,PGFV,6
1993,3,3,n,NEAL,77
1993,3,3,n,CHIN,15
1993,3,3,n,DIME,46
1993,3,3,n,DIME,47
1993,3,4,n,PGFV,6
1993,3,4,n,PGFV,10
1993,3,4,n,PETR,21
1993,3,4,n,PEBO,23
1993,3,4,n,NEAL,200
1993,3,4,n,PETR,17
1993,3,4,n,CHIN,12
1993,3,4,n,CHIN,14
1993,3,4,n,CHIN,16
1993,3,4,n,CHIN,17
1993,3,4,n,PETR,19
1993,3,4,n,PETR,23
1993,3,4,n,PETR,24
1993,3,5,n,PGFV,7
1993,3,5,n,PGFV,9
1993,3,5,n,PETR,16
1993,3,5,n,DIME,47
1994,1,1,n,DISP,95.3
1994,1,1,n,NEMI,224
1994,1,1,n,ONAR,21.3
1994,1,1,n,PGFV,8
1994,1,1,n,DISP,108
1994,1,1,n,PGFV,6.2
1994,1,1,n,PGFV,8.8
1994,1,2,n,PGFV,6
1994,1,2,n,PGFV,7
1994,1,2,n,DISP,119
1994,1,2,n,DIOR,30
1994,1,2,n,PGFV,6
1994,1,2,n,DIOR,46
1994,1,2,n,DISP,80
1994,1,2,n,DISP,120
1994,1,3,n,PGFV,7
1994,1,3,n,DIOR,49
1994,1,3,n,DIOR,47
1994,1,3,n,DIOR,29
1994,1,3,n,DISP,132
1994,1,3,n,ONAR,22
1994,1,3,n,ONAR,12
1994,1,3,n,DIOR,40
1994,1,4,n,PGFV,7.1
1994,1,4,n,DIOR,47.5
1994,1,4,n,DISP,141
1994,1,4,n,DIOR,55.6
1994,1,4,n,XESP,99.8
1994,1,5,n,DIOR,48
1994,1,5,n,DIOR,51
1994,1,5,n,PGFV,7
1994,1,5,n,PGFV,8
1994,1,5,n,PGFV,8
1994,1,5,n,DIOR,43
1994,1,5,n,DIOR,53
1994,2,1,n,PGFV,7.4
1994,2,2,n,PGFV,7
1994,2,2,n,DISP,100
1994,2,2,n,DIOR,43
1994,2,2,n,PGFV,5
1994,2,2,n,XESP,NA
1994,2,3,n,PGFV,7
1994,2,3,n,PGFV,8
1994,2,3,n,ONAR,25
1994,2,3,n,DISP,98
1994,2,4,n,DISP,110
1994,2,4,n,ONAR,16.3
1994,2,4,n,DIOR,28.4
1994,2,5,n,PGFV,9
1994,2,5,n,DISP,130
1994,2,5,n,NEMI,150
1994,2,5,n,PGFV,7
1994,2,5,n,PGFV,7
1994,3,1,n,DIOR,46.6
1994,3,1,n,DISP,137
1994,3,1,n,PGFV,7.4
1994,3,1,n,PGFV,7.8
1994,3,1,n,ONAR,18.7
1994,3,2,n,DISP,112
1994,3,3,n,DISP,125
1994,3,4,n,DIOR,45.7
1994,3,5,n,PGFV,6
1994,1,1,n,PGFV,6
1994,1,1,n,DISP,152
1994,1,1,n,DISP,127
1994,1,1,n,ONAR,14.5
1994,1,1,n,PGFV,5
1994,1,2,n,DIOR,49.5
1994,1,2,n,DISP,149
1994,1,2,n,DIOR,51
1994,1,2,n,DISP,123
1994,1,2,n,DISP,121
1994,1,3,n,DISP,132.5
1994,1,3,n,DIOR,72
1994,1,3,n,DISP,147
1994,1,4,n,DISP,111
1994,1,4,n,DIOR,54
1994,1,4,n,DISP,150
1994,1,4,n,ONAR,20
1994,1,4,n,DISP,129
1994,1,4,n,DISP,114
1994,1,5,n,PGFV,9
1994,1,5,n,NEMI,192
1994,2,1,n,PGFV,10
1994,2,1,n,PGFV,8
1994,2,1,n,DIME,62
1994,2,2,n,PGFV,10
1994,2,3,n,NEMI,149
1994,2,4,n,NEMI,132
1994,2,4,n,DIOR,52
1994,2,4,n,DIOR,50
1994,2,4,n,DISP,110
1994,2,5,n,PGFV,10.5
1994,2,5,n,NEAL,190
1994,2,5,n,DISP,153
1994,2,5,n,PELE,16
1994,2,5,n,SIHI,85
1994,3,3,n,PELE,12
1994,3,3,n,DISP,120
1994,3,5,n,DISP,136
1994,3,5,n,XESP,83.5
1994,3,5,n,XESP,129
1994,3,5,n,XESP,81
1994,1,1,n,DIME,46
1994,1,1,n,DIME,42
1994,1,1,n,DISP,104
1994,1,1,n,DIME,42
1994,1,1,n,DIME,37
1994,1,1,n,DISP,112
1994,1,1,n,DIME,47
1994,1,1,n,DIME,43
1994,1,2,n,DISP,144
1994,1,2,n,DIME,45.6
1994,1,2,n,DIME,32.8
1994,1,2,n,DIME,37
1994,1,2,n,DIME,40.6
1994,1,2,n,DIME,22.8
1994,1,2,n,PGFV,6.5
1994,1,2,n,DIME,46.3
1994,1,2,n,DISP,107
1994,1,2,n,DIME,38.8
1994,1,3,n,DISP,140
1994,1,3,n,DISP,139
1994,1,3,n,PGFV,8
1994,1,3,n,DIME,46
1994,1,3,n,DIME,NA
1994,1,3,n,DISP,112
1994,1,3,n,DIME,44
1994,1,4,n,DIME,46.3
1994,1,4,n,DIME,47.6
1994,1,4,n,DISP,127
1994,1,4,n,DIME,47.8
1994,1,4,n,DIME,44.5
1994,1,4,n,PGFV,7.4
1994,1,4,n,DIME,38.4
1994,1,4,n,DIME,43.3
1994,1,4,n,DIME,36.8
1994,1,4,n,DIME,44.6
1994,1,4,n,DISP,114
1994,1,5,n,DIME,41
1994,1,5,n,DIME,41
1994,1,5,n,DIME,45
1994,1,5,n,DIME,46
1994,1,5,n,DIME,40
1994,1,5,n,DISP,122
1994,1,5,n,DIME,43
1994,1,5,n,DIME,47
1994,1,5,n,DIME,36
1994,1,5,n,DIME,48
1994,1,5,n,DIME,44
1994,1,5,n,DIME,39
1994,2,1,n,DIME,49
1994,2,1,n,DIME,44
1994,2,1,n,DIME,NA
1994,2,2,n,DIME,49.6
1994,2,2,n,DIME,23.9
1994,2,2,n,DISP,130
1994,2,2,n,DIME,42.8
1994,2,2,n,DISP,103
1994,2,3,n,DIME,43
1994,2,3,n,DIME,72
1994,2,3,n,DIME,50
1994,2,4,n,DIME,35
1994,2,4,n,DIME,45.5
1994,2,4,n,DIME,40.4
1994,2,4,n,DISP,118
1994,2,4,n,DISP,137
1994,2,4,n,DIME,35.7
1994,2,5,n,DISP,152
1994,2,5,n,DIME,23
1994,3,1,n,PELE,8
1994,3,1,n,DISP,78
1994,3,1,n,PEER,22
1994,3,2,n,DISP,96.4
1994,3,2,n,DISP,62.5
1994,3,2,n,DIME,40.8
1994,3,2,n,PGFV,6.8
1994,3,2,n,DISP,83.6
1994,3,2,n,DIME,39.7
1994,3,3,n,DIME,44
1994,3,3,n,PGFV,7
1994,3,5,n,DISP,120
1994,3,5,n,DISP,114
1994,3,5,n,DISP,76
1994,1,1,n,DIME,48
1994,1,1,n,DISP,129
1994,1,1,n,DISP,114
1994,1,1,n,DIME,51
1994,1,1,n,ONAR,24
1994,1,1,n,DIME,31
1994,1,1,n,DIME,44
1994,1,1,n,DIME,48
1994,1,1,n,DIME,44.5
1994,1,1,n,DISP,NA
1994,1,2,n,DIME,47
1994,1,2,n,DIME,52
1994,1,2,n,DISP,129
1994,1,2,n,DISP,142
1994,1,2,n,PGFV,6
1994,1,2,n,DIME,28
1994,1,2,n,DIME,28
1994,1,2,n,DIME,46
1994,1,2,n,DIME,44
1994,1,2,n,DIME,27
1994,1,3,n,DIME,30
1994,1,3,n,PGFV,11
1994,1,3,n,DISP,148
1994,1,3,n,DIME,41
1994,1,3,n,DISP,118
1994,1,3,n,DIME,46
1994,1,3,n,DIME,24
1994,1,3,n,DIME,50
1994,1,3,n,DIME,25
1994,1,3,n,DISP,132
1994,1,3,n,DISP,128.5
1994,1,4,n,REXX,15
1994,1,4,n,DIME,46
1994,1,4,n,DIME,48
1994,1,4,n,DISP,123
1994,1,4,n,DISP,122
1994,1,4,n,DIME,45
1994,1,4,n,DIME,48
1994,1,4,n,DIME,50
1994,1,5,n,DISP,137
1994,1,5,n,DIME,46
1994,1,5,n,DISP,128
1994,1,5,n,DIME,27
1994,1,5,n,DIME,47
1994,1,5,n,DIME,50
1994,1,5,n,DISP,158
1994,1,5,n,DISP,NA
1994,1,5,n,DIME,43
1994,1,5,n,DIME,46
1994,1,5,n,NEMI,180
1994,1,5,n,PELE,17
1994,1,5,n,DIME,45
1994,1,5,n,DIME,40
1994,1,5,n,DIME,43
1994,2,1,n,PGFV,10
1994,2,1,n,PGFV,8
1994,2,1,n,PGFV,9
1994,2,1,n,DIME,47
1994,2,1,n,DIME,53
1994,2,1,n,DIME,44
1994,2,1,n,DIME,51
1994,2,1,n,DISP,134
1994,2,1,n,DIME,57
1994,2,2,n,DIME,48
1994,2,2,n,DIME,46
1994,2,2,n,DIME,29
1994,2,3,n,DISP,150
1994,2,3,n,DIME,51
1994,2,3,n,PGFV,13
1994,2,3,n,DISP,136
1994,2,3,n,DIME,47
1994,2,4,n,DISP,124
1994,2,4,n,DIME,48
1994,2,4,n,DIME,50
1994,2,5,n,DIME,47
1994,2,5,n,DIME,46
1994,2,5,n,DISP,117
1994,2,5,n,PGFV,6
1994,2,5,n,DIME,49
1994,2,5,n,DIME,21.5
1994,3,1,n,DIME,52
1994,3,1,n,PEER,31
1994,3,1,n,DIME,52
1994,3,1,n,DIME,52
1994,3,2,n,DISP,110
1994,3,2,n,DIME,51
1994,3,2,n,DIME,44
1994,3,2,n,DIME,30
1994,3,3,n,DIME,42
1994,3,4,n,PGFV,9
1994,3,5,n,DISP,166
1994,3,5,n,DIME,49
1994,3,5,n,PGFV,9
1994,3,5,n,NEMI,123
1994,3,5,n,NEMI,226
1994,3,5,n,PELE,26
1994,1,1,n,PEBO,11
1994,1,1,n,PETR,26
1994,1,1,n,PETR,23
1994,1,1,n,PETR,24
1994,1,1,n,PETR,26
1994,1,1,n,PETR,28
1994,1,3,n,PGFV,9.5
1994,1,3,n,PETR,21
1994,1,3,n,PGFV,7
1994,1,4,n,PETR,26.9
1994,1,4,n,PETR,27.9
1994,1,4,n,NEAL,113
1994,1,5,n,PETR,27
1994,1,5,n,PETR,22
1994,1,5,n,NEAL,152
1994,1,5,n,PETR,29
1994,1,5,n,NEAL,NA
1994,2,1,n,PGFV,6
1994,2,1,n,PETR,28
1994,2,2,n,PETR,24.7
1994,2,2,n,PETR,14.6
1994,2,2,n,PETR,32.9
1994,2,3,n,PGFV,10
1994,2,3,n,PETR,25
1994,2,3,n,PENA,28
1994,2,4,n,PETR,33.1
1994,2,4,n,PETR,30.6
1994,2,5,n,PENA,26
1994,2,5,n,NEQU,44
1994,2,5,n,PETR,31
1994,3,1,n,PETR,25
1994,3,1,n,PENA,17
1994,3,2,n,PETR,21.9
1994,3,2,n,PETR,22.8
1994,3,2,n,PETR,23
1994,3,3,n,PETR,24
1994,3,4,n,PETR,26.4
1994,3,4,n,CHIN,12.9
1994,3,4,n,PETR,23.3
1994,3,4,n,PETR,24.6
1994,3,5,n,PETR,24
1994,3,5,n,PETR,27
1994,1,1,n,PEBO,16
1994,1,1,n,PETR,24.5
1994,1,1,n,PGFV,10
1994,1,2,n,CHIN,12
1994,1,3,n,PEBO,31
1994,1,3,n,NEAL,123
1994,1,3,n,PEBO,33
1994,1,3,n,PGFV,7
1994,1,3,n,PGFV,10.5
1994,1,4,n,CHIN,14
1994,1,4,n,NEAL,77.5
1994,1,4,n,PETR,25
1994,2,1,n,PETR,34
1994,2,1,n,PGFV,3
1994,2,1,n,PEBO,22
1994,2,2,n,PETR,22.5
1994,2,3,n,CHIN,14
1994,2,3,n,PGFV,9
1994,2,3,n,PGFV,9
1994,2,3,n,PETR,24
1994,2,3,n,NEQU,59
1994,2,4,n,CHIN,12
1994,2,4,n,NEAL,160
1994,2,4,n,PETR,28
1994,2,4,n,PETR,10.5
1994,2,5,n,PEBO,16.5
1994,2,5,n,PEBO,13.5
1994,2,5,n,NEAL,102
1994,2,5,n,NEAL,156
1994,2,5,n,PETR,29.5
1994,3,1,n,PEBO,22
1994,3,2,n,PETR,22.5
1994,3,2,n,PETR,21.5
1994,3,2,n,PEBO,15
1994,3,2,n,PEXX,NA
1994,3,3,n,PGFV,8
1994,3,3,n,PETR,31
1994,3,4,n,PETR,22
1994,3,4,n,NEQU,NA
1994,3,4,n,PGFV,7.5
1994,3,4,n,NEQU,58
1994,3,5,n,NEAL,140.5
1994,3,5,n,NEQU,64
1994,3,5,n,NEAL,156
1994,3,5,n,PETR,27.5
1994,1,1,n,DIME,45
1994,1,1,n,DIME,47
1994,1,1,n,DIOR,53
1994,1,1,n,DIOR,53
1994,1,1,n,DIOR,76
1994,1,1,n,DIME,38
1994,1,1,n,DIME,51
1994,1,1,n,DIME,43
1994,1,1,n,NEAL,196
1994,1,1,n,DIOR,49
1994,1,1,n,DIOR,49
1994,1,1,n,PGFL,12
1994,1,1,n,DIOR,43
1994,1,1,n,DIOR,55
1994,1,1,n,DIME,53
1994,1,1,n,DIME,43
1994,1,1,n,DIOR,57
1994,1,1,n,NEAL,NA
1994,1,1,n,DIOR,48
1994,1,1,n,DIOR,65
1994,1,1,n,DIOR,52
1994,1,1,n,PELE,23
1994,1,1,n,DIME,44
1994,1,1,n,NEAL,82
1994,1,1,n,NEAL,116
1994,1,1,n,DIOR,58
1994,1,1,n,DIOR,58
1994,1,2,n,DIOR,47.6
1994,1,2,n,DIOR,48
1994,1,2,n,DIOR,54.6
1994,1,2,n,DIOR,48.7
1994,1,2,n,DIOR,50.9
1994,1,2,n,DIME,39.6
1994,1,2,n,NEAL,96.9
1994,1,2,n,DIOR,38.8
1994,1,2,n,NEAL,200
1994,1,2,n,ONLE,32.1
1994,1,2,n,PETR,23.8
1994,1,2,n,DIOR,38.1
1994,1,2,n,DIOR,51.4
1994,1,2,n,DIOR,44.5
1994,1,2,n,DIME,47.9
1994,1,2,n,DIOR,44.3
1994,1,2,n,DIOR,50.1
1994,1,2,n,DIME,50.5
1994,1,2,n,DIOR,50.6
1994,1,3,n,DIOR,33.6
1994,1,3,n,DIOR,48.6
1994,1,3,n,DIME,47.7
1994,1,3,n,DIOR,34.7
1994,1,3,n,NEAL,142
1994,1,3,n,NEAL,171
1994,1,3,n,DIME,38.7
1994,1,3,n,DIME,50.2
1994,1,3,n,DIOR,45.9
1994,1,3,n,NEAL,183
1994,1,3,n,NEAL,167
1994,1,3,n,DIOR,50.6
1994,1,3,n,DIOR,39.9
1994,1,3,n,ONLE,13.5
1994,1,3,n,DIOR,55.7
1994,1,3,n,DIOR,54.7
1994,1,3,n,DIOR,53.9
1994,1,3,n,DIOR,49.9
1994,1,3,n,DIME,38.4
1994,1,3,n,DIOR,46.8
1994,1,3,n,NEAL,84.4
1994,1,3,n,DIOR,47.9
1994,1,4,n,DIOR,30
1994,1,4,n,DIME,33
1994,1,4,n,DIOR,45
1994,1,4,n,ONAR,25
1994,1,4,n,DIOR,50
1994,1,4,n,NEAL,170
1994,1,4,n,DIOR,53
1994,1,4,n,DIOR,48
1994,1,4,n,NEAL,100
1994,1,4,n,DIOR,46
1994,1,4,n,DIOR,38
1994,1,4,n,DIME,42
1994,1,4,n,DIOR,52
1994,1,4,n,NEAL,152
1994,1,4,n,DIOR,43
1994,1,4,n,DIOR,51
1994,1,4,n,DIME,32
1994,1,4,n,NEAL,170
1994,1,4,n,DIME,43
1994,1,4,n,NEAL,102
1994,1,4,n,DIOR,43
1994,1,4,n,DIME,50
1994,1,4,n,DIME,32
1994,1,4,n,DIOR,44
1994,1,4,n,DIOR,54
1994,1,4,n,DIOR,47
1994,1,4,n,DIOR,50
1994,1,4,n,DIME,39
1994,1,4,n,NEAL,160
1994,1,4,n,DIOR,55
1994,1,4,n,NEAL,36
1994,1,4,n,DIME,30
1994,1,4,n,NEAL,187
1994,1,4,n,DIOR,57
1994,1,4,n,DIOR,51
1994,1,4,n,DIOR,51
1994,1,4,n,DIME,49
1994,1,4,n,DIOR,57
1994,1,5,n,DIOR,55
1994,1,5,n,DIME,NA
1994,1,5,n,DIOR,49
1994,1,5,n,DIOR,56
1994,1,5,n,DIOR,40
1994,1,5,n,DIOR,46
1994,1,5,n,DIOR,45
1994,1,5,n,DIOR,46
1994,1,5,n,DIOR,NA
1994,1,5,n,DIOR,39
1994,1,5,n,DIOR,52
1994,1,5,n,PETR,25
1994,1,5,n,DIOR,47
1994,1,5,n,DIOR,44
1994,1,5,n,DIOR,NA
1994,1,5,n,DIOR,45
1994,1,5,n,DIOR,45
1994,1,5,n,DIOR,60
1994,1,5,n,ONLE,29
1994,1,5,n,DIOR,31
1994,1,5,n,DIOR,46
1994,1,5,n,DIOR,37
1994,1,5,n,DIOR,55
1994,1,5,n,DIOR,43
1994,1,5,n,DIOR,44
1994,1,5,n,DIOR,51
1994,1,5,n,DIOR,38
1994,1,5,n,DIOR,52
1994,1,5,n,DIOR,53
1994,1,5,n,ONAR,23
1994,1,5,n,DIME,44
1994,1,5,n,DIME,50
1994,2,1,n,DIOR,47
1994,2,1,n,NEAL,160
1994,2,1,n,NEAL,89
1994,2,1,n,DIOR,44
1994,2,1,n,NEAL,195
1994,2,1,n,PELE,29
1994,2,1,n,DIOR,45
1994,2,1,n,DIOR,54
1994,2,1,n,ONAR,23
1994,2,1,n,DIOR,46
1994,2,1,n,DIME,39
1994,2,1,n,NEAL,130
1994,2,1,n,DIOR,25
1994,2,1,n,DIOR,33
1994,2,1,n,PGFL,12
1994,2,1,n,ONAR,32
1994,2,2,n,NEAL,129
1994,2,2,n,DIOR,53.4
1994,2,2,n,DIME,27.5
1994,2,2,n,NEAL,160
1994,2,2,n,DIOR,36.8
1994,2,2,n,DIOR,49.6
1994,2,2,n,DIOR,48.2
1994,2,2,n,DIOR,38.6
1994,2,2,n,PELE,14
1994,2,2,n,DIME,49.9
1994,2,2,n,DIOR,43.1
1994,2,2,n,DIME,45.1
1994,2,2,n,DIME,43
1994,2,2,n,DIOR,47.6
1994,2,2,n,DIOR,35.9
1994,2,2,n,PGFL,11.4
1994,2,2,n,DIOR,39.9
1994,2,2,n,DIOR,47.4
1994,2,2,n,DIOR,46.5
1994,2,2,n,DIME,41.3
1994,2,3,n,NEAL,214
1994,2,3,n,DIOR,45.1
1994,2,3,n,DIOR,45.7
1994,2,3,n,DIOR,48.5
1994,2,3,n,DIME,47.6
1994,2,3,n,ONLE,37.9
1994,2,3,n,NEAL,116
1994,2,3,n,DIOR,30.5
1994,2,3,n,DIOR,44.7
1994,2,3,n,ONAR,20.4
1994,2,3,n,DIME,33.9
1994,2,3,n,DIOR,56.8
1994,2,3,n,DIME,39.3
1994,2,4,n,PGFL,11
1994,2,4,n,DIOR,61
1994,2,4,n,DIME,39
1994,2,4,n,DIOR,41
1994,2,4,n,DIOR,49
1994,2,4,n,ONLE,30
1994,2,4,n,DIOR,31
1994,2,4,n,PGFL,12
1994,2,4,n,DIOR,41
1994,2,4,n,DIOR,34
1994,2,4,n,DIOR,49
1994,2,4,n,NEAL,180
1994,2,4,n,ONLE,34
1994,2,5,n,DIOR,35
1994,2,5,n,DIOR,24
1994,2,5,n,DIOR,45
1994,2,5,n,DIME,46
1994,2,5,n,DIOR,38
1994,2,5,n,DIOR,55
1994,2,5,n,DIOR,44
1994,2,5,n,DIOR,41
1994,2,5,n,DIOR,58
1994,2,5,n,DIOR,39
1994,2,5,n,DIOR,21
1994,2,5,n,DIOR,44
1994,2,5,n,DIME,28
1994,2,5,n,DIOR,45
1994,2,5,n,DIOR,42
1994,2,5,n,DIOR,28
1994,2,5,n,DIOR,39
1994,2,5,n,DIOR,47
1994,2,5,n,ONLE,36
1994,2,5,n,DIOR,41
1994,2,5,n,DIOR,49
1994,2,5,n,DIOR,38
1994,2,5,n,DIME,26
1994,2,5,n,DIOR,45
1994,2,5,n,DIOR,53
1994,2,5,n,DIME,30
1994,3,1,n,NEAL,160
1994,3,1,n,DIOR,52
1994,3,1,n,DIOR,42
1994,3,1,n,PELE,24
1994,3,1,n,DIME,39
1994,3,1,n,NEAL,223
1994,3,1,n,PGFL,15
1994,3,1,n,DISP,124
1994,3,1,n,REME,11
1994,3,2,n,DIOR,56.6
1994,3,2,n,DIOR,50.4
1994,3,2,n,DIOR,51.7
1994,3,2,n,ONAR,16.7
1994,3,2,n,PELE,17.8
1994,3,2,n,DIME,29.7
1994,3,2,n,DIOR,48
1994,3,2,n,PGFL,10.9
1994,3,2,n,DIOR,40.7
1994,3,2,n,PETR,22.9
1994,3,2,n,PGFL,12.1
1994,3,2,n,DIME,34.4
1994,3,2,n,DIOR,50.2
1994,3,2,n,NEAL,150
1994,3,3,n,DIOR,54
1994,3,3,n,ONLE,34.2
1994,3,3,n,DIOR,50.5
1994,3,3,n,DIME,49.8
1994,3,3,n,DIME,28.8
1994,3,3,n,DIOR,41.7
1994,3,3,n,DIME,43.9
1994,3,3,n,DIOR,48
1994,3,3,n,DIOR,40.7
1994,3,3,n,DIME,44.9
1994,3,3,n,PGFL,11.2
1994,3,3,n,PGFL,11.8
1994,3,3,n,DIOR,39.9
1994,3,3,n,DIME,44.1
1994,3,4,n,DIME,41
1994,3,4,n,DIOR,42
1994,3,4,n,DIOR,64
1994,3,4,n,DIME,44
1994,3,4,n,NEAL,151
1994,3,4,n,DIOR,40
1994,3,5,n,DIOR,48
1994,3,5,n,DIOR,48
1994,3,5,n,DIOR,44
1994,3,5,n,DIOR,36
1994,3,5,n,DIOR,45
1994,3,5,n,ONAR,40
1994,3,5,n,NEAL,190
1994,3,5,n,DIOR,51
1994,3,5,n,DIOR,48
1994,3,5,n,DIME,40
1994,3,5,n,PGFL,8
1994,3,5,n,DIOR,48
1994,1,1,n,DIME,42
1994,1,1,n,PGFL,14
1994,1,1,n,PGFL,13
1994,1,1,n,DIME,42
1994,1,1,n,DIME,38
1994,1,1,n,PGFL,13
1994,1,1,n,DIME,51
1994,1,1,n,PGFL,15
1994,1,1,n,DIOR,58
1994,1,1,n,DIME,45
1994,1,1,n,ONLE,41
1994,1,1,n,DIME,42
1994,1,1,n,DIME,53
1994,1,1,n,NEAL,179
1994,1,1,n,PGFL,13
1994,1,1,n,DIOR,48
1994,1,1,n,PGFL,11
1994,1,1,n,NEAL,197
1994,1,1,n,PGFL,13
1994,1,1,n,DIME,51
1994,1,1,n,DIOR,47
1994,1,1,n,DIOR,57
1994,1,1,n,DISP,150
1994,1,1,n,NEAL,96
1994,1,1,n,DIME,45
1994,1,1,n,PGFL,13
1994,1,1,n,DISP,127
1994,1,1,n,PGFL,14
1994,1,1,n,NEAL,156
1994,1,1,n,PGFV,9
1994,1,1,n,PGFL,15
1994,1,1,n,PGFV,10
1994,1,1,n,PGFL,16
1994,1,1,n,DIOR,63
1994,1,1,n,PGFL,16
1994,1,2,n,NEAL,106
1994,1,2,n,NEAL,184
1994,1,2,n,NEAL,175
1994,1,2,n,XESP,80
1994,1,2,n,NEAL,196
1994,1,2,n,NEAL,88
1994,1,2,n,ONLE,34.5
1994,1,2,n,DIME,48
1994,1,2,n,PGFL,14
1994,1,2,n,NEAL,132
1994,1,2,n,ONLE,29
1994,1,2,n,DIOR,53
1994,1,2,n,DIOR,53
1994,1,2,n,DIOR,34
1994,1,2,n,PELE,23
1994,1,2,n,DIOR,58
1994,1,2,n,DIME,45
1994,1,2,n,NEAL,169
1994,1,2,n,DIOR,53
1994,1,2,n,DIME,38
1994,1,3,n,PGFL,10
1994,1,3,n,DIME,44
1994,1,3,n,ONLE,26
1994,1,3,n,ONLE,15
1994,1,3,n,ONLE,34
1994,1,3,n,DIOR,52
1994,1,3,n,DIME,46
1994,1,3,n,DIOR,62
1994,1,3,n,NEAL,204
1994,1,3,n,PGFL,12
1994,1,3,n,DIOR,48
1994,1,3,n,DIME,49
1994,1,3,n,ONLE,41
1994,1,3,n,ONLE,35
1994,1,3,n,PGFL,9
1994,1,3,n,DIOR,51
1994,1,3,n,NEAL,80
1994,1,3,n,DIOR,47
1994,1,3,n,DIME,41
1994,1,3,n,DIME,39
1994,1,3,n,DIME,34
1994,1,3,n,DIOR,55
1994,1,3,n,NEAL,186
1994,1,3,n,PGFL,14
1994,1,3,n,DIME,41
1994,1,4,n,DIME,50
1994,1,4,n,ONLE,13
1994,1,4,n,DIOR,60
1994,1,4,n,DIME,43
1994,1,4,n,DIOR,50
1994,1,4,n,DIOR,54
1994,1,4,n,NEAL,173
1994,1,4,n,NEAL,161
1994,1,4,n,DIOR,58
1994,1,4,n,DIME,42
1994,1,4,n,NEAL,164
1994,1,4,n,DIOR,68
1994,1,4,n,PELE,21
1994,1,4,n,DIOR,48
1994,1,4,n,DIOR,57
1994,1,4,n,PGFL,13
1994,1,4,n,DIME,44
1994,1,4,n,PELE,36
1994,1,4,n,PGFL,12
1994,1,4,n,DIOR,56.5
1994,1,4,n,DIOR,59
1994,1,4,n,PGFL,13
1994,1,4,n,DIOR,62
1994,1,4,n,NEAL,221
1994,1,4,n,PETR,21
1994,1,4,n,DIME,46
1994,1,4,n,DIME,39
1994,1,5,n,PGFL,11
1994,1,5,n,DIOR,56
1994,1,5,n,DIOR,59
1994,1,5,n,DIOR,56
1994,1,5,n,DIOR,62
1994,1,5,n,DIOR,61
1994,1,5,n,NEAL,153
1994,1,5,n,PGFL,10
1994,1,5,n,DIOR,54.5
1994,1,5,n,ONAR,45
1994,1,5,n,NEAL,149
1994,1,5,n,DIOR,58
1994,1,5,n,DIOR,63
1994,1,5,n,DIOR,48
1994,1,5,n,PGFL,11.5
1994,1,5,n,DIOR,60
1994,1,5,n,DIME,46
1994,1,5,n,DIOR,51
1994,1,5,n,ONAR,38
1994,1,5,n,ONAR,33
1994,1,5,n,DIOR,52
1994,1,5,n,DIME,43
1994,1,5,n,DIOR,55
1994,1,5,n,PGFL,12
1994,1,5,n,PGFL,11.5
1994,1,5,n,DIOR,58
1994,1,5,n,DIOR,57
1994,1,5,n,DIOR,60
1994,1,5,n,DIME,47
1994,1,5,n,DIME,53
1994,1,5,n,DIOR,63
1994,1,5,n,DIOR,58
1994,1,5,n,DIOR,57
1994,2,1,n,NEAL,175
1994,2,1,n,NEAL,77
1994,2,1,n,NEAL,155
1994,2,1,n,DIME,43
1994,2,1,n,PGFL,NA
1994,2,1,n,PGFV,9
1994,2,1,n,XESP,88
1994,2,1,n,DIME,42
1994,2,1,n,DIOR,65
1994,2,2,n,DIOR,48
1994,2,2,n,DIOR,48
1994,2,2,n,PGFL,13
1994,2,2,n,PGFL,14
1994,2,2,n,PGFL,11
1994,2,2,n,DIOR,52
1994,2,2,n,DIOR,56
1994,2,2,n,DIOR,58
1994,2,2,n,NEAL,190
1994,2,3,n,PGFL,11
1994,2,3,n,NEAL,159
1994,2,3,n,DIOR,58
1994,2,3,n,PGFL,10
1994,2,3,n,PGFL,10
1994,2,3,n,DIOR,31
1994,2,3,n,PELE,18
1994,2,3,n,NEAL,166
1994,2,3,n,PGFL,10
1994,2,3,n,PGFL,14
1994,2,3,n,DIOR,54
1994,2,4,n,PGFV,9
1994,2,4,n,DIOR,54
1994,2,4,n,DIOR,59
1994,2,4,n,DIME,62
1994,2,4,n,PGFL,11
1994,2,4,n,NEAL,195
1994,2,4,n,PGFL,13
1994,2,4,n,DIOR,55
1994,2,5,n,PGFL,10
1994,2,5,n,DIOR,53
1994,2,5,n,PGFL,12
1994,2,5,n,ONAR,37
1994,2,5,n,DIOR,61
1994,2,5,n,NEAL,217
1994,2,5,n,PELE,22
1994,2,5,n,ONAR,39
1994,2,5,n,PGFL,13.5
1994,2,5,n,DIME,44
1994,2,5,n,DIOR,64
1994,3,1,n,NEAL,106
1994,3,1,n,DIOR,55
1994,3,1,n,NEAL,158
1994,3,1,n,NEAL,85
1994,3,1,n,PELE,27
1994,3,1,n,ONLE,NA
1994,3,1,n,NEAL,194
1994,3,1,n,NEAL,231
1994,3,2,n,PELE,19
1994,3,2,n,PGFV,7
1994,3,2,n,NEAL,NA
1994,3,2,n,PETR,18
1994,3,2,n,DIOR,52
1994,3,2,n,NEAL,196
1994,3,2,n,PGFL,11
1994,3,2,n,NEAL,172
1994,3,2,n,DIOR,37
1994,3,2,n,PELE,22
1994,3,2,n,ONLE,22
1994,3,2,n,PEMA,18
1994,3,3,n,DIOR,52
1994,3,3,n,DIME,41
1994,3,3,n,NEAL,160
1994,3,3,n,ONLE,41
1994,3,3,n,NEAL,164
1994,3,3,n,DIOR,52
1994,3,3,n,NEAL,224
1994,3,3,n,NEAL,166
1994,3,3,n,PEMA,16
1994,3,3,n,DIOR,43
1994,3,3,n,DIME,42
1994,3,4,n,NEAL,156
1994,3,4,n,ONLE,46
1994,3,4,n,PGFL,12
1994,3,4,n,DIOR,50
1994,3,4,n,DIOR,30
1994,3,4,n,DIME,27
1994,3,4,n,NEAL,148
1994,3,5,n,PGFV,7
1994,3,5,n,NEAL,124
1994,3,5,n,PGFL,12
1994,3,5,n,DIOR,54
1994,3,5,n,DIOR,56
1994,3,5,n,NEAL,144
1994,3,5,n,XESP,119
1994,3,5,n,NEAL,156
1994,3,5,n,DIME,36
1994,3,5,n,PGFL,11
1994,3,5,n,ONAR,35
1994,3,5,n,DIOR,53
1994,3,5,n,NEAL,78
1994,3,5,n,PGFL,10
1994,3,5,n,ONAR,38
1994,1,1,n,DIME,29.7
1994,1,1,n,PGFV,8.4
1994,1,1,n,DIOR,46.8
1994,1,1,n,DIME,26.8
1994,1,1,n,PELE,24.6
1994,1,1,n,PELE,18.3
1994,1,1,n,PGFV,7
1994,1,1,n,PGFV,7.3
1994,1,1,n,NEMI,161
1994,1,1,n,DIME,36.8
1994,1,1,n,PELE,28.2
1994,1,1,n,DIME,45
1994,1,1,n,DIME,50.3
1994,1,1,n,PGFV,9.2
1994,1,1,n,DIME,34.2
1994,1,1,n,PGFV,6.1
1994,1,2,n,PGFV,9
1994,1,2,n,DIME,34
1994,1,2,n,DIME,35
1994,1,2,n,DIME,28
1994,1,2,n,DIOR,63
1994,1,2,n,DIOR,49
1994,1,2,n,PETR,19
1994,1,2,n,DIME,33
1994,1,2,n,PGFV,8
1994,1,2,n,DIME,41
1994,1,2,n,DIME,50
1994,1,2,n,DIME,40
1994,1,2,n,PEBO,12
1994,1,2,n,ONAR,32
1994,1,2,n,PGFV,9
1994,1,2,n,DIME,45
1994,1,2,n,DIME,28
1994,1,2,n,DIME,37
1994,1,2,n,DIME,50
1994,1,2,n,DIME,25
1994,1,2,n,DIOR,50
1994,1,2,n,DIME,45
1994,1,2,n,DIME,45
1994,1,2,n,DIME,45
1994,1,2,n,NEMI,142
1994,1,3,n,DIME,44
1994,1,3,n,DIME,44.2
1994,1,3,n,DIME,32.3
1994,1,3,n,DIME,49.9
1994,1,3,n,REMO,9.3
1994,1,3,n,PELE,25.6
1994,1,3,n,DIME,29.3
1994,1,4,n,DIME,49
1994,1,4,n,ONLE,23
1994,1,4,n,DIME,NA
1994,1,4,n,DIME,48
1994,1,4,n,DIME,27
1994,1,4,n,DIME,47
1994,1,4,n,XESP,87
1994,1,4,n,PGFV,8
1994,1,4,n,DIME,37
1994,1,4,n,DIME,51
1994,1,4,n,DIME,44
1994,1,5,n,DIME,39
1994,1,5,n,DIME,40
1994,1,5,n,DIME,57
1994,1,5,n,DIME,45
1994,1,5,n,DIME,32
1994,1,5,n,DIME,47
1994,1,5,n,DIME,37
1994,1,5,n,DIME,44
1994,1,5,n,DIME,47
1994,1,5,n,DIME,50
1994,1,5,n,DIME,52
1994,1,5,n,DIME,41
1994,2,1,n,DIME,38.2
1994,2,1,n,PGFV,8.2
1994,2,1,n,DIME,39.3
1994,2,1,n,PELE,17.1
1994,2,1,n,PGFV,7.4
1994,2,1,n,PGFV,8.4
1994,2,1,n,PETR,26.6
1994,2,2,n,DIME,50
1994,2,2,n,DIOR,33
1994,2,2,n,DIME,25
1994,2,2,n,DIME,41
1994,2,2,n,PELE,27
1994,2,2,n,PGFV,7
1994,2,2,n,DIME,40
1994,2,2,n,ONLE,21
1994,2,2,n,PGFV,8
1994,2,2,n,DIME,50
1994,2,2,n,DIME,26
1994,2,2,n,ONLE,44
1994,2,2,n,PETR,25
1994,2,3,n,PGFV,6.8
1994,2,3,n,PGFV,7.1
1994,2,3,n,DIME,32.2
1994,2,3,n,DIOR,42.5
1994,2,3,n,DIOR,39.2
1994,2,3,n,DIME,42.7
1994,2,3,n,PGFV,7.3
1994,2,3,n,DIME,47.7
1994,2,3,n,PGFV,6.1
1994,2,3,n,DIME,45.7
1994,2,4,n,DIME,35
1994,2,4,n,DIME,43
1994,2,4,n,DIME,47
1994,2,4,n,DIME,41
1994,2,4,n,PGFV,5
1994,2,4,n,DIME,42
1994,2,5,n,DIME,48
1994,2,5,n,DIME,30
1994,2,5,n,PGFV,8
1994,2,5,n,PGFV,8
1994,2,5,n,DIME,23
1994,2,5,n,DIME,40
1994,3,1,n,PELE,17.8
1994,3,1,n,DIME,32.8
1994,3,1,n,DIOR,33.9
1994,3,1,n,REMO,9.4
1994,3,2,n,PETR,14
1994,3,2,n,DIOR,50
1994,3,2,n,PELE,27
1994,3,2,n,ONLE,29
1994,3,2,n,DIME,32
1994,3,2,n,DIOR,28
1994,3,3,n,PGFV,6.4
1994,3,3,n,PGFV,7.1
1994,3,3,n,PGFV,8.1
1994,3,4,n,PGFV,6
1994,3,4,n,DIME,48
1994,3,4,n,DIME,41
1994,3,4,n,DIME,32
1994,3,4,n,REMO,11
1994,3,4,n,PGFV,9
1994,3,5,n,ONAR,16
1994,3,5,n,PGFV,11
1994,3,5,n,DIME,26
1994,1,1,n,DIME,39
1994,1,1,n,DIME,38
1994,1,1,n,DIME,45
1994,1,1,n,DIME,43
1994,1,1,n,DIME,40
1994,1,1,n,DIME,40
1994,1,1,n,PGFV,7.5
1994,1,1,n,PGFV,8.5
1994,1,1,n,DIME,41
1994,1,1,n,DIME,37
1994,1,1,n,PGFV,6.5
1994,1,1,n,PGFL,12
1994,1,1,n,DIME,45
1994,1,1,n,PGFV,7
1994,1,2,n,DIME,35.5
1994,1,2,n,DIME,21.5
1994,1,2,n,DIOR,63
1994,1,2,n,DIME,35
1994,1,2,n,DIME,35
1994,1,2,n,DIOR,53
1994,1,2,n,DIME,38
1994,1,2,n,PGFV,7
1994,1,2,n,DIME,41
1994,1,2,n,DIME,41
1994,1,2,n,DIME,42
1994,1,2,n,DIME,21
1994,1,2,n,DIME,43
1994,1,2,n,DIME,26
1994,1,2,n,PGFV,7.5
1994,1,2,n,DIME,40.5
1994,1,2,n,DIME,38
1994,1,2,n,DIME,37.5
1994,1,2,n,PGFV,6
1994,1,2,n,ONAR,30
1994,1,2,n,DIME,41
1994,1,2,n,DIME,39
1994,1,2,n,DIME,21
1994,1,3,n,PGFV,7.5
1994,1,3,n,DIME,42
1994,1,3,n,DIME,35
1994,1,3,n,DIME,46
1994,1,3,n,PGFV,7
1994,1,3,n,DIME,46
1994,1,3,n,DIME,40
1994,1,3,n,DIME,27
1994,1,3,n,DIME,46
1994,1,3,n,DIME,43
1994,1,3,n,DIME,39
1994,1,4,n,DIME,40
1994,1,4,n,DIME,47
1994,1,4,n,PGFV,7
1994,1,4,n,DIME,40
1994,1,4,n,DIME,40
1994,1,4,n,DIME,39
1994,1,4,n,DIME,40
1994,1,4,n,PGFV,5
1994,1,4,n,PGFV,8
1994,1,4,n,ONAR,19
1994,1,4,n,DIME,40
1994,1,5,n,DIME,44
1994,1,5,n,DIME,39
1994,1,5,n,PGFV,6.5
1994,1,5,n,DIME,45
1994,1,5,n,DIME,46
1994,1,5,n,PGFV,7
1994,1,5,n,PGFV,8
1994,1,5,n,DIME,47
1994,1,5,n,DIME,53
1994,1,5,n,DIME,43
1994,1,5,n,DIME,42
1994,1,5,n,DIME,39
1994,2,1,n,DIME,43
1994,2,1,n,DIME,43
1994,2,1,n,DIME,41
1994,2,1,n,PGFV,7.5
1994,2,1,n,DIME,46
1994,2,1,n,DIME,40
1994,2,2,n,DIOR,49
1994,2,2,n,DIME,40
1994,2,2,n,NEAL,111
1994,2,2,n,DIME,42
1994,2,2,n,NEMI,134
1994,2,2,n,DIME,40
1994,2,2,n,DIME,39
1994,2,2,n,DIME,23
1994,2,3,n,PGFV,6
1994,2,3,n,NEAL,98
1994,2,3,n,PGFV,7
1994,2,3,n,DIME,32
1994,2,3,n,PGFV,7
1994,2,4,n,PGFV,5
1994,2,4,n,DIME,45
1994,2,4,n,DIME,27
1994,2,5,n,DIME,42
1994,2,5,n,DIME,39
1994,2,5,n,PGFV,9
1994,3,1,n,DIME,54
1994,3,1,n,PGFV,7.5
1994,3,1,n,DIME,47
1994,3,1,n,PGFV,7.5
1994,3,1,n,PGFV,8
1994,3,2,n,DIME,41
1994,3,2,n,DIME,38
1994,3,2,n,PGFV,9
1994,3,2,n,DIME,40
1994,3,2,n,DIME,46
1994,3,3,n,PGFV,8
1994,3,3,n,ONLE,21
1994,3,3,n,PGFV,8.5
1994,3,3,n,NEAL,144
1994,3,4,n,PGFV,7
1994,3,4,n,PGFV,6
1994,3,5,n,DIME,53
1994,1,1,n,PETR,28
1994,1,1,n,DIME,44
1994,1,1,n,DIME,52
1994,1,1,n,DIME,47
1994,1,1,n,CHIN,15
1994,1,1,n,CHIN,17
1994,1,1,n,PETR,28
1994,1,1,n,NEAL,NA
1994,1,1,n,NEAL,149
1994,1,1,n,ONAR,17
1994,1,1,n,DIME,37
1994,1,1,n,DIME,43
1994,1,1,n,DIME,39
1994,1,1,n,CHIN,17
1994,1,1,n,NEAL,NA
1994,1,1,n,DIME,44
1994,1,1,n,CHIN,18
1994,1,1,n,NEMI,152
1994,1,1,n,DIME,31
1994,1,1,n,NEMI,120
1994,1,1,n,DIME,48
1994,1,1,n,NEAL,131
1994,1,2,n,NEAL,86.8
1994,1,2,n,NEAL,85.6
1994,1,2,n,DIME,40
1994,1,2,n,NEAL,118
1994,1,2,n,CHIN,11.8
1994,1,2,n,NEAL,66
1994,1,2,n,DIME,42.7
1994,1,2,n,DIME,39.3
1994,1,2,n,DIME,44.5
1994,1,2,n,CHIN,13.1
1994,1,2,n,CHIN,13.8
1994,1,3,n,DIME,37.6
1994,1,3,n,DIME,23.5
1994,1,3,n,PGFV,7.1
1994,1,3,n,NEAL,174
1994,1,3,n,CHIN,13.3
1994,1,3,n,NEAL,129
1994,1,3,n,CHIN,12.9
1994,1,3,n,DIME,41.4
1994,1,3,n,CHIN,15
1994,1,3,n,CHIN,11.2
1994,1,3,n,CHIN,14.4
1994,1,3,n,CHIN,12.5
1994,1,3,n,CHIN,12
1994,1,3,n,CHIN,15
1994,1,4,n,DIME,26
1994,1,4,n,DIME,43
1994,1,4,n,NEAL,164
1994,1,4,n,DIME,45
1994,1,4,n,DIME,39
1994,1,4,n,DIME,47
1994,1,4,n,CHIN,13
1994,1,5,n,DIME,39
1994,1,5,n,DIME,38
1994,1,5,n,PGFV,9
1994,1,5,n,PGFV,9
1994,1,5,n,DIME,38
1994,1,5,n,NEAL,132
1994,1,5,n,DIME,48
1994,1,5,n,DIME,48
1994,1,5,n,DIME,46
1994,1,5,n,DIME,40
1994,1,5,n,DIME,40
1994,1,5,n,DIME,47
1994,1,5,n,DIME,36
1994,1,5,n,DIME,44
1994,1,5,n,DIME,27
1994,1,5,n,CHIN,11
1994,2,1,n,NEAL,90
1994,2,1,n,CHIN,13
1994,2,1,n,PETR,25
1994,2,1,n,NEAL,158
1994,2,1,n,DIME,46
1994,2,1,n,NEMI,NA
1994,2,1,n,ONLE,27
1994,2,1,n,NEAL,193
1994,2,2,n,CHIN,9.9
1994,2,2,n,CHIN,16
1994,2,2,n,NEAL,172
1994,2,2,n,NEAL,160
1994,2,2,n,DIME,41
1994,2,2,n,PETR,20.4
1994,2,2,n,CHIN,14.3
1994,2,2,n,PGFV,8.1
1994,2,3,n,PGFV,7
1994,2,3,n,PGFV,6.1
1994,2,3,n,CHIN,13.2
1994,2,3,n,NEDO,62.5
1994,2,3,n,PETR,23.6
1994,2,3,n,PETR,26.5
1994,2,3,n,NEAL,147
1994,2,4,n,NEAL,142
1994,2,5,n,PGFV,7
1994,2,5,n,PGFV,12
1994,2,5,n,DIME,43
1994,2,5,n,PGFV,6
1994,2,5,n,PGFV,8
1994,2,5,n,CHIN,17
1994,3,1,n,PETR,42
1994,3,1,n,NEAL,160
1994,3,2,n,PGFV,7.5
1994,3,2,n,NEAL,96.5
1994,3,2,n,NEAL,56
1994,3,2,n,PENA,16.5
1994,3,3,n,PGFV,5.9
1994,3,3,n,PGFV,8.3
1994,3,3,n,DIME,26.6
1994,3,3,n,PETR,13.1
1994,3,3,n,NEAL,120
1994,3,3,n,PGFV,7.6
1994,3,4,n,PGFV,8
1994,3,4,n,NEAL,110
1994,3,4,n,CHIN,7
1994,3,5,n,PGFV,7
1994,3,5,n,NEAL,34
1994,3,5,n,PGFV,5
1994,1,1,n,DIME,43
1994,1,1,n,NEAL,161
1994,1,1,n,NEAL,151
1994,1,1,n,CHIN,18
1994,1,1,n,PELE,9
1994,1,1,n,DIME,45
1994,1,1,n,DIME,47
1994,1,1,n,DIME,64
1994,1,1,n,PGFV,9
1994,1,1,n,PETR,20
1994,1,1,n,DIME,42
1994,1,1,n,DIME,30
1994,1,1,n,CHIN,13
1994,1,1,n,CHIN,14
1994,1,1,n,DIME,40
1994,1,1,n,NEDO,70
1994,1,1,n,NEAL,110
1994,1,1,n,DIME,46
1994,1,1,n,DIME,48
1994,1,1,n,DIME,47
1994,1,1,n,CHIN,16
1994,1,1,n,NEAL,187
1994,1,2,n,PGFV,7
1994,1,2,n,DIME,35
1994,1,2,n,PETR,17
1994,1,2,n,DIME,38
1994,1,2,n,CHIN,14
1994,1,2,n,CHIN,13
1994,1,2,n,DIME,32
1994,1,2,n,NEAL,162
1994,1,2,n,PEXX,NA
1994,1,2,n,DIME,35
1994,1,2,n,NEAL,168
1994,1,2,n,CHIN,14
1994,1,2,n,DIME,39
1994,1,2,n,CHIN,13
1994,1,2,n,NEDO,60
1994,1,2,n,DIME,43
1994,1,2,n,CHIN,NA
1994,1,2,n,DIME,43
1994,1,3,n,DISP,NA
1994,1,3,n,DIME,21
1994,1,3,n,DIME,46
1994,1,3,n,DIME,46
1994,1,3,n,PELE,19
1994,1,3,n,DIME,47
1994,1,3,n,PGFV,7
1994,1,3,n,PGFV,7
1994,1,3,n,NEAL,167
1994,1,3,n,DISP,NA
1994,1,4,n,DIME,49
1994,1,4,n,PGFV,5.5
1994,1,4,n,DIME,43
1994,1,4,n,PGFV,6
1994,1,4,n,NEDO,61
1994,1,4,n,PENA,25
1994,1,4,n,CHIN,14
1994,1,4,n,DIME,25
1994,1,4,n,CHIN,12
1994,1,4,n,NEAL,166
1994,1,4,n,CHIN,14
1994,1,4,n,NEAL,178
1994,1,4,n,NEAL,168
1994,1,4,n,CHIN,13
1994,1,5,n,DIME,42
1994,1,5,n,DIME,36
1994,1,5,n,DIME,46
1994,1,5,n,DIME,41
1994,1,5,n,DIME,22
1994,1,5,n,DIME,46
1994,1,5,n,DIME,46
1994,1,5,n,DIME,45
1994,1,5,n,PGFV,6.5
1994,1,5,n,DIME,40
1994,1,5,n,DIME,45
1994,2,1,n,DIME,34
1994,2,1,n,NEAL,193
1994,2,1,n,NEAL,193
1994,2,1,n,PEBO,21
1994,2,1,n,PELE,24
1994,2,1,n,NEAL,118
1994,2,1,n,PELE,29
1994,2,1,n,NEDO,56
1994,2,1,n,NEAL,232
1994,2,1,n,NEAL,190
1994,2,1,n,NEAL,48
1994,2,1,n,NEAL,232
1994,2,1,n,PETR,35
1994,2,1,n,NEAL,84
1994,2,2,n,DIME,44
1994,2,2,n,NEAL,164
1994,2,2,n,DIME,26
1994,2,2,n,PETR,24
1994,2,2,n,PEBO,22
1994,2,2,n,PEBO,20
1994,2,2,n,NEAL,210
1994,2,2,n,CHIN,11
1994,2,2,n,PGFV,6
1994,2,2,n,NEAL,206
1994,2,2,n,PELE,19
1994,2,3,n,PGFV,6.5
1994,2,3,n,DIME,42
1994,2,3,n,DIME,35
1994,2,4,n,PGFV,8
1994,3,1,n,NEAL,168
1994,3,1,n,NEAL,48
1994,3,1,n,NEAL,196
1994,3,1,n,NEAL,167
1994,3,1,n,PGFV,6
1994,3,1,n,NEAL,162
1994,3,1,n,CHIN,NA
1994,3,1,n,NEAL,184
1994,3,1,n,NEAL,49
1994,3,1,n,DIME,29
1994,3,2,n,NEAL,200
1994,3,2,n,NEAL,77
1994,3,2,n,PEBO,23
1994,3,2,n,DIME,38
1994,3,2,n,NEAL,142
1994,3,2,n,PEBO,18
1994,3,2,n,NEDO,68
1994,3,2,n,CHIN,NA
1994,3,2,n,CHIN,13
1994,3,3,n,DIME,37
1994,3,4,n,NEAL,213
1994,3,4,n,NEAL,216
1994,3,4,n,PETR,15
1994,3,5,n,DISP,NA
1994,3,5,n,DIME,39
1994,3,5,n,NEAL,97
1994,3,5,n,NEAL,167
1995,1,1,n,DISP,104
1995,1,1,n,PGFV,9
1995,1,1,n,DISP,107
1995,1,1,n,PGFV,9
1995,1,1,n,DIOR,53
1995,1,1,n,DIOR,44
1995,1,1,n,DISP,106
1995,1,1,n,DIOR,49
1995,1,1,n,DIOR,52
1995,1,2,n,DISP,110
1995,1,2,n,DIOR,47
1995,1,2,n,DIOR,37
1995,1,2,n,DIOR,51
1995,1,2,n,PGFV,9
1995,1,2,n,DIOR,37
1995,1,2,n,PGFV,7
1995,1,2,n,DIOR,46
1995,1,2,n,DIOR,53
1995,1,2,n,DIOR,49
1995,1,2,n,DIOR,56
1995,1,2,n,PGFV,9
1995,1,3,n,DIOR,34
1995,1,3,n,PGFV,10
1995,1,3,n,PGFV,9
1995,1,3,n,DIOR,52
1995,1,3,n,PGFV,8
1995,1,3,n,DIOR,30
1995,1,3,n,REMO,9
1995,1,3,n,PGFV,6
1995,1,3,n,DIOR,46
1995,1,3,n,DIOR,49
1995,1,3,n,DIOR,51
1995,1,3,n,PGFV,8
1995,1,3,n,DIOR,46
1995,1,3,n,DIOR,51
1995,1,3,n,DIOR,36
1995,1,3,n,DIOR,48
1995,1,3,n,DISP,89
1995,1,4,n,PGFV,10
1995,1,4,n,DISP,112
1995,1,4,n,ONAR,21
1995,1,4,n,DISP,116
1995,1,4,n,DIOR,40
1995,1,4,n,PGFV,7
1995,1,4,n,DISP,121
1995,1,4,n,DISP,146
1995,1,4,n,PGFV,8
1995,1,4,n,DIOR,NA
1995,1,4,n,PGFV,8
1995,1,4,n,DIOR,47
1995,1,4,n,DISP,122
1995,1,4,n,PGFV,9
1995,1,4,n,DIOR,49
1995,1,4,n,PGFV,8
1995,1,4,n,PGFV,7
1995,1,4,n,PGFV,7
1995,1,4,n,DISP,103
1995,1,4,n,DIOR,51
1995,1,4,n,DIOR,29
1995,1,4,n,PGFV,8
1995,1,4,n,DIOR,51
1995,1,5,n,PGFV,6
1995,1,5,n,PGFV,10
1995,1,5,n,DISP,140
1995,1,5,n,DIOR,43
1995,1,5,n,PGFV,8
1995,1,5,n,DIOR,53
1995,1,5,n,ONAR,18
1995,1,5,n,DIOR,63
1995,1,5,n,DISP,145
1995,1,5,n,PGFV,9
1995,1,5,n,PGFV,8
1995,1,5,n,PGFV,9
1995,1,5,n,PETR,21
1995,1,5,n,PGFV,7
1995,1,5,n,DIOR,52
1995,2,1,n,PGFV,8
1995,2,1,n,PGFV,7
1995,2,1,n,ONAR,26
1995,2,1,n,DIOR,50
1995,2,1,n,DIOR,54
1995,2,1,n,PGFV,9
1995,2,2,n,PGFV,7
1995,2,2,n,PETR,26
1995,2,2,n,DIOR,45
1995,2,2,n,PGFV,8
1995,2,2,n,DIOR,32
1995,2,2,n,REMO,10
1995,2,2,n,DIOR,52
1995,2,2,n,PGFV,8
1995,2,2,n,PGFV,7
1995,2,2,n,REMO,13
1995,2,2,n,DISP,122
1995,2,2,n,DISP,120
1995,2,2,n,PGFV,7
1995,2,3,n,PGFV,8
1995,2,3,n,PGFV,8
1995,2,3,n,DISP,90
1995,2,3,n,PGFV,7
1995,2,3,n,PGFV,10
1995,2,3,n,PGFV,8
1995,2,3,n,PGFV,9
1995,2,3,n,PETR,23
1995,2,3,n,DISP,140
1995,2,3,n,PGFV,7
1995,2,3,n,PGFV,8
1995,2,3,n,DISP,131
1995,2,3,n,PGFV,7
1995,2,3,n,DISP,82
1995,2,3,n,PGFV,8
1995,2,4,n,PGFV,6
1995,2,4,n,DISP,133
1995,2,4,n,DISP,80
1995,2,4,n,PGFV,6
1995,2,4,n,DIOR,50
1995,2,4,n,PGFV,6
1995,2,4,n,DIOR,47
1995,2,4,n,PETR,19
1995,2,4,n,PGFV,6
1995,2,4,n,PGFV,10
1995,2,4,n,PETR,20
1995,2,4,n,PGFV,7
1995,2,4,n,DIOR,54
1995,2,4,n,DIOR,32
1995,2,5,n,DIOR,55
1995,2,5,n,DIOR,46
1995,2,5,n,DISP,122
1995,2,5,n,DIOR,57
1995,2,5,n,DISP,94
1995,2,5,n,PGFV,10
1995,3,1,n,DISP,101
1995,3,1,n,PGFV,11
1995,3,1,n,PGFV,7
1995,3,1,n,DISP,59
1995,3,1,n,DIOR,NA
1995,3,2,n,ONAR,14
1995,3,2,n,PGFV,7
1995,3,2,n,DISP,170
1995,3,2,n,DISP,104
1995,3,2,n,PGFV,7
1995,3,2,n,DISP,NA
1995,3,2,n,DIOR,25
1995,3,2,n,DIOR,52
1995,3,2,n,DISP,140
1995,3,2,n,PGFV,9
1995,3,2,n,DISP,118
1995,3,3,n,REMO,10
1995,3,3,n,PGFV,8
1995,3,3,n,PGFV,8
1995,3,3,n,PGFV,8
1995,3,3,n,DIOR,32
1995,3,3,n,DIOR,37
1995,3,3,n,XESP,110
1995,3,3,n,PGFV,6
1995,3,3,n,DIOR,49
1995,3,3,n,DISP,100
1995,3,3,n,PGFV,8
1995,3,4,n,DIOR,27
1995,3,4,n,DIOR,48
1995,3,4,n,PGFV,8
1995,3,4,n,PELE,18
1995,3,4,n,PGFV,9
1995,3,4,n,PGFV,9
1995,3,4,n,DIOR,53
1995,3,4,n,DIOR,58
1995,3,4,n,PGFV,8
1995,3,4,n,DIOR,39
1995,3,5,n,NEMI,114
1995,3,5,n,DISP,118
1995,3,5,n,PGFV,9
1995,3,5,n,PGFV,7
1995,3,5,n,PETR,24
1995,3,5,n,PGFV,7
1995,3,5,n,NEMI,154
1995,3,5,n,PGFV,8
1995,3,5,n,DISP,132
1995,1,1,n,DIOR,50
1995,1,1,n,ONAR,19
1995,1,1,n,PGFV,8
1995,1,1,n,ONAR,10
1995,1,1,n,PGFV,6
1995,1,1,n,XESP,67
1995,1,1,n,PGFV,7
1995,1,1,n,DISP,114
1995,1,1,n,ONAR,12
1995,1,1,n,ONAR,12
1995,1,1,n,DISP,123
1995,1,1,n,DISP,134
1995,1,1,n,DIOR,50
1995,1,1,n,PGFV,6
1995,1,1,n,DIME,37
1995,1,1,n,PEER,17
1995,1,1,n,DIOR,55
1995,1,1,n,DIOR,55
1995,1,1,n,PGFV,6
1995,1,2,n,PGFV,7
1995,1,2,n,DISP,126
1995,1,2,n,DIOR,40
1995,1,2,n,DIOR,38
1995,1,2,n,PELE,30
1995,1,2,n,DIOR,48
1995,1,2,n,DIOR,49
1995,1,2,n,DIOR,50
1995,1,2,n,XESP,98
1995,1,2,n,ONAR,18
1995,1,2,n,PGFV,7
1995,1,2,n,DIOR,50
1995,1,2,n,PGFV,7
1995,1,2,n,PGFV,7
1995,1,2,n,REMO,8
1995,1,2,n,NEMI,160
1995,1,2,n,DIOR,50
1995,1,2,n,DISP,120
1995,1,2,n,ONAR,22
1995,1,2,n,DIOR,51
1995,1,2,n,DISP,124
1995,1,3,n,DIOR,36
1995,1,3,n,DISP,111
1995,1,3,n,DIOR,50
1995,1,3,n,DIOR,128
1995,1,3,n,DIOR,50
1995,1,3,n,PGFV,8
1995,1,3,n,PGFV,6
1995,1,3,n,PGFV,7
1995,1,3,n,PGFV,5
1995,1,3,n,DISP,130
1995,1,3,n,DISP,148
1995,1,3,n,DIOR,50
1995,1,3,n,DIOR,54
1995,1,3,n,DISP,128
1995,1,3,n,PGFV,5
1995,1,3,n,DISP,84
1995,1,3,n,DISP,132
1995,1,3,n,DISP,111
1995,1,3,n,DIOR,49
1995,1,3,n,DISP,130
1995,1,3,n,DIOR,50
1995,1,3,n,DIOR,49
1995,1,3,n,DISP,114
1995,1,3,n,PGFV,6
1995,1,3,n,PGFV,8
1995,1,4,n,DISP,131
1995,1,4,n,DISP,119
1995,1,4,n,XESP,105
1995,1,4,n,DIOR,45
1995,1,4,n,REME,8
1995,1,4,n,DIOR,45
1995,1,4,n,ONAR,23
1995,1,4,n,ONAR,17
1995,1,4,n,DIOR,48
1995,1,4,n,DISP,115
1995,1,4,n,DISP,90
1995,1,4,n,PGFV,7
1995,1,4,n,DIOR,50
1995,1,4,n,DIOR,46
1995,1,4,n,DISP,116
1995,1,4,n,DIOR,55
1995,1,4,n,PGFV,6
1995,1,4,n,PGFV,7
1995,1,4,n,DIOR,49
1995,1,4,n,DISP,116
1995,1,5,n,PGFV,7
1995,1,5,n,PGFV,6
1995,1,5,n,DIOR,63
1995,1,5,n,DIME,40
1995,1,5,n,DISP,130
1995,1,5,n,DIOR,49
1995,1,5,n,DISP,NA
1995,1,5,n,DISP,138
1995,1,5,n,DIOR,54
1995,1,5,n,DISP,134
1995,1,5,n,PGFV,8
1995,1,5,n,PGFV,7
1995,1,5,n,DISP,141
1995,1,5,n,XESP,100
1995,1,5,n,DISP,134
1995,1,5,n,DIOR,53
1995,1,5,n,DISP,140
1995,1,5,n,DIOR,58
1995,2,1,n,PGFV,7
1995,2,1,n,DISP,114
1995,2,1,n,ONAR,10
1995,2,1,n,DISP,140
1995,2,1,n,PGFV,7
1995,2,1,n,PGFV,7
1995,2,1,n,PGFV,7
1995,2,1,n,PGFV,6
1995,2,1,n,PGFV,6
1995,2,1,n,PGFV,6
1995,2,1,n,ONAR,16
1995,2,1,n,DIOR,48
1995,2,1,n,DIOR,50
1995,2,1,n,DIME,42
1995,2,1,n,DIOR,60
1995,2,1,n,PGFV,7
1995,2,2,n,DIOR,46
1995,2,2,n,XESP,66
1995,2,2,n,NEMI,200
1995,2,2,n,DIME,35
1995,2,2,n,DIME,39
1995,2,2,n,PGFV,7
1995,2,3,n,PGFV,7
1995,2,3,n,DISP,85
1995,2,3,n,PGFV,7
1995,2,3,n,DISP,118
1995,2,3,n,DIME,42
1995,2,3,n,REMO,9
1995,2,3,n,XESP,56
1995,2,3,n,PGFV,6
1995,2,4,n,PGFV,7
1995,2,4,n,DIOR,42
1995,2,4,n,DISP,135
1995,2,4,n,PGFV,6
1995,2,4,n,DISP,130
1995,2,4,n,PGFV,6
1995,2,4,n,PGFV,7
1995,2,4,n,DISP,127
1995,2,4,n,DISP,113
1995,2,4,n,DIOR,50
1995,2,4,n,DIOR,58
1995,2,4,n,REME,10
1995,2,5,n,DIME,40
1995,2,5,n,PGFV,6
1995,2,5,n,ONAR,18
1995,2,5,n,DISP,120
1995,2,5,n,PGFV,7
1995,3,1,n,XESP,102
1995,3,1,n,DIME,42
1995,3,1,n,ONAR,10
1995,3,1,n,DIME,36
1995,3,1,n,DIOR,55
1995,3,1,n,ONAR,17
1995,3,2,n,DIOR,55
1995,3,3,n,ONAR,20
1995,3,3,n,PGFV,7
1995,3,3,n,XESP,95
1995,3,3,n,REMO,10
1995,3,3,n,PGFV,5
1995,3,3,n,PGFV,7
1995,3,3,n,DIOR,51
1995,3,3,n,PGFV,7
1995,3,3,n,DIME,31
1995,3,3,n,DIOR,51
1995,3,4,n,PGFV,7
1995,3,4,n,PGFV,7
1995,3,4,n,PGFV,7
1995,3,4,n,DIOR,50
1995,3,4,n,PGFV,6
1995,3,4,n,DISP,107
1995,3,4,n,PGFV,6
1995,3,4,n,DIOR,58
1995,3,4,n,PGFV,6
1995,3,5,n,DISP,121
1995,3,5,n,DIOR,52
1995,3,5,n,PGFV,9
1995,3,5,n,DIOR,53
1995,3,5,n,DIOR,58
1995,3,5,n,DISP,131
1995,3,5,n,XESP,80
1995,3,5,n,PGFV,8
1995,3,5,n,DISP,122
1995,3,5,n,DIOR,62
1995,1,1,n,DIME,39
1995,1,1,n,DIME,35
1995,1,1,n,DIME,37
1995,1,1,n,DIME,42
1995,1,1,n,DIME,43
1995,1,1,n,DIME,34
1995,1,1,n,DIME,45
1995,1,1,n,DIME,58
1995,1,1,n,PENA,20
1995,1,1,n,DIME,42
1995,1,1,n,DIME,49
1995,1,1,n,DIME,42
1995,1,1,n,DIME,47
1995,1,1,n,DISP,110
1995,1,1,n,DIME,41
1995,1,1,n,DIME,36
1995,1,1,n,DIME,44
1995,1,1,n,DIME,41
1995,1,1,n,DIME,32
1995,1,1,n,DIME,44
1995,1,1,n,DISP,130
1995,1,1,n,DIME,41
1995,1,1,n,DIME,40
1995,1,1,n,DIME,19
1995,1,1,n,DIME,46
1995,1,1,n,ONAR,19
1995,1,1,n,DIME,48
1995,1,1,n,DIME,40
1995,1,1,n,DIME,34
1995,1,1,n,DISP,116
1995,1,1,n,DIME,44
1995,1,1,n,DIME,33
1995,1,1,n,DIME,38
1995,1,1,n,DIME,46
1995,1,1,n,DIME,49
1995,1,1,n,DISP,129
1995,1,2,n,DIME,30
1995,1,2,n,DIME,44
1995,1,2,n,DIME,37
1995,1,2,n,DIME,40
1995,1,2,n,DISP,104
1995,1,2,n,DIME,43
1995,1,2,n,PGFV,8
1995,1,2,n,DIME,35
1995,1,2,n,DISP,90
1995,1,2,n,DIME,41
1995,1,2,n,DIME,40
1995,1,2,n,DISP,95
1995,1,2,n,ONAR,16
1995,1,2,n,DIME,49
1995,1,2,n,DIME,41
1995,1,2,n,DIME,32
1995,1,2,n,DIME,32
1995,1,2,n,DIME,39
1995,1,2,n,DIME,48
1995,1,2,n,DIME,39
1995,1,2,n,DIME,34
1995,1,2,n,DIME,42
1995,1,2,n,ONAR,26
1995,1,2,n,DISP,93
1995,1,3,n,DISP,85
1995,1,3,n,DISP,94
1995,1,3,n,DIME,39
1995,1,3,n,DIME,48
1995,1,3,n,DIME,40
1995,1,3,n,DIME,45
1995,1,3,n,PENA,21
1995,1,3,n,DIME,36
1995,1,3,n,DIME,35
1995,1,3,n,DIME,39
1995,1,3,n,DIME,46
1995,1,3,n,DIME,41
1995,1,3,n,DIME,44
1995,1,3,n,DIME,35
1995,1,3,n,DIME,48
1995,1,3,n,DIME,46
1995,1,3,n,DISP,120
1995,1,3,n,DIME,45
1995,1,3,n,DIME,43
1995,1,3,n,DIME,34
1995,1,3,n,PGFV,8
1995,1,3,n,DIME,44
1995,1,3,n,DIME,24
1995,1,3,n,DIME,48
1995,1,3,n,DIME,35
1995,1,3,n,DIME,36
1995,1,3,n,DIME,46
1995,1,3,n,DIME,23
1995,1,4,n,PGFV,6
1995,1,4,n,DIME,31
1995,1,4,n,DIME,33
1995,1,4,n,DIME,39
1995,1,4,n,DIME,35
1995,1,4,n,DIME,38
1995,1,4,n,DIME,49
1995,1,4,n,DIME,35
1995,1,4,n,DIME,37
1995,1,4,n,DIME,31
1995,1,4,n,DIME,48
1995,1,4,n,DIME,40
1995,1,4,n,DIME,49
1995,1,4,n,DISP,97
1995,1,4,n,DIME,43
1995,1,4,n,DIME,41
1995,1,4,n,DIME,43
1995,1,4,n,DIME,25
1995,1,4,n,DIME,27
1995,1,4,n,DISP,84
1995,1,4,n,PGFV,6
1995,1,4,n,DIME,45
1995,1,4,n,DIME,42
1995,1,4,n,DIME,42
1995,1,4,n,DIME,40
1995,1,4,n,DIME,52
1995,1,5,n,PELE,24
1995,1,5,n,DIME,35
1995,1,5,n,DIME,40
1995,1,5,n,DIME,48
1995,1,5,n,DIME,43
1995,1,5,n,DIME,36
1995,1,5,n,DIME,43
1995,1,5,n,DIME,45
1995,1,5,n,DIME,42
1995,1,5,n,DIME,39
1995,1,5,n,DIME,37
1995,1,5,n,DIME,38
1995,1,5,n,ONAR,15
1995,1,5,n,DIME,NA
1995,1,5,n,DIME,23
1995,1,5,n,DIME,51
1995,1,5,n,DIME,43
1995,1,5,n,DIME,25
1995,1,5,n,DIME,46
1995,1,5,n,DIME,33
1995,1,5,n,DIME,40
1995,1,5,n,DIME,43
1995,1,5,n,DIME,44
1995,1,5,n,DIME,40
1995,1,5,n,DISP,146
1995,2,1,n,PEBO,18
1995,2,1,n,DIME,33
1995,2,1,n,NEAL,90
1995,2,1,n,PETR,18
1995,2,1,n,DIME,44
1995,2,1,n,ONAR,13
1995,2,1,n,DIME,32
1995,2,1,n,DIME,44
1995,2,1,n,DIME,43
1995,2,1,n,DIME,45
1995,2,1,n,DISP,100
1995,2,1,n,DISP,114
1995,2,2,n,DISP,136
1995,2,2,n,DISP,120
1995,2,2,n,PGFV,10
1995,2,2,n,DIME,34
1995,2,2,n,PGFV,8
1995,2,2,n,DIME,29
1995,2,2,n,DIME,27
1995,2,2,n,DISP,102
1995,2,2,n,DIME,43
1995,2,2,n,DISP,96
1995,2,2,n,DIME,43
1995,2,3,n,DIME,40
1995,2,3,n,DIME,40
1995,2,3,n,DIME,33
1995,2,3,n,DISP,110
1995,2,3,n,DIME,45
1995,2,3,n,DIME,38
1995,2,3,n,DIME,68
1995,2,3,n,DIME,42
1995,2,3,n,PGFV,7
1995,2,4,n,DIME,41
1995,2,4,n,DIME,44
1995,2,4,n,DIME,40
1995,2,4,n,DIME,44
1995,2,4,n,DISP,104
1995,2,4,n,DIME,44
1995,2,4,n,PGFV,6
1995,2,5,n,DISP,88
1995,2,5,n,PGFV,NA
1995,2,5,n,DIME,29
1995,2,5,n,DIME,33
1995,2,5,n,DIME,40
1995,2,5,n,PGFV,7
1995,2,5,n,DIME,46
1995,2,5,n,PGFV,5
1995,2,5,n,ONAR,14
1995,2,5,n,DISP,108
1995,2,5,n,PGFV,7
1995,2,5,n,REME,NA
1995,2,5,n,DIME,39
1995,2,5,n,DIME,41
1995,2,5,n,NEAL,50
1995,2,5,n,DIME,34
1995,3,1,n,DIME,NA
1995,3,1,n,DISP,120
1995,3,1,n,DIME,46
1995,3,1,n,ONAR,20
1995,3,1,n,PEER,26
1995,3,1,n,DIME,30
1995,3,1,n,DIME,44
1995,3,1,n,PGFV,5
1995,3,2,n,PGFV,8
1995,3,2,n,PGFV,8
1995,3,2,n,PETR,21
1995,3,3,n,DIME,26
1995,3,3,n,DIME,39
1995,3,3,n,DIME,44
1995,3,3,n,DIME,47
1995,3,4,n,DIME,38
1995,3,4,n,DIME,30
1995,3,4,n,DIME,47
1995,3,4,n,DIME,36
1995,3,5,n,PGFV,9
1995,3,5,n,PGFV,7
1995,3,5,n,DIME,31
1995,3,5,n,DIME,35
1995,3,5,n,DIME,44
1995,3,5,n,PGFV,7
1995,1,1,n,DIME,37
1995,1,1,n,DIME,45
1995,1,1,n,PEER,20
1995,1,1,n,DIME,50
1995,1,1,n,DIME,41
1995,1,1,n,PEER,21
1995,1,1,n,DIME,46
1995,1,1,n,DIME,39
1995,1,1,n,DIME,49
1995,1,1,n,DIME,43
1995,1,1,n,DIME,41
1995,1,1,n,DIME,40
1995,1,1,n,DIOR,55
1995,1,1,n,DIME,36
1995,1,1,n,DIME,41
1995,1,1,n,DIME,42
1995,1,1,n,DISP,120
1995,1,1,n,DIME,41
1995,1,1,n,DIME,44
1995,1,1,n,DIME,41
1995,1,1,n,DIME,41
1995,1,1,n,DIME,41
1995,1,1,n,DIME,41
1995,1,1,n,PEER,23
1995,1,1,n,PEER,19
1995,1,1,n,DISP,130
1995,1,1,n,DIME,41
1995,1,1,n,DIME,43
1995,1,1,n,PEER,22
1995,1,1,n,DISP,126
1995,1,1,n,DIME,44
1995,1,1,n,DISP,116
1995,1,1,n,DIME,40
1995,1,1,n,DIME,41
1995,1,1,n,PEER,22
1995,1,1,n,DIME,43
1995,1,1,n,DIME,41
1995,1,1,n,DISP,131
1995,1,1,n,DIME,39
1995,1,2,n,DIME,45
1995,1,2,n,DISP,114
1995,1,2,n,DIME,40
1995,1,2,n,DIME,38
1995,1,2,n,DISP,106
1995,1,2,n,DIME,44
1995,1,2,n,DIME,37
1995,1,2,n,PGFV,7
1995,1,2,n,DIME,40
1995,1,2,n,PGFV,5
1995,1,2,n,DIME,39
1995,1,2,n,PEER,18
1995,1,2,n,DIME,38
1995,1,2,n,DIME,46
1995,1,2,n,DIME,41
1995,1,2,n,PEER,22
1995,1,2,n,DISP,119
1995,1,2,n,DIME,39
1995,1,2,n,ONAR,19
1995,1,2,n,DIME,41
1995,1,2,n,DIME,37
1995,1,2,n,DIME,41
1995,1,2,n,DIME,41
1995,1,2,n,DIME,39
1995,1,2,n,PGFV,7
1995,1,2,n,DIME,37
1995,1,2,n,DISP,109
1995,1,2,n,ONAR,7
1995,1,2,n,PGFV,8
1995,1,2,n,DIME,38
1995,1,3,n,DIME,39
1995,1,3,n,DISP,110
1995,1,3,n,ONAR,14
1995,1,3,n,DISP,124
1995,1,3,n,DIME,44
1995,1,3,n,DIME,36
1995,1,3,n,DIME,41
1995,1,3,n,DIME,42
1995,1,3,n,ONAR,18
1995,1,3,n,PEER,22
1995,1,3,n,DIME,41
1995,1,3,n,DIME,43
1995,1,3,n,DIME,39
1995,1,3,n,DIME,42
1995,1,3,n,DISP,122
1995,1,3,n,DIME,44
1995,1,3,n,DIME,40
1995,1,3,n,DIME,45
1995,1,3,n,DIME,41
1995,1,3,n,ONAR,18
1995,1,3,n,DIME,43
1995,1,3,n,PEER,23
1995,1,3,n,DIME,45
1995,1,3,n,DIME,46
1995,1,3,n,DIME,40
1995,1,3,n,DIME,40
1995,1,3,n,PGFV,7
1995,1,3,n,PEER,21
1995,1,3,n,DIME,44
1995,1,3,n,PEER,20
1995,1,3,n,PEER,16
1995,1,3,n,DIME,39
1995,1,3,n,DIME,42
1995,1,3,n,PGFV,6
1995,1,3,n,DIME,46
1995,1,3,n,DIME,38
1995,1,3,n,DIME,46
1995,1,4,n,DIME,38
1995,1,4,n,DISP,108
1995,1,4,n,DIME,40
1995,1,4,n,DIME,39
1995,1,4,n,DIME,35
1995,1,4,n,DIME,46
1995,1,4,n,DIME,39
1995,1,4,n,DIME,39
1995,1,4,n,DIME,40
1995,1,4,n,DIME,40
1995,1,4,n,PEER,19
1995,1,4,n,DIME,45
1995,1,4,n,DIME,38
1995,1,4,n,DIME,41
1995,1,4,n,DISP,117
1995,1,4,n,DIME,43
1995,1,4,n,DIME,38
1995,1,4,n,PEER,18
1995,1,4,n,DIME,38
1995,1,4,n,PEER,19
1995,1,4,n,DIME,36
1995,1,4,n,PGFV,5
1995,1,4,n,DIME,40
1995,1,4,n,DIME,37
1995,1,4,n,DISP,115
1995,1,4,n,DIME,42
1995,1,4,n,DIME,38
1995,1,4,n,DIME,42
1995,1,4,n,DIME,43
1995,1,4,n,DIME,36
1995,1,4,n,DIME,38
1995,1,4,n,DIME,38
1995,1,5,n,DIME,41
1995,1,5,n,DIME,48
1995,1,5,n,DIME,44
1995,1,5,n,DISP,160
1995,1,5,n,PGFV,8
1995,1,5,n,DIME,36
1995,1,5,n,DISP,140
1995,1,5,n,ONAR,16
1995,1,5,n,PGFV,6
1995,1,5,n,DIME,35
1995,1,5,n,DIME,38
1995,1,5,n,DIME,43
1995,1,5,n,REMO,12
1995,1,5,n,DIME,45
1995,1,5,n,DIME,46
1995,1,5,n,PGFV,7
1995,1,5,n,DIME,38
1995,1,5,n,DIME,42
1995,1,5,n,DIME,45
1995,1,5,n,PEER,24
1995,1,5,n,DISP,131
1995,1,5,n,DIME,44
1995,1,5,n,REME,13
1995,1,5,n,DIME,43
1995,1,5,n,DIME,37
1995,1,5,n,DIME,41
1995,1,5,n,ONAR,8
1995,1,5,n,DIME,36
1995,1,5,n,DIME,40
1995,1,5,n,DIME,46
1995,1,5,n,NEAL,128
1995,1,5,n,DIME,38
1995,1,5,n,DIME,38
1995,1,5,n,DIME,39
1995,1,5,n,DIME,43
1995,1,5,n,DIME,41
1995,1,5,n,PEER,18
1995,1,5,n,DIME,39
1995,1,5,n,DIME,43
1995,1,5,n,DIOR,49
1995,1,5,n,DIME,39
1995,1,5,n,NEAL,210
1995,1,5,n,DIME,38
1995,1,5,n,DIME,42
1995,2,1,n,DISP,130
1995,2,1,n,DIME,37
1995,2,1,n,DIME,42
1995,2,1,n,ONAR,17
1995,2,1,n,PEER,20
1995,2,1,n,DISP,128
1995,2,1,n,DIME,47
1995,2,1,n,DIME,42
1995,2,1,n,DIME,39
1995,2,2,n,DISP,123
1995,2,2,n,DISP,118
1995,2,2,n,PGFV,7
1995,2,2,n,DIME,45
1995,2,2,n,DISP,125
1995,2,2,n,PGFV,7
1995,2,2,n,DIME,43
1995,2,2,n,REME,8
1995,2,2,n,DIME,39
1995,2,2,n,DIME,42
1995,2,2,n,ONAR,18
1995,2,2,n,DIME,39
1995,2,3,n,ONAR,18
1995,2,3,n,DIME,42
1995,2,3,n,ONAR,16
1995,2,3,n,PGFV,7
1995,2,3,n,PEER,20
1995,2,3,n,ONAR,16
1995,2,3,n,DIME,39
1995,2,4,n,ONAR,13
1995,2,4,n,DISP,108
1995,2,4,n,PGFV,7
1995,2,4,n,PGFV,6
1995,2,4,n,DIME,38
1995,2,4,n,DIME,50
1995,2,4,n,PGFV,5
1995,2,4,n,DIME,43
1995,2,4,n,DIME,42
1995,2,4,n,DIME,37
1995,2,4,n,PGFV,6
1995,2,4,n,PEER,17
1995,2,4,n,DIME,45
1995,2,4,n,PGFV,8
1995,2,4,n,DISP,128
1995,2,4,n,DIME,41
1995,2,4,n,PGFV,7
1995,2,4,n,DIME,33
1995,2,5,n,DIME,39
1995,2,5,n,DISP,116
1995,2,5,n,DIME,41
1995,2,5,n,DISP,114
1995,2,5,n,ONAR,21
1995,2,5,n,DIME,43
1995,2,5,n,DIME,37
1995,2,5,n,REME,12
1995,2,5,n,PGFV,7
1995,2,5,n,DIME,37
1995,2,5,n,PEER,14
1995,2,5,n,PELE,20
1995,3,1,n,DIME,37
1995,3,2,n,DIME,41
1995,3,2,n,DIME,44
1995,3,2,n,DIME,49
1995,3,2,n,DIME,39
1995,3,2,n,ONAR,8
1995,3,3,n,NEAL,132
1995,3,3,n,REME,12
1995,3,3,n,DISP,110
1995,3,3,n,PGFV,7
1995,3,3,n,ONAR,18
1995,3,3,n,DIME,41
1995,3,4,n,DIME,44
1995,3,4,n,REMO,9
1995,3,4,n,XESP,64
1995,3,4,n,DIME,42
1995,3,4,n,DIME,40
1995,3,5,n,PELE,NA
1995,3,5,n,ONAR,26
1995,3,5,n,PGFV,6
1995,3,5,n,ONAR,17
1995,3,5,n,NEAL,204
1995,3,5,n,REME,12
1995,1,1,n,PETR,33
1995,1,1,n,PETR,24
1995,1,1,n,PETR,23
1995,1,1,n,PETR,21
1995,1,1,n,PETR,15
1995,1,1,n,PETR,23
1995,1,1,n,PETR,24
1995,1,1,n,PETR,20
1995,1,2,n,PETR,22
1995,1,2,n,PETR,22
1995,1,2,n,PETR,24
1995,1,2,n,PETR,20
1995,1,2,n,PETR,23
1995,1,2,n,PETR,22
1995,1,2,n,PETR,22
1995,1,2,n,PETR,23
1995,1,2,n,PETR,32
1995,1,3,n,CHIN,16
1995,1,3,n,PETR,22
1995,1,3,n,PETR,17
1995,1,3,n,PETR,26
1995,1,3,n,PETR,20
1995,1,4,n,PETR,25
1995,1,4,n,PETR,10
1995,1,4,n,PETR,36
1995,1,4,n,PETR,22
1995,1,5,n,PETR,22
1995,1,5,n,PETR,25
1995,1,5,n,PETR,27
1995,2,1,n,PETR,24
1995,2,2,n,PETR,23
1995,2,2,n,PETR,18
1995,2,2,n,PETR,24
1995,2,2,n,PETR,22
1995,2,2,n,PETR,21
1995,2,2,n,PETR,16
1995,2,3,n,NEAL,130
1995,2,3,n,PGFV,11
1995,2,3,n,CHIN,15
1995,2,4,n,PETR,17
1995,2,4,n,PETR,27
1995,2,4,n,PETR,18
1995,2,4,n,PETR,27
1995,2,4,n,PETR,23
1995,2,4,n,PETR,26
1995,2,5,n,NEAL,110
1995,2,5,n,PETR,26
1995,2,5,n,PETR,24
1995,2,5,n,PETR,18
1995,2,5,n,NEQU,55
1995,2,5,n,PETR,24
1995,3,1,n,PETR,19
1995,3,1,n,PETR,21
1995,3,1,n,PETR,NA
1995,3,3,n,PETR,NA
1995,3,3,n,PETR,29
1995,3,3,n,PETR,27
1995,3,4,n,NEQU,64
1995,3,4,n,PETR,12
1995,3,4,n,PETR,26
1995,3,5,n,NEQU,56
1995,3,5,n,NEQU,65
1995,3,5,n,NEAL,150
1995,3,5,n,PEBO,NA
1995,3,5,n,NEQU,55
1995,1,1,n,PEBO,21
1995,1,1,n,NEAL,114
1995,1,1,n,PEBO,23
1995,1,1,n,PETR,26
1995,1,1,n,PETR,25
1995,1,1,n,PETR,25
1995,1,1,n,PETR,20
1995,1,1,n,PETR,20
1995,1,1,n,PETR,26
1995,1,1,n,PETR,25
1995,1,1,n,PETR,26
1995,1,1,n,PETR,21
1995,1,1,n,NEAL,148
1995,1,2,n,PETR,27
1995,1,2,n,PETR,22
1995,1,2,n,PETR,24
1995,1,2,n,PETR,21
1995,1,2,n,PETR,21
1995,1,2,n,PETR,25
1995,1,2,n,PETR,23
1995,1,2,n,PETR,24
1995,1,3,n,PETR,24
1995,1,3,n,PGFV,9
1995,1,3,n,PGFV,11
1995,1,3,n,PETR,28
1995,1,3,n,PGFV,6
1995,1,3,n,PETR,21
1995,1,4,n,PETR,30
1995,1,4,n,PETR,26
1995,1,4,n,PETR,24
1995,1,4,n,PETR,28
1995,1,4,n,NEAL,168
1995,1,4,n,PGFV,8
1995,1,4,n,CHIN,11
1995,1,5,n,PETR,27
1995,1,5,n,PETR,24
1995,1,5,n,PGFV,9
1995,1,5,n,PETR,26
1995,1,5,n,PETR,20
1995,1,5,n,PETR,20
1995,2,1,n,NEAL,124
1995,2,1,n,PETR,21
1995,2,1,n,PETR,26
1995,2,1,n,PETR,21
1995,2,2,n,PETR,27
1995,2,2,n,PETR,21
1995,2,2,n,PEBO,13
1995,2,2,n,PETR,31
1995,2,3,n,PETR,NA
1995,2,3,n,PETR,22
1995,2,3,n,PGFV,NA
1995,2,3,n,PGFV,8
1995,2,3,n,PETR,22
1995,2,3,n,NEAL,100
1995,2,3,n,PETR,32
1995,2,3,n,PGFV,7
1995,2,3,n,CHIN,15
1995,2,4,n,NEAL,174
1995,2,4,n,CHIN,12
1995,2,4,n,PETR,22
1995,2,4,n,PETR,17
1995,2,4,n,PETR,19
1995,2,5,n,NEAL,148
1995,2,5,n,PETR,24
1995,2,5,n,PETR,27
1995,2,5,n,NEAL,124
1995,2,5,n,PETR,23
1995,2,5,n,PGFV,7
1995,2,5,n,PETR,21
1995,2,5,n,CHIN,14
1995,3,1,n,PETR,21
1995,3,1,n,PETR,22
1995,3,1,n,PETR,24
1995,3,1,n,NEAL,108
1995,3,1,n,PETR,29
1995,3,2,n,PETR,23
1995,3,2,n,PETR,21
1995,3,2,n,NEAL,63
1995,3,2,n,PEBO,14
1995,3,2,n,PETR,19
1995,3,2,n,PETR,25
1995,3,3,n,PETR,25
1995,3,3,n,PETR,19
1995,3,3,n,PETR,19
1995,3,3,n,PETR,20
1995,3,3,n,PETR,21
1995,3,3,n,PGFV,7
1995,3,3,n,PETR,27
1995,3,3,n,NEAL,143
1995,3,4,n,PETR,24
1995,3,4,n,REME,11
1995,3,4,n,PETR,26
1995,3,4,n,PGFV,11
1995,3,4,n,PETR,17
1995,3,4,n,PETR,16
1995,3,4,n,PETR,18
1995,3,5,n,PETR,25
1995,1,1,n,NEAL,210
1995,1,1,n,DIOR,42
1995,1,1,n,DIME,34
1995,1,1,n,PETR,26
1995,1,1,n,ONLE,40
1995,1,1,n,DIME,45
1995,1,1,n,ONLE,52
1995,1,1,n,DIME,31
1995,1,1,n,NEAL,150
1995,1,1,n,DIME,37
1995,1,1,n,ONLE,27
1995,1,1,n,PGFL,15
1995,1,1,n,DIME,48
1995,1,1,n,DIME,42
1995,1,1,n,DIME,47
1995,1,1,n,NEAL,190
1995,1,1,n,PGFL,13
1995,1,1,n,DIME,50
1995,1,1,n,NEAL,60
1995,1,1,n,DIME,35
1995,1,1,n,NEAL,215
1995,1,1,n,DIOR,49
1995,1,1,n,PGFL,13
1995,1,1,n,NEAL,220
1995,1,1,n,PETR,30
1995,1,1,n,DIME,46
1995,1,1,n,PGFL,13
1995,1,1,n,DIOR,52
1995,1,1,n,DIME,46
1995,1,1,n,DIOR,50
1995,1,1,n,DIOR,42
1995,1,1,n,PGFL,9
1995,1,1,n,PGFL,9
1995,1,1,n,NEAL,164
1995,1,1,n,NEAL,85
1995,1,1,n,XESP,NA
1995,1,1,n,DIOR,60
1995,1,1,n,DIOR,40
1995,1,1,n,NEAL,NA
1995,1,1,n,PGFL,7
1995,1,1,n,NEAL,86
1995,1,1,n,DIOR,37
1995,1,1,n,PELE,28
1995,1,1,n,DIOR,55
1995,1,1,n,DIME,43
1995,1,1,n,DIOR,52
1995,1,2,n,PGFL,13
1995,1,2,n,DIOR,48
1995,1,2,n,PGFL,14
1995,1,2,n,DIOR,58
1995,1,2,n,PETR,30
1995,1,2,n,PETR,26
1995,1,2,n,DIOR,52
1995,1,2,n,ONLE,38
1995,1,2,n,PETR,31
1995,1,2,n,PETR,24
1995,1,2,n,NEAL,104
1995,1,2,n,DIOR,55
1995,1,2,n,PGFL,12
1995,1,2,n,ONLE,26
1995,1,2,n,NEAL,119
1995,1,2,n,DIOR,49
1995,1,2,n,PETR,22
1995,1,2,n,ONLE,21
1995,1,2,n,DIOR,56
1995,1,2,n,DIOR,43
1995,1,2,n,ONLE,48
1995,1,2,n,DIME,49
1995,1,2,n,XESP,103
1995,1,2,n,DIOR,51
1995,1,2,n,PETR,24
1995,1,2,n,PGFL,11
1995,1,2,n,DIOR,59
1995,1,2,n,PGFL,9
1995,1,2,n,DIME,39
1995,1,2,n,NEAL,187
1995,1,2,n,ONLE,34
1995,1,2,n,XESP,116
1995,1,2,n,PETR,25
1995,1,2,n,DIOR,55
1995,1,2,n,DIOR,48
1995,1,2,n,DIME,30
1995,1,3,n,DIOR,53
1995,1,3,n,DIOR,46
1995,1,3,n,ONLE,32
1995,1,3,n,PGFL,12
1995,1,3,n,NEAL,166
1995,1,3,n,DIOR,29
1995,1,3,n,DIOR,55
1995,1,3,n,DIOR,48
1995,1,3,n,PGFL,9
1995,1,3,n,DIME,32
1995,1,3,n,DIME,34
1995,1,3,n,XESP,128
1995,1,3,n,PELE,21
1995,1,3,n,DIME,45
1995,1,3,n,DIOR,30
1995,1,3,n,DIOR,47
1995,1,3,n,ONLE,30
1995,1,3,n,DIOR,46
1995,1,3,n,PGFV,10
1995,1,3,n,PGFL,11
1995,1,3,n,DIOR,41
1995,1,3,n,DIME,37
1995,1,3,n,DIME,49
1995,1,3,n,PELE,25
1995,1,3,n,DIOR,51
1995,1,3,n,DIME,41
1995,1,3,n,PGFL,14
1995,1,3,n,PGFL,10
1995,1,3,n,DIOR,50
1995,1,3,n,DIOR,36
1995,1,3,n,PGFL,8
1995,1,3,n,DIME,43
1995,1,3,n,PGFL,10
1995,1,4,n,ONLE,42
1995,1,4,n,DIME,44
1995,1,4,n,XESP,124
1995,1,4,n,DIOR,61
1995,1,4,n,NEAL,90
1995,1,4,n,DIOR,45
1995,1,4,n,DIOR,57
1995,1,4,n,DIOR,36
1995,1,4,n,PGFL,12
1995,1,4,n,PGFL,9
1995,1,4,n,DIME,45
1995,1,4,n,PELE,28
1995,1,4,n,PGFL,10
1995,1,4,n,NEAL,180
1995,1,4,n,NEAL,70
1995,1,4,n,DIOR,50
1995,1,4,n,PGFL,14
1995,1,4,n,ONLE,38
1995,1,4,n,PELE,28
1995,1,4,n,DIME,56
1995,1,4,n,DIME,40
1995,1,4,n,DIME,29
1995,1,4,n,DIOR,54
1995,1,4,n,DIOR,35
1995,1,4,n,PGFV,7
1995,1,4,n,PGFL,9
1995,1,4,n,DIOR,50
1995,1,4,n,NEAL,104
1995,1,4,n,DIOR,55
1995,1,4,n,DIME,NA
1995,1,4,n,DIOR,50
1995,1,4,n,ONLE,30
1995,1,4,n,NEAL,110
1995,1,4,n,REME,12
1995,1,4,n,DIME,44
1995,1,4,n,PGFL,14
1995,1,5,n,NEAL,125
1995,1,5,n,DIOR,50
1995,1,5,n,DIME,43
1995,1,5,n,NEAL,160
1995,1,5,n,DIOR,56
1995,1,5,n,DIOR,49
1995,1,5,n,ONLE,38
1995,1,5,n,DIOR,53
1995,1,5,n,PELE,28
1995,1,5,n,DIOR,49
1995,1,5,n,DIOR,53
1995,1,5,n,ONLE,NA
1995,1,5,n,ONLE,33
1995,1,5,n,DIOR,52
1995,1,5,n,DIOR,50
1995,1,5,n,DIME,44
1995,1,5,n,DIOR,50
1995,1,5,n,DIOR,47
1995,1,5,n,ONLE,25
1995,1,5,n,REME,16
1995,1,5,n,DIME,47
1995,1,5,n,DIOR,54
1995,1,5,n,NEAL,98
1995,1,5,n,DIOR,52
1995,1,5,n,PELE,27
1995,1,5,n,DIME,27
1995,1,5,n,DIME,42
1995,1,5,n,ONLE,34
1995,1,5,n,DIOR,55
1995,2,1,n,NEAL,142
1995,2,1,n,DIOR,51
1995,2,1,n,DIOR,55
1995,2,1,n,ONLE,30
1995,2,1,n,NEAL,146
1995,2,1,n,PGFL,13
1995,2,1,n,PGFL,10
1995,2,2,n,DIOR,52
1995,2,2,n,PGFL,13
1995,2,2,n,PGFL,12
1995,2,2,n,NEAL,183
1995,2,2,n,PGFL,14
1995,2,2,n,NEAL,107
1995,2,2,n,PGFL,12
1995,2,2,n,DIME,36
1995,2,2,n,PETR,27
1995,2,2,n,PGFL,NA
1995,2,2,n,ONLE,37
1995,2,3,n,PGFL,9
1995,2,3,n,REME,11
1995,2,3,n,PGFL,11
1995,2,3,n,DIOR,44
1995,2,3,n,DIOR,44
1995,2,3,n,PGFL,10
1995,2,3,n,DIME,36
1995,2,3,n,REME,14
1995,2,3,n,ONLE,26
1995,2,3,n,PGFL,6
1995,2,3,n,DIOR,41
1995,2,3,n,PGFL,9
1995,2,3,n,PGFL,14
1995,2,3,n,PGFL,12
1995,2,3,n,PGFL,10
1995,2,3,n,PGFL,8
1995,2,3,n,NEAL,118
1995,2,3,n,DIOR,38
1995,2,3,n,PGFL,12
1995,2,3,n,ONLE,27
1995,2,3,n,PGFL,14
1995,2,3,n,DIOR,24
1995,2,3,n,PGFL,14
1995,2,4,n,ONLE,31
1995,2,4,n,PGFL,NA
1995,2,4,n,NEAL,160
1995,2,4,n,PGFL,9
1995,2,4,n,NEAL,112
1995,2,4,n,PELE,29
1995,2,4,n,PELE,14
1995,2,4,n,NEAL,82
1995,2,4,n,DIME,31
1995,2,4,n,PGFL,9
1995,2,4,n,PELE,30
1995,2,4,n,PGFL,13
1995,2,4,n,PGFL,14
1995,2,4,n,DIME,52
1995,2,4,n,ONLE,30
1995,2,4,n,NEAL,100
1995,2,4,n,REME,11
1995,2,4,n,PELE,25
1995,2,4,n,NEAL,154
1995,2,5,n,NEAL,76
1995,2,5,n,PELE,28
1995,2,5,n,NEAL,52
1995,2,5,n,ONLE,17
1995,2,5,n,PELE,28
1995,2,5,n,PGFL,12
1995,2,5,n,ONLE,NA
1995,2,5,n,DIME,46
1995,2,5,n,ONLE,32
1995,2,5,n,ONLE,34
1995,3,1,n,DIOR,53
1995,3,1,n,ONLE,22
1995,3,1,n,PETR,23
1995,3,1,n,PGFL,11
1995,3,1,n,NEAL,69
1995,3,1,n,NEAL,47
1995,3,1,n,PGFL,15
1995,3,1,n,PETR,NA
1995,3,1,n,NEAL,74
1995,3,1,n,NEAL,148
1995,3,1,n,NEAL,128
1995,3,1,n,DIOR,55
1995,3,1,n,PGFL,16
1995,3,2,n,NEAL,59
1995,3,2,n,ONLE,27
1995,3,2,n,ONLE,22
1995,3,2,n,DIOR,32
1995,3,2,n,PGFL,14
1995,3,2,n,DIME,38
1995,3,2,n,DIME,33
1995,3,2,n,NEAL,104
1995,3,2,n,DIOR,55
1995,3,2,n,PGFL,9
1995,3,2,n,NEAL,76
1995,3,3,n,DIOR,32
1995,3,3,n,PGFL,5
1995,3,3,n,NEAL,87
1995,3,3,n,DIOR,38
1995,3,3,n,PGFL,7
1995,3,3,n,PGFL,8
1995,3,3,n,PELE,17
1995,3,4,n,PGFL,11
1995,3,4,n,DIOR,67
1995,3,4,n,NEAL,172
1995,3,4,n,NEAL,170
1995,3,4,n,PELE,NA
1995,3,4,n,ONLE,13
1995,3,4,n,DIOR,55
1995,3,4,n,NEAL,102
1995,3,4,n,PGFL,8
1995,3,4,n,DIOR,52
1995,3,5,n,DIOR,56
1995,3,5,n,DIOR,57
1995,3,5,n,NEAL,150
1995,3,5,n,NEAL,70
1995,3,5,n,PGFL,12
1995,3,5,n,PELE,15
1995,1,1,n,DIOR,52
1995,1,1,n,NEAL,132
1995,1,1,n,DIME,40
1995,1,1,n,DIOR,53
1995,1,1,n,NEAL,198
1995,1,1,n,DIOR,68
1995,1,1,n,DIOR,49
1995,1,1,n,DIOR,51
1995,1,1,n,NEAL,180
1995,1,1,n,DIOR,49
1995,1,1,n,DISP,149
1995,1,1,n,NEAL,122
1995,1,1,n,NEAL,142
1995,1,1,n,DIME,45
1995,1,1,n,DIOR,58
1995,1,1,n,DIME,44
1995,1,1,n,ONLE,30
1995,1,1,n,REME,9
1995,1,1,n,NEAL,136
1995,1,2,n,DIOR,54
1995,1,2,n,DIOR,49
1995,1,2,n,PGFL,9
1995,1,2,n,DIOR,53
1995,1,2,n,NEAL,182
1995,1,2,n,DIME,39
1995,1,2,n,PELE,17
1995,1,2,n,PGFL,9
1995,1,2,n,DIOR,47
1995,1,2,n,ONLE,27
1995,1,2,n,DIOR,47
1995,1,2,n,NEAL,174
1995,1,2,n,NEAL,127
1995,1,2,n,PGFL,9
1995,1,2,n,DIOR,44
1995,1,2,n,DIOR,53
1995,1,2,n,DIOR,51
1995,1,2,n,DIOR,45
1995,1,2,n,DIOR,52
1995,1,2,n,NEAL,89
1995,1,2,n,DIME,38
1995,1,2,n,DIOR,46
1995,1,2,n,DIME,39
1995,1,3,n,DIOR,54
1995,1,3,n,ONLE,32
1995,1,3,n,REME,11
1995,1,3,n,DIME,40
1995,1,3,n,PGFL,8
1995,1,3,n,DIME,44
1995,1,3,n,DIOR,52
1995,1,3,n,DIOR,45
1995,1,3,n,PELE,20
1995,1,3,n,NEAL,174
1995,1,3,n,DIOR,49
1995,1,3,n,DIME,47
1995,1,3,n,ONLE,37
1995,1,3,n,ONLE,34
1995,1,3,n,REME,10
1995,1,3,n,NEAL,183
1995,1,3,n,DIOR,53
1995,1,3,n,DIOR,51
1995,1,3,n,PGFL,9
1995,1,3,n,DIOR,48
1995,1,3,n,NEAL,117
1995,1,3,n,PGFL,9
1995,1,3,n,DIOR,42
1995,1,4,n,NEAL,174
1995,1,4,n,DIME,43
1995,1,4,n,DIOR,NA
1995,1,4,n,DIOR,45
1995,1,4,n,DIOR,42
1995,1,4,n,PGFL,11
1995,1,4,n,DIOR,61
1995,1,4,n,PGFL,9
1995,1,4,n,DIOR,NA
1995,1,4,n,DIOR,59
1995,1,4,n,ONLE,36
1995,1,4,n,PGFL,11
1995,1,4,n,DIOR,NA
1995,1,4,n,ONLE,32
1995,1,4,n,NEAL,180
1995,1,4,n,DIOR,53
1995,1,4,n,DIOR,48
1995,1,4,n,DIME,42
1995,1,4,n,REME,12
1995,1,4,n,NEAL,168
1995,1,4,n,REME,10
1995,1,4,n,DIOR,56
1995,1,4,n,NEAL,120
1995,1,4,n,DIME,46
1995,1,4,n,NEAL,138
1995,1,4,n,DIME,46
1995,1,4,n,DIOR,52
1995,1,4,n,DIME,38
1995,1,4,n,NEAL,200
1995,1,5,n,NEAL,192
1995,1,5,n,NEAL,130
1995,1,5,n,DIOR,52
1995,1,5,n,DIOR,56
1995,1,5,n,DIOR,51
1995,1,5,n,NEAL,NA
1995,1,5,n,DIOR,51
1995,1,5,n,DIOR,NA
1995,1,5,n,DIOR,53
1995,1,5,n,ONLE,32
1995,1,5,n,NEAL,158
1995,1,5,n,NEAL,152
1995,1,5,n,DIOR,60
1995,1,5,n,DIME,42
1995,1,5,n,DIOR,48
1995,1,5,n,PGFL,10
1995,1,5,n,DIOR,55
1995,1,5,n,DIME,41
1995,1,5,n,DIOR,54
1995,1,5,n,DIOR,53
1995,1,5,n,ONLE,37
1995,1,5,n,DIOR,59
1995,1,5,n,ONLE,36
1995,1,5,n,DIOR,52
1995,1,5,n,DIME,41
1995,1,5,n,DIOR,51
1995,1,5,n,DIME,39
1995,1,5,n,NEAL,100
1995,2,1,n,ONLE,31
1995,2,1,n,DIOR,51
1995,2,1,n,NEAL,136
1995,2,1,n,PGFL,13
1995,2,1,n,DIME,39
1995,2,1,n,DIME,42
1995,2,1,n,DIME,47
1995,2,1,n,NEAL,154
1995,2,2,n,NEAL,139
1995,2,2,n,DIOR,53
1995,2,2,n,PGFL,10
1995,2,2,n,REME,11
1995,2,2,n,DIOR,48
1995,2,2,n,REME,11
1995,2,2,n,NEAL,141
1995,2,2,n,REME,8
1995,2,2,n,NEAL,141
1995,2,3,n,PGFL,10
1995,2,3,n,PGFL,9
1995,2,3,n,REME,12
1995,2,3,n,PELE,18
1995,2,3,n,NEAL,163
1995,2,3,n,ONLE,33
1995,2,3,n,DIOR,52
1995,2,3,n,DIOR,51
1995,2,3,n,NEAL,153
1995,2,3,n,DIME,44
1995,2,3,n,PGFL,13
1995,2,3,n,NEAL,152
1995,2,3,n,DIOR,47
1995,2,4,n,REME,10
1995,2,4,n,PELE,NA
1995,2,4,n,DIOR,46
1995,2,4,n,DIME,30
1995,2,4,n,ONLE,32
1995,2,4,n,NEAL,146
1995,2,4,n,XESP,128
1995,2,4,n,NEAL,118
1995,2,5,n,NEAL,126
1995,2,5,n,DIME,45
1995,2,5,n,ONLE,32
1995,2,5,n,DIOR,52
1995,2,5,n,DIOR,51
1995,2,5,n,DIOR,58
1995,2,5,n,NEAL,102
1995,2,5,n,ONLE,37
1995,2,5,n,DIOR,52
1995,2,5,n,DIOR,43
1995,2,5,n,ONLE,33
1995,3,1,n,PGFL,10
1995,3,1,n,DIOR,48
1995,3,2,n,NEAL,103
1995,3,2,n,PGFL,10
1995,3,2,n,PGFL,10
1995,3,2,n,REME,10
1995,3,2,n,REME,13
1995,3,2,n,NEAL,145
1995,3,2,n,DIOR,51
1995,3,2,n,DIOR,50
1995,3,3,n,NEAL,161
1995,3,3,n,DIME,45
1995,3,3,n,DIME,37
1995,3,3,n,NEAL,109
1995,3,3,n,XESP,113
1995,3,4,n,NEAL,128
1995,3,4,n,DIOR,55
1995,3,4,n,NEAL,172
1995,3,4,n,PGFL,11
1995,3,4,n,NEAL,134
1995,3,4,n,NEAL,132
1995,3,4,n,DIME,48
1995,3,4,n,NEAL,114
1995,3,5,n,DIOR,50
1995,3,5,n,NEAL,134
1995,3,5,n,DIME,33
1995,3,5,n,ONLE,37
1995,3,5,n,PGFL,8
1995,3,5,n,DIOR,54
1995,3,5,n,NEAL,NA
1995,1,1,n,DIME,29
1995,1,1,n,PGFL,15
1995,1,1,n,PETR,27
1995,1,1,n,PETR,22
1995,1,1,n,DIME,35
1995,1,1,n,PETR,12
1995,1,1,n,PETR,22
1995,1,1,n,NEAL,76
1995,1,1,n,ONLE,30
1995,1,1,n,DIME,40
1995,1,1,n,DIME,44
1995,1,1,n,ONLE,28
1995,1,1,n,PETR,25
1995,1,1,n,PGFL,11
1995,1,1,n,DIME,29
1995,1,1,n,PGFL,11
1995,1,1,n,PGFV,9
1995,1,1,n,REMO,6
1995,1,1,n,PETR,22
1995,1,1,n,REME,10
1995,1,1,n,DIOR,52
1995,1,1,n,PGFV,8
1995,1,1,n,NEAL,89
1995,1,1,n,DIME,47
1995,1,1,n,PETR,40
1995,1,1,n,NEAL,62
1995,1,1,n,PGFL,13
1995,1,1,n,DIME,37
1995,1,1,n,DIME,48
1995,1,1,n,DIME,31
1995,1,1,n,PETR,13
1995,1,1,n,ONAR,15
1995,1,1,n,PETR,24
1995,1,2,n,ONLE,23
1995,1,2,n,PGFL,9
1995,1,2,n,DIOR,30
1995,1,2,n,DIME,30
1995,1,2,n,DIOR,29
1995,1,2,n,PETR,24
1995,1,2,n,PGFV,7
1995,1,2,n,DIME,45
1995,1,2,n,PETR,21
1995,1,2,n,DIOR,35
1995,1,2,n,DIME,38
1995,1,2,n,DIME,38
1995,1,2,n,DIME,NA
1995,1,2,n,PETR,25
1995,1,2,n,REMO,12
1995,1,2,n,PETR,23
1995,1,2,n,DISP,98
1995,1,2,n,PGFV,8
1995,1,2,n,DIME,42
1995,1,2,n,DIME,42
1995,1,2,n,DIME,33
1995,1,2,n,DIME,33
1995,1,2,n,DIME,44
1995,1,2,n,PETR,30
1995,1,2,n,DIOR,36
1995,1,2,n,DIME,49
1995,1,2,n,PGFL,7
1995,1,2,n,DIME,46
1995,1,2,n,DIME,48
1995,1,2,n,DIME,46
1995,1,2,n,NEAL,118
1995,1,2,n,DIME,33
1995,1,2,n,DIME,46
1995,1,2,n,DIME,45
1995,1,2,n,DIME,53
1995,1,2,n,NEAL,105
1995,1,2,n,DIME,51
1995,1,3,n,DIME,39
1995,1,3,n,DIME,42
1995,1,3,n,DIME,43
1995,1,3,n,DIME,50
1995,1,3,n,DIME,33
1995,1,3,n,DIME,48
1995,1,3,n,DIOR,46
1995,1,3,n,DIME,31
1995,1,3,n,DIOR,54
1995,1,3,n,PGFV,7
1995,1,3,n,DIME,48
1995,1,3,n,DIME,36
1995,1,3,n,NEAL,61
1995,1,3,n,NEAL,155
1995,1,3,n,DIME,44
1995,1,3,n,DIME,44
1995,1,3,n,DIME,45
1995,1,3,n,DIME,44
1995,1,3,n,NEAL,62
1995,1,4,n,DIOR,23
1995,1,4,n,DIOR,46
1995,1,4,n,DIOR,27
1995,1,4,n,DIME,49
1995,1,4,n,DIOR,41
1995,1,4,n,DIME,42
1995,1,4,n,DIME,NA
1995,1,4,n,DIME,46
1995,1,4,n,DIME,34
1995,1,4,n,DISP,NA
1995,1,4,n,DIME,46
1995,1,4,n,DIME,46
1995,1,4,n,REMO,8
1995,1,4,n,DIME,40
1995,1,4,n,DIME,40
1995,1,4,n,DIOR,45
1995,1,4,n,DIME,43
1995,1,4,n,DIME,44
1995,1,5,n,DIME,48
1995,1,5,n,DIME,35
1995,1,5,n,DIME,52
1995,1,5,n,DIME,48
1995,1,5,n,DIME,41
1995,1,5,n,DIME,NA
1995,1,5,n,NEAL,130
1995,1,5,n,PGFV,8
1995,1,5,n,DIME,46
1995,1,5,n,DIME,43
1995,1,5,n,DIME,38
1995,1,5,n,DIOR,35
1995,1,5,n,DIME,37
1995,1,5,n,DIME,37
1995,1,5,n,DIME,42
1995,1,5,n,DIME,44
1995,1,5,n,DIME,45
1995,1,5,n,DIME,50
1995,2,1,n,REME,7
1995,2,1,n,REME,18
1995,2,1,n,DIOR,46
1995,2,1,n,ONLE,27
1995,2,1,n,PGFL,8
1995,2,1,n,REMO,7
1995,2,1,n,DIOR,38
1995,2,1,n,DIOR,35
1995,2,1,n,REME,7
1995,2,1,n,ONLE,29
1995,2,1,n,REME,11
1995,2,1,n,PETR,25
1995,2,2,n,PGFV,8
1995,2,2,n,DIME,30
1995,2,2,n,PETR,24
1995,2,2,n,NEAL,54
1995,2,2,n,ONLE,18
1995,2,2,n,PETR,36
1995,2,2,n,PGFV,8
1995,2,2,n,REME,11
1995,2,2,n,DIME,45
1995,2,2,n,REMO,13
1995,2,2,n,DIME,46
1995,2,4,n,DIOR,50
1995,2,4,n,PELE,21
1995,2,4,n,DIME,41
1995,2,4,n,PGFV,6
1995,2,4,n,DIME,40
1995,2,4,n,DIME,37
1995,2,4,n,DIME,34
1995,2,4,n,DIME,40
1995,2,5,n,DIME,43
1995,2,5,n,DIME,36
1995,2,5,n,PGFL,8
1995,2,5,n,DIME,44
1995,2,5,n,DIME,44
1995,2,5,n,PGFV,8
1995,2,5,n,ONAR,23
1995,2,5,n,DIME,39
1995,3,1,n,DIME,35
1995,3,1,n,DIME,44
1995,3,1,n,REME,12
1995,3,1,n,PETR,15
1995,3,2,n,PGFV,7
1995,3,2,n,PETR,44
1995,3,2,n,DIOR,51
1995,3,2,n,PETR,27
1995,3,2,n,DIME,NA
1995,3,2,n,DIME,43
1995,3,2,n,REME,13
1995,3,2,n,PELE,27
1995,3,2,n,REME,10
1995,3,3,n,DIME,30
1995,3,3,n,ONLE,27
1995,3,4,n,PELE,15
1995,3,4,n,DIME,38
1995,3,4,n,DIME,23
1995,3,4,n,PELE,19
1995,3,4,n,DIOR,43
1995,3,5,n,DIME,46
1995,3,5,n,ONLE,20
1995,3,5,n,DIOR,46
1995,3,5,n,PGFV,6
1995,3,5,n,DIME,27
1995,3,5,n,REME,11
1995,1,1,n,ONLE,33
1995,1,1,n,PELE,24
1995,1,1,n,PGFV,5
1995,1,1,n,DIME,37
1995,1,1,n,PELE,11
1995,1,1,n,DIME,37
1995,1,1,n,PGFV,7
1995,1,1,n,PGFV,8
1995,1,1,n,DIME,45
1995,1,1,n,DIME,45
1995,1,1,n,DIME,40
1995,1,2,n,DISP,112
1995,1,2,n,DIME,38
1995,1,2,n,DIME,48
1995,1,2,n,PGFV,7
1995,1,2,n,DIME,41
1995,1,2,n,ONLE,32
1995,1,2,n,DISP,NA
1995,1,2,n,NEAL,120
1995,1,2,n,PGFV,8
1995,1,2,n,REME,16
1995,1,2,n,DIME,42
1995,1,2,n,DIME,42
1995,1,2,n,DIME,45
1995,1,2,n,DIME,41
1995,1,2,n,DIME,46
1995,1,2,n,DIME,41
1995,1,2,n,ONLE,37
1995,1,3,n,DIME,43
1995,1,3,n,DIME,36
1995,1,3,n,NEAL,129
1995,1,3,n,DIME,42
1995,1,3,n,REME,12
1995,1,3,n,DIME,38
1995,1,3,n,NEAL,132
1995,1,3,n,DIME,38
1995,1,3,n,DIME,41
1995,1,3,n,PGFV,6
1995,1,3,n,DIME,40
1995,1,4,n,DIME,48
1995,1,4,n,ONLE,15
1995,1,4,n,DIME,NA
1995,1,4,n,DIME,37
1995,1,4,n,DIME,42
1995,1,4,n,DIME,46
1995,1,4,n,DIME,45
1995,1,4,n,DIME,42
1995,1,4,n,DIME,45
1995,1,4,n,PGFV,NA
1995,1,4,n,NEAL,86
1995,1,4,n,DIME,41
1995,1,5,n,DIME,41
1995,1,5,n,DIME,42
1995,1,5,n,XESP,104
1995,1,5,n,XESP,86
1995,1,5,n,PGFV,7
1995,1,5,n,PGFV,6
1995,1,5,n,DIME,39
1995,1,5,n,DIME,38
1995,1,5,n,DIME,38
1995,1,5,n,DIME,40
1995,2,1,n,PELE,27
1995,2,1,n,DIME,40
1995,2,1,n,DIME,39
1995,2,2,n,DISP,110
1995,2,2,n,DIME,42
1995,2,2,n,DIME,41
1995,2,3,n,DIME,45
1995,2,3,n,DIME,40
1995,2,3,n,DIME,40
1995,2,3,n,REME,9
1995,2,3,n,ONLE,16
1995,2,4,n,DIME,41
1995,2,5,n,REMO,9
1995,2,5,n,ONAR,14
1995,2,5,n,PGFV,7
1995,2,5,n,DIME,45
1995,2,5,n,DIME,41
1995,2,5,n,PGFV,8
1995,2,5,n,PELE,25
1995,3,1,n,PELE,NA
1995,3,2,n,DIME,40
1995,3,2,n,DIME,45
1995,3,2,n,DIME,55
1995,3,2,n,NEAL,122
1995,3,3,n,ONLE,10
1995,3,3,n,PETR,17
1995,3,4,n,DIME,47
1995,3,4,n,NEAL,160
1995,3,5,n,DIME,43
1995,3,5,n,ONLE,16
1995,3,5,n,DIME,41
1995,1,1,n,DIME,42
1995,1,1,n,DIME,47
1995,1,1,n,NEAL,120
1995,1,1,n,DIME,43
1995,1,1,n,DIME,44
1995,1,1,n,CHIN,14
1995,1,1,n,DIME,48
1995,1,1,n,DIME,47
1995,1,1,n,DIME,47
1995,1,1,n,CHIN,18
1995,1,1,n,DIME,38
1995,1,1,n,DIME,44
1995,1,1,n,DIME,43
1995,1,1,n,DIME,44
1995,1,1,n,DIME,36
1995,1,1,n,DIME,50
1995,1,1,n,NEAL,82
1995,1,1,n,NEAL,106
1995,1,1,n,DIME,40
1995,1,1,n,DIME,42
1995,1,2,n,DIME,45
1995,1,2,n,DIME,42
1995,1,2,n,DIME,28
1995,1,2,n,DIME,40
1995,1,2,n,DIME,40
1995,1,2,n,CHIN,14
1995,1,2,n,DIME,37
1995,1,2,n,CHIN,10
1995,1,2,n,DIME,41
1995,1,2,n,DIME,36
1995,1,2,n,PETR,25
1995,1,3,n,DIME,35
1995,1,3,n,PGFV,8
1995,1,3,n,CHIN,13
1995,1,3,n,CHIN,16
1995,1,3,n,DIME,42
1995,1,3,n,CHIN,14
1995,1,3,n,PGFV,6
1995,1,3,n,CHIN,14
1995,1,3,n,CHIN,14
1995,1,3,n,DIME,27
1995,1,3,n,PGFV,5
1995,1,4,n,DIME,35
1995,1,4,n,DIME,49
1995,1,4,n,DIME,40
1995,1,4,n,DIME,36
1995,1,4,n,PGFV,6
1995,1,4,n,DIME,46
1995,1,5,n,DIME,29
1995,1,5,n,DIME,50
1995,1,5,n,DIME,42
1995,1,5,n,DIME,48
1995,1,5,n,PGFV,6
1995,1,5,n,DIME,42
1995,1,5,n,DIME,46
1995,1,5,n,PGFV,8
1995,2,1,n,CHIN,7
1995,2,1,n,NEAL,118
1995,2,2,n,NEAL,99
1995,2,2,n,DIME,47
1995,2,3,n,PGFV,8
1995,2,3,n,NEAL,177
1995,2,3,n,NEAL,118
1995,2,4,n,PGFV,7
1995,2,5,n,DIME,23
1995,2,5,n,DIME,26
1995,2,5,n,CHIN,7
1995,3,1,n,NEAL,15
1995,3,1,n,NEAL,100
1995,3,1,n,PGFV,8
1995,3,1,n,PGFV,7
1995,3,1,n,DIOR,45
1995,3,1,n,DIME,51
1995,3,2,n,CHIN,14
1995,3,2,n,NEAL,149
1995,3,2,n,CHIN,12
1995,3,2,n,CHIN,15
1995,3,3,n,PGFV,7
1995,3,3,n,NEDO,52
1995,3,3,n,CHIN,14
1995,3,5,n,PGFV,6
1995,3,5,n,DIME,25
1995,1,1,n,CHIN,13
1995,1,1,n,DIME,36
1995,1,1,n,DIME,40
1995,1,1,n,DIOR,48
1995,1,1,n,DIOR,48
1995,1,1,n,DIME,50
1995,1,1,n,DIOR,41
1995,1,1,n,DIME,44
1995,1,1,n,DIME,44
1995,1,1,n,DIME,40
1995,1,1,n,DIME,43
1995,1,1,n,DIME,36
1995,1,1,n,DIME,43
1995,1,1,n,CHIN,16
1995,1,1,n,NEAL,NA
1995,1,1,n,DIME,39
1995,1,1,n,DIME,52
1995,1,1,n,NEAL,122
1995,1,1,n,DIME,49
1995,1,2,n,DIME,34
1995,1,2,n,NEDO,51
1995,1,2,n,DIME,35
1995,1,2,n,PETR,14
1995,1,2,n,PETR,20
1995,1,2,n,DIME,42
1995,1,2,n,CHIN,13
1995,1,2,n,DIME,39
1995,1,2,n,DIME,38
1995,1,2,n,DIME,38
1995,1,2,n,DIME,37
1995,1,3,n,DIME,38
1995,1,3,n,DIME,39
1995,1,3,n,DIME,45
1995,1,3,n,DIME,39
1995,1,3,n,DIME,42
1995,1,3,n,DIME,42
1995,1,4,n,DIME,44
1995,1,4,n,DIME,36
1995,1,4,n,CHIN,12
1995,1,4,n,NEDO,64
1995,1,4,n,DIME,40
1995,1,4,n,NEAL,134
1995,1,4,n,PETR,22
1995,1,4,n,CHIN,13
1995,1,4,n,DIME,37
1995,1,5,n,DIME,38
1995,1,5,n,DIME,39
1995,1,5,n,DIME,39
1995,1,5,n,DIME,41
1995,1,5,n,DIME,39
1995,1,5,n,DIME,44
1995,1,5,n,PETR,18
1995,2,1,n,NEAL,188
1995,2,1,n,NEAL,94
1995,2,1,n,DIME,37
1995,2,1,n,CHIN,14
1995,2,1,n,NEAL,130
1995,2,1,n,AMLE,130
1995,2,1,n,CHIN,13
1995,2,1,n,DIME,41
1995,2,2,n,PGFV,6
1995,2,2,n,DIME,50
1995,2,2,n,CHIN,12
1995,2,2,n,DIME,43
1995,2,2,n,DIME,42
1995,2,2,n,NEAL,206
1995,2,2,n,CHIN,13
1995,2,2,n,DIME,39
1995,2,2,n,NEDO,50
1995,2,2,n,PGFV,6
1995,2,2,n,PGFV,6
1995,2,3,n,CHIN,12
1995,2,3,n,NEAL,161
1995,2,4,n,CHIN,14
1995,2,4,n,NEAL,154
1995,2,5,n,PGFV,NA
1995,2,5,n,NEAL,NA
1995,3,1,n,PGFV,7
1995,3,1,n,PGFV,7
1995,3,1,n,NEAL,43
1995,3,1,n,PEBO,20
1995,3,2,n,NEAL,151
1995,3,2,n,NEDO,51
1995,3,2,n,NEAL,145
1995,3,2,n,PETR,17
1995,3,2,n,NEAL,143
1995,3,2,n,NEAL,161
1995,3,2,n,NEAL,151
1995,3,2,n,NEDO,57
1995,3,2,n,PETR,22
1995,3,2,n,CHIN,12
1995,3,2,n,PETR,14
1995,3,3,n,PGFV,7
1995,3,4,n,PEBO,18
1995,3,4,n,PGFV,7
1995,3,5,n,PGFV,7
1995,3,5,n,OTVA,NA
1995,3,5,n,NEDO,58
1995,3,5,n,NEAL,170
1996,1,1,n,DIOR,47
1996,1,1,n,DIOR,42
1996,1,1,n,ONAR,18
1996,1,1,n,PETR,19
1996,1,1,n,DIOR,47
1996,1,2,n,DISP,131
1996,1,2,n,XESP,80
1996,1,2,n,DIOR,44
1996,1,2,n,DIOR,50
1996,1,2,n,DIOR,49
1996,1,2,n,DIOR,54
1996,1,2,n,ONAR,21
1996,1,3,n,DIOR,42
1996,1,3,n,DIOR,49
1996,1,3,n,ONAR,21
1996,1,3,n,DISP,121
1996,1,3,n,DIOR,56
1996,1,3,n,DIOR,45
1996,1,4,n,DISP,125
1996,1,4,n,DIOR,45
1996,1,4,n,DIME,35
1996,1,4,n,DIOR,46
1996,1,4,n,DIME,38
1996,1,4,n,DIME,47
1996,1,4,n,DIOR,49
1996,1,5,n,DISP,124
1996,1,5,n,DISP,130
1996,1,5,n,PELE,25
1996,1,5,n,ONAR,22
1996,1,5,n,DIOR,49
1996,1,5,n,DISP,142
1996,2,1,n,DIOR,38
1996,2,1,n,DIOR,49
1996,2,2,n,PGFV,7
1996,2,2,n,PETR,18
1996,2,3,n,PGFV,7
1996,2,3,n,DISP,144
1996,2,3,n,PGFV,7
1996,2,4,n,PGFV,8
1996,2,4,n,DIOR,45
1996,2,5,n,PETR,20
1996,3,1,n,DISP,129
1996,3,1,n,PGFV,8
1996,3,1,n,REME,9
1996,3,2,n,REMO,NA
1996,3,2,n,NEAL,212
1996,3,3,n,ONAR,21
1996,3,3,n,PGFV,7
1996,3,4,n,PETR,20
1996,3,4,n,PGFV,6
1996,3,4,n,PGFV,6
1996,3,4,n,PELE,27
1996,3,4,n,PGFV,7
1996,3,5,n,NEMI,150
1996,1,1,n,DISP,127
1996,1,3,n,DISP,144
1996,1,5,n,DISP,NA
1996,1,5,n,DISP,154
1996,1,5,n,PGFV,10
1996,2,2,n,DISP,134
1996,3,3,n,DIOR,58
1996,3,3,n,DISP,136
1996,3,5,n,DISP,156
1996,3,5,n,DISP,NA
1996,1,1,n,DIME,42
1996,1,1,n,DIME,41
1996,1,1,n,DIME,46
1996,1,1,n,DISP,112
1996,1,1,n,DIME,41
1996,1,1,n,DISP,112
1996,1,2,n,DISP,122
1996,1,2,n,ONAR,19
1996,1,2,n,DIME,45
1996,1,3,n,DIME,46
1996,1,3,n,DISP,112
1996,1,3,n,DIME,37
1996,1,3,n,DIME,41
1996,1,3,n,DISP,136
1996,1,3,n,DIME,44
1996,1,4,n,DIME,44
1996,1,4,n,ONAR,20
1996,1,4,n,DISP,143
1996,1,4,n,PGFV,6
1996,1,4,n,DIME,43
1996,1,4,n,DIME,45
1996,1,5,n,DISP,144
1996,1,5,n,DIME,39
1996,1,5,n,DIME,39
1996,1,5,n,DISP,134
1996,1,5,n,NEMI,214
1996,1,5,n,DIME,43
1996,1,5,n,DIME,44
1996,2,1,n,DISP,125
1996,2,2,n,DIME,45
1996,2,2,n,DIME,45
1996,2,3,n,NEMI,100
1996,2,5,n,DIME,41
1996,2,5,n,NEMI,112
1996,2,5,n,ONAR,23
1996,3,1,n,DIME,43
1996,1,1,n,DIME,38
1996,1,1,n,DIME,49
1996,1,1,n,DIME,42
1996,1,1,n,DIME,45
1996,1,1,n,DIME,53
1996,1,1,n,DIME,38
1996,1,1,n,DIME,39
1996,1,1,n,DISP,150
1996,1,1,n,DISP,125
1996,1,1,n,DIME,50
1996,1,1,n,DIME,48
1996,1,1,n,DIME,48
1996,1,1,n,DIME,29
1996,1,2,n,DIME,28
1996,1,2,n,DIME,32
1996,1,2,n,DIME,53
1996,1,2,n,DIME,37
1996,1,2,n,DIME,42
1996,1,3,n,DIME,44
1996,1,3,n,DIME,27
1996,1,3,n,DISP,158
1996,1,3,n,DISP,134
1996,1,3,n,DIME,31
1996,1,3,n,DIME,48
1996,1,3,n,DIME,50
1996,1,3,n,DISP,113
1996,1,3,n,DISP,118
1996,1,4,n,DIME,28
1996,1,4,n,DIME,48
1996,1,4,n,DIME,48
1996,1,4,n,DIME,44
1996,1,5,n,DIME,48
1996,1,5,n,DISP,140
1996,1,5,n,DISP,162
1996,1,5,n,DIME,48
1996,2,1,n,DIME,53
1996,2,1,n,DIME,34
1996,2,1,n,PETR,28
1996,2,2,n,PGFV,8
1996,2,2,n,DIME,49
1996,2,2,n,DIME,38
1996,2,3,n,DIME,28
1996,2,4,n,DISP,127
1996,2,4,n,DIME,29
1996,2,4,n,DIME,60
1996,2,5,n,PGFV,7
1996,2,5,n,DIME,27
1996,3,1,n,DIME,51
1996,3,1,n,NEAL,130
1996,3,1,n,NEAL,182
1996,3,1,n,DISP,122
1996,3,1,n,PETR,29
1996,3,3,n,NEMI,120
1996,3,3,n,DISP,108
1996,3,3,n,DISP,155
1996,3,4,n,DISP,142
1996,3,4,n,DIME,47
1996,3,5,n,DISP,130
1996,3,5,n,NEMI,138
1996,1,1,n,PETR,25
1996,1,1,n,PETR,24
1996,1,1,n,PENA,18
1996,1,1,n,PEBO,18
1996,1,1,n,PENA,22
1996,1,2,n,PETR,22
1996,1,2,n,PETR,13
1996,1,2,n,PETR,16
1996,1,2,n,PETR,14
1996,1,2,n,PETR,18
1996,1,2,n,PETR,22
1996,1,2,n,PETR,21
1996,1,2,n,PETR,18
1996,1,2,n,PETR,19
1996,1,2,n,PETR,18
1996,1,3,n,PETR,28
1996,1,3,n,PETR,23
1996,1,3,n,PETR,22
1996,1,3,n,PETR,22
1996,1,3,n,NEAL,81
1996,1,3,n,PETR,22
1996,1,3,n,PETR,26
1996,1,4,n,PETR,19
1996,1,4,n,PETR,19
1996,1,4,n,PETR,23
1996,1,4,n,NEQU,52
1996,1,4,n,PETR,22
1996,1,4,n,PETR,23
1996,1,4,n,PETR,20
1996,1,4,n,PETR,20
1996,1,4,n,PETR,20
1996,1,4,n,PETR,16
1996,1,4,n,PETR,22
1996,1,4,n,PETR,22
1996,1,4,n,PETR,22
1996,1,4,n,PETR,18
1996,1,5,n,PETR,23
1996,1,5,n,NEAL,58
1996,1,5,n,PETR,26
1996,1,5,n,PETR,26
1996,1,5,n,PETR,23
1996,1,5,n,PETR,16
1996,1,5,n,PETR,27
1996,2,1,n,PETR,25
1996,2,1,n,PEBO,26
1996,2,1,n,NEAL,130
1996,2,1,n,PETR,23
1996,2,1,n,PEBO,20
1996,2,1,n,PETR,20
1996,2,1,n,PETR,20
1996,2,1,n,PETR,26
1996,2,1,n,PETR,23
1996,2,1,n,PETR,20
1996,2,1,n,PETR,22
1996,2,1,n,NEAL,132
1996,2,2,n,PETR,17
1996,2,2,n,PETR,18
1996,2,2,n,PETR,21
1996,2,2,n,PETR,19
1996,2,2,n,PEBO,19
1996,2,2,n,NEQU,54
1996,2,2,n,PETR,18
1996,2,2,n,PETR,18
1996,2,2,n,PETR,18
1996,2,3,n,PETR,26
1996,2,3,n,PETR,25
1996,2,3,n,PETR,22
1996,2,3,n,PETR,22
1996,2,3,n,PETR,17
1996,2,3,n,PETR,28
1996,2,3,n,PETR,25
1996,2,3,n,PGFV,10
1996,2,3,n,PETR,27
1996,2,4,n,NEAL,129
1996,2,4,n,NEQU,50
1996,2,4,n,PETR,19
1996,2,4,n,PETR,20
1996,2,4,n,PGFV,8
1996,2,4,n,PETR,18
1996,2,4,n,PETR,17
1996,2,5,n,NEQU,NA
1996,2,5,n,PETR,24
1996,2,5,n,PETR,19
1996,2,5,n,NEAL,90
1996,2,5,n,PETR,17
1996,2,5,n,PEBO,20
1996,2,5,n,PENA,23
1996,2,5,n,NEQU,28
1996,3,1,n,PEBO,19
1996,3,1,n,PETR,19
1996,3,1,n,PENA,NA
1996,3,1,n,NEQU,45
1996,3,1,n,PGFV,8
1996,3,2,n,PETR,18
1996,3,2,n,PETR,21
1996,3,2,n,PETR,24
1996,3,2,n,PETR,22
1996,3,2,n,PETR,22
1996,3,2,n,PETR,20
1996,3,2,n,PETR,17
1996,3,3,n,NEAL,76
1996,3,3,n,PETR,23
1996,3,3,n,PETR,20
1996,3,3,n,PEBO,19
1996,3,3,n,PEBO,19
1996,3,3,n,PETR,24
1996,3,4,n,PGFV,7
1996,3,4,n,PETR,22
1996,3,4,n,PETR,23
1996,3,5,n,PETR,16
1996,3,5,n,PETR,23
1996,3,5,n,PGFV,7
1996,3,5,n,PETR,23
1996,3,5,n,PETR,20
1996,1,1,n,NEAL,142
1996,1,1,n,PETR,26
1996,1,1,n,PETR,31
1996,1,2,n,PETR,27
1996,1,2,n,PETR,24
1996,1,2,n,PETR,22
1996,1,3,n,PETR,30
1996,1,3,n,NEAL,136
1996,1,3,n,PETR,27
1996,1,4,n,CHIN,12
1996,1,4,n,PETR,24
1996,1,4,n,PETR,26
1996,1,4,n,PETR,20
1996,1,4,n,CHIN,13
1996,1,4,n,PETR,17
1996,1,4,n,PETR,23
1996,1,5,n,PEBO,14
1996,1,5,n,PETR,22
1996,1,5,n,PETR,33
1996,1,5,n,NEQU,NA
1996,2,1,n,PETR,27
1996,2,1,n,NEAL,120
1996,2,1,n,PETR,24
1996,2,2,n,PETR,27
1996,2,3,n,PETR,21
1996,2,3,n,PEXX,18
1996,2,3,n,PETR,25
1996,2,4,n,PETR,24
1996,2,4,n,PETR,15
1996,2,4,n,PETR,21
1996,2,5,n,NEQU,54
1996,2,5,n,PETR,22
1996,2,5,n,PEBO,12
1996,2,5,n,PETR,27
1996,3,1,n,PETR,23
1996,3,1,n,PETR,31
1996,3,1,n,PETR,31
1996,3,1,n,PEXX,18
1996,3,2,n,NEAL,163
1996,3,2,n,PETR,24
1996,3,2,n,PETR,26
1996,3,3,n,PETR,28
1996,3,3,n,PETR,21
1996,3,3,n,PETR,24
1996,3,3,n,PETR,24
1996,3,4,n,NEAL,117
1996,3,4,n,PETR,18
1996,3,4,n,PETR,32
1996,1,1,n,PGFL,7
1996,1,1,n,DIOR,43
1996,1,1,n,DIME,46
1996,1,1,n,PETR,28
1996,1,1,n,DISP,132
1996,1,1,n,DIME,49
1996,1,1,n,DIME,49
1996,1,1,n,DIME,48
1996,1,1,n,PETR,25
1996,1,1,n,ONLE,40
1996,1,2,n,PGFL,10
1996,1,2,n,DIOR,50
1996,1,2,n,ONLE,34
1996,1,2,n,DIOR,47
1996,1,2,n,DIOR,36
1996,1,2,n,PETR,30
1996,1,2,n,PETR,25
1996,1,2,n,DIME,45
1996,1,2,n,DIME,47
1996,1,3,n,PGFL,9
1996,1,3,n,DIOR,46
1996,1,3,n,DIME,37
1996,1,3,n,PELE,23
1996,1,3,n,DIOR,53
1996,1,3,n,PETR,23
1996,1,4,n,ONLE,23
1996,1,4,n,DIME,46
1996,1,4,n,DIOR,53
1996,1,4,n,ONLE,14
1996,1,4,n,DIME,42
1996,1,4,n,NEAL,180
1996,1,4,n,DIOR,49
1996,1,4,n,DIME,51
1996,1,4,n,DIME,50
1996,1,4,n,DIME,45
1996,1,5,n,ONLE,40
1996,1,5,n,DIME,36
1996,1,5,n,DIME,43
1996,1,5,n,DIOR,42
1996,1,5,n,ONLE,NA
1996,1,5,n,DIOR,46
1996,1,5,n,DIME,46
1996,1,5,n,DIME,42
1996,1,5,n,DIME,48
1996,1,5,n,PGFL,12
1996,1,5,n,DIME,46
1996,1,5,n,ONLE,27
1996,2,1,n,NEAL,NA
1996,2,1,n,DIME,40
1996,2,1,n,DIME,44
1996,2,1,n,NEAL,120
1996,2,1,n,ONLE,22
1996,2,2,n,DIME,43
1996,2,2,n,PGFL,10
1996,2,2,n,ONLE,53
1996,2,2,n,PGFL,10
1996,2,2,n,PGFL,9
1996,2,3,n,NEAL,123
1996,2,4,n,DIOR,47
1996,2,4,n,NEAL,134
1996,2,4,n,NEAL,28
1996,2,5,n,ONLE,15
1996,3,1,n,NEAL,25
1996,3,1,n,REME,10
1996,3,2,n,NEAL,201
1996,3,2,n,NEAL,92
1996,3,4,n,NEAL,134
1996,3,5,n,NEAL,142
1996,1,1,n,DIME,50
1996,1,1,n,PETR,42
1996,1,1,n,PGFL,13
1996,1,1,n,DIME,53
1996,1,1,n,DIME,44
1996,1,1,n,DIOR,63
1996,1,2,n,DIME,43
1996,1,2,n,DIME,45
1996,1,2,n,DIOR,56
1996,1,2,n,PGFL,14
1996,1,2,n,DIME,47
1996,1,2,n,DIME,37
1996,1,3,n,DIME,48
1996,1,3,n,DIME,45
1996,1,3,n,PGFL,10
1996,1,3,n,PETR,26
1996,1,3,n,PGFL,13
1996,1,3,n,PETR,29
1996,1,3,n,DIOR,35
1996,1,3,n,PETR,29
1996,1,3,n,DIOR,61
1996,1,4,n,DIME,38
1996,1,4,n,PGFL,13
1996,1,4,n,PGFL,13
1996,1,4,n,PGFL,12
1996,1,4,n,NEAL,178
1996,1,5,n,DIME,42
1996,1,5,n,DIME,35
1996,2,1,n,PETR,32
1996,2,1,n,XESP,82
1996,2,1,n,PETR,33
1996,2,1,n,XESP,97
1996,2,1,n,NEAL,130
1996,2,1,n,PGFL,12
1996,2,1,n,PGFL,12
1996,2,1,n,PETR,31
1996,2,1,n,PGFL,16
1996,2,2,n,PETR,24
1996,2,2,n,PGFL,12
1996,2,2,n,PGFL,15
1996,2,2,n,PETR,26
1996,2,2,n,PELE,35
1996,2,3,n,PGFL,10
1996,2,3,n,DIME,45
1996,2,3,n,PGFL,12
1996,2,3,n,DIME,44
1996,2,3,n,PGFL,13
1996,2,3,n,PGFL,12
1996,2,3,n,NEAL,166
1996,2,4,n,PGFL,10
1996,2,4,n,PEBO,20
1996,2,4,n,DIOR,58
1996,2,5,n,PGFL,13
1996,2,5,n,PGFL,11
1996,2,5,n,PGFL,11
1996,2,5,n,PGFL,11
1996,2,5,n,DIME,44
1996,3,1,n,PETR,26
1996,3,1,n,PGFL,15
1996,3,1,n,PGFL,14
1996,3,1,n,DIME,42
1996,3,1,n,DIME,30
1996,3,1,n,PGFL,11
1996,3,1,n,ONAR,21
1996,3,1,n,DIME,47
1996,3,1,n,PGFL,11
1996,3,1,n,DIME,NA
1996,3,1,n,XESP,75
1996,3,1,n,PGFL,10
1996,3,1,n,PGFL,13
1996,3,2,n,NEAL,57
1996,3,2,n,PGFL,NA
1996,3,2,n,DIME,41
1996,3,2,n,NEAL,134
1996,3,2,n,PGFL,10
1996,3,2,n,ONLE,37
1996,3,2,n,DIME,41
1996,3,3,n,DIME,45
1996,3,3,n,PGFL,12
1996,3,3,n,PGFL,10
1996,3,3,n,ONLE,33
1996,3,3,n,PGFL,10
1996,3,3,n,PGFL,12
1996,3,3,n,PGFL,NA
1996,3,3,n,PGFL,10
1996,3,3,n,PGFL,11
1996,3,3,n,PGFL,13
1996,3,4,n,PGFL,11
1996,3,4,n,PGFL,12
1996,3,4,n,NEAL,120
1996,3,4,n,PGFL,15
1996,3,4,n,PGFL,10
1996,3,4,n,NEAL,158
1996,3,4,n,DIME,19
1996,3,4,n,PGFL,13
1996,3,4,n,DIME,46
1996,3,4,n,PGFL,11
1996,3,4,n,PGFL,10
1996,3,5,n,PGFL,12
1996,3,5,n,DIOR,59
1996,3,5,n,DIME,40
1996,3,5,n,PGFL,10
1996,3,5,n,DIME,39
1996,3,5,n,PGFL,13
1996,3,5,n,PGFL,11
1996,3,5,n,PGFL,12
1996,3,5,n,DIOR,63
1996,1,1,n,DIME,51
1996,1,1,n,NEAL,158
1996,1,1,n,DIME,47
1996,1,2,n,PETR,34
1996,1,2,n,DISP,114
1996,1,2,n,DIME,52
1996,1,2,n,PETR,24
1996,1,2,n,PGFV,7
1996,1,2,n,DIME,51
1996,1,2,n,DIME,55
1996,1,2,n,PETR,22
1996,1,2,n,DIME,53
1996,1,3,n,DIME,41
1996,1,3,n,PGFL,12
1996,1,3,n,DIME,46
1996,1,3,n,PGFV,6
1996,1,3,n,DIME,47
1996,1,4,n,DIME,40
1996,1,5,n,DIME,41
1996,1,5,n,PGFV,5
1996,1,5,n,PGFV,6
1996,1,5,n,DIME,40
1996,1,5,n,ONLE,20
1996,2,1,n,DIME,45
1996,2,2,n,PETR,23
1996,2,2,n,PETR,25
1996,2,3,n,DIOR,52
1996,2,3,n,DIME,43
1996,2,3,n,DIME,46
1996,2,4,n,ONLE,25
1996,2,4,n,ONLE,21
1996,2,4,n,PGFV,7
1996,2,4,n,PGFV,7
1996,2,5,n,DIME,40
1996,2,5,n,DIME,45
1996,3,1,n,PGFL,8
1996,3,1,n,PELE,16
1996,3,1,n,DISP,117
1996,3,2,n,DISP,151
1996,3,2,n,DIME,47
1996,3,3,n,PGFL,12
1996,3,5,n,PGFL,13
1996,1,1,n,ONLE,20
1996,1,1,n,PETR,30
1996,1,1,n,DIME,40
1996,1,1,n,PETR,31
1996,1,1,n,PETR,14
1996,1,1,n,DIME,47
1996,1,1,n,DIME,38
1996,1,1,n,DIME,47
1996,1,1,n,DIME,51
1996,1,1,n,PGFL,12
1996,1,1,n,PGFL,14
1996,1,1,n,PETR,25
1996,1,2,n,DIOR,66
1996,1,2,n,DIME,37
1996,1,2,n,PGFL,12
1996,1,2,n,PETR,32
1996,1,2,n,PGFL,15
1996,1,2,n,DIME,30
1996,1,2,n,DIME,38
1996,1,2,n,DIME,52
1996,1,2,n,DISP,128
1996,1,2,n,DIME,30
1996,1,2,n,DIME,35
1996,1,2,n,PGFL,19
1996,1,2,n,DIME,37
1996,1,2,n,DIME,52
1996,1,3,n,PGFL,6
1996,1,3,n,PGFL,9
1996,1,3,n,NEAL,153
1996,1,3,n,DIME,51
1996,1,4,n,DIME,47
1996,1,4,n,DIME,48
1996,1,4,n,XESP,76
1996,1,4,n,DIME,50
1996,1,4,n,PGFV,8
1996,1,4,n,DISP,34
1996,1,5,n,DIME,48
1996,1,5,n,PEBO,18
1996,1,5,n,DIME,27
1996,1,5,n,DIME,45
1996,1,5,n,ONAR,28
1996,2,1,n,DIME,45
1996,2,1,n,PETR,30
1996,2,1,n,DIME,48
1996,2,1,n,PETR,18
1996,2,2,n,DIME,28
1996,2,2,n,DIME,52
1996,2,2,n,DIME,49
1996,2,2,n,PGFL,NA
1996,2,2,n,PETR,25
1996,2,4,n,DIME,48
1996,2,5,n,PETR,24
1996,2,5,n,PGFV,8
1996,2,5,n,ONAR,11
1996,3,1,n,PGFV,9
1996,3,1,n,DIME,47
1996,3,1,n,PGFL,9
1996,3,1,n,DIME,34
1996,3,2,n,DISP,NA
1996,3,2,n,PEBO,NA
1996,3,2,n,DISP,159
1996,3,2,n,NEAL,76
1996,3,2,n,PGFL,13
1996,3,3,n,XESP,62
1996,3,4,n,PGFL,9
1996,3,4,n,NEMI,250
1996,3,4,n,PGFV,9
1996,3,5,n,XESP,70
1996,3,5,n,PGFL,6
1996,1,1,n,DIME,28
1996,1,1,n,DIME,37
1996,1,1,n,DIME,43
1996,1,1,n,DIOR,47
1996,1,1,n,DIME,26
1996,1,1,n,DIME,42
1996,1,1,n,DIME,46
1996,1,1,n,DIME,43
1996,1,1,n,DIME,41
1996,1,1,n,CHIN,18
1996,1,1,n,DIME,46
1996,1,1,n,CHIN,7
1996,1,1,n,DIME,34
1996,1,1,n,DIME,49
1996,1,2,n,DIME,44
1996,1,2,n,DIME,35
1996,1,2,n,DIME,42
1996,1,2,n,NEAL,96
1996,1,2,n,DIME,27
1996,1,2,n,DIME,27
1996,1,2,n,DIME,33
1996,1,2,n,CHIN,14
1996,1,3,n,DIME,40
1996,1,3,n,CHIN,8
1996,1,3,n,PGFV,8
1996,1,3,n,NEAL,132
1996,1,3,n,DIME,46
1996,1,4,n,DIME,42
1996,1,4,n,NEAL,102
1996,1,5,n,DIME,43
1996,1,5,n,DIME,41
1996,1,5,n,DIME,40
1996,1,5,n,PGFV,7
1996,1,5,n,DIME,45
1996,2,1,n,DIME,44
1996,2,1,n,PETR,22
1996,2,1,n,DIME,41
1996,2,1,n,CHIN,9
1996,2,1,n,DIOR,43
1996,2,1,n,DIOR,32
1996,2,1,n,DIME,37
1996,2,2,n,PETR,24
1996,2,2,n,DIME,39
1996,2,2,n,DIME,43
1996,2,2,n,DIME,32
1996,2,3,n,PETR,19
1996,2,4,n,CHIN,15
1996,2,4,n,CHIN,16
1996,2,4,n,CHIN,15
1996,2,5,n,PGFV,7
1996,1,1,n,DIME,44
1996,1,1,n,DIME,53
1996,1,1,n,DIME,46
1996,1,1,n,CHIN,15
1996,1,1,n,DIME,44
1996,1,1,n,NEAL,104
1996,1,1,n,CHIN,13
1996,1,2,n,PETR,18
1996,1,2,n,NEAL,112
1996,1,2,n,PELE,23
1996,1,2,n,PETR,23
1996,1,3,n,PGFV,6
1996,1,3,n,DIME,32
1996,1,3,n,DIME,45
1996,1,3,n,PGFV,5
1996,1,3,n,PGFV,8
1996,1,4,n,DIME,35
1996,1,4,n,CHIN,14
1996,1,4,n,DIME,36
1996,1,5,n,DIME,45
1996,1,5,n,DIME,42
1996,1,5,n,DIME,44
1996,2,1,n,DIME,54
1996,2,2,n,PELE,22
1996,2,2,n,DIME,43
1996,2,3,n,DIME,32
1996,2,3,n,DIME,49
1996,2,4,n,DIME,38
1996,2,4,n,PGFV,7
1996,2,5,n,DIME,49
1996,2,5,n,PGFV,6
1996,2,5,n,PGFL,8
1996,3,1,n,NEDO,50
1996,3,1,n,PGFL,7
1996,3,1,n,NEAL,118
1996,3,1,n,DIME,44
1996,3,1,n,DIME,49
1996,3,1,n,DIOR,52
1996,3,1,n,CHIN,13
1996,3,1,n,CHIN,16
1996,3,1,n,PGFV,6
1996,3,1,n,PEBO,20
1996,3,4,n,CHIN,13
1996,3,4,n,CHIN,14
1996,3,4,n,CHIN,15
1997,1,1,n,PGFV,6
1997,1,1,n,DIOR,42
1997,1,1,n,PGFV,7
1997,1,1,n,PGFV,9
1997,1,1,n,PGFV,8
1997,1,1,n,PGFV,6
1997,1,1,n,DIOR,50
1997,1,1,n,DIOR,37
1997,1,1,n,PGFV,7
1997,1,1,n,PGFV,8
1997,1,1,n,DIOR,41
1997,1,1,n,PGFV,9
1997,1,1,n,PGFV,7
1997,1,1,n,PGFV,9
1997,1,1,n,PGFV,8
1997,1,1,n,PGFV,8
1997,1,1,n,DIOR,41
1997,1,1,n,PGFV,7
1997,1,1,n,PGFV,5
1997,1,1,n,DIOR,40
1997,1,1,n,DIOR,43
1997,1,1,n,DIOR,54
1997,1,1,n,PGFV,7
1997,1,1,n,DIOR,36
1997,1,1,n,DIOR,49
1997,1,1,n,PGFV,8
1997,1,1,n,PGFV,6
1997,1,1,n,DIOR,40
1997,1,2,n,PGFV,7
1997,1,2,n,PGFV,10
1997,1,2,n,PGFV,7
1997,1,2,n,PGFV,7
1997,1,2,n,PGFV,7
1997,1,2,n,PGFV,7
1997,1,2,n,DISP,90
1997,1,2,n,PGFV,8
1997,1,2,n,PGFV,8
1997,1,2,n,PGFV,7
1997,1,2,n,DIOR,47
1997,1,2,n,PGFV,6
1997,1,2,n,PGFV,10
1997,1,2,n,PGFV,10
1997,1,2,n,DIOR,50
1997,1,2,n,PGFV,8
1997,1,2,n,PGFV,8
1997,1,2,n,DIOR,48
1997,1,2,n,PGFV,9
1997,1,2,n,ONAR,16
1997,1,2,n,DIOR,39
1997,1,2,n,PGFV,11
1997,1,2,n,PGFV,8
1997,1,2,n,DIOR,45
1997,1,2,n,DIOR,46
1997,1,2,n,PGFV,8
1997,1,2,n,PGFV,7
1997,1,3,n,PGFV,8
1997,1,3,n,PGFV,7
1997,1,3,n,PGFV,7
1997,1,3,n,PGFV,7
1997,1,3,n,PGFV,9
1997,1,3,n,DIOR,45
1997,1,3,n,DIOR,49
1997,1,3,n,PGFV,5
1997,1,3,n,DIOR,40
1997,1,3,n,PGFV,8
1997,1,3,n,PGFV,8
1997,1,3,n,PGFV,9
1997,1,3,n,DISP,115
1997,1,3,n,PGFV,8
1997,1,3,n,DIOR,42
1997,1,3,n,DIOR,50
1997,1,3,n,PGFV,6
1997,1,3,n,DISP,142
1997,1,3,n,PGFV,9
1997,1,3,n,DIOR,58
1997,1,3,n,DISP,122
1997,1,3,n,PGFV,8
1997,1,4,n,PGFV,6
1997,1,4,n,PGFV,7
1997,1,4,n,DISP,118
1997,1,4,n,DIOR,39
1997,1,4,n,PGFV,8
1997,1,4,n,PGFV,6
1997,1,4,n,PGFV,6
1997,1,4,n,PGFV,6
1997,1,4,n,PGFV,5
1997,1,4,n,PGFV,7
1997,1,4,n,PGFV,8
1997,1,4,n,ONAR,24
1997,1,4,n,DIOR,37
1997,1,4,n,PGFV,7
1997,1,4,n,DIME,43
1997,1,4,n,XESP,97
1997,1,4,n,PGFV,6
1997,1,4,n,PGFV,9
1997,1,4,n,DIOR,41
1997,1,4,n,PGFV,6
1997,1,4,n,DIOR,45
1997,1,4,n,DIOR,55
1997,1,4,n,PGFV,9
1997,1,4,n,PGFV,6
1997,1,4,n,DIOR,29
1997,1,5,n,PELE,19
1997,1,5,n,PGFV,7
1997,1,5,n,DIOR,51
1997,1,5,n,PGFV,8
1997,1,5,n,PGFV,8
1997,1,5,n,PGFV,8
1997,1,5,n,PGFV,7
1997,1,5,n,DISP,150
1997,1,5,n,PGFV,9
1997,1,5,n,DIOR,50
1997,2,1,n,PGFV,7
1997,2,1,n,PGFV,8
1997,2,1,n,PGFV,8
1997,2,1,n,PGFV,7
1997,2,1,n,DISP,115
1997,2,1,n,PGFV,10
1997,2,1,n,PGFV,7
1997,2,1,n,PGFV,NA
1997,2,1,n,PGFV,8
1997,2,1,n,DIOR,52
1997,2,1,n,PGFV,9
1997,2,1,n,PGFV,8
1997,2,1,n,PGFV,9
1997,2,1,n,PGFV,7
1997,2,1,n,DIOR,24
1997,2,1,n,PGFV,6
1997,2,1,n,PGFV,8
1997,2,1,n,DIOR,25
1997,2,1,n,PGFV,6
1997,2,1,n,PGFV,6
1997,2,1,n,PGFV,7
1997,2,1,n,PGFV,8
1997,2,1,n,PGFV,10
1997,2,1,n,DIOR,49
1997,2,1,n,PGFV,10
1997,2,1,n,PGFV,7
1997,2,1,n,PGFV,9
1997,2,1,n,PGFV,7
1997,2,2,n,PGFV,9
1997,2,2,n,PGFV,5
1997,2,2,n,PGFV,6
1997,2,2,n,PGFV,8
1997,2,2,n,DIOR,50
1997,2,2,n,DIOR,52
1997,2,2,n,PGFV,8
1997,2,2,n,PGFV,9
1997,2,2,n,PGFV,8
1997,2,2,n,PGFV,8
1997,2,2,n,PGFV,7
1997,2,2,n,PGFV,7
1997,2,2,n,PGFV,7
1997,2,2,n,PGFV,6
1997,2,2,n,PGFV,6
1997,2,2,n,PGFV,7
1997,2,2,n,PGFV,6
1997,2,2,n,PGFV,7
1997,2,2,n,PGFV,6
1997,2,2,n,PGFV,6
1997,2,2,n,PGFV,6
1997,2,2,n,PGFV,6
1997,2,2,n,PGFV,8
1997,2,2,n,PGFV,8
1997,2,2,n,PGFV,8
1997,2,2,n,PGFV,6
1997,2,2,n,PGFV,8
1997,2,3,n,PGFV,9
1997,2,3,n,PGFV,8
1997,2,3,n,PGFV,6
1997,2,3,n,DIOR,51
1997,2,3,n,PGFV,8
1997,2,3,n,DIOR,52
1997,2,3,n,DISP,56
1997,2,3,n,PGFV,7
1997,2,3,n,PGFV,11
1997,2,3,n,PGFV,5
1997,2,3,n,PGFV,6
1997,2,3,n,PGFV,6
1997,2,3,n,PGFV,7
1997,2,3,n,PGFV,9
1997,2,3,n,DIOR,42
1997,2,3,n,DIOR,49
1997,2,3,n,PGFV,4
1997,2,4,n,PGFV,7
1997,2,4,n,PGFV,7
1997,2,4,n,PGFV,5
1997,2,4,n,PGFV,7
1997,2,4,n,PGFV,6
1997,2,4,n,PGFV,8
1997,2,4,n,DIOR,55
1997,2,4,n,PGFV,6
1997,2,4,n,PGFV,6
1997,2,4,n,PGFV,8
1997,2,4,n,DIOR,41
1997,2,4,n,ONAR,25
1997,2,4,n,PGFV,7
1997,2,4,n,PGFV,7
1997,2,4,n,PGFV,7
1997,2,4,n,PGFV,7
1997,2,4,n,PGFV,6
1997,2,4,n,DISP,75
1997,2,4,n,DISP,123
1997,2,4,n,PGFV,4
1997,2,4,n,DIOR,46
1997,2,4,n,PGFV,6
1997,2,4,n,DIOR,34
1997,2,4,n,DIOR,53
1997,2,4,n,DIOR,53
1997,2,4,n,DIOR,46
1997,2,4,n,PGFV,5
1997,2,5,n,PGFV,5
1997,2,5,n,DIOR,55
1997,2,5,n,PGFV,7
1997,2,5,n,PGFV,6
1997,2,5,n,PGFV,7
1997,2,5,n,PGFV,15
1997,2,5,n,PGFV,8
1997,2,5,n,DIOR,42
1997,2,5,n,PGFV,5
1997,2,5,n,DIOR,54
1997,2,5,n,PGFV,6
1997,2,5,n,PGFV,8
1997,2,5,n,PGFV,8
1997,2,5,n,DIOR,43
1997,3,1,n,PGFV,8
1997,3,1,n,PGFV,5
1997,3,1,n,DIOR,36
1997,3,1,n,DIOR,19
1997,3,1,n,PGFV,9
1997,3,1,n,PGFV,7
1997,3,1,n,PGFV,7
1997,3,1,n,PGFV,8
1997,3,1,n,PGFV,7
1997,3,1,n,PGFV,8
1997,3,1,n,PGFV,9
1997,3,1,n,PGFV,8
1997,3,1,n,PGFV,9
1997,3,1,n,PGFV,7
1997,3,1,n,PGFV,8
1997,3,1,n,PGFV,8
1997,3,1,n,PGFV,5
1997,3,1,n,PGFV,6
1997,3,1,n,PGFV,6
1997,3,1,n,PGFV,6
1997,3,2,n,PGFV,6
1997,3,2,n,PGFV,6
1997,3,2,n,PGFV,8
1997,3,2,n,ONAR,23
1997,3,2,n,PGFV,5
1997,3,2,n,PGFV,9
1997,3,2,n,PGFV,8
1997,3,2,n,PGFV,9
1997,3,2,n,PGFV,7
1997,3,2,n,PGFV,8
1997,3,2,n,PGFV,5
1997,3,2,n,DIOR,51
1997,3,2,n,DIOR,43
1997,3,2,n,DIOR,41
1997,3,2,n,PGFV,10
1997,3,2,n,DIOR,46
1997,3,2,n,PGFV,6
1997,3,2,n,DIOR,49
1997,3,2,n,ONAR,20
1997,3,2,n,DIOR,50
1997,3,2,n,PGFV,6
1997,3,2,n,DISP,103
1997,3,2,n,PGFV,5
1997,3,2,n,PGFV,10
1997,3,2,n,PGFV,6
1997,3,2,n,PGFV,6
1997,3,2,n,DIOR,38
1997,3,3,n,PGFV,5
1997,3,3,n,PGFV,10
1997,3,3,n,DIOR,30
1997,3,3,n,PGFV,7
1997,3,3,n,DISP,51
1997,3,3,n,PGFV,8
1997,3,3,n,PGFV,7
1997,3,3,n,PGFV,8
1997,3,3,n,PGFV,10
1997,3,3,n,DISP,130
1997,3,3,n,PGFV,4
1997,3,3,n,DIOR,46
1997,3,3,n,PGFV,8
1997,3,3,n,PGFV,7
1997,3,3,n,DIOR,48
1997,3,3,n,PGFV,7
1997,3,4,n,DISP,139
1997,3,4,n,PGFV,8
1997,3,4,n,DIOR,20
1997,3,4,n,PGFV,9
1997,3,4,n,PGFV,7
1997,3,4,n,PGFV,7
1997,3,4,n,PGFV,7
1997,3,4,n,DIOR,51
1997,3,4,n,ONAR,20
1997,3,4,n,PGFV,9
1997,3,4,n,PGFV,8
1997,3,4,n,DIOR,19
1997,3,4,n,PGFV,8
1997,3,4,n,PGFV,7
1997,3,4,n,PGFV,6
1997,3,4,n,PGFV,6
1997,3,4,n,PGFV,9
1997,3,4,n,ONAR,22
1997,3,4,n,PGFV,7
1997,3,4,n,DIOR,53
1997,3,4,n,PGFV,8
1997,3,4,n,PGFV,8
1997,3,4,n,PGFV,7
1997,3,5,n,DIOR,52
1997,3,5,n,PGFV,5
1997,3,5,n,DISP,130
1997,3,5,n,PGFV,8
1997,3,5,n,DIOR,32
1997,3,5,n,DISP,47
1997,3,5,n,DIOR,46
1997,3,5,n,XESP,230
1997,3,5,n,PGFV,6
1997,3,5,n,PGFV,9
1997,3,5,n,PGFV,6
1997,3,5,n,PGFV,7
1997,3,5,n,PGFV,6
1997,1,1,n,PGFV,7
1997,1,1,n,PGFV,7
1997,1,1,n,PGFV,6
1997,1,1,n,REMO,7
1997,1,1,n,PGFV,7
1997,1,1,n,PGFV,8
1997,1,1,n,PGFV,8
1997,1,1,n,DIOR,44
1997,1,1,n,PGFV,7
1997,1,1,n,PGFV,7
1997,1,1,n,PGFV,6
1997,1,1,n,DIOR,48
1997,1,1,n,DISP,127
1997,1,1,n,PGFV,7
1997,1,1,n,DISP,133
1997,1,1,n,PGFV,6
1997,1,1,n,PGFV,7
1997,1,1,n,PGFV,8
1997,1,1,n,PGFV,7
1997,1,1,n,PGFV,6
1997,1,1,n,DISP,103
1997,1,1,n,DIOR,47
1997,1,1,n,PGFV,7
1997,1,2,n,PGFV,7
1997,1,2,n,PGFV,8
1997,1,2,n,PGFV,7
1997,1,2,n,DIOR,49
1997,1,2,n,DIOR,44
1997,1,2,n,ONAR,20
1997,1,2,n,PGFV,6
1997,1,2,n,ONAR,18
1997,1,2,n,DIOR,47
1997,1,2,n,PGFV,7
1997,1,2,n,PGFV,7
1997,1,2,n,PGFV,8
1997,1,2,n,PGFV,7
1997,1,2,n,PGFV,7
1997,1,2,n,PGFV,7
1997,1,2,n,DIOR,52
1997,1,2,n,PGFV,7
1997,1,2,n,PGFV,8
1997,1,2,n,DISP,120
1997,1,2,n,DISP,143
1997,1,2,n,PGFV,7
1997,1,2,n,PGFV,7
1997,1,2,n,DIOR,49
1997,1,2,n,PGFV,7
1997,1,2,n,PGFV,6
1997,1,3,n,PGFV,7
1997,1,3,n,ONAR,21
1997,1,3,n,DISP,121
1997,1,3,n,DISP,150
1997,1,3,n,PGFV,6
1997,1,3,n,PGFV,7
1997,1,3,n,DIOR,52
1997,1,3,n,PGFV,10
1997,1,3,n,DIOR,54
1997,1,3,n,PGFV,7
1997,1,3,n,PGFV,7
1997,1,3,n,PGFV,7
1997,1,3,n,DIOR,51
1997,1,3,n,PGFV,8
1997,1,3,n,DISP,135
1997,1,3,n,PGFV,7
1997,1,3,n,PGFV,7
1997,1,3,n,PGFV,7
1997,1,3,n,ONAR,19
1997,1,3,n,DISP,130
1997,1,3,n,DISP,141
1997,1,3,n,DIOR,50
1997,1,3,n,DISP,130
1997,1,3,n,PGFV,7
1997,1,3,n,DIOR,55
1997,1,3,n,PGFV,8
1997,1,3,n,PGFV,7
1997,1,4,n,DIOR,47
1997,1,4,n,PGFV,7
1997,1,4,n,DISP,114
1997,1,4,n,PGFV,8
1997,1,4,n,PGFV,7
1997,1,4,n,PGFV,6
1997,1,4,n,ONAR,16
1997,1,4,n,PGFV,7
1997,1,4,n,PGFV,6
1997,1,4,n,DIOR,47
1997,1,4,n,ONAR,19
1997,1,4,n,DIOR,49
1997,1,4,n,DIOR,47
1997,1,4,n,PGFV,6
1997,1,4,n,ONAR,22
1997,1,4,n,DISP,117
1997,1,4,n,DIOR,46
1997,1,4,n,DISP,113
1997,1,4,n,PGFV,7
1997,1,4,n,DIOR,54
1997,1,4,n,PGFV,7
1997,1,5,n,DISP,130
1997,1,5,n,PGFV,6
1997,1,5,n,PGFV,8
1997,1,5,n,PGFV,8
1997,1,5,n,PGFV,7
1997,1,5,n,PELE,30
1997,1,5,n,PGFV,7
1997,1,5,n,PGFV,6
1997,1,5,n,DIOR,35
1997,1,5,n,PGFV,7
1997,1,5,n,PGFV,7
1997,1,5,n,PGFV,7
1997,1,5,n,ONAR,18
1997,1,5,n,PGFV,7
1997,1,5,n,DIOR,45
1997,1,5,n,PGFV,8
1997,1,5,n,PGFV,7
1997,1,5,n,PGFV,7
1997,1,5,n,DIOR,48
1997,1,5,n,PGFV,7
1997,1,5,n,PGFV,7
1997,1,5,n,DISP,148
1997,1,5,n,DISP,121
1997,1,5,n,PGFV,7
1997,1,5,n,PGFV,8
1997,2,1,n,DISP,114
1997,2,1,n,PGFV,6
1997,2,1,n,PGFV,7
1997,2,1,n,XESP,46
1997,2,1,n,PGFV,6
1997,2,1,n,ONAR,18
1997,2,1,n,PGFV,8
1997,2,1,n,PGFV,7
1997,2,1,n,DIOR,42
1997,2,1,n,PGFV,6
1997,2,1,n,ONAR,15
1997,2,1,n,PGFV,8
1997,2,1,n,PGFV,7
1997,2,1,n,DIOR,44
1997,2,2,n,DISP,119
1997,2,2,n,PGFV,8
1997,2,2,n,PGFV,7
1997,2,2,n,ONAR,21
1997,2,2,n,PGFV,7
1997,2,2,n,PGFV,7
1997,2,2,n,PGFV,6
1997,2,2,n,PGFV,7
1997,2,2,n,PGFV,7
1997,2,2,n,XESP,48
1997,2,2,n,XESP,NA
1997,2,2,n,DISP,114
1997,2,2,n,PGFV,8
1997,2,2,n,PGFV,7
1997,2,3,n,PGFV,7
1997,2,3,n,XESP,60
1997,2,3,n,PGFV,8
1997,2,3,n,PGFV,7
1997,2,3,n,ONAR,18
1997,2,3,n,PGFV,7
1997,2,3,n,PGFV,8
1997,2,3,n,PGFV,8
1997,2,3,n,DISP,142
1997,2,3,n,DISP,110
1997,2,3,n,XESP,104
1997,2,3,n,PGFV,8
1997,2,3,n,PGFV,7
1997,2,4,n,PGFV,6
1997,2,4,n,PGFV,6
1997,2,4,n,DIOR,51
1997,2,4,n,PGFV,6
1997,2,4,n,PGFV,7
1997,2,4,n,PGFV,7
1997,2,4,n,PGFV,6
1997,2,4,n,PGFV,7
1997,2,4,n,XESP,98
1997,2,4,n,PGFV,6
1997,2,4,n,DIOR,45
1997,2,4,n,PGFV,6
1997,2,5,n,PGFV,8
1997,2,5,n,DIOR,49
1997,2,5,n,ONAR,18
1997,2,5,n,PGFV,8
1997,2,5,n,PGFV,5
1997,2,5,n,PGFV,7
1997,2,5,n,PGFV,8
1997,2,5,n,PELE,15
1997,2,5,n,PGFV,7
1997,2,5,n,PGFV,7
1997,2,5,n,PGFV,7
1997,2,5,n,PELE,21
1997,2,5,n,DIOR,NA
1997,2,5,n,PGFV,7
1997,3,1,n,PGFV,7
1997,3,1,n,ONAR,7
1997,3,1,n,PGFV,7
1997,3,1,n,PGFV,6
1997,3,1,n,PGFV,7
1997,3,1,n,PGFV,7
1997,3,1,n,PGFV,6
1997,3,1,n,PGFV,6
1997,3,1,n,REMO,5
1997,3,1,n,PGFV,9
1997,3,1,n,XESP,134
1997,3,1,n,PGFV,8
1997,3,1,n,PGFV,6
1997,3,1,n,PELE,13
1997,3,1,n,PGFV,7
1997,3,1,n,PGFV,7
1997,3,1,n,PGFV,6
1997,3,1,n,PGFV,7
1997,3,2,n,PGFV,7
1997,3,2,n,ONAR,13
1997,3,2,n,DIOR,49
1997,3,2,n,XESP,98
1997,3,2,n,PGFV,7
1997,3,2,n,PGFV,7
1997,3,2,n,PGFV,6
1997,3,2,n,PGFV,6
1997,3,2,n,PGFV,6
1997,3,2,n,PGFV,NA
1997,3,2,n,PGFV,6
1997,3,2,n,PGFV,7
1997,3,2,n,XESP,49
1997,3,2,n,DISP,NA
1997,3,2,n,DISP,110
1997,3,3,n,PGFV,5
1997,3,3,n,ONAR,15
1997,3,3,n,PGFV,7
1997,3,3,n,ONAR,16
1997,3,3,n,PGFV,7
1997,3,3,n,PGFV,7
1997,3,3,n,PGFV,7
1997,3,3,n,PGFV,8
1997,3,3,n,DIOR,48
1997,3,3,n,PGFV,7
1997,3,3,n,PGFV,7
1997,3,3,n,PGFV,7
1997,3,3,n,PGFV,8
1997,3,4,n,DISP,108
1997,3,4,n,PGFV,7
1997,3,4,n,ONAR,14
1997,3,4,n,PGFV,6
1997,3,4,n,PGFV,7
1997,3,4,n,DIOR,49
1997,3,4,n,DIOR,50
1997,3,4,n,XESP,95
1997,3,5,n,NEAL,88
1997,3,5,n,PGFV,8
1997,3,5,n,XESP,82
1997,3,5,n,XESP,86
1997,3,5,n,ONAR,18
1997,3,5,n,PGFV,6
1997,3,5,n,PGFV,7
1997,3,5,n,PGFV,7
1997,3,5,n,ONAR,20
1997,3,5,n,PGFV,7
1997,3,5,n,DISP,115
1997,1,1,n,DIME,35
1997,1,1,n,DIME,41
1997,1,1,n,DIME,39
1997,1,1,n,DIME,52
1997,1,1,n,ONAR,19
1997,1,1,n,DIME,48
1997,1,1,n,DIME,39
1997,1,1,n,DIME,51
1997,1,1,n,DISP,105
1997,1,1,n,DIME,42
1997,1,1,n,DIME,42
1997,1,1,n,DIME,34
1997,1,1,n,DIME,50
1997,1,1,n,DIME,45
1997,1,1,n,DIME,45
1997,1,1,n,DIME,40
1997,1,1,n,DIME,45
1997,1,1,n,DIME,50
1997,1,1,n,DIME,36
1997,1,1,n,DIME,41
1997,1,1,n,DIME,37
1997,1,1,n,DIME,38
1997,1,1,n,DIME,36
1997,1,1,n,DIME,42
1997,1,1,n,DIME,34
1997,1,1,n,DISP,156
1997,1,1,n,DIME,50
1997,1,1,n,DIME,45
1997,1,2,n,PGFV,7
1997,1,2,n,DIME,39
1997,1,2,n,PGFV,8
1997,1,2,n,DIME,43
1997,1,2,n,ONAR,21
1997,1,2,n,DIME,28
1997,1,2,n,DIME,32
1997,1,2,n,DIME,39
1997,1,2,n,PGFV,7
1997,1,2,n,PGFV,7
1997,1,2,n,PGFV,7
1997,1,2,n,PGFV,6
1997,1,2,n,PGFV,5
1997,1,2,n,PGFV,8
1997,1,2,n,DIME,41
1997,1,2,n,DIME,40
1997,1,2,n,DIME,43
1997,1,2,n,DIME,44
1997,1,2,n,DIME,39
1997,1,2,n,DIME,48
1997,1,2,n,DIME,35
1997,1,2,n,DIME,45
1997,1,2,n,DIME,46
1997,1,2,n,PGFV,7
1997,1,2,n,DIME,42
1997,1,3,n,DIME,44
1997,1,3,n,DIME,40
1997,1,3,n,DIME,33
1997,1,3,n,DIME,42
1997,1,3,n,DIME,43
1997,1,3,n,DIME,34
1997,1,3,n,ONAR,16
1997,1,3,n,DIME,39
1997,1,3,n,DIME,51
1997,1,3,n,DIME,47
1997,1,3,n,PGFV,6
1997,1,3,n,DIME,37
1997,1,3,n,DISP,95
1997,1,3,n,ONAR,21
1997,1,3,n,DIME,45
1997,1,3,n,ONAR,24
1997,1,3,n,DIME,49
1997,1,3,n,PGFV,8
1997,1,3,n,DIME,44
1997,1,3,n,ONAR,14
1997,1,3,n,DIME,44
1997,1,3,n,DIME,44
1997,1,3,n,DIME,42
1997,1,3,n,DIME,30
1997,1,3,n,DIME,42
1997,1,3,n,PGFV,7
1997,1,4,n,PGFV,9
1997,1,4,n,DIOR,55
1997,1,4,n,PGFV,6
1997,1,4,n,DIME,46
1997,1,4,n,DIME,35
1997,1,4,n,DIME,34
1997,1,4,n,PGFV,7
1997,1,4,n,PGFV,8
1997,1,4,n,DISP,148
1997,1,4,n,DIME,36
1997,1,4,n,PGFV,7
1997,1,4,n,DIME,47
1997,1,4,n,PGFV,5
1997,1,4,n,DIME,46
1997,1,4,n,REME,10
1997,1,4,n,DIME,35
1997,1,4,n,PGFV,5
1997,1,4,n,DIME,41
1997,1,4,n,DIME,40
1997,1,4,n,PGFV,6
1997,1,4,n,DIME,34
1997,1,4,n,PGFV,8
1997,1,4,n,DIME,24
1997,1,4,n,ONAR,13
1997,1,4,n,DIME,34
1997,1,4,n,DIME,39
1997,1,4,n,DIME,47
1997,1,5,n,PGFV,7
1997,1,5,n,PGFV,7
1997,1,5,n,DIME,44
1997,1,5,n,DIME,40
1997,1,5,n,PGFV,6
1997,1,5,n,PGFV,5
1997,1,5,n,ONAR,14
1997,1,5,n,PGFV,6
1997,1,5,n,PGFV,7
1997,1,5,n,ONAR,22
1997,1,5,n,DIME,42
1997,1,5,n,PGFV,7
1997,1,5,n,PGFV,7
1997,1,5,n,DIME,42
1997,1,5,n,DIME,30
1997,1,5,n,PGFV,7
1997,1,5,n,DIME,41
1997,1,5,n,PGFV,8
1997,1,5,n,PGFV,7
1997,1,5,n,DIME,43
1997,1,5,n,PGFV,7
1997,1,5,n,DIME,46
1997,1,5,n,PGFV,8
1997,1,5,n,DIME,40
1997,1,5,n,PGFV,6
1997,1,5,n,DIME,39
1997,1,5,n,PGFV,6
1997,1,5,n,DIME,29
1997,1,5,n,DIME,41
1997,1,5,n,DIME,49
1997,1,5,n,DIME,40
1997,1,5,n,PGFV,7
1997,1,5,n,ONAR,23
1997,1,5,n,PGFV,9
1997,1,5,n,DIME,55
1997,1,5,n,DIME,40
1997,2,1,n,NEAL,104
1997,2,1,n,PEBO,35
1997,2,1,n,PGFV,9
1997,2,1,n,DIME,55
1997,2,1,n,PGFV,6
1997,2,1,n,NEAL,88
1997,2,1,n,PGFV,8
1997,2,1,n,ONAR,21
1997,2,1,n,DIME,45
1997,2,1,n,PGFV,8
1997,2,1,n,ONAR,19
1997,2,1,n,PGFV,7
1997,2,1,n,PGFV,6
1997,2,1,n,DIME,44
1997,2,1,n,PGFV,7
1997,2,1,n,NEAL,90
1997,2,1,n,PGFV,8
1997,2,2,n,PGFV,7
1997,2,2,n,PGFV,9
1997,2,2,n,NEAL,171
1997,2,2,n,PGFV,9
1997,2,2,n,DIME,44
1997,2,2,n,DIME,37
1997,2,2,n,NEAL,109
1997,2,2,n,PGFV,7
1997,2,2,n,DIME,47
1997,2,2,n,PGFV,8
1997,2,2,n,DIME,47
1997,2,2,n,PGFV,9
1997,2,2,n,DIME,31
1997,2,2,n,PGFV,10
1997,2,3,n,PGFV,7
1997,2,3,n,NEMI,110
1997,2,3,n,NEMI,128
1997,2,3,n,DISP,140
1997,2,3,n,DIME,38
1997,2,3,n,PGFV,8
1997,2,3,n,PGFV,8
1997,2,3,n,PGFV,6
1997,2,4,n,NEAL,98
1997,2,4,n,PGFV,7
1997,2,4,n,ONAR,25
1997,2,4,n,PGFV,7
1997,2,4,n,PGFV,6
1997,2,4,n,PGFV,7
1997,2,4,n,PGFV,7
1997,2,4,n,DIME,41
1997,2,4,n,DIME,37
1997,2,4,n,PGFV,7
1997,2,4,n,PGFV,7
1997,2,5,n,PGFV,7
1997,2,5,n,DIME,40
1997,2,5,n,PGFV,5
1997,2,5,n,DIME,30
1997,2,5,n,DIME,NA
1997,2,5,n,PGFV,7
1997,2,5,n,PGFV,7
1997,2,5,n,PGFV,9
1997,2,5,n,DIME,50
1997,2,5,n,PGFV,9
1997,2,5,n,PGFV,NA
1997,2,5,n,PGFV,7
1997,2,5,n,PGFV,7
1997,3,1,n,PGFV,8
1997,3,1,n,DIME,45
1997,3,1,n,PGFV,9
1997,3,1,n,PGFV,7
1997,3,1,n,DIME,30
1997,3,1,n,DIME,15
1997,3,1,n,PGFV,7
1997,3,1,n,DIME,51
1997,3,1,n,NEAL,82
1997,3,1,n,ONAR,13
1997,3,2,n,PGFV,6
1997,3,2,n,DIME,33
1997,3,2,n,PGFV,7
1997,3,2,n,DIME,35
1997,3,2,n,DIXX,67
1997,3,2,n,PGFV,7
1997,3,2,n,PGFV,8
1997,3,2,n,PGFV,7
1997,3,2,n,PGFV,6
1997,3,2,n,PGFV,7
1997,3,2,n,PGFV,7
1997,3,2,n,DIME,38
1997,3,2,n,PGFV,6
1997,3,2,n,PGFV,12
1997,3,2,n,PGFV,7
1997,3,2,n,PGFV,5
1997,3,2,n,DIME,38
1997,3,3,n,DIME,51
1997,3,3,n,PGFV,8
1997,3,3,n,DIME,45
1997,3,3,n,PGFV,6
1997,3,3,n,PGFV,10
1997,3,4,n,PGFV,7
1997,3,4,n,PGFV,6
1997,3,4,n,PGFV,7
1997,3,4,n,PGFV,8
1997,3,4,n,DIXX,69
1997,3,4,n,DIME,29
1997,3,4,n,DIME,39
1997,3,4,n,DIME,39
1997,3,4,n,DIME,39
1997,3,4,n,REME,10
1997,3,4,n,PGFV,8
1997,3,4,n,PGFV,7
1997,3,4,n,PGFV,7
1997,3,4,n,DIME,38
1997,3,4,n,ONAR,22
1997,3,5,n,PGFV,5
1997,3,5,n,DIME,31
1997,3,5,n,PGFV,8
1997,3,5,n,DIME,27
1997,3,5,n,PGFV,8
1997,3,5,n,NEAL,74
1997,3,5,n,PGFV,5
1997,3,5,n,PGFV,7
1997,3,5,n,PGFV,8
1997,3,5,n,PGFV,7
1997,3,5,n,PGFV,5
1997,3,5,n,PGFV,7
1997,3,5,n,PGFV,7
1997,3,5,n,PGFV,8
1997,3,5,n,DIME,30
1997,1,1,n,DIME,44
1997,1,1,n,DIME,41
1997,1,1,n,PGFV,6
1997,1,1,n,DIME,42
1997,1,1,n,DIME,39
1997,1,1,n,DIME,38
1997,1,1,n,PEER,19
1997,1,1,n,DIME,40
1997,1,1,n,PGFV,5
1997,1,1,n,PEER,20
1997,1,1,n,DISP,122
1997,1,1,n,PEER,20
1997,1,1,n,DIME,40
1997,1,1,n,PEER,22
1997,1,1,n,PEER,21
1997,1,1,n,DIME,46
1997,1,1,n,PGFV,6
1997,1,1,n,DIME,45
1997,1,1,n,PEER,18
1997,1,1,n,PGFV,7
1997,1,1,n,DIME,40
1997,1,1,n,PGFV,6
1997,1,1,n,DIME,40
1997,1,1,n,DIME,42
1997,1,1,n,DIME,41
1997,1,1,n,DIME,39
1997,1,1,n,DIOR,32
1997,1,1,n,DIME,42
1997,1,1,n,DIME,49
1997,1,1,n,DIME,44
1997,1,1,n,PGFV,7
1997,1,1,n,DIME,39
1997,1,1,n,PGFV,8
1997,1,1,n,PEER,22
1997,1,1,n,DIME,35
1997,1,1,n,DISP,150
1997,1,1,n,DIME,40
1997,1,2,n,ONAR,13
1997,1,2,n,PGFV,6
1997,1,2,n,PGFV,6
1997,1,2,n,DIME,37
1997,1,2,n,DISP,128
1997,1,2,n,PGFV,7
1997,1,2,n,DIME,36
1997,1,2,n,PGFV,6
1997,1,2,n,DIME,40
1997,1,2,n,DIME,44
1997,1,2,n,PGFV,7
1997,1,2,n,PGFV,6
1997,1,2,n,ONAR,20
1997,1,2,n,DIME,35
1997,1,2,n,PGFV,7
1997,1,2,n,PGFV,7
1997,1,2,n,PGFV,8
1997,1,2,n,DIME,36
1997,1,2,n,PGFV,6
1997,1,2,n,DIME,40
1997,1,2,n,PGFV,7
1997,1,2,n,PGFV,7
1997,1,2,n,PGFV,6
1997,1,2,n,PGFV,6
1997,1,2,n,DIME,37
1997,1,2,n,DIME,47
1997,1,2,n,PEER,15
1997,1,2,n,ONAR,19
1997,1,2,n,DIME,46
1997,1,2,n,PGFV,6
1997,1,2,n,DIME,42
1997,1,2,n,DIME,36
1997,1,2,n,PGFV,7
1997,1,2,n,DIME,38
1997,1,2,n,PGFV,5
1997,1,2,n,PGFV,7
1997,1,2,n,DIME,44
1997,1,2,n,ONAR,19
1997,1,2,n,DIME,39
1997,1,2,n,PGFV,6
1997,1,2,n,PGFV,6
1997,1,2,n,PGFV,5.8
1997,1,2,n,DIME,42.1
1997,1,2,n,PGFV,6
1997,1,3,n,DIME,45
1997,1,3,n,DIME,34
1997,1,3,n,PGFV,8
1997,1,3,n,PGFV,6
1997,1,3,n,PGFV,6
1997,1,3,n,DIME,NA
1997,1,3,n,DIME,38
1997,1,3,n,DIME,39
1997,1,3,n,NEMI,172
1997,1,3,n,DIME,NA
1997,1,3,n,DIME,49
1997,1,3,n,ONAR,24
1997,1,3,n,PGFV,7
1997,1,3,n,DIME,40
1997,1,3,n,XESP,108
1997,1,3,n,PGFV,7
1997,1,3,n,DIME,41
1997,1,3,n,DIME,39
1997,1,3,n,ONAR,20
1997,1,3,n,PEER,24
1997,1,3,n,DIME,45
1997,1,3,n,DIME,40
1997,1,3,n,DIME,37
1997,1,3,n,DIME,40
1997,1,3,n,DIME,36
1997,1,3,n,DIME,38
1997,1,3,n,PGFV,6
1997,1,3,n,PGFV,7
1997,1,3,n,DIME,43
1997,1,4,n,PEER,20
1997,1,4,n,DIME,33
1997,1,4,n,DIME,42
1997,1,4,n,PGFV,6
1997,1,4,n,DIME,39
1997,1,4,n,PGFV,6
1997,1,4,n,PGFV,6
1997,1,4,n,ONAR,17
1997,1,4,n,PGFV,6
1997,1,4,n,PGFV,8
1997,1,4,n,PGFV,6
1997,1,4,n,DIME,43
1997,1,4,n,DIME,46
1997,1,4,n,DIME,38
1997,1,4,n,PGFV,6
1997,1,4,n,PGFV,6
1997,1,4,n,DIME,46
1997,1,4,n,DISP,131
1997,1,4,n,PGFV,6
1997,1,4,n,ONAR,20
1997,1,4,n,DIME,NA
1997,1,4,n,DIME,41
1997,1,4,n,PGFV,6
1997,1,4,n,PGFV,7
1997,1,4,n,DIME,39
1997,1,4,n,PGFV,7
1997,1,4,n,PGFV,7
1997,1,4,n,PEER,20
1997,1,4,n,ONAR,20
1997,1,4,n,DIME,46
1997,1,4,n,PGFV,6
1997,1,4,n,DIME,36
1997,1,4,n,PGFV,7
1997,1,4,n,PGFV,6
1997,1,4,n,ONAR,13
1997,1,4,n,DIME,44
1997,1,4,n,DIME,37
1997,1,4,n,PGFV,7
1997,1,4,n,PGFV,6
1997,1,4,n,DISP,108
1997,1,4,n,DIME,33
1997,1,5,n,DIME,47
1997,1,5,n,PELE,15
1997,1,5,n,PGFV,7
1997,1,5,n,DIME,38
1997,1,5,n,ONAR,22
1997,1,5,n,DIME,30
1997,1,5,n,PGFV,6
1997,1,5,n,REME,10
1997,1,5,n,DIME,40
1997,1,5,n,DIME,35
1997,1,5,n,DIME,40
1997,1,5,n,DIME,40
1997,1,5,n,PGFV,7
1997,1,5,n,DIME,43
1997,1,5,n,DIME,45
1997,1,5,n,PELE,19
1997,1,5,n,DISP,130
1997,1,5,n,PGFV,7
1997,1,5,n,DIME,40
1997,1,5,n,DISP,120
1997,1,5,n,DIME,39
1997,1,5,n,PGFV,7
1997,1,5,n,REME,10
1997,1,5,n,PGFV,7
1997,1,5,n,PGFV,7
1997,1,5,n,PGFV,6
1997,1,5,n,PGFV,7
1997,1,5,n,PGFV,6
1997,1,5,n,ONAR,17
1997,1,5,n,DIME,38
1997,1,5,n,DIME,42
1997,1,5,n,DIME,42
1997,1,5,n,DIME,51
1997,1,5,n,PGFV,8
1997,1,5,n,DIME,40
1997,1,5,n,NEMI,158
1997,1,5,n,DIME,41
1997,1,5,n,PGFV,8
1997,1,5,n,DIME,41
1997,1,5,n,PGFV,7
1997,1,5,n,PGFV,6
1997,1,5,n,DIME,44
1997,1,5,n,PGFV,7
1997,1,5,n,DIME,37
1997,1,5,n,PGFV,7
1997,1,5,n,DIME,39
1997,1,5,n,DIME,43
1997,1,5,n,PEER,14
1997,2,1,n,PGFV,7
1997,2,1,n,DISP,130
1997,2,1,n,PEER,17
1997,2,1,n,PGFV,7
1997,2,1,n,PEER,22
1997,2,1,n,PEER,21
1997,2,1,n,PEER,14
1997,2,1,n,DISP,142
1997,2,1,n,PGFV,7
1997,2,1,n,PGFV,7
1997,2,1,n,NEAL,200
1997,2,1,n,PEER,20
1997,2,1,n,PEER,23
1997,2,1,n,DIME,45
1997,2,1,n,PGFV,7
1997,2,1,n,DIME,41
1997,2,1,n,ONAR,22
1997,2,1,n,PGFV,7
1997,2,1,n,DIME,39
1997,2,2,n,NEAL,127
1997,2,2,n,PGFV,9
1997,2,2,n,PGFV,6
1997,2,2,n,PGFV,6
1997,2,2,n,PGFV,6
1997,2,2,n,PEER,20
1997,2,2,n,DIME,33
1997,2,2,n,PGFV,6
1997,2,2,n,DISP,114
1997,2,2,n,DIME,43
1997,2,2,n,PGFV,6
1997,2,2,n,PGFV,7
1997,2,2,n,PGFV,7
1997,2,3,n,PGFV,7
1997,2,3,n,DIME,43
1997,2,3,n,PEER,15
1997,2,3,n,DIME,44
1997,2,3,n,DIME,40
1997,2,3,n,DISP,132
1997,2,3,n,DIME,40
1997,2,3,n,DIME,38
1997,2,3,n,DIME,44
1997,2,3,n,NEMI,150
1997,2,3,n,PGFV,7
1997,2,3,n,DIME,42
1997,2,3,n,DIME,41
1997,2,3,n,PGFV,6
1997,2,3,n,PEER,13
1997,2,3,n,PGFV,7
1997,2,3,n,DIME,39
1997,2,4,n,DIME,38
1997,2,4,n,DIME,39
1997,2,4,n,PGFV,6
1997,2,4,n,PGFV,7
1997,2,4,n,REME,10
1997,2,4,n,REMO,6
1997,2,4,n,NEAL,83
1997,2,4,n,DIME,37
1997,2,4,n,DISP,99
1997,2,4,n,PGFV,7
1997,2,4,n,DIME,36
1997,2,4,n,PGFV,7
1997,2,4,n,PGFV,6
1997,2,5,n,PGFV,7
1997,2,5,n,REME,12
1997,2,5,n,ONAR,15
1997,2,5,n,PEER,20
1997,2,5,n,PGFV,7
1997,2,5,n,PEER,16
1997,2,5,n,ONAR,18
1997,2,5,n,DIME,42
1997,3,1,n,PEER,17
1997,3,1,n,DIME,45
1997,3,1,n,DIME,42
1997,3,1,n,DISP,135
1997,3,1,n,PEER,21
1997,3,1,n,PEER,21
1997,3,1,n,PGFV,7
1997,3,1,n,PGFV,NA
1997,3,1,n,REME,15
1997,3,2,n,PGFV,7
1997,3,2,n,DISP,135
1997,3,2,n,DIME,43
1997,3,2,n,PGFV,7
1997,3,2,n,DIME,43
1997,3,2,n,ONAR,NA
1997,3,2,n,PGFV,8
1997,3,2,n,DIME,39
1997,3,2,n,PGFV,6
1997,3,2,n,PGFV,7
1997,3,2,n,DIME,38
1997,3,3,n,DISP,132
1997,3,3,n,PGFV,7
1997,3,3,n,PELE,12
1997,3,3,n,DIME,44
1997,3,3,n,DIME,46
1997,3,4,n,DIME,40
1997,3,4,n,PGFV,6
1997,3,4,n,PGFV,6
1997,3,4,n,ONAR,13
1997,3,4,n,ONAR,17
1997,3,4,n,PGFV,7
1997,3,4,n,DIME,39
1997,3,4,n,DIME,43
1997,3,4,n,DISP,132
1997,3,4,n,DIME,48
1997,3,4,n,DIME,36
1997,3,4,n,PGFV,7
1997,3,4,n,PGFV,6
1997,3,5,n,DIME,45
1997,3,5,n,DIME,39
1997,3,5,n,DIME,42
1997,3,5,n,PGFV,NA
1997,3,5,n,PGFV,8
1997,3,5,n,DIME,45
1997,3,5,n,PGFV,7
1997,3,5,n,DIME,39
1997,1,1,n,PETR,28
1997,1,1,n,PETR,27
1997,1,1,n,PETR,31
1997,1,1,n,PETR,30
1997,1,1,n,PETR,30
1997,1,2,n,PETR,31
1997,1,2,n,PETR,27
1997,1,2,n,PETR,31
1997,1,2,n,PETR,30
1997,1,2,n,PETR,29
1997,1,2,n,PETR,16
1997,1,2,n,PETR,28
1997,1,4,n,NEAL,138
1997,1,4,n,PETR,29
1997,1,4,n,PETR,15
1997,1,4,n,PETR,23
1997,1,4,n,PETR,27
1997,1,4,n,PETR,27
1997,1,5,n,PETR,29
1997,1,5,n,PETR,28
1997,1,5,n,ONAR,27
1997,1,5,n,PETR,25
1997,1,5,n,PETR,25
1997,1,5,n,PETR,17
1997,1,5,n,NEAL,132
1997,1,5,n,PETR,29
1997,1,5,n,PETR,34
1997,2,3,n,NEAL,177
1997,2,3,n,NEAL,101
1997,2,3,n,PETR,26
1997,2,3,n,PETR,33
1997,2,3,n,PETR,31
1997,2,3,n,PETR,30
1997,2,3,n,PETR,33
1997,2,3,n,PETR,28
1997,2,5,n,PETR,32
1997,3,1,n,PETR,32
1997,3,1,n,PETR,18
1997,3,2,n,PETR,23
1997,3,3,n,PETR,35
1997,3,4,n,NEAL,146
1997,3,5,n,NEAL,140
1997,3,5,n,AMIN,NA
1997,1,1,n,PGFV,9
1997,1,1,n,NEAL,150
1997,1,1,n,PGFV,11
1997,1,2,n,PGFV,9
1997,1,3,n,PGFV,8
1997,1,3,n,PGFV,10
1997,1,3,n,PGFV,NA
1997,1,3,n,PENA,21
1997,1,3,n,PETR,32
1997,1,4,n,PGFV,8
1997,1,4,n,PGFV,7
1997,1,4,n,PGFV,7
1997,1,4,n,PGFV,7
1997,1,4,n,PETR,30
1997,1,4,n,PGFV,8
1997,1,4,n,PETR,24
1997,1,5,n,NEAL,124
1997,1,5,n,PGFV,10
1997,2,1,n,PETR,25
1997,2,1,n,PGFV,8
1997,2,1,n,PGFV,8
1997,2,1,n,PGFV,10
1997,2,2,n,PETR,16
1997,2,2,n,PENA,NA
1997,2,2,n,PETR,33
1997,2,2,n,PGFV,7
1997,2,3,n,PGFV,9
1997,2,4,n,PGFV,7
1997,2,4,n,PGFV,7
1997,2,4,n,PGFV,7
1997,2,4,n,PGFV,7
1997,2,4,n,CHIN,15
1997,2,5,n,PGFV,7
1997,2,5,n,PGFV,10
1997,2,5,n,NEAL,154
1997,2,5,n,NEAL,170
1997,2,5,n,PETR,20
1997,3,1,n,PENA,17
1997,3,1,n,PENA,26
1997,3,1,n,PGFV,7
1997,3,2,n,PETR,24
1997,3,2,n,PGFV,7
1997,3,2,n,PETR,23
1997,3,3,n,PENA,15
1997,3,3,n,CHIN,14
1997,3,3,n,PEBO,27
1997,3,4,n,PGFV,8
1997,3,4,n,PETR,21
1997,3,4,n,PGFV,7
1997,3,5,n,PETR,32
1997,3,5,n,PGFV,7
1997,1,1,n,ONAR,25
1997,1,1,n,NEAL,138
1997,1,1,n,PGFL,11
1997,1,1,n,DIOR,64
1997,1,1,n,PETR,18
1997,1,1,n,DIME,36
1997,1,1,n,DIOR,57
1997,1,1,n,DIOR,58
1997,1,1,n,PGFL,14
1997,1,1,n,NEAL,94
1997,1,1,n,DIME,46
1997,1,1,n,DIME,49
1997,1,1,n,DIME,28
1997,1,1,n,DISP,128
1997,1,1,n,PETR,36
1997,1,1,n,DIME,41
1997,1,1,n,DIME,40
1997,1,1,n,DIOR,62
1997,1,1,n,DIME,39
1997,1,1,n,PGFL,11
1997,1,1,n,NEAL,86
1997,1,1,n,DIME,53
1997,1,1,n,PGFL,11
1997,1,1,n,PGFL,15
1997,1,1,n,DIME,38
1997,1,1,n,DIME,40
1997,1,1,n,PGFL,14
1997,1,1,n,NEAL,170
1997,1,1,n,NEAL,75
1997,1,1,n,DIME,42
1997,1,1,n,DIOR,51
1997,1,1,n,NEAL,94
1997,1,1,n,DIOR,40
1997,1,1,n,DIME,45
1997,1,1,n,DIME,41
1997,1,1,n,PGFL,9
1997,1,1,n,DIME,34
1997,1,1,n,DIOR,64
1997,1,1,n,NEAL,148
1997,1,1,n,DIOR,60
1997,1,1,n,DIOR,47
1997,1,1,n,NEAL,174
1997,1,1,n,DIME,37
1997,1,2,n,DIME,44
1997,1,2,n,NEAL,126
1997,1,2,n,PGFL,10
1997,1,2,n,DIME,34
1997,1,2,n,PGFL,15
1997,1,2,n,DIOR,56
1997,1,2,n,DIME,44
1997,1,2,n,PGFL,10
1997,1,2,n,DIOR,46
1997,1,2,n,PGFL,10
1997,1,2,n,DIME,34
1997,1,2,n,DIME,35
1997,1,2,n,PGFV,7
1997,1,2,n,NEAL,78
1997,1,2,n,DIME,45
1997,1,2,n,NEAL,86
1997,1,2,n,PGFL,12
1997,1,2,n,NEAL,118
1997,1,2,n,PGFL,8
1997,1,2,n,DIOR,39
1997,1,2,n,PGFL,13
1997,1,2,n,REMO,8
1997,1,2,n,DIOR,46
1997,1,2,n,SIHI,69
1997,1,2,n,DIOR,46
1997,1,2,n,PGFL,8
1997,1,2,n,DIME,44
1997,1,2,n,NEAL,140
1997,1,2,n,DIME,43
1997,1,2,n,NEAL,133
1997,1,2,n,NEAL,108
1997,1,2,n,ONLE,27
1997,1,2,n,DIME,42
1997,1,2,n,ONLE,41
1997,1,2,n,PGFL,12
1997,1,2,n,DIME,39
1997,1,3,n,PELE,16
1997,1,3,n,DIOR,31
1997,1,3,n,PELE,16
1997,1,3,n,DIME,39
1997,1,3,n,NEAL,96
1997,1,3,n,PGFL,12
1997,1,3,n,DIOR,51
1997,1,3,n,PGFL,10
1997,1,3,n,ONLE,27
1997,1,3,n,PGFL,8
1997,1,3,n,DIME,38
1997,1,3,n,ONLE,25
1997,1,3,n,DIOR,45
1997,1,3,n,DIME,39
1997,1,3,n,PGFL,16
1997,1,3,n,NEAL,102
1997,1,3,n,NEAL,163
1997,1,3,n,NEAL,124
1997,1,3,n,DIOR,42
1997,1,3,n,PGFL,12
1997,1,3,n,ONLE,33
1997,1,3,n,PGFL,13
1997,1,3,n,DIME,46
1997,1,3,n,DIME,36
1997,1,3,n,PGFL,16
1997,1,3,n,DIME,45
1997,1,3,n,DIOR,45
1997,1,3,n,PGFL,15
1997,1,3,n,DIME,49
1997,1,3,n,DIME,47
1997,1,3,n,NEAL,136
1997,1,3,n,DIOR,50
1997,1,3,n,DIOR,58
1997,1,3,n,NEAL,158
1997,1,3,n,PGFL,14
1997,1,3,n,NEAL,200
1997,1,3,n,DIOR,43
1997,1,3,n,DIME,52
1997,1,3,n,DIOR,50
1997,1,3,n,DIME,38
1997,1,3,n,DIOR,49
1997,1,4,n,DIME,50
1997,1,4,n,ONLE,39
1997,1,4,n,PGFL,13
1997,1,4,n,DIOR,58
1997,1,4,n,DIOR,57
1997,1,4,n,ONLE,41
1997,1,4,n,PELE,27
1997,1,4,n,DIME,36
1997,1,4,n,DIME,39
1997,1,4,n,DIME,30
1997,1,4,n,DIOR,54
1997,1,4,n,DIME,42
1997,1,4,n,DIOR,56
1997,1,4,n,NEAL,NA
1997,1,4,n,PGFL,12
1997,1,4,n,DIOR,60
1997,1,4,n,DIME,31
1997,1,4,n,DIOR,48
1997,1,4,n,DIOR,29
1997,1,4,n,NEAL,120
1997,1,4,n,DIME,50
1997,1,4,n,DIOR,50
1997,1,4,n,NEAL,112
1997,1,4,n,DIME,31
1997,1,4,n,NEAL,188
1997,1,4,n,DIOR,NA
1997,1,4,n,NEAL,NA
1997,1,4,n,ONLE,27
1997,1,4,n,DIOR,54
1997,1,4,n,DIOR,50
1997,1,4,n,NEAL,144
1997,1,4,n,DIOR,52
1997,1,4,n,PGFL,10
1997,1,4,n,NEAL,148
1997,1,4,n,DIOR,60
1997,1,4,n,ONLE,47
1997,1,4,n,DIOR,51
1997,1,4,n,DIME,40
1997,1,4,n,DIME,52
1997,1,4,n,DIME,43
1997,1,4,n,PGFL,11
1997,1,4,n,DIME,42
1997,1,5,n,DIOR,57
1997,1,5,n,DIOR,48
1997,1,5,n,DIME,35
1997,1,5,n,DIME,50
1997,1,5,n,DIME,52
1997,1,5,n,NEAL,170
1997,1,5,n,PGFV,11
1997,1,5,n,PGFL,13
1997,1,5,n,PGFL,10
1997,1,5,n,ONLE,16
1997,1,5,n,DIOR,52
1997,1,5,n,DIME,37
1997,1,5,n,DIOR,43
1997,1,5,n,DIOR,46
1997,1,5,n,DIOR,61
1997,1,5,n,DIOR,49
1997,1,5,n,DIOR,50
1997,1,5,n,DIOR,45
1997,1,5,n,NEAL,205
1997,1,5,n,PGFL,15
1997,1,5,n,PGFL,14
1997,1,5,n,ONLE,37
1997,1,5,n,NEAL,150
1997,1,5,n,DIME,45
1997,1,5,n,DIOR,38
1997,1,5,n,DIOR,51
1997,1,5,n,DIME,50
1997,1,5,n,DIOR,50
1997,1,5,n,DIOR,53
1997,1,5,n,DIOR,50
1997,1,5,n,DIOR,58
1997,1,5,n,DIME,36
1997,1,5,n,NEAL,140
1997,1,5,n,DIOR,49
1997,1,5,n,DIOR,55
1997,1,5,n,DIOR,44
1997,1,5,n,DIOR,49
1997,1,5,n,DIME,43
1997,1,5,n,DIME,42
1997,1,5,n,DIME,28
1997,1,5,n,DIOR,49
1997,1,5,n,PELE,23
1997,2,1,n,NEAL,174
1997,2,1,n,ONLE,34
1997,2,1,n,NEAL,172
1997,2,1,n,DIOR,49
1997,2,1,n,PGFL,11
1997,2,1,n,NEAL,160
1997,2,1,n,DIOR,58
1997,2,1,n,NEAL,188
1997,2,1,n,NEAL,152
1997,2,1,n,DIOR,54
1997,2,1,n,NEAL,74
1997,2,1,n,NEAL,72
1997,2,1,n,DIME,36
1997,2,1,n,PGFL,9
1997,2,1,n,PGFL,NA
1997,2,1,n,NEAL,82
1997,2,1,n,PELE,21
1997,2,1,n,DIOR,55
1997,2,1,n,PGFL,12
1997,2,1,n,PGFL,9
1997,2,1,n,PETR,26
1997,2,1,n,REME,14
1997,2,1,n,DIME,39
1997,2,2,n,PGFV,6
1997,2,2,n,PGFL,10
1997,2,2,n,PELE,23
1997,2,2,n,PELE,20
1997,2,2,n,DIME,35
1997,2,2,n,DIOR,59
1997,2,2,n,PGFL,12
1997,2,2,n,PELE,27
1997,2,2,n,PGFL,9
1997,2,2,n,PGFL,17.5
1997,2,2,n,PGFL,13
1997,2,2,n,ONLE,33
1997,2,2,n,PGFL,12
1997,2,2,n,DIME,37
1997,2,2,n,NEAL,151
1997,2,2,n,DIOR,43
1997,2,2,n,DIME,51
1997,2,2,n,DIME,22
1997,2,2,n,PGFL,14
1997,2,2,n,DIOR,50
1997,2,2,n,DIME,35
1997,2,2,n,PGFL,13
1997,2,2,n,DIME,49
1997,2,2,n,DIOR,50
1997,2,3,n,PGFL,13
1997,2,3,n,NEAL,83
1997,2,3,n,PGFL,9
1997,2,3,n,PGFL,7
1997,2,3,n,PGFL,14
1997,2,3,n,PETR,32
1997,2,3,n,PGFL,11
1997,2,3,n,PGFL,14
1997,2,3,n,PGFL,15
1997,2,3,n,DIME,35
1997,2,3,n,PGFL,12
1997,2,3,n,ONLE,39
1997,2,3,n,DIOR,49
1997,2,3,n,DIOR,48
1997,2,3,n,NEAL,208
1997,2,3,n,DIME,41
1997,2,3,n,NEAL,44
1997,2,3,n,PGFL,8
1997,2,3,n,PGFL,11
1997,2,3,n,DIOR,52
1997,2,3,n,DIOR,38
1997,2,3,n,PGFL,12
1997,2,3,n,PGFL,12
1997,2,3,n,PGFL,10
1997,2,3,n,PGFL,9
1997,2,4,n,ONLE,35
1997,2,4,n,DIOR,49
1997,2,4,n,NEAL,148
1997,2,4,n,DIOR,51
1997,2,4,n,NEAL,114
1997,2,4,n,PGFL,16
1997,2,4,n,NEAL,172
1997,2,4,n,DIOR,59
1997,2,4,n,PGFL,11
1997,2,4,n,NEAL,174
1997,2,4,n,PGFL,12
1997,2,4,n,DIOR,48
1997,2,4,n,DIOR,30
1997,2,4,n,PGFL,12
1997,2,4,n,DIME,NA
1997,2,5,n,DIME,49
1997,2,5,n,PGFL,14
1997,2,5,n,PGFL,7
1997,2,5,n,PGFL,13
1997,2,5,n,NEAL,130
1997,2,5,n,DIOR,64
1997,2,5,n,DIOR,59
1997,2,5,n,DIOR,39
1997,2,5,n,DIOR,49
1997,2,5,n,PGFL,8
1997,2,5,n,DIOR,49
1997,2,5,n,PELE,25
1997,3,1,n,DIOR,28
1997,3,1,n,PEBO,11
1997,3,1,n,PGFL,14
1997,3,1,n,DIOR,42
1997,3,1,n,XESP,56
1997,3,1,n,PETR,26
1997,3,1,n,NEAL,130
1997,3,1,n,NEAL,77
1997,3,1,n,PGFL,13
1997,3,1,n,DIME,51
1997,3,1,n,NEAL,214
1997,3,1,n,ONLE,32
1997,3,1,n,PGFL,16
1997,3,1,n,DIME,49
1997,3,1,n,PGFL,10
1997,3,2,n,DIOR,50
1997,3,2,n,PGFV,7
1997,3,2,n,NEAL,126
1997,3,2,n,DIOR,56
1997,3,2,n,NEAL,36
1997,3,2,n,NEAL,55
1997,3,2,n,PGFL,16
1997,3,2,n,PGFL,8
1997,3,2,n,DIOR,58
1997,3,2,n,PGFL,15
1997,3,2,n,NEAL,137
1997,3,3,n,NEAL,72
1997,3,3,n,DIME,37
1997,3,3,n,PGFL,15
1997,3,3,n,PGFL,13
1997,3,3,n,NEAL,145
1997,3,3,n,NEAL,116
1997,3,3,n,PGFL,13
1997,3,3,n,PGFL,13
1997,3,3,n,NEAL,84
1997,3,3,n,PGFL,9
1997,3,3,n,PGFL,14
1997,3,3,n,PGFL,13
1997,3,4,n,PGFL,13
1997,3,4,n,NEAL,60
1997,3,4,n,PGFL,11
1997,3,4,n,NEAL,170
1997,3,4,n,PGFL,15
1997,3,4,n,PGFL,15
1997,3,4,n,DIOR,33
1997,3,4,n,DIOR,NA
1997,3,4,n,PGFL,7
1997,3,4,n,PGFL,11
1997,3,4,n,PGFL,13
1997,3,4,n,DIOR,55
1997,3,4,n,NEAL,68
1997,3,4,n,NEAL,100
1997,3,4,n,PGFL,10
1997,3,4,n,PGFL,12
1997,3,5,n,DIOR,29
1997,3,5,n,DIME,43
1997,3,5,n,DIOR,47
1997,3,5,n,DIOR,62
1997,3,5,n,NEAL,147
1997,1,1,n,DIOR,66
1997,1,1,n,NEAL,168
1997,1,1,n,DIOR,59
1997,1,1,n,DIOR,65
1997,1,1,n,DIME,40
1997,1,1,n,PGFL,12
1997,1,1,n,DIOR,58
1997,1,1,n,NEAL,168
1997,1,1,n,ONLE,37
1997,1,1,n,DIME,NA
1997,1,1,n,DIME,40
1997,1,1,n,DIOR,60
1997,1,1,n,NEAL,190
1997,1,1,n,DIME,49
1997,1,1,n,NEAL,152
1997,1,1,n,DIME,46
1997,1,1,n,DIME,40
1997,1,1,n,PGFL,10
1997,1,1,n,ONLE,36
1997,1,1,n,ONLE,31
1997,1,1,n,DIME,39
1997,1,1,n,DIME,45
1997,1,1,n,DISP,132
1997,1,1,n,DIME,46
1997,1,1,n,PGFL,11
1997,1,1,n,DIME,46
1997,1,1,n,DISP,136
1997,1,1,n,DISP,130
1997,1,1,n,DIME,45
1997,1,1,n,DIOR,50
1997,1,1,n,DIOR,55
1997,1,1,n,DIME,39
1997,1,1,n,DIME,35
1997,1,1,n,NEAL,146
1997,1,1,n,DIOR,60
1997,1,1,n,PGFL,11
1997,1,1,n,NEAL,180
1997,1,1,n,DISP,130
1997,1,1,n,DIOR,65
1997,1,1,n,NEAL,162
1997,1,1,n,DIOR,60
1997,1,1,n,DIME,40
1997,1,2,n,DIME,41
1997,1,2,n,NEAL,168
1997,1,2,n,PGFL,12
1997,1,2,n,DIOR,50
1997,1,2,n,NEAL,139
1997,1,2,n,DIOR,46
1997,1,2,n,DIOR,55
1997,1,2,n,DIOR,53
1997,1,2,n,PGFL,11
1997,1,2,n,DIOR,51
1997,1,2,n,DIME,38
1997,1,2,n,PGFL,11
1997,1,2,n,NEAL,140
1997,1,2,n,DIOR,58
1997,1,2,n,DIOR,48
1997,1,2,n,NEAL,189
1997,1,2,n,PEXX,15
1997,1,2,n,REMO,7
1997,1,2,n,PELE,19
1997,1,2,n,PGFV,7
1997,1,2,n,DIME,39
1997,1,2,n,PELE,11
1997,1,2,n,NEAL,133
1997,1,2,n,DIME,39
1997,1,2,n,PGFL,11
1997,1,2,n,DIOR,50
1997,1,2,n,DIME,40
1997,1,2,n,DIME,36
1997,1,2,n,PGFL,12
1997,1,3,n,PGFL,12
1997,1,3,n,DIOR,50
1997,1,3,n,DIOR,51
1997,1,3,n,DIME,45
1997,1,3,n,DIOR,37
1997,1,3,n,DIOR,61
1997,1,3,n,DIOR,60
1997,1,3,n,DIOR,56
1997,1,3,n,PELE,16
1997,1,3,n,DIOR,59
1997,1,3,n,PGFL,12
1997,1,3,n,DIOR,50
1997,1,3,n,DIOR,50
1997,1,3,n,PGFL,11
1997,1,3,n,NEAL,150
1997,1,3,n,DIME,43
1997,1,3,n,DIOR,35
1997,1,3,n,DIOR,46
1997,1,3,n,DIOR,57
1997,1,3,n,DIOR,45
1997,1,3,n,DIME,39
1997,1,3,n,PGFL,11
1997,1,3,n,DIOR,58
1997,1,3,n,NEAL,152
1997,1,3,n,DIME,40
1997,1,3,n,PGFL,12
1997,1,3,n,NEAL,116
1997,1,3,n,DIME,36
1997,1,3,n,NEAL,181
1997,1,3,n,NEAL,165
1997,1,3,n,PGFL,12
1997,1,3,n,DIOR,48
1997,1,4,n,DIOR,56
1997,1,4,n,DIOR,55
1997,1,4,n,PGFL,12
1997,1,4,n,DIME,42
1997,1,4,n,DIOR,50
1997,1,4,n,PGFL,11
1997,1,4,n,DIOR,58
1997,1,4,n,DIOR,62
1997,1,4,n,ONLE,37
1997,1,4,n,PGFL,14
1997,1,4,n,PGFL,13
1997,1,4,n,DIME,39
1997,1,4,n,DIOR,60
1997,1,4,n,DIOR,NA
1997,1,4,n,ONLE,46
1997,1,4,n,DIME,41
1997,1,4,n,DIOR,55
1997,1,4,n,PGFL,11
1997,1,4,n,NEAL,220
1997,1,4,n,NEAL,148
1997,1,4,n,DIME,51
1997,1,4,n,DIOR,59
1997,1,4,n,DIOR,53
1997,1,4,n,DIME,35
1997,1,4,n,PGFL,10
1997,1,4,n,NEAL,154
1997,1,4,n,DIOR,45
1997,1,4,n,PGFL,13
1997,1,4,n,PGFL,12
1997,1,4,n,PGFL,12
1997,1,4,n,DIME,55
1997,1,4,n,NEAL,194
1997,1,4,n,PGFL,11
1997,1,4,n,DIOR,54
1997,1,4,n,DIME,41
1997,1,4,n,DIME,40
1997,1,4,n,DIOR,55
1997,1,5,n,DIOR,55
1997,1,5,n,DIOR,52
1997,1,5,n,DIOR,53
1997,1,5,n,DIME,46
1997,1,5,n,PGFL,12
1997,1,5,n,DIOR,59
1997,1,5,n,DIOR,61
1997,1,5,n,DIOR,59
1997,1,5,n,ONLE,36
1997,1,5,n,DIOR,58
1997,1,5,n,NEAL,200
1997,1,5,n,DIME,45
1997,1,5,n,PGFL,11
1997,1,5,n,PGFL,12
1997,1,5,n,DIME,41
1997,1,5,n,PGFL,9
1997,1,5,n,DIOR,59
1997,1,5,n,REMO,8
1997,1,5,n,NEAL,184
1997,1,5,n,DIOR,51
1997,1,5,n,DIOR,45
1997,1,5,n,DIOR,65
1997,1,5,n,PGFL,13
1997,1,5,n,DIOR,50
1997,1,5,n,DIOR,51
1997,1,5,n,DIOR,52
1997,1,5,n,DIME,42
1997,1,5,n,NEAL,174
1997,1,5,n,PELE,29
1997,2,1,n,DIME,50
1997,2,1,n,PGFL,12
1997,2,1,n,ONLE,25
1997,2,1,n,NEAL,144
1997,2,1,n,ONLE,36
1997,2,1,n,NEAL,142
1997,2,1,n,PGFL,10
1997,2,1,n,NEAL,222
1997,2,1,n,PGFL,10
1997,2,1,n,NEAL,108
1997,2,1,n,NEAL,NA
1997,2,2,n,ONLE,26
1997,2,2,n,NEAL,193
1997,2,2,n,NEAL,149
1997,2,3,n,PGFL,13
1997,2,3,n,PELE,23
1997,2,3,n,PGFL,12
1997,2,3,n,PGFL,14
1997,2,3,n,NEAL,158
1997,2,3,n,PGFL,15
1997,2,3,n,ONLE,7
1997,2,3,n,DIOR,54
1997,2,3,n,NEAL,178
1997,2,3,n,PGFL,11
1997,2,4,n,ONLE,37
1997,2,5,n,DIOR,34
1997,3,1,n,DIOR,51
1997,3,1,n,NEAL,108
1997,3,1,n,PGFL,12
1997,3,1,n,DIOR,31
1997,3,1,n,DIOR,52
1997,3,1,n,DIOR,53
1997,3,1,n,DIME,44
1997,3,1,n,NEAL,134
1997,3,1,n,DIME,44
1997,3,1,n,PGFL,13
1997,3,1,n,NEAL,144
1997,3,1,n,NEAL,168
1997,3,1,n,PGFL,10
1997,3,2,n,PGFL,10
1997,3,2,n,DIOR,52
1997,3,2,n,DIOR,36
1997,3,2,n,NEAL,156
1997,3,2,n,NEAL,135
1997,3,2,n,DIOR,53
1997,3,2,n,DIME,39
1997,3,2,n,DIME,42
1997,3,2,n,DIOR,55
1997,3,3,n,PGFL,13
1997,3,3,n,DIOR,60
1997,3,3,n,PGFL,11
1997,3,3,n,DIME,35
1997,3,3,n,NEAL,NA
1997,3,3,n,NEAL,143
1997,3,3,n,REME,8
1997,3,3,n,XESP,122
1997,3,3,n,ONLE,34
1997,3,3,n,DIME,41
1997,3,3,n,NEAL,182
1997,3,3,n,ONLE,29
1997,3,3,n,DIME,39
1997,3,3,n,DIOR,35
1997,3,3,n,PGFL,11
1997,3,4,n,DIOR,31
1997,3,4,n,NEAL,154
1997,3,4,n,ONLE,26
1997,3,4,n,ONLE,26
1997,3,4,n,NEAL,184
1997,3,4,n,NEAL,148
1997,3,4,n,DIOR,43
1997,3,5,n,ONLE,33
1997,3,5,n,DIOR,51
1997,3,5,n,PGFL,11
1997,3,5,n,DIOR,51
1997,3,5,n,DIOR,50
1997,3,5,n,DIME,40
1997,1,1,n,DIME,46
1997,1,1,n,PETR,28
1997,1,1,n,PELE,30
1997,1,1,n,DIME,46
1997,1,1,n,DIME,23
1997,1,1,n,DIME,35
1997,1,1,n,PGFL,10
1997,1,1,n,PELE,19
1997,1,1,n,PGFV,7
1997,1,1,n,DIME,50
1997,1,1,n,DIME,50
1997,1,1,n,PGFV,8
1997,1,1,n,DIOR,35
1997,1,1,n,PGFL,8
1997,1,1,n,PGFV,5
1997,1,1,n,DIME,48
1997,1,1,n,PGFV,5
1997,1,1,n,DISP,105
1997,1,1,n,DISP,NA
1997,1,1,n,DIME,54
1997,1,1,n,DIME,51
1997,1,1,n,DIME,30
1997,1,1,n,DIME,43
1997,1,1,n,DIME,48
1997,1,1,n,DIME,51
1997,1,1,n,NEAL,172
1997,1,2,n,DIOR,39
1997,1,2,n,DIME,31
1997,1,2,n,DIME,50
1997,1,2,n,DIME,36
1997,1,2,n,NEAL,98
1997,1,2,n,DISP,141
1997,1,2,n,DIME,51
1997,1,2,n,DIME,35
1997,1,2,n,PGFV,8
1997,1,2,n,DIME,50
1997,1,2,n,ONLE,37
1997,1,2,n,DIME,33
1997,1,2,n,NEAL,132
1997,1,2,n,ONLE,40
1997,1,2,n,PETR,32
1997,1,2,n,PETR,14
1997,1,2,n,DIME,50
1997,1,2,n,DIME,37
1997,1,2,n,DIME,54
1997,1,2,n,PGFL,15
1997,1,2,n,DIME,51
1997,1,2,n,PETR,17
1997,1,2,n,PGFV,14
1997,1,2,n,DIME,51
1997,1,2,n,DIME,47
1997,1,2,n,PETR,26
1997,1,2,n,DIME,50
1997,1,2,n,DIME,55
1997,1,2,n,DIME,44
1997,1,2,n,DIME,43
1997,1,2,n,DIME,44
1997,1,2,n,DIME,33
1997,1,2,n,PETR,31
1997,1,2,n,DIME,32
1997,1,2,n,DIME,49
1997,1,2,n,DIME,30
1997,1,2,n,DIME,32
1997,1,2,n,PGFL,12
1997,1,2,n,DIME,35
1997,1,2,n,DIME,32
1997,1,2,n,DIME,48
1997,1,2,n,DIME,44
1997,1,2,n,DIME,46
1997,1,3,n,DIME,32
1997,1,3,n,PGFL,11
1997,1,3,n,PGFL,10
1997,1,3,n,DIME,49
1997,1,3,n,DIME,42
1997,1,3,n,DIME,45
1997,1,3,n,PGFV,7
1997,1,3,n,DIME,43
1997,1,3,n,PGFV,9
1997,1,3,n,DIME,42
1997,1,3,n,DIME,29
1997,1,3,n,DIME,45
1997,1,3,n,DIME,32
1997,1,3,n,DIME,52
1997,1,3,n,NEAL,140
1997,1,3,n,PGFL,10
1997,1,3,n,PGFL,11
1997,1,3,n,DIME,43
1997,1,3,n,DIME,44
1997,1,3,n,DIME,54
1997,1,3,n,DIME,41
1997,1,3,n,DIME,41
1997,1,3,n,DIME,35
1997,1,3,n,PGFV,8
1997,1,3,n,DIME,29
1997,1,3,n,ONAR,20
1997,1,3,n,DIME,32
1997,1,4,n,DIME,47
1997,1,4,n,DIME,46
1997,1,4,n,DIME,42
1997,1,4,n,DIME,40
1997,1,4,n,DIME,46
1997,1,4,n,PGFL,14
1997,1,4,n,DIME,46
1997,1,4,n,DIME,45
1997,1,4,n,DIME,39
1997,1,4,n,PGFV,7
1997,1,4,n,DIME,29
1997,1,4,n,DIME,49
1997,1,4,n,DIME,40
1997,1,4,n,DIME,47
1997,1,4,n,DIME,40
1997,1,4,n,DIME,42
1997,1,4,n,DIME,43
1997,1,4,n,DIME,34
1997,1,4,n,DIME,44
1997,1,4,n,DIME,31
1997,1,4,n,PGFV,7
1997,1,4,n,DIME,43
1997,1,4,n,DIME,44
1997,1,4,n,DIME,31
1997,1,5,n,DIME,35
1997,1,5,n,DIME,42
1997,1,5,n,DIME,48
1997,1,5,n,DIME,42
1997,1,5,n,DIME,38
1997,1,5,n,DIME,54
1997,1,5,n,PGFV,6
1997,1,5,n,PGFV,7
1997,1,5,n,PGFV,9
1997,1,5,n,DIME,44
1997,1,5,n,DIME,41
1997,1,5,n,PGFV,8
1997,1,5,n,DIME,NA
1997,1,5,n,DIME,39
1997,1,5,n,DIME,42
1997,1,5,n,DIME,53
1997,1,5,n,DIME,52
1997,1,5,n,DIME,38
1997,1,5,n,PGFL,15
1997,1,5,n,DIME,48
1997,1,5,n,DIME,45
1997,1,5,n,DIME,49
1997,2,1,n,ONLE,12
1997,2,1,n,PETR,25
1997,2,1,n,PGFV,7
1997,2,1,n,NEAL,72
1997,2,1,n,PELE,24
1997,2,1,n,DIME,51
1997,2,1,n,DIME,48
1997,2,1,n,DIME,51
1997,2,1,n,PGFV,8
1997,2,1,n,PELE,18
1997,2,1,n,PGFL,13
1997,2,1,n,DIME,47
1997,2,1,n,DIME,31
1997,2,1,n,PGFL,13
1997,2,1,n,DISP,146
1997,2,1,n,DIME,49
1997,2,1,n,PGFV,8
1997,2,1,n,NEAL,92
1997,2,1,n,PGFV,10
1997,2,1,n,PGFV,6
1997,2,1,n,DIME,44
1997,2,2,n,ONLE,38
1997,2,2,n,PGFV,9
1997,2,2,n,DISP,79
1997,2,2,n,PETR,32
1997,2,2,n,DIME,50
1997,2,2,n,PGFL,12
1997,2,2,n,PGFL,12
1997,2,2,n,DIME,47
1997,2,2,n,PELE,22
1997,2,2,n,DIME,45
1997,2,2,n,PGFL,13
1997,2,2,n,DIME,54
1997,2,3,n,PGFL,13
1997,2,3,n,DIME,NA
1997,2,3,n,PGFV,8
1997,2,3,n,PGFV,6
1997,2,3,n,DIME,37
1997,2,3,n,DIME,38
1997,2,3,n,DIME,35
1997,2,3,n,REMO,8
1997,2,3,n,DIME,50
1997,2,3,n,DIME,43
1997,2,3,n,PGFV,6
1997,2,3,n,DIME,41
1997,2,3,n,PGFV,8
1997,2,3,n,PGFL,12
1997,2,3,n,PGFV,9
1997,2,3,n,PGFV,7
1997,2,3,n,DIME,27
1997,2,3,n,PGFV,10
1997,2,3,n,REMO,6
1997,2,3,n,DIME,29
1997,2,3,n,DIME,35
1997,2,3,n,PGFL,10
1997,2,3,n,DIME,33
1997,2,4,n,PGFV,10
1997,2,4,n,DIME,42
1997,2,4,n,PGFL,7
1997,2,4,n,PGFV,8
1997,2,4,n,DIME,39
1997,2,4,n,PGFV,8
1997,2,4,n,DIME,53
1997,2,4,n,DIME,42
1997,2,4,n,DIME,29
1997,2,4,n,PGFV,7
1997,2,5,n,DIME,46
1997,2,5,n,PGFV,7
1997,2,5,n,DIME,41
1997,2,5,n,DIME,26
1997,2,5,n,DIME,36
1997,2,5,n,PGFV,8
1997,2,5,n,PGFV,9
1997,2,5,n,REME,9
1997,2,5,n,PGFV,7
1997,2,5,n,DIME,52
1997,2,5,n,DIME,49
1997,2,5,n,PETR,20
1997,2,5,n,DIME,41
1997,2,5,n,PGFV,6
1997,2,5,n,PGFL,11
1997,3,1,n,PELE,28
1997,3,1,n,ONLE,15
1997,3,1,n,PGFV,8
1997,3,1,n,PGFL,10
1997,3,1,n,DIME,31
1997,3,1,n,PGFL,9
1997,3,1,n,PETR,17
1997,3,1,n,PELE,NA
1997,3,1,n,PGFV,9
1997,3,1,n,PGFV,8
1997,3,1,n,PGFV,10
1997,3,1,n,PGFV,8
1997,3,1,n,PGFV,7
1997,3,1,n,PGFV,6
1997,3,1,n,PGFV,8
1997,3,1,n,DIME,48
1997,3,1,n,NEAL,67
1997,3,1,n,PGFV,7
1997,3,1,n,DIME,49
1997,3,1,n,NEAL,129
1997,3,2,n,DISP,127
1997,3,2,n,DISP,80
1997,3,2,n,PGFV,9
1997,3,2,n,PGFV,6
1997,3,2,n,PELE,29
1997,3,2,n,PELE,16
1997,3,2,n,DIME,42
1997,3,2,n,DISP,128
1997,3,2,n,DIME,41
1997,3,3,n,DIME,30
1997,3,3,n,DIME,44
1997,3,3,n,PGFV,8
1997,3,3,n,PGFV,7
1997,3,3,n,DIME,52
1997,3,3,n,DIME,29
1997,3,3,n,PGFV,7
1997,3,3,n,NEAL,115
1997,3,3,n,REME,9
1997,3,3,n,PGFV,7
1997,3,3,n,PGFV,8
1997,3,4,n,PGFV,9
1997,3,4,n,PGFV,8
1997,3,4,n,NEAL,150
1997,3,4,n,PGFV,7
1997,3,4,n,PGFL,14
1997,3,4,n,DIME,30
1997,3,5,n,DIME,45
1997,3,5,n,REME,12
1997,3,5,n,PGFV,7
1997,3,5,n,PGFV,6
1997,3,5,n,DIME,50
1997,3,5,n,PGFL,12
1997,3,5,n,DIME,34
1997,1,1,n,DIME,39
1997,1,1,n,PGFV,6
1997,1,1,n,PGFV,6
1997,1,1,n,PGFV,5
1997,1,1,n,ONLE,39
1997,1,1,n,PGFV,7
1997,1,1,n,DIME,37
1997,1,1,n,PGFV,7
1997,1,1,n,PGFV,7
1997,1,1,n,DIME,41
1997,1,1,n,DIME,39
1997,1,1,n,DIME,40
1997,1,1,n,DIME,42
1997,1,1,n,PGFV,6
1997,1,1,n,DIME,43
1997,1,1,n,PGFV,8
1997,1,2,n,PGFV,7
1997,1,2,n,DIME,44
1997,1,2,n,DIME,40
1997,1,2,n,DIME,49
1997,1,2,n,DIME,40
1997,1,2,n,DIME,50
1997,1,2,n,DIME,39
1997,1,2,n,DISP,134
1997,1,2,n,DIME,45
1997,1,2,n,DIME,42
1997,1,2,n,DIME,40
1997,1,2,n,PGFV,9
1997,1,2,n,DIME,50
1997,1,2,n,DIME,45
1997,1,2,n,DIME,45
1997,1,2,n,DIME,52
1997,1,2,n,PGFV,7
1997,1,2,n,DIME,45
1997,1,2,n,REME,8
1997,1,2,n,DIME,47
1997,1,2,n,DIME,44
1997,1,2,n,DIME,43
1997,1,2,n,DIME,53
1997,1,2,n,DIME,41
1997,1,2,n,PGFV,8
1997,1,2,n,DIME,47
1997,1,2,n,DIME,46
1997,1,3,n,DIME,47
1997,1,3,n,DIME,41
1997,1,3,n,DIME,50
1997,1,3,n,PGFV,7
1997,1,3,n,DIME,45
1997,1,3,n,PGFV,9
1997,1,3,n,DIME,43
1997,1,3,n,PGFV,7
1997,1,3,n,DIME,43
1997,1,3,n,DIME,43
1997,1,3,n,DIME,41
1997,1,3,n,PELE,25
1997,1,3,n,DIME,51
1997,1,3,n,PGFV,9
1997,1,3,n,PGFV,8
1997,1,3,n,DIME,40
1997,1,3,n,PGFV,7
1997,1,3,n,ONLE,31
1997,1,3,n,REME,11
1997,1,3,n,PELE,21
1997,1,3,n,DIME,39
1997,1,3,n,DIME,41
1997,1,3,n,PGFV,7
1997,1,3,n,DIME,38
1997,1,3,n,PGFV,7
1997,1,3,n,PGFV,7
1997,1,3,n,DIME,38
1997,1,4,n,DIME,44
1997,1,4,n,DIME,41
1997,1,4,n,DIME,46
1997,1,4,n,DIME,43
1997,1,4,n,DIME,43
1997,1,4,n,DIME,43
1997,1,4,n,DIME,42
1997,1,4,n,DIME,39
1997,1,4,n,DIME,41
1997,1,4,n,DIME,42
1997,1,4,n,DIME,40
1997,1,4,n,PELE,25
1997,1,4,n,PGFV,9
1997,1,4,n,DIME,38
1997,1,4,n,DIME,46
1997,1,4,n,REME,7
1997,1,4,n,DIME,38
1997,1,4,n,DIME,40
1997,1,4,n,PGFV,7
1997,1,4,n,PGFV,7
1997,1,4,n,DIME,45
1997,1,4,n,PELE,32
1997,1,4,n,DIME,37
1997,1,4,n,DIME,44
1997,1,4,n,DIME,45
1997,1,4,n,DIME,40
1997,1,4,n,DIME,39
1997,1,5,n,DIME,46
1997,1,5,n,DIME,41
1997,1,5,n,DIME,39
1997,1,5,n,DIME,46
1997,1,5,n,DIME,NA
1997,1,5,n,PGFV,7
1997,1,5,n,DIME,NA
1997,1,5,n,ONAR,17
1997,1,5,n,DIME,39
1997,1,5,n,DIME,41
1997,1,5,n,DIME,50
1997,1,5,n,DIME,39
1997,1,5,n,DIME,40
1997,1,5,n,DIME,39
1997,1,5,n,DIME,40
1997,2,1,n,PGFV,6
1997,2,1,n,DIME,35
1997,2,1,n,REMO,9
1997,2,1,n,PGFV,6
1997,2,1,n,REME,15
1997,2,1,n,PGFV,7
1997,2,1,n,DIME,47
1997,2,2,n,DIME,47
1997,2,2,n,DIME,40
1997,2,2,n,DIME,38
1997,2,2,n,PELE,29
1997,2,2,n,DISP,44
1997,2,2,n,PGFV,7
1997,2,2,n,NEAL,152
1997,2,2,n,DIME,46
1997,2,3,n,DIME,40
1997,2,3,n,DIME,44
1997,2,3,n,DIME,43
1997,2,3,n,PGFV,7
1997,2,3,n,PGFV,7
1997,2,3,n,DIME,43
1997,2,3,n,DIME,41
1997,2,3,n,DIME,40
1997,2,3,n,DIME,37
1997,2,4,n,DIME,43
1997,2,4,n,NEAL,NA
1997,2,5,n,PGFV,8
1997,2,5,n,DIME,37
1997,2,5,n,DIME,44
1997,2,5,n,PELE,24
1997,2,5,n,PGFV,8
1997,2,5,n,PGFV,8
1997,2,5,n,PELE,34
1997,2,5,n,ONAR,12
1997,2,5,n,ONAR,22
1997,2,5,n,DIME,43
1997,2,5,n,DIME,43
1997,3,1,n,DIME,35
1997,3,1,n,DIME,38
1997,3,1,n,DIME,39
1997,3,1,n,ONLE,35
1997,3,1,n,PGFV,6
1997,3,1,n,DIME,41
1997,3,1,n,DIME,45
1997,3,1,n,DIME,42
1997,3,2,n,PGFV,9
1997,3,2,n,NEAL,100
1997,3,2,n,DIME,44
1997,3,2,n,DIME,44
1997,3,2,n,DISP,148
1997,3,3,n,DIME,43
1997,3,3,n,DIME,40
1997,3,3,n,NEAL,164
1997,3,3,n,PGFV,7
1997,3,3,n,DIME,35
1997,3,3,n,PGFV,6
1997,3,4,n,NEAL,NA
1997,3,4,n,DIME,49
1997,3,5,n,DIME,49
1997,3,5,n,DIME,44
1997,3,5,n,PGFV,7
1997,3,5,n,PELE,25
1997,3,5,n,DIME,45
1997,1,1,n,CHIN,17
1997,1,1,n,DIME,43
1997,1,1,n,CHIN,16
1997,1,1,n,DIME,45
1997,1,1,n,DIME,50
1997,1,1,n,DIME,47
1997,1,1,n,CHIN,14
1997,1,1,n,DIME,51
1997,1,1,n,DIME,42
1997,1,2,n,DIME,42
1997,1,2,n,PGFV,8
1997,1,2,n,DIME,46
1997,1,2,n,DIME,33
1997,1,2,n,DIME,38
1997,1,2,n,DIME,39
1997,1,2,n,NEAL,NA
1997,1,2,n,CHIN,11
1997,1,2,n,PGFV,7
1997,1,3,n,DIME,35
1997,1,3,n,PGFV,8
1997,1,3,n,DIME,40
1997,1,3,n,DIME,43
1997,1,3,n,DIME,47
1997,1,3,n,DIME,27
1997,1,3,n,DIME,44
1997,1,4,n,DIME,39
1997,1,4,n,PGFV,8
1997,1,4,n,PGFV,7
1997,1,4,n,CHIN,14
1997,1,4,n,PGFV,16
1997,1,4,n,CHIN,16
1997,1,4,n,CHIN,14
1997,1,4,n,PGFV,9
1997,1,4,n,CHIN,15
1997,1,4,n,CHIN,12
1997,1,5,n,DIME,50
1997,1,5,n,DIME,49
1997,1,5,n,PGFV,7
1997,1,5,n,PGFV,8
1997,1,5,n,PGFV,6
1997,1,5,n,DIME,51
1997,1,5,n,DIME,50
1997,1,5,n,CHIN,15
1997,2,1,n,DIME,49
1997,2,1,n,DIME,49
1997,2,1,n,CHIN,18
1997,2,1,n,PGFV,7
1997,2,2,n,DIME,41
1997,2,2,n,DIME,44
1997,2,2,n,DIME,43
1997,2,2,n,PGFV,7
1997,2,2,n,PGFV,6
1997,2,3,n,DIME,39
1997,2,4,n,DIME,42
1997,2,4,n,CHIN,18
1997,2,4,n,PGFV,8
1997,2,5,n,DIME,47
1997,2,5,n,DIME,36
1997,2,5,n,DIME,44
1997,2,5,n,PGFV,8
1997,2,5,n,DIME,45
1997,2,5,n,PGFV,7
1997,2,5,n,PGFV,7
1997,3,1,n,CHIN,17
1997,3,1,n,CHIN,10
1997,3,1,n,CHIN,12
1997,3,1,n,PGFV,8
1997,3,1,n,DIME,23
1997,3,1,n,DIME,45
1997,3,1,n,NEAL,176
1997,3,1,n,CHIN,10
1997,3,2,n,PGFV,6
1997,3,4,n,CHIN,NA
1997,3,4,n,CHIN,16
1997,3,4,n,NEAL,150
1997,3,4,n,CHIN,13
1997,1,1,n,DIME,21
1997,1,1,n,NEAL,152
1997,1,1,n,DIME,45
1997,1,1,n,DIME,47
1997,1,1,n,NEAL,212
1997,1,1,n,DIME,24
1997,1,1,n,DIME,43
1997,1,1,n,CHIN,16
1997,1,1,n,PGFV,7
1997,1,1,n,DIME,25
1997,1,1,n,DIME,22
1997,1,1,n,DIME,41
1997,1,1,n,DIME,24
1997,1,1,n,NEAL,232
1997,1,1,n,DIME,54
1997,1,2,n,PGFV,6
1997,1,2,n,PGFV,7
1997,1,2,n,DIME,32
1997,1,2,n,PGFV,7
1997,1,3,n,PGFV,6
1997,1,3,n,PGFV,6
1997,1,3,n,DIME,49
1997,1,3,n,DIME,25
1997,1,3,n,DIME,39
1997,1,3,n,PGFV,7
1997,1,3,n,DIME,45
1997,1,4,n,DIME,40
1997,1,4,n,PGFV,7
1997,1,4,n,DIME,41
1997,1,4,n,PGFV,7
1997,1,4,n,PGFV,7
1997,1,4,n,CHIN,19
1997,1,5,n,DIME,46
1997,1,5,n,DIME,42
1997,1,5,n,REME,12
1997,1,5,n,DIME,47
1997,1,5,n,PGFV,7
1997,1,5,n,PGFV,7
1997,2,1,n,NEAL,184
1997,2,1,n,NEAL,114
1997,2,1,n,NEAL,172
1997,2,1,n,DIME,45
1997,2,1,n,DIME,40
1997,2,1,n,DIME,48
1997,2,3,n,DIME,40
1997,2,3,n,PGFV,6
1997,2,4,n,DIME,44
1997,2,4,n,PGFV,8
1997,2,4,n,CHIN,14
1997,2,4,n,CHIN,16
1997,2,4,n,PGFV,10
1997,2,5,n,DIME,48
1997,2,5,n,DIME,45
1997,2,5,n,PGFV,7
1997,3,1,n,CHIN,17
1997,3,1,n,CHIN,16
1997,3,1,n,OTVA,NA
1997,3,1,n,CHIN,15
1997,3,1,n,DIME,44
1997,3,1,n,PGFV,7
1997,3,1,n,PGFV,7
1997,3,1,n,PGFV,7
1997,3,1,n,PGFV,NA
1997,3,2,n,NEAL,113
1997,3,2,n,DIME,40
1997,3,2,n,PGFV,6
1997,3,2,n,PGFV,6
1997,3,2,n,PGFV,7
1997,3,2,n,PGFV,7
1997,3,3,n,PGFV,7
1997,3,3,n,PGFV,6
1997,3,3,n,PGFV,NA
1997,3,3,n,PGFV,7
1997,3,3,n,PGFV,7
1997,3,3,n,CHIN,14
1997,3,3,n,PGFV,8
1997,3,3,n,PGFV,6
1997,3,4,n,PGFV,7
1997,3,4,n,PGFV,7
1997,3,4,n,CHIN,16
1997,3,4,n,CHIN,16
1997,3,4,n,PGFV,7
1997,3,4,n,PEBO,21
1997,3,4,n,PGFV,8
1997,3,4,n,CHIN,16
1997,3,4,n,CHIN,17
1997,3,4,n,CHIN,14
1997,3,4,n,PGFV,7
1997,3,5,n,PGFV,8
1997,3,5,n,PGFV,7
1997,3,5,n,PGFV,7
1998,1,1,n,PGFV,6.9
1998,1,1,n,DIOR,58
1998,1,1,n,PGFV,6.6
1998,1,1,n,PGFV,7.6
1998,1,1,n,PGFV,8.3
1998,1,1,n,PGFV,7.9
1998,1,1,n,PGFV,7.7
1998,1,1,n,PGFV,8
1998,1,1,n,DIOR,55.5
1998,1,1,n,PGFV,7.6
1998,1,1,n,ONAR,21.7
1998,1,1,n,PGFV,7.4
1998,1,1,n,PGFV,6.4
1998,1,1,n,PGFV,6.7
1998,1,1,n,PGFV,7.2
1998,1,1,n,DIOR,62.8
1998,1,2,n,DISP,143
1998,1,2,n,DIOR,52
1998,1,2,n,DIOR,54
1998,1,2,n,DIOR,54
1998,1,2,n,PGFV,7
1998,1,2,n,PELE,27
1998,1,2,n,PGFV,8
1998,1,2,n,PGFV,7
1998,1,3,n,DISP,132
1998,1,3,n,PGFV,8
1998,1,3,n,DIOR,56
1998,1,3,n,DIOR,60
1998,1,3,n,XESP,NA
1998,1,3,n,PGFV,8
1998,1,3,n,DISP,118
1998,1,3,n,DISP,114
1998,1,3,n,PGFV,7
1998,1,3,n,DIOR,56
1998,1,4,n,PGFV,6.8
1998,1,4,n,DISP,132
1998,1,4,n,PGFV,6.5
1998,1,4,n,DIOR,NA
1998,1,4,n,PGFV,8.4
1998,1,4,n,DISP,111.2
1998,1,4,n,DIOR,51
1998,1,4,n,PELE,22.1
1998,1,4,n,PGFV,6.8
1998,1,4,n,PGFV,9.2
1998,1,5,n,PGFV,7
1998,1,5,n,PGFV,9
1998,1,5,n,PGFV,9
1998,1,5,n,DIOR,61
1998,1,5,n,DIOR,52
1998,1,5,n,PGFV,9
1998,1,5,n,PGFV,7
1998,1,5,n,PGFV,8
1998,1,5,n,PGFV,8
1998,1,5,n,PGFV,7
1998,1,5,n,PGFV,8
1998,1,5,n,DIOR,52
1998,1,5,n,DIOR,57
1998,1,5,n,PGFV,7
1998,2,1,n,PGFV,8
1998,2,1,n,PGFV,NA
1998,2,1,n,PGFV,6.6
1998,2,1,n,PGFV,7.5
1998,2,1,n,DISP,122.9
1998,2,1,n,PGFV,7.5
1998,2,1,n,DIOR,53
1998,2,1,n,PGFV,7.4
1998,2,1,n,PELE,18.3
1998,2,2,n,PGFV,7
1998,2,2,n,PGFV,7
1998,2,2,n,DISP,130
1998,2,2,n,DISP,122
1998,2,2,n,PGFV,8
1998,2,2,n,PEBO,22
1998,2,2,n,DIOR,44
1998,2,2,n,PGFV,7
1998,2,2,n,PGFV,9
1998,2,3,n,PGFV,8
1998,2,3,n,PEBO,22
1998,2,3,n,ONAR,19
1998,2,3,n,PGFV,7
1998,2,3,n,DISP,151
1998,2,3,n,PEBO,25
1998,2,3,n,DIOR,57
1998,2,3,n,DISP,125
1998,2,3,n,PGFV,7
1998,2,3,n,DISP,120
1998,2,4,n,PGFV,9.2
1998,2,4,n,DIOR,58
1998,2,4,n,PGFV,7.1
1998,2,4,n,PGFV,7.3
1998,2,4,n,PGFV,7.5
1998,2,4,n,PGFV,6.8
1998,2,4,n,PGFV,6.1
1998,2,5,n,PGFV,7
1998,2,5,n,PEBO,22
1998,2,5,n,PGFV,6
1998,2,5,n,DIOR,58
1998,2,5,n,PEBO,22
1998,2,5,n,DIOR,55
1998,2,5,n,PGFV,8
1998,2,5,n,PGFV,9
1998,3,1,n,PGFV,6.6
1998,3,1,n,REMO,8.5
1998,3,1,n,PGFV,6.4
1998,3,1,n,PETR,21.3
1998,3,1,n,PETR,17.4
1998,3,1,n,PGFV,8.1
1998,3,1,n,PGFV,8.4
1998,3,1,n,PGFV,6.9
1998,3,1,n,PGFV,7.7
1998,3,1,n,PGFV,6.8
1998,3,1,n,PGFV,6.4
1998,3,2,n,DIOR,62
1998,3,3,n,DIOR,63
1998,3,3,n,PELE,25
1998,3,3,n,PGFV,8
1998,3,4,n,PGFV,7.8
1998,3,4,n,PGFV,6.7
1998,3,4,n,PGFV,7.5
1998,3,5,n,PGFV,7
1998,3,5,n,PGFV,9
1998,3,5,n,PGFV,7
1998,3,5,n,REMO,8
1998,3,5,n,PGFV,8
1998,3,5,n,PGFV,10
1998,3,5,n,PGFV,8
1998,3,5,n,PGFV,8
1998,3,5,n,DIOR,50
1998,3,5,n,PGFV,8
1998,1,1,n,PGFV,8.4
1998,1,1,n,DIOR,52.4
1998,1,1,n,DISP,135
1998,1,1,n,PEER,19.2
1998,1,1,n,DISP,133
1998,1,1,n,PGFV,7.7
1998,1,1,n,ONAR,15.3
1998,1,1,n,ONAR,17.9
1998,1,1,n,DIOR,51.5
1998,1,1,n,PGFV,7.6
1998,1,1,n,PGFV,8.5
1998,1,1,n,DIOR,56.3
1998,1,1,n,PGFV,6.9
1998,1,2,n,DISP,100
1998,1,2,n,PGFV,7
1998,1,2,n,DIOR,51
1998,1,2,n,DIOR,60
1998,1,2,n,DIOR,56
1998,1,2,n,PGFV,7
1998,1,2,n,DISP,124
1998,1,2,n,DISP,155
1998,1,2,n,XESP,112
1998,1,2,n,DIOR,58
1998,1,2,n,DIOR,53
1998,1,2,n,DIOR,45
1998,1,2,n,DIOR,52
1998,1,2,n,NEMI,194
1998,1,2,n,DISP,125
1998,1,3,n,DISP,131
1998,1,3,n,DISP,132
1998,1,3,n,DISP,128
1998,1,3,n,DIOR,52
1998,1,3,n,PGFV,8
1998,1,3,n,DISP,160
1998,1,3,n,PGFV,7
1998,1,3,n,PGFV,7
1998,1,3,n,DIOR,49
1998,1,3,n,DISP,127
1998,1,3,n,DISP,138
1998,1,3,n,DISP,140
1998,1,3,n,PGFV,9
1998,1,3,n,PGFV,5
1998,1,3,n,DIOR,47
1998,1,3,n,DISP,124
1998,1,3,n,DIOR,59
1998,1,4,n,DIOR,40
1998,1,4,n,DIOR,45.6
1998,1,4,n,DIOR,51.2
1998,1,4,n,DIOR,51
1998,1,4,n,DISP,117
1998,1,4,n,PELE,18.1
1998,1,4,n,PGFV,6.8
1998,1,4,n,DIOR,47.7
1998,1,4,n,DIOR,51
1998,1,4,n,DIOR,56.4
1998,1,4,n,DISP,143.1
1998,1,5,n,DIOR,64
1998,1,5,n,PGFV,7
1998,1,5,n,DIOR,62
1998,1,5,n,DIOR,55
1998,1,5,n,DISP,100
1998,1,5,n,DIOR,55
1998,2,1,n,DIOR,47.7
1998,2,1,n,PGFV,4.4
1998,2,1,n,DISP,112
1998,2,1,n,PGFV,7.3
1998,2,1,n,DIOR,48.6
1998,2,1,n,PGFV,6.6
1998,2,1,n,PGFV,8.1
1998,2,1,n,PGFV,7
1998,2,1,n,PGFV,8.2
1998,2,1,n,PGFV,7
1998,2,1,n,PGFV,7.1
1998,2,1,n,PGFV,6.6
1998,2,2,n,DIOR,47
1998,2,2,n,PGFV,10
1998,2,2,n,DIOR,50
1998,2,2,n,DISP,125
1998,2,2,n,DIOR,50
1998,2,3,n,XESP,83.5
1998,2,3,n,DIOR,55
1998,2,3,n,PGFV,8
1998,2,3,n,PGFV,8
1998,2,3,n,PGFV,5
1998,2,3,n,PGFV,8
1998,2,3,n,PGFV,6
1998,2,3,n,ONAR,20
1998,2,3,n,PGFV,9
1998,2,3,n,DIOR,NA
1998,2,3,n,PGFV,9
1998,2,4,n,DISP,114
1998,2,4,n,DIOR,37
1998,2,4,n,PGFV,7.2
1998,2,4,n,DIOR,49
1998,2,4,n,DIOR,47.5
1998,2,4,n,PGFV,8.6
1998,2,4,n,PGFV,8.1
1998,2,4,n,DIOR,41.5
1998,2,4,n,PGFV,8.3
1998,2,4,n,ONAR,14.3
1998,2,4,n,XESP,92.8
1998,2,5,n,PGFV,7
1998,2,5,n,ONAR,15
1998,2,5,n,DIOR,50
1998,2,5,n,DISP,102
1998,2,5,n,DIOR,56
1998,2,5,n,PGFV,NA
1998,2,5,n,XESP,112
1998,3,1,n,PGFV,7.9
1998,3,1,n,PGFV,7.3
1998,3,1,n,PGFV,7.3
1998,3,1,n,PGFV,6.7
1998,3,1,n,PGFV,8.6
1998,3,1,n,DIOR,52.9
1998,3,1,n,PGFV,8.4
1998,3,1,n,DIOR,46.5
1998,3,1,n,PGFV,6.7
1998,3,2,n,ONAR,15
1998,3,2,n,PGFV,8
1998,3,2,n,PGFV,7
1998,3,2,n,PGFV,6
1998,3,2,n,PGFV,10
1998,3,2,n,PGFV,8
1998,3,2,n,PGFV,7
1998,3,2,n,DIOR,NA
1998,3,3,n,DIOR,59
1998,3,3,n,PGFV,9
1998,3,3,n,PGFV,7
1998,3,3,n,PGFV,8
1998,3,3,n,XESP,93
1998,3,4,n,PELE,16
1998,3,4,n,PGFV,6.8
1998,3,4,n,DIOR,45
1998,3,4,n,PGFV,8.6
1998,3,4,n,ONAR,10.3
1998,3,4,n,PGFV,7.6
1998,3,4,n,PGFV,8.3
1998,3,4,n,XESP,32.6
1998,3,4,n,ONAR,14.2
1998,3,4,n,PGFV,6.8
1998,3,4,n,PGFV,7.8
1998,3,4,n,PGFV,7.9
1998,3,5,n,PGFV,7
1998,3,5,n,XESP,97
1998,3,5,n,PGFV,9
1998,3,5,n,XESP,NA
1998,3,5,n,DIOR,61
1998,1,1,n,DIME,47
1998,1,1,n,PGFV,8
1998,1,1,n,DISP,130
1998,1,1,n,PELE,17
1998,1,1,n,DIME,47
1998,1,1,n,PEBO,20
1998,1,1,n,DIME,NA
1998,1,1,n,DIME,45
1998,1,1,n,PEBO,19
1998,1,1,n,DIME,52
1998,1,1,n,DIME,46
1998,1,1,n,DIME,49
1998,1,1,n,DIME,46
1998,1,1,n,DIME,NA
1998,1,1,n,DISP,145
1998,1,1,n,DISP,162
1998,1,1,n,DIME,44
1998,1,1,n,DIME,49
1998,1,2,n,DIOR,55.8
1998,1,2,n,PETR,19.3
1998,1,2,n,PGFV,NA
1998,1,2,n,PGFV,6.6
1998,1,2,n,DIME,47.5
1998,1,2,n,PGFV,7.3
1998,1,2,n,PGFV,8.5
1998,1,2,n,PETR,23.7
1998,1,2,n,DIME,45.8
1998,1,2,n,PGFV,7.7
1998,1,2,n,ONAR,13.3
1998,1,2,n,PGFV,6.4
1998,1,2,n,PELE,17.9
1998,1,2,n,DISP,138
1998,1,2,n,DIME,48.4
1998,1,2,n,DISP,121
1998,1,2,n,DIME,41.9
1998,1,2,n,PELE,23.1
1998,1,2,n,DIME,41.6
1998,1,3,n,PGFV,9
1998,1,3,n,PGFV,9
1998,1,3,n,DIME,43
1998,1,3,n,DIME,42
1998,1,3,n,DIME,45
1998,1,3,n,DIME,43
1998,1,3,n,DIME,45
1998,1,3,n,DIME,45
1998,1,3,n,PGFV,7
1998,1,3,n,DIME,44
1998,1,3,n,DIME,48
1998,1,3,n,ONAR,21
1998,1,3,n,DIME,52
1998,1,3,n,DIME,50
1998,1,4,n,DIME,46.8
1998,1,4,n,DISP,147
1998,1,4,n,DISP,81.7
1998,1,4,n,PEBO,18.6
1998,1,4,n,ONAR,24.7
1998,1,4,n,DIME,50.2
1998,1,4,n,PGFV,8.7
1998,1,4,n,ONAR,13.6
1998,1,4,n,PGFV,7.8
1998,1,4,n,DIME,43.5
1998,1,4,n,DIME,43
1998,1,5,n,PGFV,8
1998,1,5,n,PGFV,9
1998,1,5,n,DIME,43
1998,1,5,n,PGFV,9
1998,1,5,n,PGFV,8
1998,1,5,n,DIME,48
1998,1,5,n,PGFV,10
1998,1,5,n,PGFV,9
1998,1,5,n,DISP,126
1998,1,5,n,DISP,132
1998,1,5,n,PGFV,9
1998,1,5,n,NEMI,132
1998,1,5,n,PGFV,9
1998,1,5,n,DIME,44
1998,1,5,n,DIME,45
1998,1,5,n,PGFV,9
1998,2,1,n,DIME,47
1998,2,1,n,DIOR,57
1998,2,1,n,PELE,26
1998,2,2,n,DISP,131
1998,2,2,n,PGFV,8.4
1998,2,2,n,PGFV,7.3
1998,2,2,n,DISP,131
1998,2,2,n,PGFV,8.8
1998,2,2,n,DIME,46.1
1998,2,3,n,DISP,124
1998,2,3,n,PGFV,8
1998,2,3,n,PGFV,7
1998,2,3,n,DIME,44
1998,2,4,n,PGFV,7.5
1998,2,4,n,PGFV,7.2
1998,2,4,n,PGFV,6.9
1998,2,4,n,NEAL,88.3
1998,2,4,n,PGFV,8.4
1998,2,4,n,DISP,129
1998,2,5,n,PGFV,11
1998,2,5,n,PGFV,NA
1998,2,5,n,PGFV,NA
1998,2,5,n,PGFV,7
1998,2,5,n,PGFV,9
1998,2,5,n,PGFV,9
1998,3,1,n,PGFV,10
1998,3,1,n,PGFV,7
1998,3,1,n,PEER,26
1998,3,1,n,PGFV,8
1998,3,2,n,DIME,46.1
1998,3,2,n,PGFV,7.1
1998,3,2,n,PGFV,7.9
1998,3,2,n,PGFV,7.5
1998,3,3,n,DISP,148
1998,3,3,n,DIME,43
1998,3,3,n,PGFV,8
1998,3,3,n,PGFV,8
1998,3,3,n,DIME,41
1998,3,3,n,PGFV,9
1998,3,3,n,PGFV,7
1998,3,4,n,PGFV,9.9
1998,3,4,n,DISP,131
1998,3,4,n,DIME,40.7
1998,3,5,n,PGFV,11
1998,3,5,n,ONAR,26
1998,3,5,n,DIME,40
1998,1,1,n,DIME,38
1998,1,1,n,DIME,51
1998,1,1,n,NEAL,156
1998,1,1,n,DIOR,62
1998,1,1,n,DIME,39
1998,1,1,n,DIME,57
1998,1,1,n,DIME,47
1998,1,1,n,PEER,29
1998,1,1,n,DIME,47
1998,1,1,n,PEER,24
1998,1,1,n,PEER,24
1998,1,1,n,ONAR,121
1998,1,1,n,DIME,50
1998,1,1,n,DISP,160
1998,1,1,n,DISP,139
1998,1,1,n,PEER,25
1998,1,2,n,DISP,129
1998,1,2,n,DIME,35.6
1998,1,2,n,DISP,133
1998,1,2,n,PELE,22.2
1998,1,2,n,DIME,38.5
1998,1,2,n,ONAR,15.4
1998,1,2,n,DIME,48
1998,1,2,n,DIME,34.2
1998,1,2,n,DIME,40.4
1998,1,2,n,PEER,18.4
1998,1,2,n,PEER,19.7
1998,1,3,n,DIME,42
1998,1,3,n,ONAR,23
1998,1,3,n,DIME,40
1998,1,3,n,DIME,40
1998,1,3,n,PGFV,7
1998,1,3,n,DIME,38
1998,1,3,n,DIME,50
1998,1,3,n,XESP,110
1998,1,3,n,DIME,48
1998,1,3,n,DIME,45
1998,1,3,n,ONAR,22
1998,1,3,n,DIME,42
1998,1,3,n,DIME,NA
1998,1,3,n,ONAR,21
1998,1,3,n,DIME,49
1998,1,3,n,DIME,NA
1998,1,3,n,DIME,45
1998,1,3,n,PGFV,7
1998,1,3,n,DISP,148
1998,1,4,n,DIME,37.7
1998,1,4,n,DIME,34
1998,1,4,n,DIME,40.5
1998,1,4,n,SYAU,160
1998,1,4,n,DIME,44.2
1998,1,4,n,PGFV,7.1
1998,1,4,n,ONAR,21.3
1998,1,4,n,PGFV,7.2
1998,1,4,n,DIME,35
1998,1,5,n,ONAR,21
1998,1,5,n,DIME,45
1998,1,5,n,DIME,46
1998,1,5,n,DISP,122
1998,1,5,n,ONAR,18
1998,1,5,n,PGFV,8
1998,1,5,n,ONAR,15
1998,1,5,n,DIME,49
1998,1,5,n,DIME,36
1998,1,5,n,DISP,147
1998,1,5,n,PGFV,8
1998,1,5,n,DIME,38
1998,1,5,n,NEMI,142
1998,1,5,n,DIME,50
1998,1,5,n,PGFV,7
1998,2,1,n,PEER,22
1998,2,1,n,DIME,43
1998,2,1,n,DIME,35
1998,2,1,n,DIME,38
1998,2,1,n,DIME,34
1998,2,1,n,DIME,47
1998,2,1,n,XESP,110
1998,2,1,n,DIME,53
1998,2,1,n,DISP,130
1998,2,1,n,PEER,11
1998,2,1,n,DIME,39
1998,2,1,n,DIME,43
1998,2,1,n,PEER,20
1998,2,1,n,DISP,130
1998,2,1,n,DIME,38
1998,2,2,n,DIME,43.4
1998,2,2,n,NEAL,114
1998,2,2,n,DIME,25
1998,2,2,n,DIME,372
1998,2,2,n,PGFV,6.8
1998,2,2,n,PGFV,7.6
1998,2,2,n,PGFV,7
1998,2,2,n,PGFV,6.8
1998,2,2,n,PGFV,6.8
1998,2,2,n,PGFV,7.9
1998,2,2,n,PGFV,6.4
1998,2,2,n,DIME,42.4
1998,2,2,n,PEER,182
1998,2,2,n,NEAL,146
1998,2,3,n,ONAR,18
1998,2,3,n,PGFV,7
1998,2,3,n,PGFV,8
1998,2,3,n,PEER,24
1998,2,3,n,ONAR,28
1998,2,3,n,DIME,24
1998,2,3,n,DIME,24
1998,2,3,n,DIME,41
1998,2,4,n,PETR,243
1998,2,4,n,PGFV,6.6
1998,2,4,n,PGFV,6.1
1998,2,4,n,PGFV,6.3
1998,2,4,n,ONAR,15.2
1998,2,4,n,PGFV,7.4
1998,2,4,n,DIME,40.2
1998,2,4,n,PGFV,6.3
1998,2,4,n,DIME,54.4
1998,2,4,n,DIME,42.9
1998,2,4,n,DIME,48.7
1998,2,4,n,PGFV,6.5
1998,2,4,n,DIME,45.9
1998,2,4,n,PEER,16.3
1998,2,5,n,DIME,40
1998,2,5,n,DIOR,40
1998,2,5,n,DIOR,49
1998,2,5,n,DIME,39
1998,2,5,n,DIME,41
1998,2,5,n,PEER,20
1998,2,5,n,DIME,36
1998,2,5,n,DIME,41
1998,2,5,n,DIME,40
1998,2,5,n,PGFV,7
1998,3,1,n,DIME,53
1998,3,1,n,PEER,19
1998,3,1,n,PGFV,6
1998,3,1,n,PEER,14
1998,3,1,n,DIME,35
1998,3,1,n,PEER,19
1998,3,2,n,PGFV,6.5
1998,3,2,n,DIME,28.4
1998,3,2,n,DIME,41
1998,3,2,n,PGFV,6.1
1998,3,2,n,PGFV,6.3
1998,3,3,n,DIME,34
1998,3,3,n,PGFV,8
1998,3,3,n,REME,12
1998,3,3,n,PELE,24
1998,3,3,n,DIME,45
1998,3,3,n,XESP,98
1998,3,3,n,DIME,41
1998,3,4,n,DIME,37.2
1998,3,4,n,DIME,37.3
1998,3,4,n,PGFV,7
1998,3,4,n,PGFV,6.9
1998,3,4,n,REMO,6.5
1998,3,4,n,DIME,36.2
1998,3,4,n,DIME,34.6
1998,3,4,n,PGFV,5.5
1998,3,4,n,DIME,31
1998,3,4,n,PEER,13.5
1998,3,5,n,ONAR,16
1998,3,5,n,PGFV,9
1998,3,5,n,ONAR,12
1998,3,5,n,PGFV,7
1998,3,5,n,XESP,118
1998,3,5,n,DISP,104
1998,3,5,n,PGFV,8
1998,3,5,n,ONAR,17
1998,3,5,n,DIME,37
1998,1,1,n,PETR,34
1998,1,1,n,PEBO,25
1998,1,1,n,PEBO,22
1998,1,1,n,PETR,22
1998,1,1,n,PETR,26
1998,1,1,n,PETR,27
1998,1,1,n,PETR,29
1998,1,1,n,PGFV,5
1998,1,1,n,PEBO,27
1998,1,1,n,PEBO,26
1998,1,1,n,PETR,21
1998,1,1,n,PEBO,24
1998,1,1,n,PEBO,26
1998,1,1,n,PEBO,30
1998,1,1,n,PETR,31
1998,1,1,n,PEBO,27
1998,1,1,n,PEBO,22
1998,1,1,n,PETR,26
1998,1,1,n,PETR,23
1998,1,2,n,PETR,26
1998,1,2,n,PETR,21
1998,1,2,n,PETR,23
1998,1,2,n,PETR,26
1998,1,2,n,PETR,19
1998,1,2,n,PETR,26
1998,1,2,n,PETR,24
1998,1,2,n,PETR,25
1998,1,2,n,PETR,34
1998,1,2,n,PETR,21
1998,1,2,n,PEMA,14
1998,1,2,n,PEBO,26
1998,1,2,n,PETR,34
1998,1,2,n,PEBO,22
1998,1,2,n,PEBO,24
1998,1,2,n,PETR,26
1998,1,2,n,PETR,22
1998,1,2,n,PETR,27
1998,1,2,n,PEBO,27
1998,1,2,n,PETR,14
1998,1,2,n,PETR,18
1998,1,2,n,PETR,23
1998,1,2,n,PEBO,25
1998,1,2,n,PEBO,26
1998,1,2,n,PEBO,23
1998,1,2,n,PEBO,26
1998,1,3,n,PETR,25
1998,1,3,n,PETR,24
1998,1,3,n,PETR,21
1998,1,3,n,PETR,25
1998,1,3,n,PEBO,27
1998,1,3,n,PETR,22
1998,1,3,n,PETR,29
1998,1,3,n,PEBO,20
1998,1,3,n,PGFV,9
1998,1,3,n,PEBO,16
1998,1,3,n,PETR,26
1998,1,3,n,PEBO,25
1998,1,3,n,PETR,22
1998,1,3,n,PEBO,21
1998,1,3,n,PEBO,NA
1998,1,3,n,PEBO,24
1998,1,3,n,PEBO,27
1998,1,3,n,PETR,24
1998,1,3,n,PETR,25
1998,1,3,n,NEAL,NA
1998,1,3,n,PEBO,20
1998,1,3,n,PEBO,24
1998,1,3,n,PEBO,27
1998,1,3,n,PEBO,26
1998,1,3,n,PGFV,8
1998,1,3,n,PETR,37
1998,1,3,n,PETR,28
1998,1,3,n,PETR,30
1998,1,3,n,PEBO,25
1998,1,3,n,PEBO,19
1998,1,3,n,PEBO,28
1998,1,3,n,PEBO,27
1998,1,3,n,PETR,29
1998,1,3,n,PEBO,22
1998,1,3,n,PEBO,28
1998,1,4,n,NEAL,188
1998,1,4,n,PEBO,24.6
1998,1,4,n,PETR,20.9
1998,1,4,n,PETR,26.7
1998,1,4,n,PETR,22.8
1998,1,4,n,PETR,18.4
1998,1,4,n,PETR,24.2
1998,1,4,n,PETR,20.6
1998,1,4,n,PGFV,7.7
1998,1,4,n,PETR,25
1998,1,4,n,PETR,31
1998,1,4,n,PETR,21
1998,1,4,n,PETR,22
1998,1,4,n,PGFV,7
1998,1,4,n,PETR,17
1998,1,4,n,PETR,24
1998,1,4,n,PETR,22
1998,1,4,n,NEAL,37.9
1998,1,4,n,PETR,20.8
1998,1,4,n,PEBO,21.1
1998,1,4,n,PEBO,20.7
1998,1,4,n,PEBO,21.9
1998,1,4,n,PETR,19.1
1998,1,4,n,PEBO,20.7
1998,1,4,n,PETR,24
1998,1,4,n,PETR,23.1
1998,1,4,n,PEBO,14.6
1998,1,4,n,PETR,24.8
1998,1,4,n,PGFV,7.1
1998,1,4,n,PEBO,22.7
1998,1,5,n,PEBO,NA
1998,1,5,n,PEBO,21
1998,1,5,n,PGFV,6
1998,1,5,n,PEBO,16
1998,1,5,n,PETR,23
1998,1,5,n,PEBO,22
1998,1,5,n,PEBO,27
1998,1,5,n,PEBO,6
1998,1,5,n,PETR,31
1998,1,5,n,PEBO,9
1998,1,5,n,PEBO,23
1998,1,5,n,PEBO,18
1998,1,5,n,PEBO,19
1998,1,5,n,PEBO,27
1998,1,5,n,PETR,26
1998,1,5,n,PEBO,26
1998,1,5,n,PETR,32
1998,1,5,n,PEBO,20
1998,1,5,n,PETR,26
1998,1,5,n,PEBO,20
1998,1,5,n,PEBO,18
1998,1,5,n,PEBO,27
1998,1,5,n,PEBO,22
1998,1,5,n,PEBO,20
1998,1,5,n,PEBO,20
1998,1,5,n,PEBO,22
1998,1,5,n,PETR,25
1998,1,5,n,PETR,28
1998,2,1,n,PETR,25
1998,2,1,n,PEBO,26
1998,2,1,n,PEBO,23
1998,2,1,n,PETR,22
1998,2,1,n,PEBO,35
1998,2,1,n,PEBO,29
1998,2,2,n,PETR,25.3
1998,2,2,n,PETR,16.4
1998,2,2,n,PETR,19.3
1998,2,2,n,PETR,22.5
1998,2,2,n,PETR,24.4
1998,2,2,n,PEBO,23.4
1998,2,2,n,PETR,19.9
1998,2,2,n,PEBO,22.6
1998,2,2,n,PETR,24.3
1998,2,2,n,PETR,20.3
1998,2,2,n,PETR,19.7
1998,2,3,n,PETR,25
1998,2,3,n,PEBO,21
1998,2,3,n,PEBO,32
1998,2,3,n,PEBO,14
1998,2,3,n,PEBO,16
1998,2,3,n,PETR,24
1998,2,3,n,NEAL,142
1998,2,3,n,PEBO,21
1998,2,3,n,PETR,19
1998,2,3,n,PETR,29
1998,2,3,n,PETR,23
1998,2,3,n,PETR,20
1998,2,3,n,PETR,28
1998,2,3,n,PEBO,23
1998,2,3,n,PEBO,30
1998,2,4,n,PEBO,16.7
1998,2,4,n,PEBO,19.3
1998,2,4,n,PETR,20.3
1998,2,4,n,PETR,16.4
1998,2,4,n,PETR,26
1998,2,4,n,PETR,21.7
1998,2,4,n,PETR,13.6
1998,2,4,n,PETR,30
1998,2,4,n,PETR,18.8
1998,2,4,n,PETR,20
1998,2,4,n,PETR,21.8
1998,2,4,n,PETR,22.1
1998,2,4,n,PEBO,20.2
1998,2,4,n,PETR,17.1
1998,2,4,n,PEBO,24.5
1998,2,4,n,PETR,17.6
1998,2,5,n,PETR,27
1998,2,5,n,PETR,28
1998,2,5,n,PGFV,8
1998,2,5,n,PGFV,8
1998,2,5,n,PEBO,27
1998,2,5,n,PEBO,21
1998,2,5,n,PETR,26
1998,2,5,n,PETR,21
1998,2,5,n,PETR,25
1998,2,5,n,PEBO,25
1998,2,5,n,PGFV,7
1998,3,1,n,PETR,32
1998,3,1,n,PEBO,22
1998,3,1,n,PEBO,30
1998,3,1,n,PETR,21
1998,3,1,n,PETR,NA
1998,3,1,n,PEBO,28
1998,3,1,n,PEBO,14
1998,3,1,n,PEBO,24
1998,3,1,n,PETR,NA
1998,3,1,n,PETR,25
1998,3,2,n,PEBO,22.4
1998,3,2,n,PGFV,7.6
1998,3,2,n,PETR,27.3
1998,3,2,n,PEBO,19.9
1998,3,2,n,PETR,21.3
1998,3,2,n,PGFV,8
1998,3,2,n,PETR,14.5
1998,3,3,n,NEAL,130
1998,3,3,n,PEBO,20
1998,3,3,n,PEBO,25
1998,3,3,n,PEBO,26
1998,3,3,n,SIHI,71
1998,3,3,n,PEBO,29
1998,3,3,n,PEBO,31
1998,3,3,n,PETR,30
1998,3,3,n,PEBO,20
1998,3,3,n,PETR,33
1998,3,3,n,PEBO,26
1998,3,4,n,NEAL,107
1998,3,4,n,PETR,29
1998,3,4,n,PEBO,23.4
1998,3,4,n,PETR,17.8
1998,3,4,n,PETR,24.7
1998,3,4,n,NEAL,145
1998,3,4,n,PETR,21.9
1998,3,4,n,PETR,15.5
1998,3,4,n,PETR,21.8
1998,3,4,n,PETR,23.8
1998,3,5,n,PEBO,28
1998,3,5,n,PETR,26
1998,3,5,n,PEBO,10
1998,3,5,n,PETR,25
1998,3,5,n,PEBO,13
1998,3,5,n,PEBO,24
1998,3,5,n,PGFV,8
1998,3,5,n,PEBO,15
1998,3,5,n,PEBO,22
1998,3,5,n,NEAL,200
1998,1,1,n,PETR,24
1998,1,1,n,PEBO,22
1998,1,1,n,PETR,29
1998,1,1,n,PETR,32
1998,1,1,n,PETR,30
1998,1,1,n,PETR,23
1998,1,2,n,NEAL,159
1998,1,2,n,PETR,27.4
1998,1,2,n,PETR,NA
1998,1,2,n,PEBO,24.5
1998,1,2,n,PETR,14.2
1998,1,2,n,PETR,18.6
1998,1,2,n,PETR,24.6
1998,1,2,n,PETR,22.6
1998,1,3,n,PEBO,21
1998,1,3,n,PEBO,12
1998,1,3,n,PEBO,18
1998,1,3,n,NEAL,155
1998,1,3,n,ONAR,18
1998,1,3,n,PEBO,18
1998,1,3,n,PETR,17
1998,1,3,n,CHIN,17
1998,1,4,n,PEBO,29.5
1998,1,4,n,PEBO,18.7
1998,1,4,n,PETR,23.9
1998,1,4,n,PETR,24.3
1998,1,4,n,PETR,21.3
1998,1,4,n,PGFV,7.5
1998,1,4,n,PEBO,12.6
1998,1,4,n,PEBO,15.9
1998,1,4,n,PEBO,9.6
1998,1,4,n,PETR,25.6
1998,1,4,n,PELE,18.3
1998,1,4,n,PETR,23
1998,1,5,n,NEAL,185
1998,1,5,n,PEBO,24
1998,1,5,n,PETR,27
1998,1,5,n,PETR,24
1998,1,5,n,PETR,16
1998,1,5,n,NEAL,222
1998,1,5,n,PEBO,19
1998,1,5,n,ONAR,11
1998,1,5,n,PEBO,17
1998,1,5,n,PETR,45
1998,2,1,n,PEBO,18
1998,2,1,n,PETR,30
1998,2,1,n,PEBO,26
1998,2,1,n,PELE,14
1998,2,1,n,PELE,15
1998,2,1,n,PETR,35
1998,2,1,n,PEBO,17
1998,2,1,n,NEAL,167
1998,2,1,n,PETR,24
1998,2,1,n,PETR,31
1998,2,1,n,PETR,24
1998,2,2,n,PETR,29.1
1998,2,2,n,PETR,30.8
1998,2,2,n,PEBO,22.4
1998,2,2,n,PETR,14.8
1998,2,2,n,PETR,13.2
1998,2,2,n,PETR,20.9
1998,2,2,n,PETR,27.4
1998,2,2,n,PETR,20.3
1998,2,2,n,PEBO,20.1
1998,2,2,n,PETR,28.1
1998,2,2,n,PETR,25.3
1998,2,2,n,PEBO,30.2
1998,2,3,n,PETR,29
1998,2,3,n,PETR,18
1998,2,3,n,PETR,22
1998,2,3,n,PETR,28
1998,2,3,n,PEBO,29
1998,2,3,n,PELE,30
1998,2,3,n,PEBO,28
1998,2,3,n,PETR,30
1998,2,3,n,PETR,35
1998,2,3,n,PETR,27.3
1998,2,3,n,PEBO,23
1998,2,3,n,PEBO,24
1998,2,3,n,NEAL,132
1998,2,4,n,PETR,25.6
1998,2,4,n,PEBO,22.7
1998,2,4,n,NEAL,171
1998,2,4,n,PEBO,18.2
1998,2,4,n,NEAL,144
1998,2,4,n,NEAL,138
1998,2,4,n,PETR,37
1998,2,4,n,PETR,22.8
1998,2,4,n,PELE,11.1
1998,2,4,n,PETR,31
1998,2,4,n,PETR,25.7
1998,2,4,n,PETR,24.4
1998,2,4,n,NEAL,87.2
1998,2,4,n,PETR,28.4
1998,2,4,n,PEBO,19
1998,2,4,n,PETR,23.4
1998,2,4,n,NEAL,162
1998,2,5,n,PELE,23
1998,2,5,n,NEAL,122
1998,2,5,n,PEBO,28
1998,2,5,n,PETR,NA
1998,2,5,n,PGFV,8
1998,2,5,n,PETR,NA
1998,2,5,n,PETR,36
1998,2,5,n,PGFV,7
1998,2,5,n,PELE,29
1998,2,5,n,PETR,26
1998,2,5,n,PELE,18
1998,2,5,n,PETR,20
1998,2,5,n,PEBO,NA
1998,2,5,n,PGFV,7
1998,2,5,n,PEBO,18
1998,3,1,n,PETR,29
1998,3,1,n,PETR,34
1998,3,1,n,PETR,25
1998,3,1,n,PEBO,27
1998,3,1,n,PEBO,22
1998,3,1,n,PELE,28
1998,3,1,n,PETR,25
1998,3,1,n,PETR,24
1998,3,1,n,PETR,25
1998,3,1,n,PELE,25
1998,3,1,n,PEBO,25
1998,3,2,n,PETR,28.3
1998,3,2,n,PETR,23.2
1998,3,2,n,PETR,25.5
1998,3,2,n,PEBO,23
1998,3,2,n,PETR,38.8
1998,3,2,n,PETR,22.6
1998,3,2,n,PETR,29.9
1998,3,2,n,PETR,24.8
1998,3,2,n,PELE,24.6
1998,3,2,n,PETR,28
1998,3,3,n,PETR,26
1998,3,3,n,PEBO,29
1998,3,3,n,PETR,25
1998,3,3,n,PELE,26
1998,3,3,n,PELE,22
1998,3,3,n,PETR,17
1998,3,3,n,PETR,41
1998,3,3,n,PEXX,11
1998,3,4,n,DIOR,46.8
1998,3,4,n,PETR,27
1998,3,4,n,NEAL,63.8
1998,3,4,n,PELE,9.7
1998,3,4,n,PETR,33
1998,3,4,n,PETR,23.4
1998,3,4,n,PETR,23.1
1998,3,4,n,PETR,30.7
1998,3,4,n,PETR,24.3
1998,3,4,n,PETR,20.8
1998,3,4,n,PETR,24.8
1998,3,4,n,PEBO,17.9
1998,3,5,n,NEAL,128
1998,3,5,n,PELE,19
1998,3,5,n,PETR,27
1998,3,5,n,PEBO,19
1998,3,5,n,PEBO,25
1998,3,5,n,PEBO,25
1998,3,5,n,PEBO,27
1998,3,5,n,PETR,30
1998,3,5,n,PETR,27
1998,3,5,n,PETR,20
1998,3,5,n,NEAL,110
1998,3,5,n,PEBO,18
1998,1,1,n,NEAL,200
1998,1,1,n,PGFV,16
1998,1,1,n,PELE,136
1998,1,1,n,PGFV,8
1998,1,1,n,DIME,NA
1998,1,1,n,DIME,46
1998,1,1,n,DISP,136
1998,1,1,n,NEAL,180
1998,1,1,n,PETR,31
1998,1,1,n,DISP,139
1998,1,1,n,DIME,56
1998,1,1,n,DIME,44
1998,1,1,n,DIME,51
1998,1,1,n,NEAL,100
1998,1,1,n,DISP,96
1998,1,1,n,PELE,33
1998,1,1,n,NEAL,194
1998,1,1,n,NEAL,126
1998,1,1,n,NEAL,110
1998,1,1,n,NEAL,96
1998,1,1,n,PELE,29
1998,1,1,n,DIOR,74
1998,1,2,n,ONLE,28.5
1998,1,2,n,PGFL,11.5
1998,1,2,n,PGFL,7.9
1998,1,2,n,NEAL,157
1998,1,2,n,ONLE,41
1998,1,2,n,NEAL,189
1998,1,2,n,ONLE,38.8
1998,1,2,n,NEAL,165
1998,1,2,n,PETR,23.3
1998,1,2,n,DIOR,57.9
1998,1,2,n,NEAL,111
1998,1,2,n,NEAL,149
1998,1,3,n,DIOR,58.5
1998,1,3,n,DIME,42.8
1998,1,3,n,DIOR,40.8
1998,1,3,n,NEAL,64.6
1998,1,3,n,NEAL,132
1998,1,3,n,XESP,111
1998,1,3,n,PGFL,11
1998,1,3,n,NEAL,105
1998,1,3,n,DIME,46.7
1998,1,3,n,PETR,20.3
1998,1,3,n,DIME,49.3
1998,1,3,n,NEAL,105
1998,1,3,n,NEAL,154
1998,1,3,n,PGFL,11.3
1998,1,3,n,DIME,46.1
1998,1,3,n,PGFL,13.4
1998,1,3,n,NEAL,164
1998,1,3,n,ONLE,33
1998,1,4,n,PGFV,10
1998,1,4,n,NEAL,98
1998,1,4,n,PELE,15
1998,1,4,n,ONLE,33
1998,1,4,n,NEAL,102
1998,1,4,n,ONLE,18
1998,1,4,n,NEAL,110
1998,1,4,n,ONLE,35
1998,1,4,n,NEAL,168
1998,1,4,n,DIOR,58
1998,1,4,n,NEAL,112
1998,1,4,n,DIOR,58
1998,1,4,n,NEAL,90
1998,1,4,n,PELE,28
1998,1,4,n,DIOR,69
1998,1,4,n,NEAL,168
1998,1,4,n,NEAL,65
1998,1,4,n,NEAL,230
1998,1,4,n,NEAL,154
1998,1,4,n,NEAL,148
1998,1,4,n,DIOR,59
1998,1,4,n,PELE,25
1998,1,4,n,ONLE,55
1998,1,4,n,DIOR,60
1998,1,4,n,NEAL,57
1998,1,4,n,NEAL,210
1998,1,4,n,NEAL,106
1998,1,4,n,ONLE,37
1998,1,5,n,DIOR,53
1998,1,5,n,DIOR,54
1998,1,5,n,DIME,84
1998,1,5,n,ONLE,38
1998,1,5,n,ONLE,NA
1998,1,5,n,DIOR,48
1998,1,5,n,DIOR,56
1998,1,5,n,NEAL,140
1998,1,5,n,NEAL,168
1998,1,5,n,DIOR,80
1998,1,5,n,DIOR,53
1998,1,5,n,DIOR,53
1998,1,5,n,DIME,53
1998,1,5,n,DIOR,54
1998,1,5,n,ONLE,19
1998,1,5,n,DIOR,60
1998,1,5,n,DIME,47
1998,1,5,n,NEAL,91
1998,1,5,n,NEAL,194
1998,1,5,n,NEAL,142
1998,1,5,n,ONLE,35
1998,1,5,n,DIOR,55
1998,1,5,n,DIOR,29
1998,1,5,n,DIOR,53
1998,1,5,n,PELE,34
1998,1,5,n,ONLE,21
1998,1,5,n,PGFL,14
1998,1,5,n,ONLE,27
1998,1,5,n,NEAL,88
1998,1,5,n,DIOR,53
1998,2,1,n,DIME,48
1998,2,1,n,NEAL,132
1998,2,1,n,PELE,33
1998,2,1,n,PGFV,12
1998,2,1,n,DIME,47
1998,2,1,n,DISP,134
1998,2,1,n,NEAL,69
1998,2,1,n,NEAL,192
1998,2,2,n,NEAL,111
1998,2,2,n,NEAL,121
1998,2,2,n,NEAL,137
1998,2,2,n,NEAL,120
1998,2,2,n,NEAL,130
1998,2,3,n,NEAL,111
1998,2,3,n,PELE,27.3
1998,2,3,n,NEAL,140
1998,2,3,n,NEAL,80
1998,2,3,n,PGFV,12.8
1998,2,3,n,DIME,45
1998,2,3,n,NEAL,48.7
1998,2,3,n,NEAL,39.1
1998,2,4,n,DIME,44
1998,2,4,n,NEAL,122
1998,2,4,n,PGFV,14
1998,2,4,n,DIME,41
1998,2,4,n,NEAL,168
1998,2,4,n,DIME,46
1998,2,4,n,NEAL,170
1998,2,4,n,NEAL,200
1998,2,4,n,ONLE,19
1998,2,4,n,NEAL,147
1998,2,4,n,DIOR,53
1998,2,4,n,NEAL,NA
1998,2,4,n,NEAL,152
1998,2,5,n,PELE,29
1998,2,5,n,DIOR,30
1998,2,5,n,DIOR,63
1998,2,5,n,NEAL,112
1998,2,5,n,PGFV,9
1998,2,5,n,ONLE,28
1998,2,5,n,DIOR,52
1998,2,5,n,NEAL,42
1998,2,5,n,NEAL,43
1998,2,5,n,DIOR,52
1998,3,1,n,DIOR,70
1998,3,1,n,PGFL,12
1998,3,1,n,NEAL,77
1998,3,1,n,NEAL,168
1998,3,2,n,NEAL,59.6
1998,3,2,n,NEAL,165
1998,3,2,n,NEAL,138
1998,3,3,n,NEAL,167
1998,3,3,n,PGFL,15
1998,3,4,n,DIME,49
1998,3,4,n,NEAL,178
1998,3,4,n,PELE,26
1998,3,4,n,ONAR,36
1998,3,4,n,NEAL,62
1998,3,4,n,PGFL,14
1998,3,4,n,DIOR,54
1998,3,4,n,DIOR,NA
1998,3,4,n,NEAL,130
1998,3,5,n,ONAR,43
1998,3,5,n,NEAL,48
1998,3,5,n,PGFL,13
1998,3,5,n,NEAL,119
1998,3,5,n,NEAL,112
1998,3,5,n,DIOR,24
1998,3,5,n,ONLE,29
1998,3,5,n,DIOR,31
1998,3,5,n,NEAL,112
1998,3,5,n,DIOR,57
1998,1,1,n,NEAL,169
1998,1,1,n,DIOR,49
1998,1,1,n,PELE,21
1998,1,1,n,ONLE,38
1998,1,1,n,ONLE,39
1998,1,1,n,PEER,17
1998,1,1,n,NEAL,142
1998,1,1,n,NEAL,188
1998,1,1,n,DIOR,50
1998,1,1,n,NEAL,172
1998,1,1,n,DIOR,26
1998,1,1,n,REME,13
1998,1,1,n,DIME,36
1998,1,1,n,DISP,142
1998,1,1,n,DIME,40
1998,1,1,n,DIME,142
1998,1,1,n,DIME,46
1998,1,1,n,PELE,17
1998,1,1,n,DIME,52
1998,1,1,n,NEAL,155
1998,1,1,n,DIME,52
1998,1,1,n,DIME,54
1998,1,1,n,DIME,39
1998,1,1,n,DISP,142
1998,1,1,n,NEAL,181
1998,1,1,n,PETR,32
1998,1,1,n,DIME,41
1998,1,1,n,NEAL,134
1998,1,1,n,DIME,39
1998,1,1,n,DIME,50
1998,1,1,n,NEAL,160
1998,1,1,n,DISP,138
1998,1,1,n,DIME,44
1998,1,1,n,NEAL,84
1998,1,1,n,NEAL,140
1998,1,1,n,DIOR,53
1998,1,1,n,DIOR,55
1998,1,1,n,NEAL,92
1998,1,1,n,DIOR,53
1998,1,1,n,PGFL,13
1998,1,1,n,DIME,37
1998,1,1,n,DIOR,58
1998,1,1,n,DIOR,61
1998,1,1,n,DIME,42
1998,1,1,n,ONLE,38
1998,1,1,n,DIOR,58
1998,1,1,n,DIOR,54
1998,1,1,n,DIME,43
1998,1,1,n,DIOR,49
1998,1,1,n,NEAL,172
1998,1,1,n,PGFL,10
1998,1,1,n,PELE,23
1998,1,2,n,PGFV,7.4
1998,1,2,n,DIME,40.6
1998,1,2,n,DIOR,48.6
1998,1,2,n,NEAL,156
1998,1,2,n,PGFV,7.2
1998,1,2,n,NEAL,74.8
1998,1,2,n,DIOR,51.1
1998,1,2,n,PETR,26.5
1998,1,2,n,DIME,39.1
1998,1,2,n,DIOR,48.3
1998,1,2,n,DIOR,49.1
1998,1,2,n,NEAL,154.4
1998,1,2,n,DIOR,50.6
1998,1,2,n,NEAL,141.6
1998,1,2,n,DIOR,50.6
1998,1,2,n,DIOR,47.9
1998,1,2,n,PELE,21.5
1998,1,2,n,DIOR,54.8
1998,1,2,n,DIME,40.3
1998,1,2,n,DIOR,51.9
1998,1,2,n,PGFL,8.6
1998,1,2,n,DIOR,46.9
1998,1,2,n,DIME,42
1998,1,2,n,NEAL,211.4
1998,1,2,n,DIME,41.7
1998,1,2,n,DIOR,39.9
1998,1,2,n,PELE,22.9
1998,1,2,n,DIME,44
1998,1,2,n,DIOR,42.8
1998,1,2,n,DIME,40.5
1998,1,2,n,DIME,40
1998,1,2,n,DIOR,52.4
1998,1,2,n,DIOR,47.9
1998,1,2,n,PGFL,9.6
1998,1,3,n,NEAL,159
1998,1,3,n,DIOR,47.6
1998,1,3,n,DIOR,46.3
1998,1,3,n,DIME,37.6
1998,1,3,n,REME,10.1
1998,1,3,n,NEAL,122
1998,1,3,n,DIOR,53.2
1998,1,3,n,DIOR,34.6
1998,1,3,n,DIOR,53
1998,1,3,n,PGFL,12.1
1998,1,3,n,DIME,40.2
1998,1,3,n,DIOR,58.8
1998,1,3,n,DIOR,55
1998,1,3,n,DIOR,50.2
1998,1,3,n,DIME,33.3
1998,1,3,n,REME,NA
1998,1,3,n,PELE,24.3
1998,1,3,n,DIOR,52.7
1998,1,3,n,NEAL,78
1998,1,3,n,DIOR,53.3
1998,1,3,n,DIME,34.2
1998,1,3,n,DIOR,55.6
1998,1,3,n,DIME,39.5
1998,1,3,n,DIOR,48.7
1998,1,3,n,NEAL,156
1998,1,3,n,DIOR,50.3
1998,1,3,n,NEAL,156
1998,1,3,n,DIOR,55.1
1998,1,3,n,ONLE,28.7
1998,1,3,n,PELE,23.7
1998,1,3,n,DIME,42.4
1998,1,3,n,DIME,40.2
1998,1,3,n,PELE,25.8
1998,1,3,n,DIOR,47.5
1998,1,3,n,NEAL,80.4
1998,1,3,n,ONLE,36.5
1998,1,3,n,DIOR,50.7
1998,1,3,n,DIOR,58.1
1998,1,3,n,DIME,40.7
1998,1,3,n,PGFL,10.1
1998,1,3,n,DIOR,57.7
1998,1,3,n,ONLE,37.5
1998,1,3,n,DIOR,46.7
1998,1,3,n,PELE,25.2
1998,1,3,n,DIOR,50.8
1998,1,3,n,DIOR,55.9
1998,1,4,n,NEAL,150
1998,1,4,n,DIME,39
1998,1,4,n,DIOR,47
1998,1,4,n,ONLE,28
1998,1,4,n,NEAL,152
1998,1,4,n,NEAL,88
1998,1,4,n,DIME,41
1998,1,4,n,NEAL,158
1998,1,4,n,DIOR,49
1998,1,4,n,ONLE,34
1998,1,4,n,DIOR,44
1998,1,4,n,NEAL,NA
1998,1,4,n,NEAL,194
1998,1,4,n,DIME,40
1998,1,4,n,NEAL,102
1998,1,4,n,DIOR,51
1998,1,4,n,DIOR,48
1998,1,4,n,NEAL,160
1998,1,4,n,DIOR,55
1998,1,4,n,PGFL,10
1998,1,4,n,DIOR,56
1998,1,4,n,PGFL,NA
1998,1,4,n,NEAL,168
1998,1,4,n,PELE,26
1998,1,4,n,NEAL,156
1998,1,4,n,ONLE,38
1998,1,4,n,DIOR,56
1998,1,4,n,ONLE,33
1998,1,4,n,NEAL,184
1998,1,4,n,DIOR,51
1998,1,4,n,NEAL,128
1998,1,4,n,NEAL,102
1998,1,4,n,DIOR,49
1998,1,4,n,PELE,26
1998,1,4,n,DIOR,NA
1998,1,4,n,DIME,43
1998,1,4,n,DIME,43
1998,1,5,n,DIME,37
1998,1,5,n,NEAL,170
1998,1,5,n,REME,13
1998,1,5,n,PELE,17
1998,1,5,n,DIOR,48
1998,1,5,n,DIOR,57
1998,1,5,n,DIOR,46
1998,1,5,n,DIOR,47
1998,1,5,n,NEAL,182
1998,1,5,n,DIOR,52
1998,1,5,n,NEAL,164
1998,1,5,n,DIOR,57
1998,1,5,n,DIOR,45
1998,1,5,n,NEAL,120
1998,1,5,n,DIOR,51
1998,1,5,n,DIME,41
1998,1,5,n,DIOR,50
1998,1,5,n,DIOR,44
1998,1,5,n,DIOR,55
1998,1,5,n,DIOR,57
1998,1,5,n,DIOR,48
1998,1,5,n,NEAL,83
1998,1,5,n,REME,8
1998,1,5,n,DIOR,56
1998,1,5,n,DIME,38
1998,1,5,n,DIOR,55
1998,1,5,n,DIME,41
1998,1,5,n,DIOR,51
1998,1,5,n,PGFL,10
1998,1,5,n,DIOR,50
1998,1,5,n,PGFL,9
1998,1,5,n,DIOR,23
1998,1,5,n,DIOR,51
1998,1,5,n,DIOR,51
1998,1,5,n,DIOR,51
1998,1,5,n,NEAL,168
1998,1,5,n,DIOR,59
1998,2,1,n,DIOR,50
1998,2,1,n,DIOR,48
1998,2,1,n,PGFL,12
1998,2,1,n,PELE,18
1998,2,1,n,PGFL,11
1998,2,1,n,DIOR,53
1998,2,1,n,NEAL,214
1998,2,1,n,XESP,98
1998,2,1,n,NEAL,67
1998,2,1,n,PELE,19
1998,2,1,n,DIME,NA
1998,2,1,n,PGFL,11
1998,2,1,n,DIOR,NA
1998,2,1,n,NEAL,172
1998,2,1,n,PGFL,10
1998,2,1,n,DIOR,64
1998,2,1,n,NEAL,100
1998,2,2,n,DIME,44
1998,2,2,n,NEAL,134
1998,2,2,n,DIME,40.2
1998,2,2,n,DIME,37.5
1998,2,2,n,PELE,16.5
1998,2,2,n,NEAL,166
1998,2,2,n,PELE,19.4
1998,2,2,n,DIOR,50.2
1998,2,2,n,ONLE,32.9
1998,2,2,n,NEAL,135
1998,2,2,n,DIOR,44.9
1998,2,2,n,DIOR,48.5
1998,2,2,n,NEAL,151
1998,2,2,n,NEAL,143
1998,2,2,n,PGFL,13
1998,2,2,n,NEAL,138
1998,2,2,n,DIOR,45.1
1998,2,2,n,DIOR,50.4
1998,2,2,n,DIOR,45.2
1998,2,2,n,NEAL,115
1998,2,2,n,PELE,26.1
1998,2,2,n,PELE,20.5
1998,2,2,n,ONLE,23.9
1998,2,2,n,PGFV,6.6
1998,2,2,n,NEAL,145
1998,2,3,n,DIOR,54.6
1998,2,3,n,DIME,44.2
1998,2,3,n,PELE,14.5
1998,2,3,n,NEAL,141
1998,2,3,n,DIME,NA
1998,2,3,n,NEAL,185
1998,2,3,n,PELE,22.1
1998,2,3,n,NEAL,140
1998,2,3,n,ONLE,34
1998,2,3,n,REME,11.9
1998,2,3,n,NEAL,138
1998,2,3,n,NEAL,214
1998,2,3,n,PGFV,9.8
1998,2,3,n,NEAL,193
1998,2,3,n,NEAL,138
1998,2,3,n,PGFL,15
1998,2,4,n,DIME,49
1998,2,4,n,DIOR,49
1998,2,4,n,ONLE,40
1998,2,4,n,NEAL,96
1998,2,4,n,DIOR,47
1998,2,4,n,DIME,35
1998,2,4,n,NEAL,194
1998,2,4,n,PGFL,NA
1998,2,4,n,NEAL,148
1998,2,4,n,DIOR,51
1998,2,4,n,NEAL,120
1998,2,4,n,DIME,38
1998,2,4,n,DIOR,50
1998,2,4,n,NEAL,144
1998,2,4,n,NEAL,92
1998,2,4,n,DIOR,48
1998,2,4,n,DIOR,53
1998,2,4,n,ONLE,45
1998,2,4,n,DIME,36
1998,2,4,n,DIME,NA
1998,2,4,n,NEAL,162
1998,2,4,n,DIOR,49
1998,2,4,n,NEAL,186
1998,2,5,n,PGFL,12
1998,2,5,n,ONLE,30
1998,2,5,n,PGFL,11
1998,2,5,n,PELE,21
1998,2,5,n,DIOR,49
1998,2,5,n,DIOR,40
1998,2,5,n,ONLE,31
1998,2,5,n,DIOR,49
1998,2,5,n,NEAL,91
1998,2,5,n,ONLE,36
1998,2,5,n,NEAL,220
1998,2,5,n,NEAL,184
1998,2,5,n,DIOR,48
1998,2,5,n,ONLE,28
1998,2,5,n,NEAL,72
1998,2,5,n,DIME,40
1998,2,5,n,NEAL,130
1998,2,5,n,DIOR,50
1998,2,5,n,DIME,37
1998,3,1,n,DIME,43
1998,3,1,n,DIOR,NA
1998,3,1,n,NEAL,114
1998,3,1,n,NEAL,55
1998,3,1,n,DIME,40
1998,3,1,n,NEAL,164
1998,3,1,n,PELE,20
1998,3,1,n,PETR,34
1998,3,1,n,PGFL,14
1998,3,1,n,NEAL,222
1998,3,1,n,PELE,18
1998,3,1,n,DIOR,57
1998,3,2,n,DIOR,53
1998,3,2,n,PELE,229
1998,3,2,n,DIME,39.3
1998,3,2,n,DIOR,30.1
1998,3,2,n,NEAL,150
1998,3,2,n,DIOR,52
1998,3,2,n,NEAL,80.7
1998,3,2,n,PGFL,9.9
1998,3,2,n,DIOR,55.1
1998,3,2,n,DIOR,55
1998,3,2,n,DIOR,45.9
1998,3,2,n,NEAL,177
1998,3,2,n,NEAL,130
1998,3,2,n,DIOR,50.7
1998,3,2,n,PELE,18.3
1998,3,2,n,DIOR,49.8
1998,3,2,n,DIME,40.8
1998,3,2,n,DIME,38.8
1998,3,3,n,PGFL,12.1
1998,3,3,n,NEAL,115
1998,3,3,n,PELE,12.1
1998,3,3,n,NEAL,95.5
1998,3,3,n,PGFV,5.5
1998,3,3,n,DIME,39.4
1998,3,3,n,NEAL,176
1998,3,3,n,DIME,37
1998,3,3,n,DIME,41.3
1998,3,3,n,PGFL,9.1
1998,3,4,n,DIME,28
1998,3,4,n,DIOR,47
1998,3,4,n,ONLE,20
1998,3,4,n,DIOR,12
1998,3,4,n,REME,12
1998,3,4,n,PELE,16
1998,3,4,n,DIOR,45
1998,3,4,n,NEAL,164
1998,3,4,n,PGFL,11
1998,3,4,n,NEAL,130
1998,3,4,n,PGFL,12
1998,3,4,n,PGFL,11
1998,3,4,n,PGFL,12
1998,3,5,n,DIOR,32
1998,3,5,n,NEAL,184
1998,3,5,n,DIOR,51
1998,3,5,n,DIOR,52
1998,3,5,n,PELE,24
1998,3,5,n,PGFL,10
1998,3,5,n,NEAL,72
1998,3,5,n,NEAL,172
1998,3,5,n,DIOR,26
1998,3,5,n,NEAL,NA
1998,3,5,n,REME,10
1998,3,5,n,DIOR,31
1998,3,5,n,PGFL,10
1998,1,1,n,DIME,44.1
1998,1,1,n,PETR,26.5
1998,1,1,n,PGFV,8.9
1998,1,1,n,DIME,36.5
1998,1,1,n,ONAR,22.2
1998,1,1,n,PGFV,7.9
1998,1,1,n,DIME,52.2
1998,1,1,n,DIME,47.5
1998,1,1,n,PETR,20
1998,1,1,n,PELE,19.6
1998,1,1,n,PGFV,8.4
1998,1,1,n,DIME,39.5
1998,1,1,n,DIME,46.3
1998,1,1,n,DIME,43.5
1998,1,1,n,DISP,105
1998,1,1,n,DIME,44.2
1998,1,1,n,PETR,31.2
1998,1,2,n,PETR,21
1998,1,2,n,DISP,154
1998,1,2,n,DIME,47
1998,1,2,n,PETR,28
1998,1,2,n,PETR,25
1998,1,2,n,DIME,53
1998,1,2,n,DIME,47
1998,1,2,n,DIME,28
1998,1,2,n,DIME,50
1998,1,2,n,DIME,47
1998,1,2,n,DIME,42
1998,1,2,n,PETR,23
1998,1,2,n,DIME,43
1998,1,2,n,DIME,43
1998,1,2,n,PELE,23
1998,1,2,n,DIME,50
1998,1,2,n,DIME,49
1998,1,2,n,DIME,49
1998,1,2,n,PETR,23
1998,1,2,n,PELE,25
1998,1,2,n,ONLE,43
1998,1,2,n,DIME,27
1998,1,2,n,PETR,28
1998,1,2,n,PELE,28
1998,1,2,n,PELE,29
1998,1,2,n,DIME,43
1998,1,2,n,DIME,48
1998,1,2,n,DIME,46
1998,1,2,n,PETR,27
1998,1,2,n,DIME,46
1998,1,2,n,DISP,NA
1998,1,2,n,DIME,51
1998,1,2,n,NEAL,150
1998,1,3,n,ONLE,32.1
1998,1,3,n,DIME,46.1
1998,1,3,n,DIME,47.9
1998,1,3,n,DIOR,50.9
1998,1,3,n,DIME,37.5
1998,1,3,n,PGFL,12.2
1998,1,3,n,DIOR,NA
1998,1,3,n,DIME,47.8
1998,1,3,n,DIME,49.4
1998,1,3,n,NEAL,146
1998,1,3,n,DIME,42.8
1998,1,3,n,DIOR,56
1998,1,3,n,DIME,40.6
1998,1,3,n,PGFV,6.9
1998,1,3,n,DIME,34.6
1998,1,3,n,DIOR,48
1998,1,3,n,DIME,45.2
1998,1,3,n,DIME,57.1
1998,1,4,n,DIME,37
1998,1,4,n,DIME,47
1998,1,4,n,DIOR,63
1998,1,4,n,DIME,38
1998,1,4,n,DIME,45
1998,1,4,n,DIME,48
1998,1,4,n,DIME,49
1998,1,4,n,DIME,47
1998,1,4,n,DIME,52
1998,1,4,n,DIOR,49
1998,1,4,n,PGFV,9
1998,1,4,n,DIME,48
1998,1,4,n,DIME,35
1998,1,4,n,PGFV,10
1998,1,4,n,DIME,45
1998,1,4,n,DIME,45
1998,1,4,n,DIME,53
1998,1,4,n,DIME,47
1998,1,4,n,DIME,46
1998,1,4,n,DIME,50
1998,1,4,n,ONAR,25
1998,1,4,n,DIME,55
1998,1,4,n,DIME,40
1998,1,4,n,PGFV,11
1998,1,4,n,ONLE,32
1998,1,4,n,DIME,47
1998,1,4,n,DIME,46
1998,1,5,n,DIME,42
1998,1,5,n,DIME,32
1998,1,5,n,DIME,43
1998,1,5,n,DIME,45
1998,1,5,n,DIME,40
1998,1,5,n,DIME,32
1998,1,5,n,DIME,49
1998,1,5,n,DIME,36
1998,1,5,n,DIME,49
1998,1,5,n,DIME,37
1998,1,5,n,ONAR,20
1998,1,5,n,PGFV,9
1998,1,5,n,PGFV,9
1998,1,5,n,DIME,42
1998,1,5,n,REME,17
1998,1,5,n,PELE,29
1998,1,5,n,DIME,113
1998,1,5,n,DIME,45
1998,1,5,n,DIME,45
1998,1,5,n,DIME,54
1998,1,5,n,DIME,52
1998,1,5,n,DIME,37
1998,1,5,n,ONAR,21
1998,1,5,n,DIME,42
1998,1,5,n,DIME,47
1998,1,5,n,DIME,45
1998,1,5,n,DIME,51
1998,1,5,n,DIME,50
1998,1,5,n,DIME,52
1998,2,1,n,DIME,48.8
1998,2,1,n,DIME,45.3
1998,2,1,n,ONLE,34.1
1998,2,1,n,REMO,5
1998,2,1,n,DIME,43.8
1998,2,1,n,DISP,109
1998,2,1,n,ONLE,32
1998,2,2,n,NEAL,130
1998,2,2,n,REME,13
1998,2,2,n,PGFV,8
1998,2,2,n,DIME,21
1998,2,2,n,DIME,38
1998,2,2,n,NEAL,92
1998,2,2,n,PETR,24
1998,2,2,n,DIME,53
1998,2,2,n,ONLE,51
1998,2,2,n,DIME,28
1998,2,2,n,DIME,49
1998,2,3,n,DIME,42.2
1998,2,3,n,DIME,46.9
1998,2,3,n,DIME,45.5
1998,2,3,n,DIOR,57.3
1998,2,3,n,DIOR,51.7
1998,2,3,n,PGFV,8
1998,2,3,n,PELE,19.3
1998,2,3,n,DIME,54.3
1998,2,3,n,DIME,46.6
1998,2,3,n,DIME,46.6
1998,2,4,n,DIME,36
1998,2,4,n,DIME,44
1998,2,4,n,DIME,52
1998,2,4,n,DIME,49
1998,2,5,n,DIME,40
1998,2,5,n,DIME,52
1998,2,5,n,PGFV,8
1998,2,5,n,DIME,45
1998,3,2,n,DISP,94
1998,3,2,n,PELE,22
1998,3,2,n,PETR,22
1998,3,2,n,DIME,23
1998,3,2,n,PETR,33
1998,3,2,n,PETR,24
1998,3,2,n,NEAL,NA
1998,3,3,n,DIME,48.8
1998,3,3,n,PGFV,8.4
1998,3,3,n,NEAL,104
1998,3,3,n,REME,11.1
1998,3,3,n,ONLE,47.7
1998,3,3,n,DIME,25.7
1998,3,4,n,DIME,39
1998,3,4,n,DIOR,51
1998,3,5,n,DIME,50
1998,3,5,n,DIME,47
1998,1,1,n,DIME,37.7
1998,1,1,n,DIME,44
1998,1,1,n,DIME,42.5
1998,1,1,n,PGFV,6.2
1998,1,1,n,PELE,24.2
1998,1,1,n,PELE,11.1
1998,1,1,n,DIME,41.1
1998,1,1,n,PETR,24
1998,1,1,n,DIME,39.3
1998,1,1,n,PGFV,6.2
1998,1,1,n,DIME,37
1998,1,1,n,ONAR,16.9
1998,1,1,n,DIME,39.5
1998,1,1,n,PELE,11.6
1998,1,2,n,DIME,49
1998,1,2,n,DISP,130
1998,1,2,n,DIME,33
1998,1,2,n,DISP,128
1998,1,2,n,DIME,36
1998,1,2,n,PELE,24
1998,1,2,n,DIME,42
1998,1,2,n,DIME,46
1998,1,2,n,DIME,51
1998,1,2,n,DISP,136
1998,1,2,n,PETR,25
1998,1,2,n,DIME,35
1998,1,2,n,DIME,42
1998,1,2,n,PELE,27
1998,1,2,n,PGFV,7
1998,1,2,n,DIME,46
1998,1,2,n,DIME,41
1998,1,2,n,PELE,25
1998,1,2,n,DIME,38
1998,1,2,n,DIME,45
1998,1,2,n,DIME,39
1998,1,2,n,DIME,46
1998,1,2,n,DIME,45
1998,1,2,n,DIME,47
1998,1,2,n,DIME,48
1998,1,2,n,DIME,46
1998,1,2,n,DIME,45
1998,1,2,n,DIME,51
1998,1,2,n,PETR,16
1998,1,3,n,DIME,42.2
1998,1,3,n,DIOR,49.9
1998,1,3,n,DIME,37.5
1998,1,3,n,DIME,40.4
1998,1,3,n,ONLE,28.8
1998,1,3,n,DIME,42.9
1998,1,3,n,DIME,44.2
1998,1,3,n,ONLE,33.4
1998,1,3,n,DIME,39.3
1998,1,3,n,PGFV,7.3
1998,1,3,n,DIME,42.5
1998,1,3,n,DIME,37.9
1998,1,3,n,DIME,40.4
1998,1,3,n,DIME,40.4
1998,1,4,n,DIME,43
1998,1,4,n,DIME,43.1
1998,1,4,n,ONLE,35
1998,1,4,n,DIME,41
1998,1,4,n,DIME,38.8
1998,1,4,n,PELE,18
1998,1,4,n,DIME,38
1998,1,4,n,DIME,44
1998,1,4,n,DIME,36
1998,1,4,n,DIOR,46
1998,1,4,n,DIME,42
1998,1,4,n,PEER,17
1998,1,4,n,DIME,42
1998,1,4,n,DIME,43
1998,1,4,n,DIME,33
1998,1,4,n,DIME,46.6
1998,1,4,n,DIME,38
1998,1,4,n,PELE,24
1998,1,4,n,PELE,29
1998,1,4,n,ONAR,18.5
1998,1,4,n,PGFV,7
1998,1,4,n,ONAR,19
1998,1,4,n,DIME,39
1998,1,4,n,DIME,37
1998,1,4,n,DIME,50
1998,1,4,n,PEER,21
1998,1,4,n,DIME,39
1998,1,4,n,DIME,46
1998,1,5,n,DIME,46
1998,1,5,n,DIME,48
1998,1,5,n,DIME,43
1998,1,5,n,DIME,39
1998,1,5,n,DIME,42
1998,1,5,n,DIME,38
1998,1,5,n,PELE,23
1998,1,5,n,DIME,41
1998,1,5,n,DIME,43
1998,1,5,n,DIME,36
1998,1,5,n,DIME,45
1998,1,5,n,PGFV,7
1998,1,5,n,DIME,37
1998,1,5,n,DIME,39
1998,1,5,n,DIME,44
1998,1,5,n,REMO,8
1998,1,5,n,PGFV,7
1998,1,5,n,DIME,41
1998,1,5,n,DIME,41
1998,1,5,n,DIME,42
1998,1,5,n,DIME,51
1998,1,5,n,PELE,21
1998,1,5,n,ONAR,15
1998,1,5,n,DIME,39
1998,1,5,n,DIME,42
1998,1,5,n,DIME,41
1998,1,5,n,DIME,41
1998,1,5,n,DIME,44
1998,1,5,n,ONAR,19
1998,1,5,n,DIME,48
1998,1,5,n,DIME,46
1998,2,1,n,PGFV,5.8
1998,2,1,n,REME,7.4
1998,2,1,n,DIME,39
1998,2,1,n,PGFV,6.9
1998,2,1,n,REME,11.9
1998,2,1,n,DIME,41.3
1998,2,1,n,DIME,39.9
1998,2,1,n,DIME,38.6
1998,2,1,n,DIME,30.9
1998,2,1,n,NEAL,89.2
1998,2,1,n,PGFV,7.2
1998,2,1,n,DIME,51.2
1998,2,1,n,REME,10.8
1998,2,1,n,DIME,37.4
1998,2,2,n,PELE,11
1998,2,2,n,PELE,24
1998,2,2,n,DISP,NA
1998,2,2,n,DIME,41
1998,2,2,n,DIME,39
1998,2,2,n,NEAL,74
1998,2,2,n,PGFV,8
1998,2,2,n,NEAL,128
1998,2,2,n,PELE,14
1998,2,2,n,PELE,15
1998,2,2,n,PELE,18
1998,2,2,n,NEAL,72
1998,2,2,n,PGFV,6
1998,2,2,n,DIME,37
1998,2,2,n,NEAL,138
1998,2,2,n,PGFV,7
1998,2,2,n,DIME,47
1998,2,2,n,PETR,30
1998,2,3,n,DIOR,52.9
1998,2,3,n,DIOR,55.2
1998,2,3,n,DIME,38.8
1998,2,3,n,DIME,38.8
1998,2,3,n,NEAL,113
1998,2,3,n,DIME,38.8
1998,2,3,n,REMO,6.4
1998,2,3,n,DIME,33.1
1998,2,3,n,DIME,35.7
1998,2,3,n,DIME,38.8
1998,2,3,n,SYAU,101
1998,2,3,n,PGFV,9.4
1998,2,3,n,DIME,46.6
1998,2,3,n,DIME,36.6
1998,2,4,n,DIME,45
1998,2,4,n,DIOR,59
1998,2,4,n,DIME,45
1998,2,4,n,DIME,33
1998,2,4,n,NEAL,184
1998,2,4,n,DIME,NA
1998,2,4,n,DIME,43
1998,2,4,n,DIME,40
1998,2,4,n,DIME,41
1998,2,5,n,DIME,41
1998,2,5,n,DIME,36
1998,2,5,n,PELE,21
1998,2,5,n,DIME,39
1998,2,5,n,PGFV,8
1998,2,5,n,DIME,37
1998,2,5,n,PELE,32
1998,2,5,n,DIME,46
1998,3,1,n,PGFV,6.7
1998,3,1,n,PELE,21.6
1998,3,1,n,DISP,131
1998,3,1,n,DIME,37.4
1998,3,1,n,DIME,36.2
1998,3,1,n,NEAL,143
1998,3,1,n,PETR,15.1
1998,3,2,n,NEAL,NA
1998,3,2,n,PGFV,7
1998,3,2,n,NEAL,188
1998,3,2,n,PELE,16
1998,3,2,n,DISP,118
1998,3,3,n,PGFV,6.8
1998,3,3,n,PGFV,6.5
1998,3,3,n,DIME,54.4
1998,3,3,n,PGFV,5.8
1998,3,3,n,ONLE,21.3
1998,3,3,n,DIME,39.7
1998,3,3,n,PGFV,7.5
1998,3,3,n,PELE,22.9
1998,3,4,n,DIME,43
1998,3,4,n,DIOR,51
1998,3,4,n,DIME,47
1998,3,4,n,DIME,39
1998,3,4,n,ONAR,17
1998,3,4,n,DIME,44
1998,3,5,n,DIME,46
1998,3,5,n,PGFV,8
1998,3,5,n,DIME,47
1998,3,5,n,DIME,40
1998,3,5,n,DIME,43
1998,3,5,n,ONAR,21
1998,3,5,n,DIME,41
1998,3,5,n,DIME,38
1998,1,1,n,DIME,48
1998,1,1,n,PELE,16
1998,1,1,n,DIME,44
1998,1,1,n,DIME,42
1998,1,1,n,PELE,21
1998,1,1,n,DIME,40
1998,1,1,n,DIME,47
1998,1,1,n,NEAL,135
1998,1,1,n,DIME,44
1998,1,1,n,CHIN,20
1998,1,1,n,PELE,23
1998,1,1,n,DIME,51
1998,1,1,n,CHIN,18
1998,1,1,n,PELE,28
1998,1,1,n,DIME,40
1998,1,1,n,DIME,36
1998,1,1,n,DIME,39
1998,1,1,n,CHIN,12
1998,1,1,n,CHIN,14
1998,1,1,n,DIME,41
1998,1,1,n,DIME,NA
1998,1,1,n,DIME,45
1998,1,1,n,DIME,47
1998,1,1,n,NEAL,84
1998,1,1,n,PENA,25
1998,1,1,n,NEAL,248
1998,1,1,n,DIME,41
1998,1,1,n,DIME,58
1998,1,1,n,NEDO,48
1998,1,1,n,NEAL,160
1998,1,1,n,DIME,27
1998,1,1,n,DIME,NA
1998,1,1,n,PETR,22
1998,1,2,n,PENA,22.1
1998,1,2,n,DIME,41.6
1998,1,2,n,DIME,39.1
1998,1,2,n,NEAL,68.4
1998,1,2,n,NEAL,212.4
1998,1,2,n,DIME,35.7
1998,1,2,n,NEAL,198
1998,1,2,n,DIME,28.4
1998,1,2,n,DIME,40.9
1998,1,2,n,DIME,25
1998,1,2,n,DIME,44.9
1998,1,2,n,DIME,40.2
1998,1,2,n,NEAL,191
1998,1,2,n,DIME,26.6
1998,1,2,n,PETR,19.2
1998,1,2,n,NEAL,219
1998,1,2,n,PETR,21.4
1998,1,3,n,DIME,32.7
1998,1,3,n,PGFV,6.5
1998,1,3,n,PETR,21.9
1998,1,3,n,DIME,34.7
1998,1,3,n,DIME,42.3
1998,1,3,n,DIME,42.7
1998,1,3,n,PGFV,7.8
1998,1,3,n,PGFV,7
1998,1,4,n,PGFV,8
1998,1,4,n,PGFV,11
1998,1,4,n,PGFV,6
1998,1,4,n,PGFV,9
1998,1,4,n,PGFV,6
1998,1,4,n,CHIN,17
1998,1,4,n,PELE,22
1998,1,4,n,NEAL,118
1998,1,4,n,PGFV,9
1998,1,4,n,PGFV,9
1998,1,4,n,PEMA,11
1998,1,4,n,CHIN,14
1998,1,4,n,CHIN,13
1998,1,4,n,CHIN,16
1998,1,4,n,PEBO,21
1998,1,4,n,CHIN,17
1998,1,4,n,PEBO,20
1998,1,4,n,CHIN,15
1998,1,4,n,CHIN,16
1998,1,4,n,PGFV,8
1998,1,4,n,CHIN,14
1998,1,4,n,PENA,24
1998,1,4,n,PGFV,6
1998,1,5,n,PGFV,9
1998,1,5,n,PGFV,7
1998,1,5,n,PGFV,8
1998,1,5,n,PGFV,8
1998,1,5,n,DIME,45
1998,1,5,n,DIME,43
1998,1,5,n,DIME,39
1998,1,5,n,PGFV,8
1998,1,5,n,PENA,20
1998,1,5,n,DIME,48
1998,1,5,n,PELE,25
1998,1,5,n,DIME,49
1998,1,5,n,PGFV,9
1998,1,5,n,DIME,23
1998,1,5,n,DIME,40
1998,1,5,n,CHIN,13
1998,1,5,n,CHIN,12
1998,2,1,n,NEAL,98
1998,2,1,n,NEAL,NA
1998,2,1,n,PELE,24
1998,2,1,n,CHIN,15
1998,2,1,n,PGFV,8
1998,2,1,n,DIME,25
1998,2,1,n,PELE,26
1998,2,1,n,DIME,25
1998,2,1,n,CHIN,12
1998,2,1,n,DIME,47
1998,2,1,n,PGFV,4.8
1998,2,1,n,PETR,25
1998,2,1,n,NEDO,64
1998,2,1,n,PGFV,6
1998,2,1,n,NEAL,72
1998,2,1,n,NEAL,69
1998,2,2,n,DIME,48.1
1998,2,2,n,DIME,37.9
1998,2,2,n,NEAL,72.6
1998,2,2,n,DIME,31.9
1998,2,2,n,DIME,30.7
1998,2,2,n,NEAL,191
1998,2,2,n,DIME,36
1998,2,2,n,NEAL,151
1998,2,2,n,NEAL,183
1998,2,2,n,PGFV,8.9
1998,2,2,n,NEAL,194
1998,2,2,n,PGFV,5.4
1998,2,3,n,DIME,47.5
1998,2,3,n,DIME,47.3
1998,2,3,n,PETR,14.6
1998,2,3,n,CHIN,12.2
1998,2,3,n,PELE,NA
1998,2,3,n,PGFV,8.2
1998,2,4,n,PGFV,6
1998,2,4,n,DIME,45
1998,2,4,n,CHIN,13
1998,2,4,n,PGFV,7
1998,2,4,n,CHIN,11
1998,2,4,n,PGFV,10
1998,2,4,n,CHIN,14
1998,2,4,n,PGFV,8
1998,2,4,n,PGFV,7
1998,2,5,n,PGFV,6
1998,2,5,n,DIME,44
1998,2,5,n,DIME,26
1998,2,5,n,PGFV,8
1998,2,5,n,PGFV,9
1998,2,5,n,PGFV,6
1998,2,5,n,DIME,50
1998,2,5,n,PELE,22
1998,2,5,n,DIME,34
1998,3,1,n,NEAL,240
1998,3,1,n,DIME,21
1998,3,1,n,NEAL,149
1998,3,1,n,PENA,17
1998,3,1,n,NEAL,145
1998,3,1,n,DIME,44
1998,3,1,n,NEAL,140
1998,3,1,n,PGFV,6
1998,3,2,n,NEAL,117
1998,3,2,n,PELE,21
1998,3,2,n,DIME,37.4
1998,3,2,n,NEAL,91
1998,3,2,n,CHIN,18.5
1998,3,2,n,CHIN,11.9
1998,3,2,n,PETR,17.7
1998,3,2,n,NEAL,92.9
1998,3,2,n,NEAL,74.6
1998,3,2,n,CHIN,11.1
1998,3,3,n,DIME,48.3
1998,3,3,n,PGFV,5.9
1998,3,4,n,PETR,27
1998,3,4,n,CHIN,12
1998,3,4,n,CHIN,16
1998,3,4,n,CHIN,15
1998,3,5,n,NEAL,179
1998,3,5,n,PENA,13
1998,3,5,n,DIME,48
1998,3,5,n,PGFV,7
1998,1,1,n,PGFV,8
1998,1,1,n,NEAL,160
1998,1,1,n,CHIN,15
1998,1,1,n,DIME,41
1998,1,1,n,NEAL,158
1998,1,1,n,DIME,45
1998,1,1,n,NEAL,188
1998,1,1,n,DIME,49
1998,1,1,n,NEAL,45
1998,1,1,n,DIME,45
1998,1,1,n,CHIN,16
1998,1,1,n,PEBO,20
1998,1,1,n,NEAL,NA
1998,1,1,n,PGFV,7
1998,1,1,n,DIME,44
1998,1,1,n,DIME,44
1998,1,1,n,CHIN,16
1998,1,1,n,CHIN,13
1998,1,1,n,NEAL,112
1998,1,1,n,DIME,46
1998,1,1,n,DIME,46
1998,1,1,n,CHIN,17
1998,1,1,n,PELE,27
1998,1,1,n,DIME,48
1998,1,1,n,CHIN,16
1998,1,1,n,DIME,49
1998,1,1,n,NEAL,NA
1998,1,1,n,NEAL,141
1998,1,1,n,CHIN,16
1998,1,1,n,NEAL,252
1998,1,1,n,NEAL,164
1998,1,1,n,DIME,43
1998,1,1,n,DIME,43
1998,1,1,n,NEAL,242
1998,1,1,n,CHIN,16
1998,1,1,n,DIME,48
1998,1,1,n,DIME,40
1998,1,1,n,DIME,43
1998,1,1,n,NEAL,152
1998,1,1,n,CHIN,15
1998,1,1,n,NEAL,39
1998,1,1,n,DIME,42
1998,1,1,n,DIME,49
1998,1,1,n,DIME,29
1998,1,1,n,PELE,31
1998,1,2,n,DIME,40.4
1998,1,2,n,NEAL,134
1998,1,2,n,PGFV,7.4
1998,1,2,n,DIME,37
1998,1,2,n,DIME,44.7
1998,1,2,n,DIME,33.9
1998,1,2,n,NEAL,140
1998,1,2,n,NEAL,142
1998,1,2,n,DIME,36.7
1998,1,2,n,NEAL,74.2
1998,1,2,n,NEAL,174
1998,1,2,n,DIME,39.4
1998,1,2,n,PEBO,18.5
1998,1,2,n,NEAL,155
1998,1,2,n,PEBO,25.3
1998,1,2,n,PELE,26.5
1998,1,2,n,NEAL,155
1998,1,2,n,PELE,19.3
1998,1,2,n,DIME,36.6
1998,1,2,n,DIME,33.6
1998,1,2,n,DIME,33.4
1998,1,3,n,DIME,46.8
1998,1,3,n,DIME,33
1998,1,3,n,PGFV,6.6
1998,1,3,n,CHIN,13.5
1998,1,3,n,CHIN,12.7
1998,1,3,n,DIME,42.5
1998,1,3,n,PGFV,5.8
1998,1,4,n,DIME,42
1998,1,4,n,DIME,47
1998,1,4,n,CHIN,17
1998,1,4,n,CHIN,16
1998,1,4,n,CHIN,14
1998,1,4,n,PEBO,19
1998,1,4,n,CHIN,15
1998,1,4,n,CHIN,15
1998,1,4,n,CHIN,16
1998,1,4,n,CHIN,17
1998,1,4,n,NEAL,140
1998,1,4,n,CHIN,17
1998,1,4,n,CHIN,14
1998,1,4,n,CHIN,14
1998,1,4,n,CHIN,15
1998,1,4,n,PELE,28
1998,1,4,n,CHIN,14
1998,1,4,n,CHIN,15
1998,1,5,n,PGFV,6
1998,1,5,n,DIME,44
1998,1,5,n,DIME,41
1998,1,5,n,DIME,39
1998,1,5,n,DIME,35
1998,1,5,n,DIME,43
1998,1,5,n,DIME,49
1998,1,5,n,NEMI,138
1998,1,5,n,PGFV,7
1998,1,5,n,DIME,49
1998,1,5,n,DIME,41
1998,1,5,n,DIME,40
1998,1,5,n,PGFV,8
1998,1,5,n,DIME,43
1998,1,5,n,DIME,47
1998,1,5,n,PGFV,6
1998,1,5,n,DIME,39
1998,1,5,n,PGFV,7
1998,1,5,n,CHIN,12
1998,1,5,n,DIME,39
1998,1,5,n,DIME,40
1998,1,5,n,CHIN,14
1998,1,5,n,PGFV,7
1998,2,1,n,CHIN,17
1998,2,1,n,NEAL,158
1998,2,1,n,ONAR,20
1998,2,1,n,CHIN,17
1998,2,1,n,PGFV,6
1998,2,1,n,CHIN,13
1998,2,1,n,NEAL,154
1998,2,1,n,NEAL,178
1998,2,1,n,ONLE,26
1998,2,1,n,CHIN,15
1998,2,1,n,PELE,31
1998,2,1,n,PELE,29
1998,2,1,n,PELE,22
1998,2,1,n,CHIN,16
1998,2,1,n,NEDO,68
1998,2,1,n,NEAL,178
1998,2,1,n,PGFV,7
1998,2,1,n,PETR,28
1998,2,2,n,PETR,23.3
1998,2,2,n,PEBO,22.7
1998,2,2,n,NEAL,85.6
1998,2,2,n,NEAL,232
1998,2,2,n,NEAL,117
1998,2,2,n,NEAL,133
1998,2,2,n,DIME,39.2
1998,2,2,n,PELE,23.6
1998,2,2,n,PEBO,15.2
1998,2,2,n,CHIN,13.6
1998,2,2,n,PELE,25.5
1998,2,2,n,PGFV,6.3
1998,2,3,n,DIME,42.9
1998,2,3,n,PELE,18.7
1998,2,3,n,NEAL,167
1998,2,3,n,NEAL,136
1998,2,3,n,PGFV,6.7
1998,2,3,n,CHIN,13.8
1998,2,3,n,PGFV,7.5
1998,2,4,n,DIME,45
1998,2,4,n,PEBO,20
1998,2,4,n,PELE,18
1998,2,4,n,NEAL,180
1998,2,4,n,CHIN,13
1998,2,4,n,PEBO,21
1998,2,4,n,PGFV,6
1998,2,4,n,PGFV,8
1998,2,5,n,ONAR,18
1998,2,5,n,PEBO,24
1998,2,5,n,PETR,18
1998,2,5,n,NEAL,108
1998,2,5,n,PGFV,8
1998,2,5,n,PELE,31
1998,2,5,n,PGFV,8
1998,2,5,n,PGFV,6
1998,2,5,n,PGFV,7
1998,2,5,n,NEDO,55
1998,3,1,n,NEDO,70
1998,3,1,n,DIME,40
1998,3,1,n,PEBO,18
1998,3,1,n,PELE,20
1998,3,1,n,CHIN,14
1998,3,1,n,DIME,NA
1998,3,1,n,PEBO,17
1998,3,1,n,SIHI,80
1998,3,2,n,PEBO,16.9
1998,3,2,n,PETR,19.3
1998,3,2,n,NEDO,52.4
1998,3,2,n,PEBO,19.2
1998,3,2,n,PELE,27.3
1998,3,2,n,NEAL,105
1998,3,2,n,PELE,27.2
1998,3,2,n,PEBO,25.1
1998,3,2,n,DIME,45.4
1998,3,2,n,NEAL,171
1998,3,3,n,DIME,40.7
1998,3,3,n,DIME,38.5
1998,3,3,n,PEER,17.4
1998,3,4,n,NEDO,NA
1998,3,4,n,NEAL,140
1998,3,4,n,PEBO,17
1998,3,5,n,DIME,39
1998,3,5,n,DIME,44
1998,3,5,n,CHIN,15
1999,1,2,n,DIOR,59
1999,1,2,n,DIOR,50
1999,1,2,n,PGFV,9
1999,1,2,n,DIOR,54
1999,1,2,n,DIOR,51
1999,1,2,n,DISP,150
1999,1,2,n,PGFV,8
1999,1,2,n,DIOR,46
1999,1,2,n,DIOR,39
1999,1,2,n,PETR,29
1999,1,2,n,XESP,119
1999,1,2,n,PGFV,9
1999,1,2,n,DIOR,52
1999,1,3,n,DISP,130
1999,1,3,n,DIOR,50
1999,1,3,n,DIOR,NA
1999,1,3,n,PGFV,10
1999,1,3,n,DIOR,53
1999,1,3,n,DIOR,45
1999,1,3,n,PETR,20
1999,1,3,n,DISP,142
1999,1,3,n,PGFV,10
1999,1,3,n,PGFV,8
1999,1,3,n,PGFV,10
1999,1,3,n,NEMI,162
1999,1,3,n,PGFV,8
1999,1,5,n,DIOR,41
1999,1,5,n,PGFV,8
1999,1,5,n,PGFV,8
1999,1,5,n,PGFV,10
1999,1,5,n,PGFV,11
1999,1,5,n,DIOR,58
1999,1,5,n,PGFV,11
1999,1,5,n,DISP,102
1999,1,5,n,PGFV,9
1999,1,5,n,DISP,112
1999,1,5,n,DIOR,46
1999,1,5,n,PGFV,8
1999,1,5,n,DIOR,52
1999,1,5,n,XESP,128
1999,1,5,n,DIOR,52
1999,1,5,n,PGFV,10
1999,2,2,n,DIOR,52
1999,2,2,n,PGFV,9
1999,2,2,n,PGFV,8
1999,2,2,n,DISP,130
1999,2,2,n,PGFV,9
1999,2,3,n,PELE,25
1999,2,5,n,XESP,92
1999,2,5,n,DIOR,26
1999,2,5,n,PGFV,8
1999,3,2,n,XESP,94
1999,3,2,n,XESP,108
1999,3,2,n,PGFV,9
1999,3,2,n,DIOR,48
1999,3,3,n,DIOR,57
1999,3,3,n,PGFV,8
1999,3,3,n,PGFV,4
1999,3,3,n,DIOR,55
1999,3,3,n,PGFV,8
1999,3,3,n,PGFV,6
1999,3,5,n,PGFV,8
1999,3,5,n,DISP,102
1999,3,5,n,NEMI,206
1999,3,5,n,DISP,94
1999,4,2,n,XESP,122
1999,1,2,n,DISP,130
1999,1,2,n,DISP,112
1999,1,2,n,DISP,142
1999,1,3,n,DISP,110
1999,1,3,n,DISP,122
1999,1,3,n,DISP,120
1999,1,3,n,XESP,69
1999,1,5,n,PGFV,8
1999,1,5,n,PGFV,8
1999,1,5,n,DISP,120
1999,1,5,n,PGFV,6
1999,1,5,n,DISP,112
1999,1,5,n,DISP,110
1999,1,5,n,DISP,NA
1999,1,5,n,PGFV,8
1999,1,5,n,DIOR,62
1999,2,2,n,NEMI,132
1999,2,2,n,DIME,55
1999,2,2,n,PGFV,8
1999,2,2,n,PGFV,8
1999,2,3,n,NEMI,190
1999,2,3,n,DISP,104
1999,2,3,n,DIOR,53
1999,2,3,n,DISP,122
1999,2,3,n,DISP,34
1999,2,5,n,XESP,58
1999,2,5,n,DISP,122
1999,2,5,n,DISP,147
1999,2,5,n,PGFV,NA
1999,2,5,n,DISP,126
1999,3,2,n,XESP,132
1999,3,3,n,XESP,100
1999,3,3,n,XESP,60
1999,3,5,n,XESP,118
1999,3,5,n,XESP,62
1999,3,5,n,DISP,48
1999,4,2,n,PGFV,8
1999,4,3,n,DIOR,56
1999,4,3,n,DIOR,58
1999,4,3,n,XESP,71
1999,1,1,n,DIME,37
1999,1,1,n,DIME,42
1999,1,1,n,DIME,42
1999,1,1,n,PGFV,7
1999,1,1,n,DIME,31
1999,1,1,n,DISP,70
1999,1,1,n,DIOR,50
1999,1,1,n,DIME,35
1999,1,1,n,PGFV,6
1999,1,1,n,DIME,40
1999,1,1,n,DIME,49
1999,1,1,n,DIME,50
1999,1,1,n,PEER,22
1999,1,1,n,DIME,36
1999,1,1,n,PETR,20
1999,1,1,n,DISP,145
1999,1,1,n,DIME,37
1999,1,1,n,DIME,42
1999,1,1,n,DIME,46
1999,1,1,n,DIME,33
1999,1,1,n,DIME,32
1999,1,3,n,PGFV,6
1999,1,3,n,PELE,24
1999,1,3,n,DIME,40
1999,1,3,n,DIME,40
1999,1,3,n,DIME,35
1999,1,3,n,DIME,40
1999,1,3,n,DIME,40
1999,1,3,n,ONAR,27
1999,1,3,n,DIME,43
1999,1,3,n,DIME,NA
1999,1,3,n,DIME,NA
1999,1,3,n,DIME,NA
1999,1,3,n,DIME,40
1999,1,3,n,DIME,41
1999,1,3,n,DIME,41
1999,1,3,n,DIME,39
1999,1,3,n,DISP,138
1999,1,5,n,DIME,44
1999,1,5,n,DIME,41
1999,1,5,n,DISP,122
1999,1,5,n,DISP,140
1999,1,5,n,DIOR,49
1999,1,5,n,DIME,40
1999,1,5,n,DISP,112
1999,1,5,n,DIME,41
1999,1,5,n,NEMI,35
1999,1,5,n,DIME,38
1999,1,5,n,DIME,45
1999,1,5,n,ONAR,22
1999,1,5,n,DIME,40
1999,2,1,n,ONAR,22
1999,2,1,n,PGFV,6
1999,2,1,n,DISP,124
1999,2,1,n,REME,8
1999,2,1,n,DISP,152
1999,2,1,n,PGFV,6
1999,2,3,n,DIME,38
1999,2,3,n,DISP,118
1999,2,3,n,PGFV,7
1999,2,3,n,DIME,35
1999,2,5,n,PEBO,21
1999,2,5,n,DISP,128
1999,2,5,n,ONAR,24
1999,2,5,n,PGFV,8
1999,2,5,n,DISP,124
1999,2,5,n,PGFV,8
1999,2,5,n,PGFV,7
1999,2,5,n,NEMI,96
1999,2,5,n,PGFV,6
1999,3,1,n,PGFV,6
1999,3,1,n,PGFV,5
1999,3,3,n,ONAR,24
1999,3,3,n,XESP,104
1999,3,3,n,NEAL,92
1999,3,3,n,PGFV,7
1999,3,5,n,XESP,98
1999,3,5,n,DIME,42
1999,3,5,n,PGFV,7
1999,3,5,n,NEAL,98
1999,3,5,n,DIME,39
1999,3,5,n,ONAR,19
1999,4,1,n,PGFV,7
1999,4,1,n,PGFV,9
1999,4,1,n,DISP,89
1999,4,1,n,DIME,49
1999,4,3,n,NEAL,166
1999,4,3,n,DISP,122
1999,4,3,n,DISP,88
1999,4,5,n,XESP,96
1999,4,5,n,PETR,18
1999,4,5,n,XESP,112
1999,4,5,n,PGFV,6
1999,4,5,n,NEAL,172
1999,4,5,n,PGFV,NA
1999,4,5,n,PGFV,7
1999,1,1,n,DIME,39
1999,1,1,n,DIME,42
1999,1,1,n,DIME,46
1999,1,1,n,DIOR,46
1999,1,1,n,DIME,41
1999,1,1,n,DIME,50
1999,1,1,n,DIME,44
1999,1,1,n,DIME,43
1999,1,1,n,DIME,132
1999,1,1,n,DIME,50
1999,1,1,n,DIME,38
1999,1,1,n,DISP,150
1999,1,3,n,DIME,48
1999,1,3,n,DIME,52
1999,1,3,n,DISP,132
1999,1,3,n,ONAR,27
1999,1,3,n,DIME,36
1999,1,3,n,DIME,45
1999,1,3,n,DIME,41
1999,1,3,n,XESP,60
1999,1,3,n,DIME,47
1999,1,3,n,DISP,130
1999,1,3,n,DIME,42
1999,1,3,n,DIME,42
1999,1,3,n,DIME,44
1999,1,3,n,DIME,50
1999,1,3,n,PGFV,8
1999,1,3,n,DIME,45
1999,1,3,n,DISP,132
1999,1,5,n,DIME,49
1999,1,5,n,DIME,39
1999,1,5,n,DISP,121
1999,1,5,n,DISP,142
1999,1,5,n,DISP,NA
1999,1,5,n,PGFV,7
1999,1,5,n,DIME,44
1999,1,5,n,DIME,49
1999,1,5,n,DISP,131
1999,1,5,n,DIME,47
1999,2,1,n,XESP,72
1999,2,1,n,DIME,25
1999,2,1,n,DIME,26
1999,2,1,n,NEAL,79
1999,2,1,n,PGFV,7
1999,2,3,n,ONAR,18
1999,2,3,n,NEMI,192
1999,2,3,n,DIME,31
1999,2,5,n,XESP,65
1999,2,5,n,PGFV,7
1999,2,5,n,DISP,111
1999,2,5,n,DIME,40
1999,3,1,n,NEAL,152
1999,3,1,n,NEAL,158
1999,3,1,n,PGFV,8
1999,3,1,n,DIME,40
1999,3,1,n,PEER,31
1999,3,3,n,DISP,120
1999,3,3,n,DISP,138
1999,3,3,n,XESP,78
1999,3,5,n,DISP,NA
1999,3,5,n,DISP,138
1999,3,5,n,NEMI,190
1999,3,5,n,DISP,134
1999,4,1,n,NEAL,71
1999,4,1,n,DIOR,56
1999,4,1,n,DIME,26
1999,4,3,n,NEMI,188
1999,4,3,n,DIME,49
1999,4,3,n,DIME,20
1999,4,5,n,DIME,41
1999,1,1,n,PEBO,27
1999,1,1,n,PETR,30
1999,1,1,n,PETR,27
1999,1,1,n,PETR,20
1999,1,1,n,PETR,22
1999,1,3,n,PETR,24
1999,1,3,n,PENA,24
1999,1,3,n,NEAL,208
1999,1,3,n,PENA,21
1999,1,3,n,PETR,25
1999,1,3,n,NEAL,114
1999,1,3,n,PETR,19
1999,1,3,n,PENA,24
1999,1,3,n,NEAL,96
1999,1,3,n,PEBO,25
1999,1,3,n,NEAL,158
1999,1,5,n,PETR,NA
1999,1,5,n,DIOR,49
1999,1,5,n,PETR,21
1999,2,1,n,PEBO,25
1999,2,1,n,PEBO,28
1999,2,1,n,PELE,23
1999,2,1,n,PEBO,18
1999,2,1,n,PETR,18
1999,2,1,n,PETR,21
1999,2,3,n,PEBO,17
1999,2,3,n,PETR,20
1999,2,3,n,PENA,18
1999,2,3,n,PEBO,37
1999,2,3,n,PETR,24
1999,2,5,n,PEBO,21
1999,2,5,n,PENA,20
1999,2,5,n,PGFV,6
1999,2,5,n,PENA,17
1999,2,5,n,NEQU,36
1999,2,5,n,PENA,19
1999,3,1,n,PETR,25
1999,3,1,n,PETR,21
1999,3,1,n,PETR,24
1999,3,1,n,PETR,23
1999,3,1,n,PEBO,20
1999,3,1,n,PGFV,9
1999,3,1,n,PENA,27
1999,3,1,n,PETR,25
1999,3,3,n,PGFV,7
1999,3,3,n,OTVA,NA
1999,3,3,n,PGFV,9
1999,3,3,n,PETR,21
1999,3,3,n,OTVA,NA
1999,3,3,n,PETR,24
1999,3,3,n,PETR,21
1999,3,5,n,PEBO,21
1999,3,5,n,NEQU,38
1999,3,5,n,PETR,27
1999,3,5,n,PENA,18
1999,3,5,n,PETR,26
1999,4,1,n,PENA,21
1999,4,1,n,PETR,24
1999,4,3,n,PETR,21
1999,4,3,n,PEBO,21
1999,4,3,n,PETR,24
1999,4,3,n,PEBO,15
1999,4,5,n,PETR,22
1999,4,5,n,PETR,21
1999,4,5,n,PETR,22
1999,1,1,n,NEAL,122
1999,1,1,n,PEBO,16
1999,1,3,n,PETR,27
1999,1,3,n,NEAL,142
1999,1,3,n,PELE,28
1999,1,5,n,PETR,16
1999,2,1,n,PEBO,16
1999,2,1,n,PETR,34
1999,2,3,n,PEBO,13
1999,2,3,n,PGFV,6
1999,2,3,n,PGFV,8
1999,2,3,n,PELE,11
1999,2,5,n,NEAL,148
1999,2,5,n,PETR,27
1999,2,5,n,PEBO,18
1999,3,1,n,PETR,29
1999,3,1,n,PETR,26
1999,3,1,n,PETR,26
1999,3,3,n,PETR,27
1999,3,5,n,PEBO,23
1999,3,5,n,PETR,30
1999,3,5,n,PEBO,26
1999,4,1,n,PEBO,28
1999,4,1,n,PEBO,33
1999,4,3,n,PETR,28
1999,4,5,n,NEAL,74
1999,1,2,n,DIME,41
1999,1,2,n,NEAL,148
1999,1,2,n,NEAL,NA
1999,1,2,n,DIME,43
1999,1,2,n,PETR,30
1999,1,2,n,DISP,132
1999,1,2,n,DIME,39
1999,1,2,n,DISP,85
1999,1,2,n,PETR,31
1999,1,2,n,DIME,39
1999,1,2,n,DISP,69
1999,1,2,n,DISP,148
1999,1,2,n,DIME,39
1999,1,2,n,PETR,28
1999,1,2,n,ONAR,24
1999,1,2,n,DIME,38
1999,1,2,n,DIME,42
1999,1,2,n,ONAR,25
1999,1,2,n,ONAR,22
1999,1,2,n,DIME,39
1999,1,2,n,DIME,38
1999,1,2,n,PELE,30
1999,1,2,n,ONLE,48
1999,1,2,n,NEAL,148
1999,1,2,n,DIME,44
1999,1,2,n,DIME,43
1999,1,2,n,ONLE,29
1999,1,2,n,DISP,146
1999,1,4,n,NEAL,138
1999,1,4,n,DIME,38
1999,1,4,n,DIME,47
1999,1,4,n,DIME,42
1999,1,4,n,PGFV,7
1999,1,4,n,DIME,50
1999,1,4,n,DIOR,48
1999,1,4,n,DIME,NA
1999,1,4,n,DIME,45
1999,1,4,n,DIME,43
1999,1,4,n,DIME,40
1999,1,4,n,DIME,45
1999,1,4,n,ONAR,23
1999,1,4,n,DIME,50
1999,1,4,n,DIME,38
1999,1,4,n,DIME,45
1999,1,5,n,DIME,50
1999,1,5,n,DIME,51
1999,1,5,n,DIME,39
1999,1,5,n,DIME,46
1999,1,5,n,PGFV,6
1999,1,5,n,PGFV,8
1999,1,5,n,DIME,38
1999,1,5,n,DIME,44
1999,1,5,n,ONLE,42
1999,1,5,n,DIME,38
1999,1,5,n,DIME,47
1999,1,5,n,DIME,46
1999,1,5,n,DIME,45
1999,1,5,n,DIME,47
1999,1,5,n,DIME,35
1999,1,5,n,PELE,28
1999,1,5,n,DIME,36
1999,1,5,n,ONAR,23
1999,1,5,n,DIME,46
1999,1,5,n,DIME,42
1999,1,5,n,ONLE,28
1999,2,2,n,PGFV,8
1999,2,2,n,ONLE,26
1999,2,2,n,DIME,43
1999,2,2,n,PGFV,7
1999,2,2,n,DISP,78
1999,2,2,n,DIME,47
1999,2,2,n,DIME,45
1999,2,2,n,PETR,18
1999,2,2,n,PETR,29
1999,2,2,n,DIME,44
1999,2,2,n,DIME,39
1999,2,2,n,DIME,46
1999,2,2,n,DIME,54
1999,2,2,n,DIME,47
1999,2,2,n,DIME,40
1999,2,4,n,DIME,45
1999,2,4,n,DIME,43
1999,2,4,n,PGFV,7
1999,2,4,n,DIME,49
1999,2,4,n,DIME,45
1999,2,4,n,DIME,39
1999,2,4,n,DIME,43
1999,2,4,n,DIME,39
1999,2,4,n,DIME,50
1999,2,5,n,DIME,46
1999,2,5,n,DIME,37
1999,2,5,n,DIME,49
1999,2,5,n,DIOR,54
1999,2,5,n,DIME,35
1999,2,5,n,DIME,40
1999,2,5,n,DIME,42
1999,2,5,n,PELE,25
1999,2,5,n,DIME,44
1999,2,5,n,DIME,42
1999,3,2,n,DIME,44
1999,3,2,n,DIME,39
1999,3,2,n,PELE,29
1999,3,2,n,ONLE,20
1999,3,2,n,PETR,25
1999,3,2,n,PELE,24
1999,3,2,n,DISP,150
1999,3,2,n,DISP,152
1999,3,2,n,NEAL,188
1999,3,2,n,ONAR,25
1999,3,4,n,DIME,47
1999,3,4,n,DIME,39
1999,3,4,n,DIME,45
1999,3,4,n,DIME,36
1999,3,4,n,DIME,47
1999,3,5,n,ONAR,24
1999,3,5,n,PGFV,8
1999,3,5,n,PGFV,8
1999,3,5,n,DIME,50
1999,3,5,n,DIME,52
1999,1,2,n,DISP,122
1999,1,2,n,ONAR,25
1999,1,2,n,DIME,38
1999,1,2,n,DISP,131
1999,1,2,n,DIME,49
1999,1,2,n,PETR,24
1999,1,2,n,DIME,42
1999,1,2,n,DIME,37
1999,1,2,n,DIME,50
1999,1,2,n,DIME,50
1999,1,2,n,DIME,46
1999,1,2,n,DIME,42
1999,1,2,n,DIME,44
1999,1,2,n,DIME,54
1999,1,2,n,DIME,44
1999,1,2,n,PGFV,7
1999,1,2,n,PGFV,7
1999,1,2,n,DIME,42
1999,1,4,n,DIME,45
1999,1,4,n,DIME,49
1999,1,4,n,DIME,39
1999,1,4,n,DIME,49
1999,1,4,n,DIME,47
1999,1,4,n,DIME,50
1999,1,4,n,DIME,46
1999,1,4,n,DIME,40
1999,1,4,n,DIME,44
1999,1,4,n,DIME,46
1999,1,4,n,DIME,45
1999,1,4,n,DIME,45
1999,1,4,n,PGFV,7
1999,1,4,n,DIME,51
1999,1,4,n,DIME,35
1999,1,4,n,DIME,41
1999,1,5,n,DIME,44
1999,1,5,n,DIME,49
1999,1,5,n,ONAR,15
1999,1,5,n,DIME,46
1999,1,5,n,PELE,31
1999,1,5,n,PGFV,7
1999,1,5,n,DIME,39
1999,1,5,n,DIME,44
1999,1,5,n,PELE,33
1999,1,5,n,DIME,51
1999,1,5,n,DIME,44
1999,1,5,n,DIME,45
1999,1,5,n,DIME,52
1999,1,5,n,DIME,45
1999,2,2,n,ONAR,27
1999,2,2,n,DIME,48
1999,2,2,n,DIME,38
1999,2,2,n,DIME,54
1999,2,2,n,NEAL,138
1999,2,2,n,PGFL,10
1999,2,2,n,PGFV,8
1999,2,4,n,DIME,49
1999,2,4,n,DIME,42
1999,2,5,n,PELE,19
1999,2,5,n,ONAR,19
1999,2,5,n,DIME,41
1999,2,5,n,PGFV,6
1999,3,2,n,DIME,49
1999,3,2,n,DIME,48
1999,3,2,n,DIME,40
1999,3,2,n,PETR,25
1999,3,4,n,DIME,45
1999,3,4,n,NEMI,86
1999,3,4,n,XESP,82
1999,3,4,n,DIME,46
1999,3,4,n,ONLE,19
1999,3,4,n,PELE,20
1999,3,4,n,PELE,27
1999,3,5,n,DIME,50
1999,3,5,n,DIME,40
1999,1,1,n,NEAL,168
1999,1,1,n,PEBO,25
1999,1,1,n,PETR,26
1999,1,1,n,PELE,29
1999,1,1,n,PEBO,26
1999,1,1,n,PETR,24
1999,1,1,n,PETR,29
1999,1,1,n,PETR,25
1999,1,1,n,PETR,20
1999,1,1,n,PETR,23
1999,1,1,n,CHIN,17
1999,1,1,n,PGFV,8
1999,1,1,n,NEAL,111
1999,1,2,n,NEAL,110
1999,1,2,n,PETR,27
1999,1,2,n,PGFV,7
1999,1,2,n,PETR,23
1999,1,2,n,PETR,25
1999,1,2,n,PETR,25
1999,1,2,n,PETR,24
1999,1,2,n,PETR,21
1999,1,2,n,PETR,21
1999,1,2,n,PETR,32
1999,1,2,n,PETR,20
1999,1,2,n,PETR,30
1999,1,2,n,PGFV,9
1999,1,2,n,PEBO,20
1999,1,2,n,PGFV,8
1999,1,2,n,NEAL,130
1999,1,2,n,PETR,20
1999,1,2,n,NEAL,150
1999,1,2,n,PGFV,7
1999,1,2,n,PETR,25
1999,1,2,n,PGFV,7
1999,1,2,n,PETR,21
1999,1,2,n,PGFV,8
1999,1,2,n,PGFV,8
1999,1,2,n,PGFV,7
1999,1,2,n,PETR,27
1999,1,2,n,PETR,18
1999,1,2,n,PENA,17
1999,1,2,n,PETR,24
1999,1,3,n,PETR,26
1999,1,3,n,PEBO,21
1999,1,3,n,PELE,23
1999,1,3,n,PETR,21
1999,1,3,n,PGFV,9
1999,1,3,n,PELE,17
1999,1,3,n,PETR,24
1999,1,3,n,PEBO,221
1999,1,3,n,PETR,26
1999,1,3,n,PELE,22
1999,1,3,n,NEAL,88
1999,1,3,n,PETR,23
1999,1,3,n,PENA,21
1999,1,3,n,NEAL,204
1999,1,3,n,PEBO,22
1999,1,3,n,PGFV,10
1999,1,3,n,PETR,23
1999,1,3,n,PETR,21
1999,1,3,n,NEAL,104
1999,1,3,n,PETR,29
1999,2,1,n,PETR,21
1999,2,1,n,NEAL,100
1999,2,1,n,PETR,22
1999,2,1,n,NEAL,140
1999,2,1,n,PETR,16
1999,2,1,n,PEBO,24
1999,2,2,n,PGFV,6
1999,2,2,n,PGFV,11
1999,2,2,n,PETR,27
1999,2,2,n,PETR,21
1999,2,2,n,PGFV,6
1999,2,2,n,PGFV,7
1999,2,2,n,PGFV,6
1999,2,2,n,PELE,27
1999,2,2,n,NEAL,170
1999,2,2,n,PELE,15
1999,2,2,n,PGFV,7
1999,2,2,n,PELE,17
1999,2,2,n,DIOR,49
1999,2,2,n,PEBO,18
1999,2,3,n,PELE,21
1999,2,3,n,AMIN,NA
1999,2,3,n,AMIN,45
1999,2,3,n,PGFV,7
1999,2,3,n,NEAL,162
1999,2,3,n,PETR,20
1999,2,3,n,NEAL,135
1999,2,3,n,PEBO,22
1999,2,3,n,PETR,27
1999,2,3,n,PGFV,8
1999,2,3,n,PGFV,8
1999,2,3,n,NEAL,170
1999,2,3,n,PEBO,25
1999,2,3,n,PGFV,8
1999,3,1,n,NEAL,170
1999,3,1,n,PGFV,9
1999,3,1,n,PELE,23
1999,3,1,n,ONAR,22
1999,3,1,n,CHIN,14
1999,3,2,n,PETR,23
1999,3,2,n,ONAR,25
1999,3,2,n,PGFV,9
1999,3,2,n,PETR,24
1999,3,3,n,PGFV,8
1999,3,3,n,NEAL,118
1999,3,3,n,PETR,19
1999,4,1,n,PETR,19
1999,4,1,n,PGFV,7
1999,4,1,n,AMIN,50
1999,4,1,n,PGFV,9
1999,4,1,n,PETR,22
1999,4,1,n,PETR,20
1999,4,1,n,CHIN,NA
1999,4,1,n,AMIN,124
1999,4,2,n,PGFV,NA
1999,4,2,n,NEAL,132
1999,4,2,n,PGFV,8
1999,4,2,n,PETR,25
1999,4,2,n,DIOR,50
1999,4,2,n,PGFV,7
1999,4,2,n,PETR,20
1999,4,2,n,NEAL,NA
1999,4,2,n,PELE,14
1999,4,3,n,PGFV,NA
1999,4,3,n,PGFV,8
1999,4,3,n,PGFV,8
1999,1,1,n,PGFV,8
1999,1,1,n,PEBO,22
1999,1,1,n,NEAL,142
1999,1,1,n,PETR,20
1999,1,1,n,NEAL,164
1999,1,1,n,NEAL,168
1999,1,1,n,PGFV,9
1999,1,1,n,AMIN,108
1999,1,1,n,PELE,29
1999,1,1,n,PETR,23
1999,1,1,n,NEAL,212
1999,1,1,n,NEAL,170
1999,1,1,n,PEBO,21
1999,1,1,n,PEBO,24
1999,1,1,n,PGFV,7
1999,1,1,n,NEAL,183
1999,1,1,n,PETR,26
1999,1,1,n,PETR,24
1999,1,1,n,CHIN,13
1999,1,2,n,PETR,29
1999,1,2,n,NEAL,154
1999,1,2,n,PETR,28
1999,1,2,n,PETR,28
1999,1,2,n,NEAL,111
1999,1,2,n,PELE,18
1999,1,2,n,PETR,24
1999,1,2,n,ONAR,20
1999,1,2,n,PETR,26
1999,1,2,n,PGFV,8
1999,1,2,n,NEAL,154
1999,1,2,n,PETR,28
1999,1,2,n,PELE,22
1999,1,3,n,PGFV,8
1999,1,3,n,PETR,23
1999,1,3,n,PETR,24
1999,1,3,n,NEAL,142
1999,1,3,n,PGFV,9
1999,1,3,n,PETR,21
1999,1,3,n,NEAL,204
1999,1,3,n,NEAL,184
1999,1,3,n,NEAL,158
1999,1,3,n,PELE,24
1999,1,3,n,NEAL,200
1999,1,3,n,PGFV,7
1999,1,3,n,NEAL,174
1999,1,3,n,PGFV,8
1999,1,3,n,PETR,23
1999,1,3,n,PGFV,9
1999,1,3,n,PGFV,7
1999,1,3,n,PETR,24
1999,2,1,n,PELE,27
1999,2,1,n,NEAL,162
1999,2,1,n,CHIN,42
1999,2,1,n,PETR,22
1999,2,2,n,PETR,23
1999,2,2,n,PGFV,8
1999,2,2,n,PETR,24
1999,2,2,n,NEMI,168
1999,2,2,n,NEAL,148
1999,2,2,n,PETR,20
1999,2,2,n,PGFV,6
1999,2,2,n,PGFV,8
1999,2,2,n,PEBO,20
1999,2,2,n,PEBO,NA
1999,2,2,n,PGFV,8
1999,2,2,n,PELE,28
1999,2,3,n,PGFV,7
1999,2,3,n,PETR,29
1999,2,3,n,PGFV,8
1999,2,3,n,AMIN,94
1999,2,3,n,PETR,24
1999,2,3,n,NEAL,132
1999,2,3,n,PGFV,7
1999,2,3,n,NEAL,154
1999,2,3,n,NEAL,142
1999,2,3,n,PETR,27
1999,2,3,n,PETR,27
1999,3,1,n,NEMI,198
1999,3,1,n,DIME,43
1999,3,1,n,PELE,13
1999,3,1,n,NEAL,222
1999,3,1,n,NEAL,188
1999,3,2,n,DIME,43
1999,3,2,n,PGFV,8
1999,3,2,n,DIME,37
1999,3,2,n,PGFV,8
1999,3,2,n,PEBO,18
1999,3,3,n,PGFV,7
1999,3,3,n,PELE,28
1999,4,1,n,DIME,21
1999,4,1,n,PELE,29
1999,4,1,n,NEAL,202
1999,4,1,n,AMIN,104
1999,4,2,n,PGFV,7
1999,4,3,n,PELE,20
1999,4,3,n,PEBO,22
2000,1,2,n,DIOR,50
2000,1,2,n,DISP,129
2000,1,2,n,DISP,104
2000,1,3,n,DISP,146
2000,1,3,n,DIOR,48
2000,1,3,n,DIOR,44
2000,1,3,n,DISP,148
2000,1,3,n,DIOR,43
2000,1,3,n,PGFV,6
2000,1,3,n,DISP,98
2000,1,3,n,PGFV,5
2000,1,5,n,DIOR,46
2000,1,5,n,DISP,110
2000,1,5,n,DIOR,32
2000,1,5,n,DISP,90
2000,1,5,n,DISP,88
2000,1,5,n,DIOR,36
2000,1,5,n,DIOR,52
2000,2,2,n,DISP,109
2000,2,3,n,DIOR,38
2000,2,3,n,DIOR,40
2000,2,5,n,PGFV,7
2000,2,5,n,PGFV,10
2000,2,5,n,DIOR,49
2000,2,5,n,PGFV,7
2000,3,2,n,DISP,79
2000,3,2,n,NEAL,151
2000,3,2,n,ONAR,24
2000,3,2,n,XESP,148
2000,3,3,n,DISP,130
2000,3,5,n,NEAL,141
2000,4,2,n,PGFV,9
2000,4,2,n,ONAR,26
2000,4,3,n,DIOR,38
2000,4,3,n,PGFV,8
2000,4,3,n,PGFV,7
2000,4,5,n,XESP,110
2000,4,5,n,XESP,78
2000,4,5,n,XESP,122
2000,1,2,n,DISP,128
2000,1,2,n,DIOR,43
2000,1,2,n,PGFV,8
2000,1,2,n,DISP,132
2000,1,2,n,DISP,127
2000,1,3,n,DIOR,48
2000,1,3,n,XESP,94
2000,1,3,n,DISP,130
2000,1,3,n,DISP,NA
2000,1,3,n,XESP,54
2000,1,3,n,DISP,124
2000,1,3,n,DIOR,48
2000,1,5,n,ONAR,22
2000,1,5,n,DISP,104
2000,1,5,n,PGFV,7
2000,1,5,n,DIOR,45
2000,1,5,n,PGFV,6
2000,1,5,n,DISP,132
2000,1,5,n,PGFV,6
2000,1,5,n,DIOR,55
2000,1,5,n,DISP,128
2000,2,2,n,DISP,104
2000,2,2,n,DISP,128
2000,2,2,n,PGFV,7
2000,2,2,n,ONAR,15
2000,2,3,n,DISP,122
2000,2,3,n,DISP,110
2000,2,3,n,PGFV,6
2000,2,3,n,DISP,105
2000,2,3,n,DISP,132
2000,2,5,n,NEMI,174
2000,2,5,n,DISP,124
2000,3,2,n,DISP,110
2000,3,2,n,PGFV,7
2000,3,3,n,PGFV,8
2000,3,3,n,PGFV,6
2000,3,3,n,DIOR,59
2000,3,3,n,XESP,39
2000,3,3,n,PGFV,7
2000,3,3,n,XESP,45
2000,3,5,n,ONAR,17
2000,3,5,n,DISP,142
2000,3,5,n,ONAR,11
2000,3,5,n,DISP,89
2000,4,5,n,PGFV,7
2000,4,5,n,DISP,143
2000,1,1,n,DIME,41
2000,1,1,n,PGFV,6
2000,1,1,n,DIME,40
2000,1,1,n,DIME,46
2000,1,1,n,DIME,44
2000,1,1,n,DIME,39
2000,1,1,n,DIOR,45
2000,1,1,n,DIME,46
2000,1,1,n,DIME,42
2000,1,1,n,DISP,140
2000,1,1,n,DIME,37
2000,1,1,n,DIME,46
2000,1,1,n,DIME,41
2000,1,1,n,DISP,152
2000,1,1,n,DIME,52
2000,1,1,n,DIME,48
2000,1,1,n,REME,20
2000,1,1,n,DIME,39
2000,1,1,n,DIME,49
2000,1,1,n,DIME,43
2000,1,1,n,DIME,41
2000,1,3,n,DIME,43
2000,1,3,n,DIME,39
2000,1,3,n,DIME,43
2000,1,3,n,DIME,43
2000,1,3,n,ONAR,20
2000,1,3,n,DIME,38
2000,1,3,n,DIME,41
2000,1,3,n,DIME,47
2000,1,3,n,DIME,22
2000,1,3,n,DISP,150
2000,1,3,n,DIME,41
2000,1,3,n,DIME,NA
2000,1,3,n,DIME,45
2000,1,3,n,DIME,41
2000,1,3,n,PGFV,6
2000,1,3,n,DIME,45
2000,1,3,n,DIME,44
2000,1,3,n,DISP,146
2000,1,3,n,DIME,44
2000,1,5,n,DIME,33
2000,1,5,n,DIME,46
2000,1,5,n,DISP,128
2000,1,5,n,DISP,98
2000,1,5,n,DISP,136
2000,1,5,n,DISP,110
2000,1,5,n,DIME,44
2000,1,5,n,ONAR,20
2000,1,5,n,DISP,104
2000,1,5,n,DIME,40
2000,1,5,n,DIME,45
2000,1,5,n,DIME,45
2000,1,5,n,DIME,44
2000,1,5,n,DIME,45
2000,1,5,n,NEMI,46
2000,1,5,n,PGFV,7
2000,1,5,n,DIME,39
2000,1,5,n,DISP,146
2000,1,5,n,PGFV,7
2000,1,5,n,DIME,47
2000,2,1,n,DIME,45
2000,2,1,n,XESP,100
2000,2,1,n,PGFV,8
2000,2,1,n,PGFV,8
2000,2,1,n,PGFV,8
2000,2,1,n,DIME,45
2000,2,1,n,DIME,58
2000,2,1,n,PGFV,8
2000,2,1,n,DIME,29
2000,2,3,n,DIME,36
2000,2,3,n,XESP,112
2000,2,3,n,XESP,100
2000,2,3,n,DIME,40
2000,2,3,n,ONAR,23
2000,2,3,n,ONAR,23
2000,2,3,n,DIME,19
2000,2,3,n,PGFV,8
2000,2,5,n,DIME,43
2000,2,5,n,PGFV,8
2000,2,5,n,PGFV,8
2000,2,5,n,PGFV,9
2000,2,5,n,DIME,28
2000,2,5,n,DIME,NA
2000,2,5,n,DIME,42
2000,2,5,n,NEMI,180
2000,2,5,n,PGFV,8
2000,2,5,n,DIME,58
2000,2,5,n,DIME,NA
2000,3,3,n,NEMI,91
2000,3,3,n,DIME,44
2000,3,3,n,PGFV,10
2000,3,3,n,NEMI,169
2000,3,3,n,PGFV,8
2000,3,3,n,PGFV,7
2000,3,3,n,NEAL,168
2000,3,3,n,DIME,42
2000,3,3,n,PGFV,6
2000,3,3,n,DISP,94
2000,3,5,n,DIME,41
2000,3,5,n,XESP,130
2000,3,5,n,DISP,140
2000,3,5,n,DIME,38
2000,3,5,n,DIME,42
2000,3,5,n,NEMI,211
2000,4,1,n,DIME,42
2000,4,5,n,DIME,33
2000,4,5,n,DISP,138
2000,4,5,n,XESP,112
2000,4,5,n,DIME,40
2000,1,1,n,DIME,46
2000,1,1,n,DIME,46
2000,1,1,n,DIME,39
2000,1,1,n,DIME,44
2000,1,1,n,PEER,16
2000,1,1,n,DIME,43
2000,1,1,n,DIME,42
2000,1,1,n,DIOR,47
2000,1,1,n,DIME,47
2000,1,1,n,DIME,42
2000,1,1,n,PGFV,6
2000,1,1,n,DIME,40
2000,1,1,n,DIME,45
2000,1,1,n,DIME,41
2000,1,1,n,PGFV,7
2000,1,1,n,DIME,43
2000,1,1,n,DIME,39
2000,1,1,n,DISP,134
2000,1,3,n,DISP,137
2000,1,3,n,DIME,38
2000,1,3,n,DIME,41
2000,1,3,n,DIME,41
2000,1,3,n,DIME,42
2000,1,3,n,PELE,21
2000,1,3,n,DIME,32
2000,1,3,n,DIME,39
2000,1,3,n,ONAR,13
2000,1,3,n,DIME,41
2000,1,3,n,DIME,43
2000,1,3,n,DISP,146
2000,1,3,n,DIME,50
2000,1,3,n,DIME,41
2000,1,3,n,DIME,40
2000,1,3,n,DIME,42
2000,1,3,n,DIME,42
2000,1,3,n,DIME,42
2000,1,3,n,DIME,44
2000,1,5,n,DIME,39
2000,1,5,n,DIME,42
2000,1,5,n,DIME,43
2000,1,5,n,DISP,41
2000,1,5,n,DISP,138
2000,1,5,n,DISP,124
2000,1,5,n,DIME,40
2000,1,5,n,DISP,124
2000,1,5,n,ONAR,16
2000,1,5,n,DIME,42
2000,1,5,n,PGFV,6
2000,1,5,n,DIME,43
2000,1,5,n,XESP,92
2000,1,5,n,DIME,41
2000,1,5,n,DIME,39
2000,1,5,n,DIOR,52
2000,1,5,n,DIME,42
2000,2,1,n,PEER,18
2000,2,1,n,DIME,40
2000,2,1,n,PGFV,6
2000,2,3,n,DIME,36
2000,2,3,n,DIME,40
2000,2,3,n,DISP,44
2000,2,3,n,NEMI,124
2000,2,3,n,DIME,42
2000,2,3,n,DIME,41
2000,2,3,n,PEER,19
2000,2,3,n,PGFV,NA
2000,2,5,n,ONAR,20
2000,2,5,n,PGFV,7
2000,2,5,n,DIME,36
2000,2,5,n,ONAR,12
2000,2,5,n,DIME,42
2000,2,5,n,DISP,122
2000,2,5,n,DIME,42
2000,2,5,n,DIME,41
2000,3,1,n,PEER,17
2000,3,1,n,DIME,43
2000,3,1,n,DIME,44
2000,3,1,n,DIME,36
2000,3,1,n,DIME,45
2000,3,3,n,DISP,132
2000,3,3,n,DIME,40
2000,3,3,n,PGFV,7
2000,3,3,n,DISP,128
2000,3,3,n,PGFV,6
2000,3,3,n,ONAR,16
2000,3,3,n,DIME,37
2000,3,3,n,PGFV,6
2000,3,3,n,DIME,40
2000,3,3,n,DIME,44
2000,3,3,n,DIME,40
2000,3,3,n,NEMI,154
2000,3,5,n,DIME,41
2000,3,5,n,DIME,43
2000,3,5,n,DIME,40
2000,3,5,n,PGFV,7
2000,3,5,n,DIOR,49
2000,3,5,n,DISP,NA
2000,3,5,n,DIME,42
2000,4,1,n,DIME,50
2000,4,1,n,DIME,43
2000,4,3,n,DIME,42
2000,4,3,n,DIME,39
2000,4,3,n,DISP,102
2000,4,3,n,PGFV,7
2000,4,3,n,DISP,134
2000,4,5,n,DIME,42
2000,4,5,n,DIME,37
2000,4,5,n,DIME,42
2000,4,5,n,DIME,45
2000,4,5,n,DISP,139
2000,1,1,n,PEBO,22
2000,1,1,n,PENA,23
2000,1,1,n,PEBO,23
2000,1,3,n,PETR,18
2000,1,3,n,PETR,23
2000,1,3,n,PGFV,9
2000,1,3,n,PENA,16
2000,1,5,n,DIOR,54
2000,1,5,n,PETR,25
2000,1,5,n,PEBO,24
2000,1,5,n,PGFV,7
2000,1,5,n,PETR,21
2000,2,1,n,PGFV,9
2000,2,1,n,PEBO,24
2000,2,1,n,PEBO,29
2000,2,1,n,PETR,16
2000,2,3,n,PEBO,27
2000,2,5,n,PETR,25
2000,2,5,n,PEBO,11
2000,2,5,n,DIOR,34
2000,2,5,n,PETR,23
2000,2,5,n,PETR,30
2000,2,5,n,PGFV,8
2000,2,5,n,PGFV,6
2000,2,5,n,PGFV,7
2000,3,1,n,PETR,30
2000,3,3,n,PGFV,7
2000,3,3,n,PETR,20
2000,3,5,n,PETR,12
2000,3,5,n,PETR,29
2000,3,5,n,PEBO,22
2000,4,1,n,PETR,22
2000,4,1,n,PETR,22
2000,4,3,n,PETR,27
2000,4,3,n,PETR,16
2000,4,5,n,PETR,26
2000,4,5,n,PETR,26
2000,4,5,n,PGFV,7
2000,4,5,n,PEBO,12
2000,4,5,n,PETR,25
2000,4,5,n,PEBO,22
2000,4,5,n,PETR,28
2000,1,1,n,PETR,26
2000,1,1,n,CHIN,15
2000,1,3,n,PEBO,22
2000,1,3,n,NEAL,151
2000,1,3,n,PETR,18
2000,1,5,n,NEAL,118
2000,1,5,n,PETR,27
2000,2,1,n,PEBO,28
2000,2,1,n,PGFV,7
2000,2,3,n,PGFV,8
2000,2,5,n,PGFV,7
2000,2,5,n,PEBO,21
2000,3,1,n,PETR,27
2000,3,1,n,PETR,27
2000,3,1,n,PEBO,19
2000,3,1,n,PETR,15
2000,3,3,n,PETR,24
2000,3,3,n,PGFV,6
2000,4,1,n,PETR,28
2000,4,3,n,PETR,12
2000,4,5,n,PEBO,22
2000,4,5,n,PGFV,7
2000,4,5,n,CHIN,13
2000,1,2,n,DIME,43
2000,1,2,n,PETR,27
2000,1,2,n,PGFV,9
2000,1,2,n,DIME,50
2000,1,2,n,PETR,29
2000,1,2,n,DIME,41
2000,1,2,n,DIME,49
2000,1,2,n,DIOR,42
2000,1,2,n,DIME,39
2000,1,2,n,DIME,46
2000,1,2,n,DISP,90
2000,1,2,n,NEAL,152
2000,1,2,n,DIME,51
2000,1,2,n,DISP,132
2000,1,2,n,DIOR,41
2000,1,2,n,DIOR,39
2000,1,2,n,PETR,29
2000,1,2,n,PETR,27
2000,1,2,n,DIME,45
2000,1,2,n,DIME,48
2000,1,2,n,PETR,24
2000,1,2,n,ONLE,40
2000,1,2,n,DIME,36
2000,1,2,n,DIME,42
2000,1,2,n,DIME,40
2000,1,2,n,DIOR,42
2000,1,2,n,DIME,42
2000,1,2,n,DISP,110
2000,1,4,n,DIME,36
2000,1,4,n,NEAL,160
2000,1,4,n,DIOR,50
2000,1,4,n,DIOR,44
2000,1,4,n,DIME,54
2000,1,4,n,DIME,55
2000,1,4,n,DIOR,50
2000,1,4,n,DIME,52
2000,1,4,n,DIME,49
2000,1,4,n,DIME,50
2000,1,4,n,DIME,50
2000,1,4,n,DIME,52
2000,1,4,n,DIME,48
2000,1,4,n,DIME,51
2000,1,4,n,PGFV,9
2000,1,4,n,PGFV,9
2000,1,4,n,DIME,49
2000,1,5,n,DIME,39
2000,1,5,n,DIME,50
2000,1,5,n,DIME,53
2000,1,5,n,DIME,45
2000,1,5,n,DIME,53
2000,1,5,n,DIOR,52
2000,1,5,n,PGFV,7
2000,1,5,n,DIME,42
2000,1,5,n,DIME,56
2000,1,5,n,DIME,46
2000,1,5,n,DIME,49
2000,1,5,n,DIME,46
2000,1,5,n,DIME,53
2000,2,2,n,DIOR,41
2000,2,2,n,PETR,30
2000,2,2,n,DIME,42
2000,2,2,n,ONAR,34
2000,2,2,n,XESP,89
2000,2,2,n,DIME,47
2000,2,2,n,ONAR,24
2000,2,2,n,DIME,41
2000,2,4,n,PELE,23
2000,2,4,n,DIME,42
2000,2,4,n,DIME,41
2000,2,4,n,PELE,30
2000,2,4,n,DIOR,50
2000,2,5,n,DIOR,49
2000,2,5,n,DIME,46
2000,2,5,n,DIME,32
2000,3,2,n,DIME,25
2000,3,2,n,DIME,54
2000,3,2,n,DIME,32
2000,3,4,n,DIOR,43
2000,3,4,n,DIME,43
2000,3,4,n,PGFV,8
2000,3,4,n,DIME,45
2000,3,4,n,PGFV,9
2000,1,2,n,DISP,132
2000,1,2,n,PETR,30
2000,1,2,n,NEAL,172
2000,1,2,n,DIME,45
2000,1,2,n,DIME,50
2000,1,2,n,PETR,24
2000,1,2,n,DIME,42
2000,1,2,n,DIME,44
2000,1,2,n,DIME,42
2000,1,2,n,DISP,119
2000,1,2,n,DIME,45
2000,1,4,n,DIME,43
2000,1,4,n,DIME,37
2000,1,4,n,DIME,52
2000,1,4,n,DIME,43
2000,1,4,n,DIME,39
2000,1,4,n,DIME,45
2000,1,4,n,DIME,45
2000,1,4,n,DIME,38
2000,1,4,n,DIME,54
2000,1,4,n,DIME,38
2000,1,4,n,ONAR,18
2000,1,5,n,DIME,41
2000,1,5,n,DIME,45
2000,1,5,n,DIME,42
2000,1,5,n,DIME,41
2000,1,5,n,DIME,43
2000,1,5,n,DIME,37
2000,1,5,n,DIME,42
2000,1,5,n,DIME,44
2000,1,5,n,DIME,49
2000,2,2,n,PETR,31
2000,2,2,n,DIME,43
2000,2,2,n,DIME,44
2000,2,4,n,DIOR,49
2000,2,4,n,ONAR,NA
2000,2,4,n,DIME,44
2000,2,4,n,DIME,44
2000,2,4,n,ONAR,15
2000,2,5,n,DIME,42
2000,2,5,n,DIME,39
2000,2,5,n,PGFV,9
2000,2,5,n,DIME,46
2000,3,2,n,DIME,40
2000,3,2,n,DISP,143
2000,3,4,n,DIME,NA
2000,3,4,n,DIME,38
2000,3,4,n,DIME,52
2000,3,4,n,DIOR,51
2000,3,5,n,DIME,45
2000,1,1,n,PETR,24
2000,1,1,n,NEAL,179
2000,1,1,n,PEBO,24
2000,1,1,n,PGFV,8
2000,1,1,n,PETR,28
2000,1,1,n,PETR,30
2000,1,1,n,PETR,36
2000,1,1,n,PETR,27
2000,1,1,n,PETR,41
2000,1,1,n,PGFV,7
2000,1,1,n,NEAL,150
2000,1,1,n,PETR,25
2000,1,2,n,DIME,38
2000,1,2,n,NEAL,180
2000,1,2,n,PEBO,17
2000,1,2,n,PEBO,27
2000,1,2,n,PETR,33
2000,1,2,n,PETR,34
2000,1,2,n,AMIN,NA
2000,1,3,n,PGFV,9
2000,1,3,n,PETR,32
2000,1,3,n,NEAL,180
2000,1,3,n,NEAL,152
2000,1,3,n,PETR,28
2000,1,3,n,NEAL,190
2000,1,3,n,PENA,16
2000,2,1,n,NEAL,52
2000,2,1,n,NEAL,NA
2000,2,1,n,PETR,25
2000,2,1,n,PETR,26
2000,2,1,n,PGFV,8
2000,2,1,n,PGFV,7
2000,2,2,n,OTVA,NA
2000,2,2,n,PELE,29
2000,2,2,n,DIOR,51
2000,2,2,n,PEBO,28
2000,2,2,n,NEAL,249
2000,2,2,n,NEAL,201
2000,2,2,n,PGFV,9
2000,2,3,n,NEAL,86
2000,2,3,n,ONAR,24
2000,2,3,n,AMIN,98
2000,2,3,n,PGFV,7
2000,2,3,n,NEAL,104
2000,2,3,n,NEAL,153
2000,2,3,n,PGFV,9
2000,3,1,n,NEAL,159
2000,3,1,n,DIME,41
2000,3,1,n,PGFV,6
2000,3,2,n,AMIN,90
2000,3,2,n,PELE,28
2000,3,2,n,NEAL,94
2000,3,2,n,NEAL,178
2000,3,2,n,AMIN,110
2000,3,3,n,NEAL,90
2000,3,3,n,ONAR,24
2000,3,3,n,PGFV,7
2000,3,3,n,PGFV,8
2000,3,3,n,PETR,25
2000,4,1,n,PENA,16
2000,4,1,n,ONAR,14
2000,4,1,n,DIOR,39
2000,4,2,n,NEAL,145
2000,4,2,n,NEAL,202
2000,4,3,n,DIOR,50
2000,4,3,n,NEAL,150
2000,4,3,n,NEAL,210
2000,4,3,n,PELE,26
2000,1,2,n,DIME,42
2000,1,3,n,DIOR,53
2000,2,1,n,NEMI,120
2000,2,1,n,NEAL,174
2000,2,1,n,PENA,26
2000,2,2,n,PGFV,6
2000,2,2,n,PGFV,7
2000,2,2,n,PGFV,6
2000,2,2,n,PGFV,6
2000,2,3,n,PGFV,7
2000,3,1,n,NEAL,160
2000,3,2,n,NEAL,156
2000,3,2,n,NEAL,184
2000,3,3,n,PGFV,7
2000,4,1,n,PEBO,25
2000,4,1,n,CHIN,12
2000,4,1,n,NEAL,124
2000,4,2,n,PGFV,7
2000,4,2,n,PGFV,6
2000,4,2,n,ONAR,24
2000,4,3,n,PGFV,5
2000,4,3,n,PGFV,7
2000,4,3,n,NEAL,184
2000,4,3,n,PGFV,8
2001,1,2,n,DISP,124
2001,1,2,n,DISP,112
2001,1,3,n,PGFV,7
2001,1,3,n,DIOR,68
2001,1,3,n,DISP,116
2001,1,3,n,PGFV,7
2001,1,3,n,DIOR,53
2001,1,3,n,DISP,138
2001,1,3,n,XESP,120
2001,1,3,n,DIOR,23
2001,1,3,n,DISP,149
2001,1,3,n,PGFV,7
2001,1,5,n,PGFV,9
2001,1,5,n,PGFV,7
2001,1,5,n,PGFV,8
2001,1,5,n,PGFV,7
2001,1,5,n,PGFV,7
2001,2,2,n,PGFV,7
2001,2,3,n,DISP,110
2001,2,3,n,DISP,132
2001,2,3,n,DIOR,24
2001,2,3,n,PGFV,8
2001,2,3,n,PGFV,8
2001,2,5,n,DIOR,57
2001,3,2,n,DISP,139
2001,3,3,n,DISP,141
2001,3,3,n,PGFV,7
2001,1,2,n,PGFV,8
2001,1,2,n,DISP,100
2001,1,2,n,PGFV,8
2001,1,2,n,DISP,110
2001,1,2,n,DISP,138
2001,1,2,n,PGFV,7
2001,1,2,n,PGFV,8
2001,1,3,n,DIOR,52
2001,1,5,n,DISP,149
2001,1,5,n,DISP,150
2001,1,5,n,DIOR,57
2001,2,2,n,PGFV,9
2001,2,3,n,DISP,108
2001,2,3,n,DIOR,62
2001,2,5,n,PGFV,7
2001,2,5,n,PGFV,9
2001,2,5,n,DISP,145
2001,2,5,n,DIOR,58
2001,2,5,n,PGFV,6
2001,2,5,n,PGFV,6
2001,2,5,n,DIOR,59
2001,3,2,n,DISP,140
2001,3,2,n,DISP,137
2001,3,2,n,DISP,157
2001,3,5,n,DISP,109
2001,1,1,n,DIME,58
2001,1,1,n,DIME,24
2001,1,1,n,DIME,22
2001,1,1,n,DIME,48
2001,1,1,n,DIME,40
2001,1,1,n,DIME,52
2001,1,1,n,DIME,43
2001,1,1,n,DISP,161
2001,1,3,n,DIME,46
2001,1,3,n,NEAL,174
2001,1,3,n,DIME,51
2001,1,3,n,DISP,150
2001,1,3,n,DIME,45
2001,1,3,n,DIME,45
2001,1,3,n,DIME,26
2001,1,3,n,DISP,140
2001,1,3,n,DIME,45
2001,1,3,n,DIME,42
2001,1,5,n,PGFV,8
2001,1,5,n,DIME,60
2001,1,5,n,DIME,48
2001,1,5,n,DISP,147
2001,1,5,n,DIME,48
2001,1,5,n,DISP,152
2001,1,5,n,DIME,47
2001,1,5,n,DIME,45
2001,1,5,n,PGFV,8
2001,1,5,n,DISP,137
2001,2,3,n,PGFV,8
2001,2,3,n,NEAL,55
2001,2,5,n,DIME,47
2001,2,5,n,DIME,54
2001,3,1,n,PGFV,9
2001,3,3,n,PGFV,8
2001,3,5,n,PGFV,7
2001,1,1,n,DISP,38
2001,1,1,n,DIME,45
2001,1,1,n,DIME,46
2001,1,1,n,DIME,41
2001,1,3,n,PGFV,7
2001,1,3,n,PGFV,9
2001,1,3,n,DIME,50
2001,1,3,n,DIME,42
2001,1,3,n,DISP,145
2001,1,3,n,DIME,47
2001,1,3,n,DIME,50
2001,1,3,n,PGFV,7
2001,1,3,n,PGFV,6
2001,1,5,n,DISP,140
2001,1,5,n,DIME,49
2001,1,5,n,DISP,130
2001,1,5,n,DISP,NA
2001,1,5,n,DIME,35
2001,1,5,n,DIME,48
2001,1,5,n,DIME,45
2001,1,5,n,DIME,49
2001,1,5,n,PGFV,7
2001,1,5,n,DISP,148
2001,1,5,n,PGFV,8
2001,2,1,n,DIME,54
2001,2,3,n,PGFV,7
2001,2,3,n,DIME,38
2001,2,3,n,ONAR,17
2001,2,3,n,DIME,49
2001,2,3,n,NEAL,194
2001,2,3,n,PGFV,7
2001,2,3,n,DISP,145
2001,2,5,n,PGFV,7
2001,2,5,n,DIME,47
2001,2,5,n,PGFV,9
2001,2,5,n,DIME,30
2001,3,1,n,PGFV,7
2001,3,1,n,PGFV,8
2001,3,3,n,DISP,120
2001,3,3,n,DIME,45
2001,3,3,n,ONAR,19
2001,3,5,n,ONAR,24
2001,3,5,n,PGFV,6
2001,3,5,n,PGFV,7
2001,1,1,n,CHIN,16
2001,1,3,n,PEBO,79
2001,1,5,n,PETR,14
2001,3,5,n,PETR,15
2001,1,1,n,PETR,26
2001,1,3,n,CHIN,16
2001,1,5,n,PENA,18
2001,2,3,n,PGFV,10
2001,1,2,n,NEAL,130
2001,1,2,n,PETR,22
2001,1,2,n,PELE,28
2001,1,2,n,DIME,41
2001,1,2,n,DIME,50
2001,1,2,n,DIOR,40
2001,1,2,n,PGFV,9
2001,1,2,n,DIME,26
2001,1,2,n,PETR,34
2001,1,4,n,DIOR,50
2001,1,4,n,PEBO,14
2001,1,4,n,DIOR,57
2001,1,4,n,DIOR,54
2001,1,5,n,DIME,45
2001,1,5,n,DIME,40
2001,1,5,n,DIME,49
2001,2,2,n,DIOR,60
2001,2,2,n,DIME,42
2001,2,2,n,DIME,48
2001,2,5,n,DIME,45
2001,2,5,n,DIME,52
2001,2,5,n,DIME,44
2001,3,2,n,DIME,45
2001,3,2,n,REME,15
2001,3,4,n,DIME,46
2001,3,5,n,DIME,46
2001,1,2,n,DIME,46
2001,1,2,n,DISP,130
2001,1,2,n,NEAL,195
2001,1,2,n,DIME,43
2001,1,2,n,DIME,47
2001,1,2,n,DIOR,47
2001,1,2,n,PGFL,13
2001,1,2,n,DIME,42
2001,1,2,n,DIME,48
2001,1,2,n,DIME,40
2001,1,2,n,DIME,51
2001,1,2,n,DIME,42
2001,1,4,n,DIOR,49
2001,1,4,n,DIME,38
2001,1,4,n,DIOR,50
2001,1,4,n,NEAL,79
2001,1,4,n,DIME,NA
2001,1,4,n,PGFL,10
2001,1,4,n,PGFV,10
2001,1,4,n,DIME,42
2001,1,4,n,ONLE,16
2001,1,4,n,DIME,44
2001,1,4,n,PGFV,6
2001,1,4,n,DIME,53
2001,1,4,n,PGFV,7
2001,1,4,n,DIME,50
2001,1,4,n,ONLE,18
2001,1,4,n,DIME,43
2001,1,4,n,NEAL,157
2001,1,4,n,DIME,38
2001,1,4,n,CHIN,12
2001,1,4,n,DIOR,53
2001,1,4,n,DIME,NA
2001,1,4,n,DIME,36
2001,1,4,n,ONLE,30
2001,1,5,n,ONLE,16
2001,1,5,n,DIME,43
2001,1,5,n,DIME,42
2001,1,5,n,DIME,37
2001,1,5,n,DIME,49
2001,1,5,n,DIME,40
2001,1,5,n,ONLE,18
2001,1,5,n,PGFL,9
2001,1,5,n,PGFV,8
2001,1,5,n,DIME,34
2001,1,5,n,DIME,39
2001,1,5,n,DIME,45
2001,1,5,n,DIME,42
2001,1,5,n,DIME,50
2001,2,2,n,PGFV,6
2001,2,2,n,PGFL,12
2001,2,2,n,DIME,51
2001,2,2,n,DIME,42
2001,2,2,n,PGFV,7
2001,2,2,n,DIME,40
2001,2,2,n,DIOR,52
2001,2,2,n,PGFV,7
2001,2,2,n,NEAL,99
2001,2,2,n,PGFV,8
2001,2,2,n,DIME,31
2001,2,2,n,DIME,43
2001,2,4,n,PGFL,12
2001,2,4,n,PGFV,7
2001,2,4,n,DIME,51
2001,2,4,n,DIME,49
2001,2,4,n,ONLE,14
2001,2,4,n,DIOR,50
2001,2,4,n,PGFL,10
2001,2,4,n,REME,12
2001,2,4,n,PGFV,8
2001,2,4,n,PGFV,8
2001,2,5,n,PGFV,7
2001,2,5,n,PGFL,9
2001,2,5,n,DIME,37
2001,2,5,n,DIME,49
2001,2,5,n,XESP,94
2001,2,5,n,DIME,40
2001,3,2,n,DISP,140
2001,3,2,n,PGFV,7
2001,3,2,n,DIME,44
2001,3,2,n,REME,NA
2001,3,2,n,PGFL,12
2001,3,2,n,DIME,40
2001,3,2,n,PGFV,6
2001,3,2,n,DIME,32
2001,3,4,n,DIME,45
2001,3,4,n,PGFL,10
2001,3,4,n,DIME,40
2001,3,4,n,PGFV,7
2001,3,4,n,DIME,42
2001,3,4,n,ONLE,20
2001,3,4,n,PELE,19
2001,3,5,n,ONLE,17
2001,3,5,n,PGFL,13
2001,3,5,n,DIOR,50
2001,3,5,n,NEAL,142
2001,3,5,n,DIME,50
2001,3,5,n,ONLE,22
2001,1,1,n,NEAL,144
2001,1,3,n,NEAL,108
2001,1,3,n,DIOR,53
2001,2,3,n,PGFV,6
2001,1,1,n,NEAL,184
2001,1,1,n,CHIN,16
2001,1,1,n,CHIN,14
2001,1,2,n,PETR,NA
2001,1,2,n,PGFV,7
2001,1,2,n,PETR,26
2001,2,1,n,PGFV,6
2001,2,2,n,PGFV,7
2001,2,2,n,PGFV,9
2001,3,2,n,NEAL,149
2001,3,2,n,PGFV,7
2001,3,2,n,PGFV,9
2002,1,2,n,DISP,76
2002,1,2,n,DISP,97
2002,1,2,n,PGFV,7
2002,1,2,n,DISP,74
2002,1,2,n,PGFV,7
2002,1,2,n,DIOR,37
2002,1,2,n,DISP,130
2002,1,2,n,DISP,149
2002,1,2,n,DISP,125
2002,1,2,n,PGFV,6
2002,1,2,n,PGFV,7
2002,1,3,n,PGFV,8
2002,1,3,n,DISP,135
2002,1,3,n,DIOR,45
2002,1,3,n,PGFV,7
2002,1,3,n,ONLE,35
2002,1,3,n,ONLE,45
2002,1,3,n,PGFV,5
2002,1,3,n,DISP,102
2002,1,3,n,DIOR,50
2002,1,3,n,DIOR,45
2002,1,3,n,PGFV,5
2002,1,3,n,PGFV,7
2002,1,3,n,PGFV,7
2002,1,3,n,DIOR,42
2002,1,5,n,PGFV,6
2002,1,5,n,PGFV,7
2002,1,5,n,PGFV,6
2002,1,5,n,PGFV,8
2002,1,5,n,DIOR,39
2002,1,5,n,DISP,130
2002,1,5,n,DISP,56
2002,1,5,n,PGFV,9
2002,2,2,n,DIOR,60
2002,2,2,n,PGFV,NA
2002,2,2,n,PGFV,7
2002,2,2,n,PGFV,9
2002,2,3,n,PGFV,9
2002,2,3,n,PGFV,10
2002,2,3,n,PGFV,8
2002,2,3,n,DISP,135
2002,2,5,n,PGFV,8
2002,2,5,n,DIOR,50
2002,2,5,n,DIOR,46
2002,2,5,n,DISP,140
2002,3,2,n,PGFV,8
2002,3,2,n,PGFV,7
2002,3,2,n,ONAR,22
2002,3,3,n,PGFV,7
2002,3,3,n,XESP,110
2002,3,5,n,XESP,105
2002,3,5,n,PGFV,8
2002,3,5,n,PGFV,8
2002,3,5,n,PGFV,8
2002,1,2,n,DISP,128
2002,1,2,n,PGFV,10
2002,1,3,n,DIOR,49
2002,1,3,n,DISP,140
2002,1,5,n,DIOR,72
2002,1,5,n,DIOR,56
2002,2,2,n,PGFV,7
2002,2,2,n,PGFV,10
2002,2,2,n,DISP,125
2002,3,5,n,DIOR,56
2002,3,5,n,DISP,130
2002,1,1,n,PGFV,8
2002,1,2,n,PGFV,8
2002,1,2,n,PGFV,8
2002,1,2,n,PGFV,8
2002,1,2,n,XESP,NA
2002,1,2,n,PETR,22
2002,1,2,n,PGFV,5
2002,1,3,n,PGFV,12
2002,1,3,n,PGFV,8
2002,2,1,n,PGFV,8
2002,2,1,n,PGFV,9
2002,2,1,n,PGFV,8
2002,2,3,n,PGFV,8
2002,2,3,n,PGFV,8
2002,3,1,n,PGFV,8
2002,3,2,n,PGFV,6
2002,3,2,n,PGFV,6
2002,3,2,n,PGFV,7
2002,3,2,n,PGFV,7
2002,3,3,n,PGFV,7
2002,1,3,n,DISP,101
2002,2,1,n,XESP,136
2002,2,2,n,PGFV,6
2002,2,3,n,NEAL,79
2002,2,3,n,PGFV,8
2002,3,2,n,PGFV,9
2002,3,3,n,PGFV,7
2002,1,1,n,REME,10
2002,1,1,n,DIME,42
2002,1,1,n,DIME,42
2002,1,1,n,DIME,44
2002,1,1,n,DIME,41
2002,1,1,n,DIME,41
2002,1,1,n,PGFV,8
2002,1,1,n,DIME,39
2002,1,1,n,DIME,46
2002,1,1,n,DIME,39
2002,1,1,n,DIME,36
2002,1,1,n,DIME,34
2002,1,3,n,DIME,31
2002,1,3,n,DIME,45
2002,1,3,n,PGFV,6
2002,1,3,n,PEBO,NA
2002,1,3,n,DIME,50
2002,1,3,n,PGFV,8
2002,1,3,n,DIME,46
2002,1,3,n,DIME,29
2002,1,3,n,DISP,82
2002,1,3,n,DISP,79
2002,1,3,n,DIME,42
2002,1,3,n,PGFV,8
2002,1,3,n,ONAR,22
2002,1,3,n,DIME,46
2002,1,3,n,DIME,45
2002,1,3,n,DIME,49
2002,1,3,n,DIME,50
2002,1,5,n,DIME,39
2002,1,5,n,DISP,90
2002,1,5,n,DIME,47
2002,1,5,n,DISP,128
2002,1,5,n,DIME,42
2002,1,5,n,DIME,49
2002,1,5,n,DIME,48
2002,1,5,n,DIME,40
2002,1,5,n,DIME,46
2002,1,5,n,DISP,85
2002,1,5,n,DIME,44
2002,1,5,n,DIME,43
2002,1,5,n,DIME,46
2002,1,5,n,DIME,25
2002,2,1,n,PGFV,6
2002,2,1,n,DIME,45
2002,2,1,n,ONAR,23
2002,2,1,n,ONAR,22
2002,2,1,n,DISP,90
2002,2,1,n,DIME,46
2002,2,1,n,DIME,41
2002,2,1,n,DISP,80
2002,2,3,n,DIME,38
2002,2,3,n,DIME,38
2002,2,3,n,DIME,NA
2002,2,3,n,ONAR,NA
2002,2,3,n,PETR,20
2002,2,3,n,DIME,43
2002,2,5,n,DIME,35
2002,2,5,n,DIME,41
2002,2,5,n,DIME,34
2002,2,5,n,DISP,132
2002,2,5,n,ONAR,22
2002,2,5,n,PGFV,8
2002,2,5,n,DISP,142
2002,2,5,n,DIME,44
2002,2,5,n,PGFV,6
2002,2,5,n,DIME,46
2002,3,1,n,PGFV,8
2002,3,1,n,DIME,36
2002,3,1,n,DIME,37
2002,3,3,n,PGFV,8
2002,3,3,n,ONAR,31
2002,3,3,n,DISP,NA
2002,3,5,n,PGFV,6
2002,3,5,n,ONLE,25
2002,1,1,n,DIME,45
2002,1,1,n,DIME,34
2002,1,1,n,DIME,40
2002,1,1,n,DIME,42
2002,1,1,n,DIME,28
2002,1,1,n,DIME,56
2002,1,1,n,DIME,59
2002,1,1,n,DIME,43
2002,1,1,n,DIME,46
2002,1,1,n,DIME,44
2002,1,3,n,DIME,35
2002,1,3,n,DIME,48
2002,1,3,n,DIME,47
2002,1,3,n,DIME,49
2002,1,3,n,ONAR,20
2002,1,3,n,DIME,42
2002,1,3,n,DIME,50
2002,1,3,n,DIME,45
2002,1,3,n,DIME,46
2002,1,3,n,DIME,38
2002,1,5,n,DIME,41
2002,1,5,n,ONAR,22
2002,1,5,n,DISP,127
2002,1,5,n,DISP,138
2002,1,5,n,DISP,130
2002,1,5,n,DIME,41
2002,1,5,n,DISP,145
2002,1,5,n,DISP,158
2002,1,5,n,DIME,46
2002,1,5,n,DIME,47
2002,1,5,n,DIME,49
2002,1,5,n,DIME,42
2002,1,5,n,DIME,54
2002,1,5,n,DIME,49
2002,2,1,n,DIME,49
2002,2,3,n,DIME,20
2002,2,3,n,DIME,44
2002,2,3,n,DIME,NA
2002,2,3,n,DIME,54
2002,2,3,n,ONAR,16
2002,2,3,n,DIME,53
2002,2,5,n,DISP,145
2002,2,5,n,DIME,46
2002,2,5,n,ONAR,19
2002,2,5,n,DIME,45
2002,3,1,n,DIME,45
2002,3,3,n,DIME,44
2002,3,3,n,DIME,22
2002,3,5,n,DIME,27
2002,3,5,n,DIME,46
2002,3,5,n,DIME,45
2002,3,5,n,XESP,80
2002,1,2,n,DISP,149
2002,1,2,n,DIME,43
2002,1,2,n,DISP,135
2002,1,2,n,DIME,46
2002,1,2,n,DIME,41
2002,1,2,n,DISP,153
2002,1,2,n,PGFV,7
2002,1,2,n,PGFL,11
2002,1,2,n,PEBO,25
2002,1,2,n,DIME,44
2002,1,2,n,DIOR,48
2002,1,2,n,PELE,26
2002,1,2,n,DIME,47
2002,1,2,n,DIME,46
2002,1,2,n,PGFV,7
2002,1,2,n,PGFV,7
2002,1,2,n,PGFL,12
2002,1,2,n,DIME,44
2002,1,2,n,REME,9
2002,1,2,n,DIME,60
2002,1,4,n,DIOR,53
2002,1,4,n,DIOR,51
2002,1,4,n,DIME,35
2002,1,4,n,DIME,39
2002,1,4,n,DIME,43
2002,1,4,n,PGFL,11
2002,1,4,n,DIME,48
2002,1,4,n,DIME,44
2002,1,4,n,DIME,51
2002,1,4,n,PGFV,7
2002,1,4,n,PGFL,8
2002,1,4,n,DIOR,48
2002,1,4,n,DIME,49
2002,1,4,n,DIME,44
2002,1,4,n,DIME,49
2002,1,4,n,NEAL,NA
2002,1,4,n,DIME,43
2002,1,4,n,DIME,47
2002,1,4,n,DIME,35
2002,1,4,n,PGFL,12
2002,1,4,n,DIOR,49
2002,1,5,n,DIME,43
2002,1,5,n,NEAL,98
2002,1,5,n,PGFL,10
2002,1,5,n,DIME,39
2002,1,5,n,DIME,45
2002,1,5,n,DIME,47
2002,1,5,n,DIOR,37
2002,1,5,n,DIME,43
2002,1,5,n,DIME,50
2002,2,2,n,DISP,86
2002,2,2,n,DIME,42
2002,2,2,n,DIME,43
2002,2,2,n,PEBO,NA
2002,2,2,n,PGFV,8
2002,2,2,n,PGFV,6
2002,2,2,n,PEBO,29
2002,2,2,n,DIME,29
2002,2,2,n,PGFL,11
2002,2,2,n,ONLE,24
2002,2,2,n,DIOR,44
2002,2,4,n,PGFL,11
2002,2,4,n,DIME,59
2002,2,4,n,PGFV,7
2002,2,4,n,ONLE,20
2002,2,4,n,DIME,47
2002,2,4,n,PGFL,12
2002,3,2,n,ONLE,35
2002,3,2,n,NEAL,156
2002,3,2,n,DIME,27
2002,3,2,n,PEBO,22
2002,3,2,n,DIME,24
2002,3,4,n,DIME,42
2002,3,4,n,ONAR,NA
2002,3,4,n,DIME,42
2002,3,4,n,PGFL,13
2002,3,5,n,DIME,47
2002,3,5,n,PGFV,6
2002,3,5,n,ONAR,NA
2002,1,2,n,DIME,38
2002,1,2,n,PEBO,21
2002,1,2,n,DIME,46
2002,1,2,n,DISP,145
2002,1,2,n,NEAL,125
2002,1,2,n,PETR,20
2002,1,2,n,DIME,50
2002,1,2,n,DIME,43
2002,1,2,n,PEER,15
2002,1,2,n,DIME,39
2002,1,2,n,DIME,41
2002,1,2,n,DIME,43
2002,1,2,n,ONLE,31
2002,1,2,n,PEER,NA
2002,1,2,n,ONAR,20
2002,1,2,n,DIME,46
2002,1,4,n,ONAR,13
2002,1,4,n,PGFV,5
2002,1,4,n,ONAR,18
2002,1,4,n,DIME,41
2002,1,4,n,DIOR,31
2002,1,4,n,DIOR,55
2002,1,4,n,ONAR,19
2002,1,4,n,DIME,43
2002,1,4,n,PGFV,7
2002,1,4,n,ONAR,20
2002,1,4,n,PEBO,26
2002,1,4,n,DIME,42
2002,1,4,n,DIME,50
2002,1,4,n,REME,16
2002,1,4,n,DIME,41
2002,1,4,n,DIME,48
2002,1,5,n,DIME,34
2002,1,5,n,DIME,38
2002,1,5,n,DIME,44
2002,1,5,n,DIME,48
2002,1,5,n,NEMI,114
2002,1,5,n,DIME,44
2002,1,5,n,DIME,35
2002,1,5,n,DIME,35
2002,1,5,n,DIME,45
2002,1,5,n,DIME,34
2002,1,5,n,DIME,40
2002,1,5,n,ONAR,17
2003,1,2,n,DIOR,51
2003,1,2,n,PGFV,8
2003,1,2,n,DISP,132
2003,1,2,n,DIOR,40
2003,1,2,n,PGFV,8
2003,1,2,n,DISP,99
2003,1,2,n,DIOR,53
2003,1,2,n,PGFV,8
2003,1,2,n,PGFV,9
2003,1,2,n,PGFV,10
2003,1,2,n,PGFV,11
2003,1,2,n,PGFV,8
2003,1,2,n,DISP,148
2003,1,2,n,DIOR,45
2003,1,2,n,DISP,82
2003,1,3,n,DIOR,47
2003,1,3,n,PGFV,10
2003,1,3,n,DIOR,43
2003,1,3,n,PGFV,9
2003,1,3,n,ONAR,10
2003,1,3,n,PGFV,8
2003,1,3,n,PGFV,7
2003,1,3,n,PGFV,9
2003,1,3,n,ONAR,25
2003,1,3,n,PGFV,8
2003,1,3,n,DIOR,47
2003,1,3,n,DISP,83
2003,1,3,n,PGFV,7
2003,1,3,n,DISP,138
2003,1,3,n,DISP,145
2003,1,3,n,DISP,82
2003,1,3,n,DISP,NA
2003,1,5,n,DISP,136
2003,1,5,n,DIOR,49
2003,1,5,n,DIOR,49
2003,1,5,n,DISP,95
2003,1,5,n,DIOR,57
2003,1,5,n,PGFV,7
2003,1,5,n,DISP,120
2003,1,5,n,DISP,55
2003,1,5,n,DISP,110
2003,1,5,n,DIOR,54
2003,1,5,n,DIOR,60
2003,1,5,n,PGFV,8
2003,1,5,n,PGFV,9
2003,1,5,n,DIOR,49
2003,1,5,n,DISP,84
2003,1,5,n,DISP,150
2003,2,2,n,PGFV,8
2003,2,2,n,ONAR,15
2003,2,2,n,PGFV,5
2003,2,2,n,PGFV,6
2003,2,2,n,XESP,NA
2003,2,2,n,PGFV,8
2003,2,2,n,PGFV,8
2003,2,2,n,PGFV,8
2003,2,2,n,XESP,114
2003,2,2,n,PGFV,9
2003,2,2,n,PGFV,9
2003,2,2,n,PGFV,7
2003,2,2,n,PGFV,9
2003,2,2,n,XESP,126
2003,2,2,n,PGFV,8
2003,2,2,n,PGFV,10
2003,2,2,n,PGFV,8
2003,2,2,n,PGFV,9
2003,2,3,n,PGFV,8
2003,2,3,n,DIOR,60
2003,2,3,n,PGFV,8
2003,2,3,n,PGFV,8
2003,2,3,n,PGFV,10
2003,2,3,n,PGFV,10
2003,2,3,n,ONAR,10
2003,2,3,n,PGFV,9
2003,2,3,n,PGFV,8
2003,2,3,n,PGFV,8
2003,2,3,n,PGFV,8
2003,2,3,n,PGFV,8
2003,2,3,n,PGFV,7
2003,2,3,n,PGFV,8
2003,2,3,n,PGFV,6
2003,2,3,n,DISP,64
2003,2,5,n,PGFV,7
2003,2,5,n,XESP,118
2003,2,5,n,DIOR,48
2003,2,5,n,XESP,122
2003,3,2,n,PGFV,9
2003,3,2,n,PGFV,8
2003,3,2,n,DIOR,61
2003,3,2,n,PGFV,10
2003,3,2,n,PGFV,9
2003,3,2,n,PGFV,7
2003,3,2,n,PGFV,8
2003,3,2,n,PGFV,8
2003,3,2,n,DISP,114
2003,3,2,n,PGFV,9
2003,3,2,n,DIOR,54
2003,3,2,n,PGFV,10
2003,3,3,n,DISP,89
2003,3,3,n,PGFV,10
2003,3,3,n,PGFV,8
2003,3,3,n,PGFV,9
2003,3,3,n,PGFV,6
2003,3,3,n,PGFV,11
2003,3,3,n,PGFV,7
2003,3,3,n,PGFV,10
2003,3,3,n,ONAR,18
2003,3,3,n,PGFV,8
2003,3,3,n,PGFV,9
2003,3,3,n,PGFV,9
2003,3,3,n,DIOR,45
2003,3,3,n,PGFV,10
2003,3,5,n,PGFV,8
2003,3,5,n,PGFV,9
2003,3,5,n,XESP,101
2003,3,5,n,XESP,118
2003,3,5,n,PGFV,8
2003,3,5,n,PGFV,10
2003,3,5,n,PGFV,7
2003,1,2,n,DIME,44
2003,1,2,n,DISP,141
2003,1,2,n,PGFV,7
2003,1,2,n,PGFV,7
2003,1,2,n,PGFV,8
2003,1,2,n,PGFV,7
2003,1,2,n,DISP,120
2003,1,2,n,PGFV,7
2003,1,2,n,DIOR,56
2003,1,2,n,DIOR,51
2003,1,2,n,PGFV,7
2003,1,2,n,PGFV,6
2003,1,2,n,PGFV,6
2003,1,2,n,PGFV,7
2003,1,2,n,PGFV,6
2003,1,2,n,PGFV,6
2003,1,2,n,PGFV,6
2003,1,2,n,PGFV,7
2003,1,2,n,PGFV,7
2003,1,2,n,ONLE,17
2003,1,2,n,PGFV,6
2003,1,2,n,PGFV,6
2003,1,2,n,DISP,NA
2003,1,2,n,PGFV,7
2003,1,2,n,PGFV,8
2003,1,2,n,DISP,121
2003,1,2,n,PGFV,8
2003,1,2,n,DIOR,60
2003,1,2,n,PGFV,6.5
2003,1,2,n,PGFV,6.5
2003,1,3,n,PGFV,9
2003,1,3,n,PGFV,7
2003,1,3,n,PGFV,7
2003,1,3,n,PGFV,9
2003,1,3,n,PGFV,6
2003,1,3,n,PGFV,6
2003,1,3,n,DIOR,57
2003,1,3,n,PGFV,8
2003,1,3,n,PGFV,6
2003,1,3,n,PGFV,6
2003,1,3,n,PGFV,7
2003,1,3,n,PGFV,7
2003,1,3,n,PGFV,7
2003,1,3,n,PGFV,5
2003,1,3,n,PGFV,8
2003,1,3,n,PGFV,8
2003,1,3,n,PGFV,7
2003,1,3,n,PGFV,7
2003,1,3,n,PGFV,7
2003,1,3,n,PGFV,7
2003,1,3,n,PGFV,7
2003,1,3,n,DIME,42
2003,1,3,n,DISP,141
2003,1,3,n,DIOR,46
2003,1,3,n,DIOR,41
2003,1,3,n,PGFV,6
2003,1,3,n,PGFV,8
2003,1,3,n,PGFV,7
2003,1,3,n,XESP,109
2003,1,3,n,PGFV,9
2003,1,3,n,PGFV,6
2003,1,3,n,PGFV,7
2003,1,3,n,PGFV,5
2003,1,3,n,DISP,128
2003,1,3,n,PGFV,7
2003,1,3,n,PGFV,6
2003,1,3,n,PGFV,7
2003,1,3,n,DIOR,41
2003,1,3,n,PGFV,6
2003,1,3,n,PGFV,8
2003,1,5,n,PGFV,7
2003,1,5,n,PGFV,8
2003,1,5,n,DISP,142
2003,1,5,n,PGFV,7
2003,1,5,n,PGFV,6.5
2003,1,5,n,PGFV,8
2003,1,5,n,PGFV,7
2003,1,5,n,PGFV,7
2003,1,5,n,PGFV,6
2003,1,5,n,NEMI,198
2003,1,5,n,PGFV,5
2003,1,5,n,PGFV,6
2003,1,5,n,PGFV,7
2003,1,5,n,DISP,135
2003,1,5,n,ONLE,22
2003,1,5,n,PGFV,7
2003,1,5,n,PGFV,6
2003,1,5,n,PGFV,7
2003,1,5,n,PGFV,5
2003,1,5,n,PGFV,6
2003,1,5,n,PGFV,6
2003,1,5,n,PGFV,6
2003,1,5,n,PGFV,6
2003,1,5,n,PGFV,6
2003,1,5,n,PGFV,6
2003,1,5,n,PGFV,6
2003,1,5,n,DISP,129
2003,1,5,n,PGFV,7
2003,1,5,n,DIOR,49
2003,1,5,n,DISP,126
2003,1,5,n,PGFV,7
2003,2,2,n,PGFV,7
2003,2,2,n,PGFV,6
2003,2,2,n,PGFV,5
2003,2,2,n,PGFV,6
2003,2,2,n,PGFV,8
2003,2,2,n,PGFV,7
2003,2,2,n,DIOR,44
2003,2,2,n,PGFV,6
2003,2,2,n,XESP,NA
2003,2,2,n,XESP,142
2003,2,2,n,PGFV,6
2003,2,2,n,PGFV,8
2003,2,2,n,PGFV,8
2003,2,2,n,PGFV,6
2003,2,2,n,PGFV,8
2003,2,2,n,PGFV,7
2003,2,2,n,PEER,16
2003,2,2,n,PGFV,6
2003,2,2,n,PGFV,6
2003,2,2,n,DISP,NA
2003,2,3,n,PGFV,6
2003,2,3,n,PGFV,7
2003,2,3,n,PGFV,6
2003,2,3,n,DISP,130
2003,2,3,n,PGFV,7
2003,2,3,n,PGFV,8
2003,2,3,n,PGFV,7
2003,2,3,n,DIOR,52
2003,2,3,n,PGFV,8
2003,2,3,n,PGFV,7
2003,2,3,n,PGFV,6
2003,2,3,n,PGFV,6
2003,2,3,n,PGFV,6
2003,2,3,n,PGFV,7
2003,2,3,n,PGFV,7
2003,2,3,n,PGFV,8
2003,2,3,n,PGFV,6
2003,2,3,n,DIOR,47
2003,2,3,n,PGFV,7
2003,2,3,n,PGFV,6
2003,2,3,n,PGFV,7
2003,2,3,n,PGFV,6
2003,2,3,n,PGFV,7
2003,2,3,n,PGFV,7
2003,2,3,n,PGFV,6
2003,2,3,n,ONAR,16
2003,2,5,n,PGFV,5
2003,2,5,n,PGFV,7
2003,2,5,n,PGFV,7
2003,2,5,n,PGFV,6
2003,2,5,n,PGFV,7
2003,2,5,n,PGFV,7
2003,2,5,n,PGFV,8
2003,2,5,n,PGFV,7
2003,2,5,n,PGFV,6
2003,2,5,n,PGFV,7
2003,2,5,n,PGFV,6
2003,2,5,n,PGFV,5
2003,2,5,n,PGFV,6
2003,2,5,n,PGFV,6
2003,2,5,n,ONAR,16
2003,2,5,n,PGFV,5
2003,2,5,n,PGFV,7
2003,3,2,n,PGFV,6
2003,3,2,n,PGFV,7
2003,3,2,n,PGFV,6
2003,3,2,n,DISP,110
2003,3,2,n,PGFV,6
2003,3,2,n,PGFV,7
2003,3,2,n,PGFV,6
2003,3,2,n,PGFV,7
2003,3,2,n,DIOR,54
2003,3,2,n,DISP,122
2003,3,2,n,PGFV,7
2003,3,2,n,PGFV,7
2003,3,2,n,PGFV,6
2003,3,2,n,PGFV,8
2003,3,2,n,PGFV,8
2003,3,2,n,PGFV,6
2003,3,2,n,PGFV,NA
2003,3,2,n,PGFV,7
2003,3,2,n,PGFV,7
2003,3,2,n,PGFV,6
2003,3,2,n,PGFV,5
2003,3,2,n,PGFV,6
2003,3,3,n,PGFV,8
2003,3,3,n,PGFV,7
2003,3,3,n,PGFV,7
2003,3,3,n,PGFV,7
2003,3,3,n,PGFV,7
2003,3,3,n,PGFV,6
2003,3,3,n,PGFV,6
2003,3,3,n,PGFV,7
2003,3,3,n,PGFV,7
2003,3,3,n,DIOR,32
2003,3,3,n,PGFV,6
2003,3,3,n,PGFV,8
2003,3,3,n,PGFV,6
2003,3,5,n,PGFV,7
2003,3,5,n,DIOR,51
2003,3,5,n,PGFV,6
2003,3,5,n,PGFV,8
2003,3,5,n,PGFV,7
2003,3,5,n,PGFV,7
2003,3,5,n,PGFV,6
2003,3,5,n,DISP,132
2003,3,5,n,PGFV,6
2003,3,5,n,PGFV,8
2003,3,5,n,PGFV,6
2003,3,5,n,DIOR,52
2003,3,5,n,PGFV,6
2003,1,1,n,PGFV,9
2003,1,1,n,PGFV,8
2003,1,1,n,PGFV,7
2003,1,1,n,PGFV,7
2003,1,1,n,PGFV,10
2003,1,1,n,PGFV,7
2003,1,1,n,PGFV,10
2003,1,1,n,PGFV,8
2003,1,1,n,PGFV,8
2003,1,1,n,PGFV,8
2003,1,1,n,PGFV,7
2003,1,1,n,PGFV,6
2003,1,1,n,PGFV,8
2003,1,1,n,PGFV,11
2003,1,1,n,PGFV,7
2003,1,1,n,PGFV,8
2003,1,1,n,ONAR,17
2003,1,2,n,PGFV,7
2003,1,2,n,PGFV,9
2003,1,2,n,PGFV,8
2003,1,2,n,PGFV,9
2003,1,2,n,PGFV,7
2003,1,2,n,PGFV,9
2003,1,2,n,PGFV,8
2003,1,2,n,PGFV,5
2003,1,2,n,PGFV,5
2003,1,2,n,PGFV,10
2003,1,2,n,PGFV,9
2003,1,2,n,PGFV,10
2003,1,2,n,PGFV,7
2003,1,2,n,PGFV,10
2003,1,2,n,PGFV,5
2003,1,2,n,PGFV,10
2003,1,2,n,PGFV,8
2003,1,2,n,PGFV,12
2003,1,2,n,PGFV,9
2003,1,2,n,PGFV,7
2003,1,2,n,ONAR,26
2003,1,3,n,PGFV,9
2003,1,3,n,DIOR,56
2003,1,3,n,PGFV,9
2003,1,3,n,PGFV,6
2003,1,3,n,PGFV,8
2003,1,3,n,PGFV,9
2003,1,3,n,PGFV,10
2003,1,3,n,PGFV,14
2003,1,3,n,PGFV,8
2003,1,3,n,ONAR,20
2003,1,3,n,PGFV,7
2003,1,3,n,PGFV,7
2003,1,3,n,PGFV,7
2003,1,3,n,ONAR,19
2003,1,3,n,PGFV,9
2003,1,3,n,PGFV,8
2003,1,3,n,PGFV,5
2003,1,3,n,PGFV,8
2003,1,3,n,PGFV,10
2003,1,3,n,PGFV,10
2003,1,3,n,PGFV,7
2003,1,3,n,PGFV,8
2003,1,3,n,PGFV,9
2003,1,3,n,PGFV,10
2003,1,3,n,DISP,92
2003,1,3,n,DISP,128
2003,1,3,n,PGFV,10
2003,1,3,n,DISP,90
2003,1,3,n,DISP,88
2003,1,3,n,PGFV,9
2003,1,3,n,PGFV,10
2003,2,1,n,PGFV,8
2003,2,1,n,PGFV,7
2003,2,1,n,PGFV,6
2003,2,1,n,PGFV,9
2003,2,1,n,PGFV,8
2003,2,1,n,XESP,120
2003,2,1,n,PGFV,5
2003,2,1,n,PGFV,8
2003,2,1,n,PGFV,10
2003,2,1,n,PGFV,5
2003,2,1,n,PGFV,9
2003,2,1,n,PGFV,9
2003,2,1,n,PGFV,8
2003,2,1,n,PGFV,8
2003,2,1,n,PGFV,8
2003,2,1,n,PGFV,9
2003,2,1,n,PGFV,8
2003,2,1,n,PGFV,5
2003,2,1,n,PGFV,6
2003,2,1,n,PGFV,7
2003,2,1,n,PGFV,9
2003,2,2,n,PGFV,7
2003,2,2,n,PGFV,10
2003,2,2,n,PGFV,8
2003,2,2,n,PGFV,9
2003,2,2,n,PGFV,7
2003,2,2,n,PGFV,5
2003,2,2,n,PGFV,10
2003,2,2,n,PGFV,8
2003,2,2,n,PGFV,9
2003,2,2,n,PGFV,8
2003,2,2,n,PGFV,8
2003,2,2,n,PGFV,7
2003,2,2,n,PGFV,7
2003,2,2,n,XESP,106
2003,2,2,n,PGFV,8
2003,2,2,n,PGFV,7
2003,2,2,n,XESP,114
2003,2,2,n,XESP,135
2003,2,2,n,PGFV,8
2003,2,2,n,PGFV,10
2003,2,3,n,PGFV,8
2003,2,3,n,PGFV,7
2003,2,3,n,PGFV,7
2003,2,3,n,PGFV,10
2003,2,3,n,PGFV,8
2003,2,3,n,PGFV,7
2003,2,3,n,PGFV,8
2003,2,3,n,PGFV,9
2003,2,3,n,PGFV,9
2003,2,3,n,PGFV,6
2003,2,3,n,PGFV,8
2003,2,3,n,PGFV,10
2003,2,3,n,PGFV,9
2003,2,3,n,PGFV,8
2003,2,3,n,PGFV,5
2003,2,3,n,PGFV,8
2003,2,3,n,PGFV,4
2003,3,1,n,PGFV,6
2003,3,1,n,PGFV,7
2003,3,1,n,PGFV,9
2003,3,1,n,ONAR,22
2003,3,1,n,PGFV,8
2003,3,1,n,PGFV,7
2003,3,1,n,PGFV,7
2003,3,1,n,PGFV,6
2003,3,1,n,PGFV,8
2003,3,1,n,PGFV,5
2003,3,1,n,PGFV,9
2003,3,1,n,PGFV,6
2003,3,1,n,PGFV,8
2003,3,1,n,PGFV,8
2003,3,1,n,PGFV,8
2003,3,1,n,PGFV,7
2003,3,1,n,PGFV,9
2003,3,1,n,PGFV,7
2003,3,1,n,PGFV,9
2003,3,1,n,XESP,104
2003,3,2,n,PGFV,7
2003,3,2,n,PGFV,8
2003,3,2,n,PGFV,6
2003,3,2,n,PGFV,7
2003,3,2,n,PGFV,5
2003,3,2,n,PGFV,8
2003,3,2,n,PGFV,7
2003,3,2,n,PGFV,7
2003,3,2,n,PGFV,9
2003,3,2,n,PGFV,7
2003,3,2,n,PGFV,10
2003,3,2,n,PGFV,8
2003,3,2,n,PGFV,8
2003,3,2,n,PGFV,9
2003,3,3,n,PGFV,7
2003,3,3,n,PGFV,10
2003,3,3,n,PGFV,9
2003,3,3,n,PGFV,9
2003,3,3,n,PGFV,9
2003,3,3,n,PGFV,5
2003,3,3,n,PGFV,8
2003,3,3,n,PGFV,10
2003,3,3,n,PGFV,10
2003,3,3,n,PGFV,6
2003,3,3,n,PGFV,9
2003,3,3,n,PGFV,5
2003,3,3,n,PGFV,8
2003,3,3,n,PGFV,9
2003,3,3,n,PGFV,9
2003,3,3,n,PGFV,9
2003,3,3,n,PGFV,6
2003,1,1,n,PGFV,7
2003,1,1,n,PGFV,7
2003,1,1,n,PGFV,8
2003,1,1,n,PGFV,7
2003,1,1,n,PGFV,8
2003,1,1,n,PGFV,7
2003,1,1,n,PGFV,7
2003,1,1,n,PGFV,6
2003,1,1,n,PGFV,9
2003,1,1,n,PGFV,6
2003,1,1,n,PGFV,8
2003,1,1,n,PGFV,7
2003,1,1,n,PGFV,6
2003,1,1,n,PGFV,6
2003,1,1,n,PGFV,7
2003,1,1,n,PGFV,8
2003,1,1,n,PGFV,7
2003,1,1,n,PGFV,6
2003,1,1,n,PGFV,6
2003,1,1,n,PGFV,6
2003,1,1,n,PGFV,6
2003,1,1,n,PGFV,6
2003,1,1,n,PGFV,6
2003,1,1,n,PGFV,8
2003,1,1,n,PGFV,6
2003,1,1,n,PGFV,8
2003,1,1,n,PGFV,7
2003,1,1,n,PGFV,7
2003,1,1,n,PGFV,6
2003,1,1,n,PGFV,8
2003,1,1,n,ONAR,18
2003,1,1,n,PGFV,8
2003,1,1,n,PGFV,6
2003,1,1,n,PGFV,6
2003,1,1,n,PGFV,7
2003,1,1,n,PGFV,7
2003,1,1,n,PGFV,8
2003,1,1,n,PGFV,7
2003,1,1,n,PGFV,8
2003,1,1,n,PGFV,7
2003,1,1,n,PGFV,8
2003,1,1,n,PGFV,7
2003,1,1,n,PGFV,8
2003,1,1,n,PGFV,7
2003,1,2,n,PGFV,7
2003,1,2,n,PGFV,8
2003,1,2,n,ONAR,17
2003,1,2,n,PGFV,7
2003,1,2,n,PGFV,8
2003,1,2,n,PGFV,7
2003,1,2,n,PGFV,8
2003,1,2,n,PGFV,6
2003,1,2,n,PGFV,6
2003,1,2,n,PGFV,6
2003,1,2,n,PGFV,8
2003,1,2,n,PGFV,7
2003,1,2,n,PGFV,6
2003,1,2,n,PGFV,8
2003,1,2,n,ONAR,20
2003,1,2,n,PGFV,6
2003,1,2,n,PGFV,8
2003,1,2,n,PGFV,8
2003,1,2,n,PGFV,8
2003,1,2,n,ONAR,20
2003,1,2,n,PGFV,9
2003,1,2,n,PGFV,8
2003,1,2,n,PGFV,8
2003,1,2,n,PGFV,9
2003,1,2,n,PGFV,6
2003,1,2,n,PGFV,8
2003,1,2,n,PGFV,6
2003,1,2,n,PGFV,7
2003,1,2,n,PGFV,8
2003,1,2,n,PGFV,7
2003,1,2,n,PGFV,7
2003,1,2,n,DIOR,45
2003,1,2,n,PGFV,7
2003,1,2,n,PGFV,10
2003,1,2,n,PGFV,8
2003,1,2,n,ONAR,20
2003,1,2,n,PGFV,8
2003,1,3,n,ONAR,15
2003,1,3,n,DIOR,48
2003,1,3,n,DISP,127
2003,1,3,n,PGFV,7
2003,1,3,n,DIOR,47
2003,1,3,n,PGFV,6
2003,1,3,n,PGFV,6
2003,1,3,n,PGFV,6
2003,1,3,n,PGFV,7
2003,1,3,n,PGFV,7
2003,1,3,n,PGFV,7
2003,1,3,n,PGFV,7
2003,1,3,n,PGFV,7
2003,1,3,n,PGFV,7
2003,1,3,n,PGFV,10
2003,1,3,n,PGFV,8
2003,1,3,n,PGFV,7
2003,1,3,n,PGFV,8
2003,1,3,n,ONAR,17
2003,1,3,n,ONAR,17
2003,1,3,n,PGFV,7
2003,1,3,n,PGFV,7
2003,1,3,n,ONAR,18
2003,1,3,n,ONAR,14
2003,1,3,n,DIOR,46
2003,1,3,n,PGFV,8
2003,1,3,n,PGFV,8
2003,1,3,n,PGFV,6
2003,1,3,n,ONAR,13
2003,1,3,n,PGFV,9
2003,1,3,n,ONAR,22
2003,1,3,n,PGFV,6
2003,2,1,n,PGFV,7
2003,2,1,n,PGFV,7
2003,2,1,n,PGFV,7
2003,2,1,n,ONAR,16
2003,2,1,n,PGFV,9
2003,2,1,n,PGFV,7
2003,2,1,n,PGFV,7
2003,2,1,n,PGFV,7
2003,2,1,n,PGFV,6
2003,2,1,n,PGFV,8
2003,2,1,n,PGFV,6
2003,2,1,n,PGFV,7
2003,2,1,n,PGFV,7
2003,2,1,n,PGFV,9
2003,2,1,n,PGFV,6
2003,2,1,n,PGFV,7
2003,2,1,n,DIOR,52
2003,2,1,n,PGFV,7
2003,2,1,n,PGFV,6
2003,2,1,n,PGFV,7
2003,2,1,n,PGFV,6
2003,2,1,n,PGFV,7
2003,2,1,n,PGFV,7
2003,2,1,n,PGFV,8
2003,2,1,n,PGFV,6
2003,2,1,n,PGFV,8
2003,2,1,n,PGFV,7
2003,2,1,n,PGFV,6
2003,2,2,n,PGFV,7
2003,2,2,n,PGFV,7
2003,2,2,n,PGFV,8
2003,2,2,n,DISP,136
2003,2,2,n,PGFV,7
2003,2,2,n,PGFV,8
2003,2,2,n,PGFV,7
2003,2,2,n,PGFV,NA
2003,2,2,n,PGFV,7
2003,2,2,n,PGFV,8
2003,2,2,n,PGFV,7
2003,2,2,n,PGFV,7
2003,2,2,n,PGFV,7
2003,2,2,n,PGFV,7
2003,2,2,n,PGFV,7
2003,2,2,n,PGFV,6
2003,2,2,n,PGFV,7
2003,2,2,n,PGFV,8
2003,2,2,n,PGFV,5
2003,2,2,n,PGFV,7
2003,2,2,n,PGFV,7
2003,2,2,n,PGFV,6
2003,2,2,n,PGFV,8
2003,2,2,n,PGFV,7
2003,2,2,n,PGFV,6
2003,2,2,n,PGFV,7
2003,2,2,n,DIOR,47
2003,2,2,n,DIOR,48
2003,2,2,n,PGFV,6
2003,2,2,n,PGFV,8
2003,2,2,n,PGFV,7
2003,2,2,n,PGFV,8
2003,2,3,n,PGFV,6
2003,2,3,n,PGFV,8
2003,2,3,n,PGFV,6
2003,2,3,n,ONAR,18
2003,2,3,n,PGFV,6
2003,2,3,n,PGFV,6
2003,2,3,n,PGFV,6
2003,2,3,n,ONAR,20
2003,2,3,n,PGFV,6
2003,2,3,n,PGFV,8
2003,2,3,n,PGFV,7
2003,2,3,n,PGFV,9
2003,2,3,n,PGFV,7
2003,2,3,n,PGFV,9
2003,2,3,n,ONAR,17
2003,2,3,n,PGFV,7
2003,2,3,n,PGFV,6
2003,2,3,n,PGFV,8
2003,2,3,n,ONAR,13
2003,2,3,n,PGFV,7
2003,2,3,n,PGFV,8
2003,2,3,n,PGFV,8
2003,2,3,n,PGFV,7
2003,2,3,n,DIOR,48
2003,2,3,n,ONAR,17
2003,2,3,n,PGFV,7
2003,2,3,n,PGFV,8
2003,2,3,n,PGFV,9
2003,3,1,n,PGFV,7
2003,3,1,n,PGFV,8
2003,3,1,n,PGFV,6
2003,3,1,n,PGFV,8
2003,3,1,n,PGFV,6
2003,3,1,n,PGFV,6
2003,3,1,n,PGFV,7
2003,3,1,n,ONAR,NA
2003,3,1,n,PGFV,7
2003,3,1,n,PGFV,6
2003,3,1,n,PGFV,7
2003,3,1,n,PGFV,7
2003,3,1,n,PGFV,7
2003,3,1,n,PGFV,7
2003,3,1,n,PGFV,7
2003,3,1,n,PGFV,9
2003,3,1,n,PGFV,6
2003,3,1,n,PGFV,6
2003,3,1,n,PGFV,7
2003,3,1,n,PGFV,8
2003,3,1,n,PGFV,8
2003,3,2,n,ONAR,19
2003,3,2,n,PGFV,8
2003,3,2,n,DIOR,45
2003,3,2,n,PGFV,7
2003,3,2,n,PGFV,6
2003,3,2,n,PGFV,6
2003,3,2,n,PGFV,6
2003,3,2,n,PGFV,7
2003,3,2,n,PGFV,5
2003,3,2,n,ONAR,14
2003,3,2,n,PGFV,7
2003,3,2,n,PGFV,6
2003,3,2,n,PGFV,7
2003,3,2,n,ONAR,16
2003,3,2,n,PGFV,6
2003,3,2,n,PGFV,6
2003,3,2,n,PGFV,7
2003,3,2,n,PGFV,8
2003,3,2,n,PGFV,6
2003,3,2,n,PGFV,7
2003,3,2,n,ONAR,17
2003,3,2,n,PGFL,12
2003,3,2,n,PGFV,9
2003,3,2,n,ONAR,15
2003,3,2,n,PGFV,6
2003,3,2,n,PGFV,8
2003,3,2,n,PGFV,6
2003,3,3,n,DIOR,48
2003,3,3,n,ONAR,15
2003,3,3,n,PGFV,7
2003,3,3,n,PGFV,7
2003,3,3,n,PGFV,6
2003,3,3,n,PGFV,5
2003,3,3,n,ONAR,18
2003,3,3,n,PGFV,7
2003,3,3,n,PGFV,6
2003,3,3,n,ONAR,14
2003,3,3,n,DIOR,45
2003,3,3,n,PGFV,5
2003,3,3,n,ONAR,17
2003,3,3,n,PGFV,6
2003,3,3,n,ONAR,17
2003,3,3,n,PGFV,7
2003,3,3,n,PGFV,7
2003,3,3,n,PGFV,6
2003,3,3,n,PGFV,7
2003,3,3,n,PGFV,9
2003,3,3,n,PGFV,9
2003,1,1,n,DIME,38
2003,1,1,n,PGFV,8
2003,1,1,n,DIME,47
2003,1,1,n,DIME,35
2003,1,1,n,DIME,44
2003,1,1,n,DIME,38
2003,1,1,n,DIME,38
2003,1,1,n,DIME,41
2003,1,1,n,DIME,37
2003,1,1,n,DIME,43
2003,1,1,n,DIME,58
2003,1,1,n,DIME,48
2003,1,1,n,PELE,21
2003,1,1,n,DIME,45
2003,1,1,n,DIME,43
2003,1,1,n,DIME,44
2003,1,1,n,DIME,51
2003,1,1,n,DIME,45
2003,1,1,n,DISP,99
2003,1,1,n,PEER,26
2003,1,1,n,DIME,40
2003,1,1,n,DIME,40
2003,1,1,n,DIME,43
2003,1,1,n,DIME,45
2003,1,1,n,DIME,42
2003,1,3,n,REME,7
2003,1,3,n,DIME,32
2003,1,3,n,DIME,48
2003,1,3,n,DIME,32
2003,1,3,n,DIME,41
2003,1,3,n,ONAR,23
2003,1,3,n,DIME,43
2003,1,3,n,DIME,42
2003,1,3,n,ONAR,21
2003,1,3,n,DIME,48
2003,1,3,n,REME,8
2003,1,3,n,ONAR,21
2003,1,3,n,PETR,24
2003,1,3,n,DIME,44
2003,1,3,n,DIME,35
2003,1,3,n,PELE,23
2003,1,3,n,DIME,42
2003,1,3,n,PGFV,7
2003,1,3,n,DIME,39
2003,1,3,n,REME,13
2003,1,3,n,DIME,46
2003,1,3,n,PEER,22
2003,1,3,n,PETR,24
2003,1,3,n,DIME,42
2003,1,3,n,DIME,41
2003,1,3,n,ONAR,22
2003,1,3,n,DIME,52
2003,1,3,n,PGFV,7
2003,1,3,n,DIME,46
2003,1,3,n,PGFV,6
2003,1,3,n,DIME,46
2003,1,3,n,PGFV,6
2003,1,3,n,DIME,44
2003,1,3,n,DIME,49
2003,1,3,n,ONAR,26
2003,1,3,n,DIME,45
2003,1,3,n,PGFV,6
2003,1,3,n,DIME,46
2003,1,3,n,DIME,37
2003,1,3,n,DIME,34
2003,1,3,n,DIME,39
2003,1,3,n,DIME,50
2003,1,3,n,DIME,36
2003,1,3,n,PETR,26
2003,1,3,n,PETR,21
2003,1,5,n,DIME,33
2003,1,5,n,DIME,33
2003,1,5,n,PETR,22
2003,1,5,n,REME,11
2003,1,5,n,DIME,41
2003,1,5,n,DIME,43
2003,1,5,n,DISP,120
2003,1,5,n,PGFV,7
2003,1,5,n,ONAR,22
2003,1,5,n,PEER,20
2003,1,5,n,DISP,139
2003,1,5,n,PGFV,7
2003,1,5,n,DIME,29
2003,1,5,n,DIME,42
2003,1,5,n,DIME,50
2003,1,5,n,DIME,27
2003,1,5,n,DIME,44
2003,1,5,n,DISP,148
2003,1,5,n,DIME,36
2003,1,5,n,DIME,39
2003,1,5,n,DIME,43
2003,1,5,n,DIME,49
2003,1,5,n,DIME,36
2003,1,5,n,DIME,41
2003,1,5,n,DIME,32
2003,1,5,n,DIME,46
2003,1,5,n,DIME,31
2003,1,5,n,ONAR,16
2003,1,5,n,DIME,42
2003,1,5,n,DIME,43
2003,1,5,n,DIME,48
2003,1,5,n,NEAL,170
2003,1,5,n,PETR,24
2003,1,5,n,DIME,30
2003,1,5,n,DIME,44
2003,1,5,n,DIME,31
2003,1,5,n,ONAR,12
2003,1,5,n,DIME,34
2003,1,5,n,DIME,44
2003,1,5,n,DIME,43
2003,1,5,n,DIME,36
2003,2,1,n,DIME,35
2003,2,1,n,PGFV,8
2003,2,1,n,DIME,50
2003,2,1,n,DISP,90
2003,2,1,n,DIME,46
2003,2,1,n,PGFV,7
2003,2,1,n,REME,NA
2003,2,1,n,PGFV,9
2003,2,1,n,DIME,39
2003,2,1,n,ONAR,26
2003,2,1,n,PEBO,21
2003,2,3,n,DIME,39
2003,2,3,n,DIME,41
2003,2,3,n,PETR,18
2003,2,3,n,REME,12
2003,2,3,n,PEER,22
2003,2,3,n,DIME,33
2003,2,3,n,PEER,19
2003,2,3,n,PGFV,7
2003,2,3,n,DIME,33
2003,2,3,n,DIOR,36
2003,2,3,n,PELE,23
2003,2,3,n,DISP,145
2003,2,3,n,DIME,33
2003,2,3,n,PEER,23
2003,2,3,n,DIME,39
2003,2,3,n,REME,12
2003,2,3,n,DIME,31
2003,2,3,n,DISP,153
2003,2,5,n,PGFV,9
2003,2,5,n,DIME,39
2003,2,5,n,DIME,41
2003,2,5,n,DIME,29
2003,2,5,n,DISP,91
2003,2,5,n,DIME,44
2003,2,5,n,PGFV,8
2003,2,5,n,PETR,22
2003,2,5,n,XESP,118
2003,2,5,n,DIME,30
2003,3,1,n,DIME,33
2003,3,1,n,DIME,39
2003,3,1,n,ONAR,16
2003,3,1,n,PGFV,7
2003,3,1,n,DIME,42
2003,3,3,n,DIME,43
2003,3,3,n,DIME,44
2003,3,3,n,REME,10
2003,3,3,n,PGFV,7
2003,3,3,n,DIME,40
2003,3,3,n,DIME,31
2003,3,3,n,REMO,6
2003,3,3,n,PGFV,6
2003,3,3,n,DISP,150
2003,3,3,n,DIME,43
2003,3,5,n,DIME,33
2003,3,5,n,DIME,48
2003,3,5,n,DISP,124
2003,3,5,n,DIME,23
2003,3,5,n,DIME,43
2003,3,5,n,DIME,35
2003,3,5,n,PGFV,7
2003,3,5,n,DIME,44
2003,1,1,n,DIME,47
2003,1,1,n,PEER,15
2003,1,1,n,DIME,40
2003,1,1,n,PEER,19
2003,1,1,n,DIME,32
2003,1,1,n,PGFV,7
2003,1,1,n,PGFV,6
2003,1,1,n,DIME,39
2003,1,1,n,PGFV,7
2003,1,1,n,PGFV,7
2003,1,1,n,PGFV,7
2003,1,1,n,DIME,40
2003,1,1,n,DIME,38
2003,1,1,n,DIME,36
2003,1,1,n,DIME,37
2003,1,1,n,PEER,19
2003,1,1,n,PEER,19
2003,1,1,n,DIME,37
2003,1,1,n,DIME,38
2003,1,1,n,DIME,41
2003,1,1,n,DIME,41
2003,1,1,n,DIME,42
2003,1,1,n,DIME,45
2003,1,1,n,DIME,43
2003,1,1,n,DISP,118
2003,1,1,n,PEER,18
2003,1,1,n,PEER,20
2003,1,1,n,DIME,39
2003,1,3,n,DIME,48
2003,1,3,n,PEER,20
2003,1,3,n,NEMI,150
2003,1,3,n,DIOR,40
2003,1,3,n,DIME,46
2003,1,3,n,PGFV,6
2003,1,3,n,DIME,40
2003,1,3,n,DIME,44
2003,1,3,n,ONLE,18
2003,1,3,n,DIME,44
2003,1,3,n,PGFV,8
2003,1,3,n,DIME,44
2003,1,3,n,DIME,37
2003,1,3,n,DIME,39
2003,1,3,n,PGFV,5.5
2003,1,3,n,PGFV,7
2003,1,3,n,DIME,54
2003,1,3,n,PGFV,6.5
2003,1,3,n,ONLE,19
2003,1,3,n,PETR,22
2003,1,3,n,DIME,38
2003,1,3,n,DIME,46
2003,1,3,n,DIME,38
2003,1,3,n,PGFV,6
2003,1,3,n,PGFV,6
2003,1,3,n,DIME,49
2003,1,3,n,PEER,18
2003,1,3,n,DIME,40
2003,1,3,n,PGFV,7
2003,1,3,n,PGFV,6
2003,1,3,n,DIME,36
2003,1,3,n,DIME,39
2003,1,3,n,ONAR,17
2003,1,3,n,PEER,19
2003,1,3,n,DIME,41
2003,1,5,n,PGFV,7
2003,1,5,n,DIME,39
2003,1,5,n,DIME,39
2003,1,5,n,DIME,40
2003,1,5,n,PGFV,6
2003,1,5,n,ONLE,17
2003,1,5,n,DIME,44
2003,1,5,n,DIME,40
2003,1,5,n,DIME,49
2003,1,5,n,DIME,43
2003,1,5,n,ONLE,19
2003,1,5,n,PGFV,6
2003,1,5,n,DIME,36
2003,1,5,n,XESP,138
2003,1,5,n,DIME,38
2003,1,5,n,DIME,39
2003,1,5,n,PGFV,5
2003,1,5,n,DIME,42
2003,1,5,n,PGFV,6
2003,1,5,n,DIME,37
2003,1,5,n,DISP,142
2003,1,5,n,PGFV,8
2003,1,5,n,ONLE,17
2003,1,5,n,ONAR,16
2003,1,5,n,PGFV,6
2003,1,5,n,CHIN,15
2003,1,5,n,DIME,40
2003,1,5,n,DIME,45
2003,1,5,n,DIME,38
2003,1,5,n,PGFV,7
2003,1,5,n,DIOR,58
2003,1,5,n,ONAR,20
2003,1,5,n,PGFV,6
2003,1,5,n,DIME,37
2003,1,5,n,DIME,40
2003,1,5,n,PGFV,6.5
2003,1,5,n,ONLE,19
2003,1,5,n,ONAR,19
2003,1,5,n,DIME,40
2003,1,5,n,PGFV,7
2003,1,5,n,PGFV,9
2003,1,5,n,PGFV,7
2003,1,5,n,PGFV,5
2003,1,5,n,DIME,41
2003,1,5,n,XESP,75
2003,1,5,n,DIME,40
2003,2,1,n,PGFV,6
2003,2,1,n,DISP,109
2003,2,1,n,PEER,17
2003,2,1,n,DIME,39
2003,2,1,n,PGFV,8
2003,2,1,n,PEER,20
2003,2,3,n,PGFV,7
2003,2,3,n,PGFV,6
2003,2,3,n,DIME,39
2003,2,3,n,DIME,37
2003,2,3,n,PGFV,6
2003,2,3,n,DIME,38
2003,2,3,n,PGFV,9
2003,2,3,n,DIME,40
2003,2,3,n,PGFV,6
2003,2,3,n,PGFV,6
2003,2,3,n,PEER,16
2003,2,3,n,PEER,17
2003,2,3,n,PGFV,6
2003,2,3,n,PGFV,6
2003,2,5,n,DIME,40
2003,2,5,n,DIME,46
2003,2,5,n,ONAR,11
2003,2,5,n,DIME,47
2003,2,5,n,PGFV,7
2003,2,5,n,DIME,38
2003,2,5,n,DIME,50
2003,2,5,n,PGFV,6
2003,2,5,n,XESP,140
2003,2,5,n,PGFV,6
2003,2,5,n,PGFV,6
2003,2,5,n,DIME,39
2003,2,5,n,PGFV,5
2003,2,5,n,PGFV,8
2003,2,5,n,PGFV,7
2003,2,5,n,PGFV,7
2003,2,5,n,PGFV,7
2003,2,5,n,PGFV,6
2003,2,5,n,DIME,48
2003,2,5,n,DIME,46
2003,2,5,n,DIME,39
2003,2,5,n,PGFV,6
2003,2,5,n,XESP,95
2003,2,5,n,ONAR,18
2003,2,5,n,PGFV,6
2003,2,5,n,DIME,43
2003,2,5,n,PGFV,8
2003,2,5,n,PGFV,6
2003,2,5,n,PGFV,NA
2003,2,5,n,PGFV,8
2003,2,5,n,PGFV,6
2003,3,1,n,PGFV,7
2003,3,1,n,XESP,NA
2003,3,1,n,DIME,39
2003,3,1,n,DIME,41
2003,3,1,n,PGFV,7
2003,3,1,n,DIME,40
2003,3,1,n,DISP,112
2003,3,1,n,DIME,42
2003,3,1,n,PGFV,6
2003,3,1,n,PEER,15
2003,3,3,n,DIME,40
2003,3,3,n,DIME,37
2003,3,3,n,DIME,44
2003,3,3,n,PEER,18
2003,3,3,n,PGFV,7
2003,3,3,n,PGFV,5
2003,3,3,n,DIME,43
2003,3,3,n,DIME,40
2003,3,3,n,PEER,17
2003,3,3,n,DIME,44
2003,3,3,n,PGFV,6
2003,3,3,n,PGFV,5
2003,3,3,n,PGFV,7
2003,3,3,n,DIOR,40
2003,3,3,n,DIME,46
2003,3,3,n,DIME,NA
2003,3,3,n,PEER,15
2003,3,3,n,DIOR,34
2003,3,3,n,DIME,40
2003,3,3,n,ONAR,18
2003,3,3,n,PGFV,7
2003,3,3,n,DIME,44
2003,3,3,n,PGFV,7
2003,3,3,n,PGFV,6
2003,3,3,n,ONAR,14
2003,3,5,n,PGFV,7
2003,3,5,n,PGFV,NA
2003,3,5,n,DIME,51
2003,3,5,n,PGFV,6
2003,3,5,n,PGFL,10
2003,3,5,n,DIME,40
2003,3,5,n,ONAR,NA
2003,3,5,n,PGFV,8
2003,3,5,n,DIME,45
2003,3,5,n,DIME,43
2003,3,5,n,PGFV,7
2003,3,5,n,PGFV,6
2003,3,5,n,PGFV,6
2003,3,5,n,PGFV,5
2003,3,5,n,DIME,NA
2003,1,1,n,PEBO,31
2003,1,1,n,PETR,25
2003,1,1,n,PETR,19
2003,1,1,n,PETR,21
2003,1,1,n,PETR,23
2003,1,1,n,PEBO,24
2003,1,1,n,PETR,19
2003,1,1,n,PETR,22
2003,1,1,n,PETR,26
2003,1,3,n,PETR,20
2003,1,3,n,PETR,23
2003,1,3,n,PETR,26
2003,1,3,n,PETR,25
2003,1,3,n,PENA,28
2003,1,3,n,PETR,19
2003,1,3,n,PENA,23
2003,1,3,n,PETR,19
2003,1,3,n,PEBO,26
2003,1,5,n,PETR,27
2003,1,5,n,PETR,24
2003,1,5,n,PETR,26
2003,1,5,n,PGFV,7
2003,1,5,n,PETR,22
2003,1,5,n,PETR,26
2003,1,5,n,PETR,26
2003,1,5,n,PETR,20
2003,1,5,n,PENA,24
2003,1,5,n,PETR,21
2003,1,5,n,PGFV,9
2003,1,5,n,PETR,19
2003,1,5,n,PETR,30
2003,1,5,n,PETR,22
2003,1,5,n,PETR,22
2003,1,5,n,PETR,25
2003,2,1,n,PEBO,18
2003,2,1,n,PENA,24
2003,2,1,n,PETR,18
2003,2,1,n,PEBO,24
2003,2,3,n,PETR,21
2003,2,3,n,NEAL,95
2003,2,3,n,PETR,27
2003,2,5,n,PEBO,25
2003,2,5,n,PETR,22
2003,2,5,n,PENA,23
2003,2,5,n,PETR,30
2003,2,5,n,PETR,23
2003,3,1,n,PEBO,21
2003,3,1,n,PETR,13
2003,3,1,n,PGFV,8
2003,3,1,n,PELE,23
2003,3,5,n,PETR,23
2003,3,5,n,PETR,22
2003,3,5,n,PETR,27
2003,1,1,n,PGFV,7
2003,1,1,n,PELE,22
2003,1,1,n,PGFV,6
2003,1,1,n,PETR,27
2003,1,3,n,PGFV,7
2003,1,3,n,PGFV,6
2003,1,3,n,PGFV,6
2003,1,3,n,PETR,21
2003,1,5,n,PGFV,6
2003,1,5,n,PETR,22
2003,1,5,n,PGFV,6
2003,1,5,n,PETR,22
2003,1,5,n,AMIN,110
2003,2,1,n,PGFV,8
2003,2,1,n,PGFV,6
2003,2,3,n,PGFV,8
2003,2,3,n,PEBO,32
2003,2,3,n,CHIN,10
2003,2,3,n,CHIN,15
2003,2,5,n,PGFV,6
2003,2,5,n,PETR,23
2003,3,1,n,PGFV,6
2003,3,1,n,PETR,18
2003,3,1,n,PETR,25
2003,3,3,n,PETR,21
2003,3,5,n,PETR,22
2003,1,2,n,PETR,30
2003,1,2,n,DIOR,45
2003,1,2,n,DIME,43
2003,1,2,n,PETR,30
2003,1,2,n,DIME,47
2003,1,2,n,DIOR,48
2003,1,2,n,PEBO,26
2003,1,2,n,DIME,47
2003,1,2,n,DIME,47
2003,1,2,n,DIME,46
2003,1,2,n,PETR,26
2003,1,2,n,DIME,50
2003,1,2,n,DIME,42
2003,1,2,n,DIOR,50
2003,1,2,n,DIME,46
2003,1,2,n,DIME,50
2003,1,2,n,DIME,45
2003,1,2,n,PEBO,22
2003,1,2,n,DIME,54
2003,1,4,n,DIOR,48
2003,1,4,n,DIOR,56
2003,1,4,n,DIME,44
2003,1,4,n,DIME,48
2003,1,4,n,REME,10
2003,1,4,n,ONLE,20
2003,1,4,n,REME,16
2003,1,4,n,REME,11
2003,1,4,n,DIME,49
2003,1,4,n,DIME,33
2003,1,4,n,ONLE,21
2003,1,4,n,DIME,47
2003,1,4,n,PGFV,7
2003,1,4,n,DIME,45
2003,1,4,n,DIOR,50
2003,1,4,n,ONAR,23
2003,1,5,n,DIME,40
2003,1,5,n,DIME,44
2003,1,5,n,ONAR,26
2003,1,5,n,PGFL,10
2003,1,5,n,DIME,48
2003,1,5,n,DIME,49
2003,1,5,n,DIME,48
2003,1,5,n,DIME,44
2003,1,5,n,PEBO,26
2003,1,5,n,ONAR,19
2003,1,5,n,PEBO,21
2003,1,5,n,DIME,50
2003,1,5,n,PGFL,12
2003,1,5,n,DIME,48
2003,1,5,n,ONAR,21
2003,1,5,n,DIME,47
2003,1,5,n,DIME,45
2003,2,2,n,DIME,47
2003,2,2,n,DISP,82
2003,2,2,n,DISP,140
2003,2,2,n,DIME,44
2003,2,2,n,DIME,48
2003,2,2,n,PETR,24
2003,2,2,n,DIME,50
2003,2,2,n,DIME,52
2003,2,4,n,DIME,53
2003,2,5,n,DIME,32
2003,2,5,n,PGFL,13
2003,2,5,n,PGFL,12
2003,2,5,n,PEBO,27
2003,3,2,n,PEBO,30
2003,3,2,n,DIOR,49
2003,3,2,n,PEBO,27
2003,3,2,n,DISP,153
2003,3,2,n,DIME,61
2003,3,2,n,ONAR,33
2003,3,2,n,DIME,44
2003,3,2,n,PEBO,22
2003,3,2,n,DIME,42
2003,3,2,n,PETR,24
2003,3,2,n,DIME,46
2003,3,4,n,PGFV,7
2003,3,4,n,DIME,51
2003,3,4,n,REME,11
2003,3,4,n,DIME,46
2003,3,4,n,REME,14
2003,3,4,n,ONAR,19
2003,3,4,n,PGFL,13
2003,3,4,n,DIME,46
2003,3,4,n,PGFV,8
2003,3,4,n,REME,13
2003,3,5,n,DIME,55
2003,3,5,n,DIOR,50
2003,3,5,n,DIME,50
2003,1,2,n,DIME,40
2003,1,2,n,DIME,38
2003,1,2,n,DIME,139
2003,1,2,n,PEBO,22
2003,1,2,n,DIME,41
2003,1,2,n,DIME,45
2003,1,2,n,PETR,30
2003,1,2,n,DIME,35
2003,1,2,n,DIME,45
2003,1,2,n,DIME,46
2003,1,2,n,DIME,40
2003,1,2,n,DIME,36
2003,1,2,n,DIME,39
2003,1,2,n,DIME,45
2003,1,2,n,DIME,44
2003,1,2,n,DIME,44
2003,1,2,n,DIME,42
2003,1,4,n,ONAR,32
2003,1,4,n,XESP,89
2003,1,4,n,DIME,38
2003,1,4,n,DIME,42
2003,1,4,n,DIME,48
2003,1,4,n,DIME,44
2003,1,4,n,DIME,42
2003,1,4,n,DIME,39
2003,1,4,n,DIME,36
2003,1,4,n,DIME,39
2003,1,4,n,DIME,42
2003,1,4,n,DIME,41
2003,1,4,n,DIME,38
2003,1,4,n,DIME,46
2003,1,4,n,DIME,41
2003,1,5,n,DIME,40
2003,1,5,n,DIME,45
2003,1,5,n,DIME,43
2003,1,5,n,DIME,40
2003,1,5,n,ONAR,15
2003,1,5,n,DIME,43
2003,1,5,n,ONAR,17
2003,1,5,n,DIME,39
2003,1,5,n,DIME,40
2003,1,5,n,DIME,40
2003,1,5,n,ONAR,18
2003,1,5,n,NEMI,74
2003,1,5,n,ONAR,20
2003,1,5,n,DIME,43
2003,2,2,n,PGFL,12
2003,2,2,n,NEAL,110
2003,2,4,n,DIME,34
2003,2,4,n,NEAL,154
2003,2,4,n,PGFV,7
2003,2,4,n,DIME,45
2003,2,4,n,NEAL,104
2003,2,4,n,DIME,44
2003,2,5,n,ONLE,27
2003,2,5,n,DIME,40
2003,2,5,n,ONAR,15
2003,3,2,n,NEAL,176
2003,3,2,n,DIME,39
2003,3,2,n,DIME,41
2003,3,4,n,PGFV,6
2003,3,4,n,DIME,42
2003,3,4,n,DIME,42
2003,3,4,n,PGFV,6
2003,3,5,n,DIME,40
2003,3,5,n,DIME,39
2003,3,5,n,DIME,39
2003,3,5,n,PGFV,6
2004,1,2,n,ONAR,23
2004,1,2,n,DISP,138
2004,1,2,n,DISP,148
2004,1,2,n,DISP,134
2004,1,2,n,DISP,146
2004,1,2,n,DISP,122
2004,1,2,n,DISP,145
2004,1,2,n,DISP,138
2004,1,2,n,DISP,150
2004,1,2,n,PGFV,6
2004,1,2,n,DISP,129
2004,1,3,n,PGFV,7
2004,1,3,n,DIOR,62
2004,1,3,n,DISP,125
2004,1,5,n,PGFV,7
2004,1,5,n,DISP,112
2004,1,5,n,DISP,110
2004,1,5,n,DISP,135
2004,2,2,n,DISP,130
2004,2,2,n,DISP,120
2004,2,2,n,PETR,18
2004,2,2,n,DISP,130
2004,2,3,n,PGFV,7
2004,2,3,n,PGFV,9
2004,2,5,n,PGFV,6
2004,2,5,n,PGFV,7
2004,2,5,n,PGFV,9
2004,2,5,n,DISP,120
2004,2,5,n,PGFV,9
2004,2,5,n,DISP,122
2004,2,5,n,DISP,148
2004,3,2,n,XESP,NA
2004,3,2,n,ONAR,23
2004,3,2,n,ONAR,8
2004,3,2,n,ONAR,25
2004,3,3,n,XESP,102
2004,3,3,n,ONAR,22
2004,3,3,n,XESP,NA
2004,3,3,n,PGFV,6
2004,3,5,n,PGFV,6
2004,3,5,n,PETR,19
2004,3,5,n,XESP,108
2004,3,5,n,NEAL,94
2004,1,2,n,DISP,151
2004,1,2,n,DISP,144
2004,1,2,n,DISP,163
2004,1,2,n,DISP,119
2004,1,2,n,ONAR,19
2004,1,2,n,DISP,120
2004,1,2,n,DISP,160
2004,1,2,n,DISP,132
2004,1,2,n,PGFV,5
2004,1,2,n,ONLE,20
2004,1,2,n,DISP,130
2004,1,2,n,PGFV,6
2004,1,3,n,PGFV,7
2004,1,3,n,DISP,140
2004,1,3,n,PGFV,6
2004,1,3,n,PGFV,6
2004,1,3,n,PGFV,6
2004,1,3,n,DISP,102
2004,1,3,n,DISP,130
2004,1,3,n,DISP,162
2004,1,3,n,PGFV,6
2004,1,3,n,PGFV,7
2004,1,3,n,PGFV,6
2004,1,5,n,DISP,149
2004,1,5,n,PGFV,7
2004,1,5,n,ONAR,16
2004,1,5,n,DISP,170
2004,1,5,n,ONAR,19
2004,1,5,n,DISP,140
2004,1,5,n,ONAR,19
2004,1,5,n,DISP,NA
2004,1,5,n,DISP,130
2004,2,2,n,PGFV,6
2004,2,2,n,PGFV,5
2004,2,2,n,DISP,150
2004,2,2,n,PGFV,6
2004,2,2,n,XESP,85
2004,2,2,n,PGFV,7
2004,2,2,n,ONAR,18
2004,2,2,n,DISP,173
2004,2,2,n,DISP,140
2004,2,2,n,PGFV,7
2004,2,2,n,PGFV,6
2004,2,2,n,DISP,110
2004,2,2,n,PGFV,6
2004,2,3,n,DIOR,30
2004,2,3,n,ONAR,22
2004,2,3,n,PGFV,7
2004,2,3,n,XESP,52
2004,2,3,n,DISP,NA
2004,2,3,n,PGFV,7
2004,2,3,n,DIME,34
2004,2,5,n,PGFV,6
2004,2,5,n,DISP,130
2004,2,5,n,PGFV,6
2004,2,5,n,PGFV,7
2004,2,5,n,ONAR,13
2004,2,5,n,DISP,118
2004,3,2,n,PGFV,6
2004,3,2,n,DISP,160
2004,3,2,n,PGFV,6
2004,3,2,n,PGFV,6
2004,3,2,n,PGFV,8
2004,3,2,n,PGFV,8
2004,3,2,n,XESP,49
2004,3,2,n,PGFV,7
2004,3,2,n,PGFV,6
2004,3,2,n,PGFV,7
2004,3,2,n,PGFV,6
2004,3,3,n,PGFV,7
2004,3,3,n,DISP,NA
2004,3,3,n,PGFV,6
2004,3,3,n,ONAR,12
2004,3,3,n,PGFV,6
2004,3,3,n,PGFV,7
2004,3,5,n,NEMI,190
2004,3,5,n,PGFV,6
2004,3,5,n,XESP,100
2004,3,5,n,DISP,130
2004,1,1,n,PGFV,7
2004,1,1,n,PGFV,8
2004,1,1,n,XESP,98
2004,1,1,n,PGFV,8
2004,1,1,n,PGFV,7
2004,1,1,n,DISP,113
2004,1,1,n,PGFV,7
2004,1,1,n,PGFV,9
2004,1,1,n,PGFV,9
2004,1,1,n,PGFV,7
2004,1,1,n,PGFV,7
2004,1,2,n,DIOR,45
2004,1,2,n,PGFV,9
2004,1,2,n,PGFV,7
2004,1,2,n,PGFV,7
2004,1,2,n,PGFV,7
2004,1,2,n,PGFV,8
2004,1,2,n,PGFV,7
2004,1,2,n,PGFV,8
2004,1,2,n,PGFV,9
2004,1,2,n,PGFV,8
2004,1,2,n,PGFV,7
2004,1,2,n,PGFV,8
2004,1,2,n,PGFV,7
2004,1,2,n,PGFV,7
2004,1,2,n,PGFV,8
2004,1,2,n,PGFV,9
2004,1,2,n,DIOR,52
2004,1,2,n,PGFV,7
2004,1,2,n,DIOR,54
2004,1,2,n,PGFV,8
2004,1,2,n,PGFV,8
2004,1,3,n,ONAR,20
2004,1,3,n,PGFV,7
2004,1,3,n,PGFV,9
2004,1,3,n,PGFV,9
2004,1,3,n,PGFV,8
2004,1,3,n,PGFV,7
2004,1,3,n,PGFV,9
2004,1,3,n,PGFV,8
2004,1,3,n,PGFV,7
2004,1,3,n,PGFV,6
2004,1,3,n,PGFV,8
2004,1,3,n,PGFV,8
2004,1,3,n,PGFV,8
2004,1,3,n,PGFV,6
2004,1,3,n,PGFV,8
2004,1,3,n,PGFV,7
2004,1,3,n,DIOR,48
2004,1,3,n,PGFV,6
2004,1,3,n,PGFV,8
2004,1,3,n,PGFV,7
2004,1,3,n,DIOR,49
2004,1,3,n,PGFV,7
2004,1,3,n,PGFV,6
2004,1,3,n,PGFV,6
2004,1,3,n,PGFV,6
2004,1,3,n,PGFV,8
2004,1,3,n,PGFV,8
2004,1,3,n,PGFV,9
2004,1,3,n,PGFV,6
2004,1,3,n,PGFV,5
2004,1,3,n,PGFV,5
2004,1,3,n,XESP,90
2004,1,3,n,PGFV,5
2004,1,3,n,PGFV,6
2004,1,3,n,PGFV,8
2004,1,3,n,DISP,140
2004,1,3,n,PGFV,6
2004,1,3,n,PGFV,7
2004,1,3,n,PGFV,9
2004,1,3,n,PGFV,6
2004,1,3,n,PGFV,7
2004,1,3,n,PGFV,8
2004,1,3,n,PGFV,9
2004,2,1,n,PGFV,7
2004,2,1,n,DISP,103
2004,2,1,n,PGFV,9
2004,2,1,n,PGFV,7
2004,2,1,n,PGFV,10
2004,2,1,n,PGFV,8
2004,2,1,n,PGFV,7
2004,2,1,n,PGFV,7
2004,2,1,n,PGFV,9
2004,2,1,n,PGFV,8
2004,2,2,n,PGFV,7
2004,2,2,n,PGFV,7
2004,2,3,n,PGFV,8
2004,2,3,n,PGFV,9
2004,2,3,n,DIOR,47
2004,2,3,n,PGFV,7
2004,2,3,n,PGFV,8
2004,2,3,n,PGFV,8
2004,3,1,n,PGFV,8
2004,3,1,n,PGFV,10
2004,3,1,n,PGFV,11
2004,3,1,n,PGFV,7
2004,3,1,n,PGFV,6
2004,3,1,n,PGFV,8
2004,3,1,n,DISP,148
2004,3,2,n,PGFV,7
2004,3,2,n,PGFV,7
2004,3,2,n,PGFV,7
2004,3,2,n,PGFV,9
2004,3,2,n,ONAR,21
2004,3,2,n,PGFV,9
2004,3,2,n,PGFV,8
2004,3,2,n,PGFV,7
2004,3,2,n,PGFV,NA
2004,3,3,n,PGFV,6
2004,3,3,n,PGFV,6
2004,3,3,n,PGFV,NA
2004,3,3,n,PGFV,9
2004,3,3,n,PGFV,8
2004,3,3,n,PGFV,7
2004,3,3,n,DISP,60
2004,3,3,n,PGFV,8
2004,1,1,n,ONAR,23
2004,1,1,n,DISP,140
2004,1,1,n,DIME,48
2004,1,1,n,DIME,48
2004,1,1,n,DIME,45
2004,1,1,n,DIME,49
2004,1,3,n,ONAR,NA
2004,1,3,n,DIME,46
2004,1,3,n,DIME,43
2004,1,3,n,DIME,45
2004,1,3,n,DIME,41
2004,1,3,n,DIME,49
2004,1,3,n,ONAR,NA
2004,1,3,n,DIME,47
2004,1,5,n,PGFV,9
2004,1,5,n,DISP,132
2004,1,5,n,DIME,47
2004,2,1,n,DIOR,51
2004,2,1,n,PGFV,9
2004,2,1,n,PGFV,9
2004,2,3,n,PGFV,7
2004,2,5,n,DIME,41
2004,2,5,n,DISP,NA
2004,2,5,n,ONAR,17
2004,2,5,n,ONAR,22
2004,2,5,n,PGFV,9
2004,3,1,n,DISP,103
2004,3,1,n,PGFV,7
2004,3,1,n,DISP,140
2004,3,1,n,PGFV,9
2004,3,5,n,PGFV,7
2004,3,5,n,DIME,43
2004,3,5,n,PGFV,8
2004,3,5,n,PGFV,9
2004,3,5,n,ONAR,11
2004,3,5,n,PGFV,8
2004,3,5,n,PGFV,9
2004,3,5,n,NEAL,80
2004,1,1,n,PGFV,6
2004,1,1,n,PEBO,19
2004,1,1,n,DIME,30
2004,1,1,n,ONAR,19
2004,1,1,n,NEAL,110
2004,1,1,n,PGFV,7
2004,1,1,n,PGFV,7
2004,1,1,n,DIME,42
2004,1,1,n,PEBO,18
2004,1,1,n,PGFV,6
2004,1,1,n,DIME,39
2004,1,1,n,DIME,38
2004,1,1,n,DIME,34
2004,1,1,n,DIME,25
2004,1,1,n,PGFV,6
2004,1,1,n,ONAR,19
2004,1,1,n,DISP,50
2004,1,3,n,DIME,37
2004,1,3,n,DIME,36
2004,1,3,n,DIME,47
2004,1,3,n,PGFV,8
2004,1,3,n,PGFV,6
2004,1,3,n,ONAR,21
2004,1,3,n,DISP,123
2004,1,3,n,PEER,21
2004,1,3,n,DIME,43
2004,1,3,n,DIME,36
2004,1,3,n,ONAR,20
2004,1,3,n,PGFV,6
2004,1,3,n,DIME,48
2004,1,5,n,DIME,40
2004,1,5,n,DISP,120
2004,1,5,n,DISP,132
2004,1,5,n,PGFV,8
2004,1,5,n,DIME,45
2004,1,5,n,PGFV,6
2004,1,5,n,DIME,54
2004,1,5,n,ONAR,21
2004,1,5,n,PGFV,7
2004,1,5,n,PGFV,7
2004,1,5,n,DIME,40
2004,1,5,n,PGFV,6
2004,1,5,n,DIME,43
2004,1,5,n,PGFV,6
2004,1,5,n,DIME,42
2004,1,5,n,ONAR,16
2004,1,5,n,DIME,38
2004,1,5,n,PEBO,20
2004,1,5,n,DIME,45
2004,1,5,n,PGFV,5
2004,1,5,n,DIME,35
2004,1,5,n,DIME,46
2004,1,5,n,PGFV,6
2004,1,5,n,DIME,40
2004,2,1,n,DISP,98
2004,2,1,n,DIME,40
2004,2,1,n,DISP,125
2004,2,1,n,PEBO,23
2004,2,1,n,PGFV,6
2004,2,3,n,DIME,44
2004,2,3,n,DIME,39
2004,2,3,n,DIME,44
2004,2,3,n,PGFV,7
2004,2,3,n,DIME,36
2004,2,3,n,DIME,35
2004,2,3,n,ONAR,15
2004,2,3,n,ONAR,13
2004,2,5,n,NEMI,140
2004,2,5,n,DIME,38
2004,2,5,n,ONAR,21
2004,2,5,n,PEBO,23
2004,2,5,n,DIME,43
2004,2,5,n,DIME,29
2004,2,5,n,XESP,70
2004,2,5,n,PGFV,8
2004,2,5,n,PGFV,7
2004,2,5,n,XESP,130
2004,3,1,n,ONAR,14
2004,3,1,n,NEAL,68
2004,3,1,n,DIME,31
2004,3,1,n,PGFV,7
2004,3,1,n,ONAR,17
2004,3,1,n,DIME,22
2004,3,3,n,PGFV,6
2004,3,5,n,DIME,35
2004,3,5,n,DISP,100
2004,3,5,n,PGFV,8
2004,3,5,n,DIME,35
2004,3,5,n,DISP,122
2004,3,5,n,DISP,147
2004,3,5,n,DIME,40
2004,3,5,n,DIOR,28
2004,3,5,n,DIME,46
2004,3,5,n,PGFV,6
2004,3,5,n,DIME,41
2004,1,2,n,DIME,52
2004,1,2,n,DIME,40
2004,1,2,n,DIME,38
2004,1,2,n,DIME,36
2004,1,2,n,NEAL,142
2004,1,2,n,DIME,55
2004,1,2,n,DIME,43
2004,1,2,n,DIME,43
2004,1,2,n,PETR,20
2004,1,2,n,DIME,45
2004,1,2,n,PETR,26
2004,1,2,n,DIME,44
2004,1,2,n,PETR,35
2004,1,4,n,DIME,45
2004,1,4,n,DIME,40
2004,1,4,n,PGFL,125
2004,1,4,n,DIME,41
2004,1,4,n,DIME,52
2004,1,4,n,DIME,43
2004,1,5,n,DIME,42
2004,1,5,n,DIME,40
2004,1,5,n,PEBO,25
2004,1,5,n,DIME,41
2004,1,5,n,DIME,42
2004,1,5,n,DIME,40
2004,1,5,n,DIME,46
2004,2,2,n,DIME,41
2004,2,2,n,DIME,36
2004,2,2,n,DIME,44
2004,2,2,n,PGFV,7
2004,2,2,n,DIME,36
2004,2,2,n,DIME,51
2004,2,4,n,DIME,41
2004,2,5,n,ONAR,NA
2004,2,5,n,DIME,45
2004,2,5,n,DIME,44
2004,2,5,n,DIME,48
2004,2,5,n,DIME,41
2004,3,2,n,DIME,44
2004,3,2,n,DIME,46
2004,3,2,n,DIME,42
2004,3,2,n,PETR,23
2004,3,4,n,DIME,46
2004,3,4,n,ONAR,NA
2004,3,5,n,DIME,42
2004,1,2,n,DIME,40
2004,1,2,n,NEAL,91
2004,1,2,n,DIME,42
2004,1,2,n,DIME,39
2004,1,2,n,DIME,42
2004,1,2,n,NEMI,150
2004,1,2,n,DIME,43
2004,1,2,n,PETR,26
2004,1,2,n,DIME,23
2004,1,2,n,DIME,46
2004,1,2,n,DIME,41
2004,1,2,n,DIME,45
2004,1,2,n,DIME,47
2004,1,2,n,DIME,42
2004,1,2,n,ONXX,NA
2004,1,2,n,PGFV,6
2004,1,2,n,PGFL,13
2004,1,2,n,ONLE,28
2004,1,2,n,DIME,40
2004,1,2,n,DIME,50
2004,1,2,n,DIME,44
2004,1,2,n,NEAL,72
2004,1,4,n,DIME,42
2004,1,4,n,DIME,46
2004,1,4,n,PGFV,7
2004,1,4,n,DIME,50
2004,1,4,n,DIME,50
2004,1,4,n,DIME,26
2004,1,4,n,PGFV,6
2004,1,4,n,DIME,45
2004,1,4,n,DIME,49
2004,1,4,n,DIME,48
2004,1,4,n,DIME,45
2004,1,4,n,DIME,48
2004,1,5,n,DIME,41
2004,1,5,n,DIME,47
2004,1,5,n,ONAR,18
2004,1,5,n,DIME,47
2004,1,5,n,DIME,49
2004,1,5,n,DIME,50
2004,1,5,n,NEAL,NA
2004,1,5,n,ONAR,19
2004,1,5,n,DIME,44
2004,1,5,n,DIME,47
2004,1,5,n,DIME,36
2004,1,5,n,ONAR,25
2004,1,5,n,DIME,48
2004,2,2,n,DIME,28
2004,2,2,n,DIME,32
2004,2,2,n,PGFL,11
2004,2,2,n,DIME,35
2004,2,2,n,DIME,33
2004,2,2,n,PEBO,20
2004,2,2,n,PETR,17
2004,2,2,n,PGFV,8
2004,2,2,n,NEAL,79
2004,2,2,n,DIME,25
2004,2,2,n,DIME,NA
2004,2,2,n,PETR,32
2004,2,2,n,DIME,40
2004,2,2,n,DIME,46
2004,2,4,n,ONAR,18
2004,2,4,n,DIME,54
2004,2,4,n,DIME,25
2004,2,4,n,PGFL,10
2004,2,4,n,ONAR,37
2004,2,4,n,DIME,40
2004,2,5,n,DIME,45
2004,2,5,n,ONAR,19
2004,2,5,n,ONAR,20
2004,2,5,n,NEAL,NA
2004,3,2,n,DIME,33
2004,3,2,n,DIME,38
2004,3,2,n,DIME,49
2004,3,2,n,PETR,30
2004,3,2,n,DIME,44
2004,3,4,n,PGFV,6
2004,3,4,n,DIME,34
2004,3,4,n,DIME,24
2004,3,4,n,PGFV,6
2004,3,4,n,DIME,50
2004,3,4,n,ONLE,20
2004,3,4,n,PGFV,7
2004,3,4,n,ONLE,39
2004,3,4,n,PGFL,10
2004,3,4,n,DIME,46
2004,3,5,n,NEAL,NA
2004,3,5,n,PGFV,6
2004,3,5,n,NEAL,148
2004,3,5,n,PGFV,4
2004,3,5,n,PGFV,NA
2004,3,5,n,DIME,40
2004,3,5,n,ONAR,19
2005,1,2,n,DISP,175
2005,1,2,n,PGFV,8
2005,1,2,n,DISP,151
2005,1,2,n,DISP,142
2005,1,2,n,DISP,110
2005,1,2,n,DISP,128
2005,1,2,n,DISP,120
2005,1,2,n,CHIN,9
2005,1,2,n,DISP,130
2005,1,2,n,PGFV,9
2005,1,3,n,PGFV,5
2005,1,3,n,DISP,160
2005,1,3,n,DISP,145
2005,1,3,n,PGFV,5
2005,1,3,n,ONLE,100
2005,1,3,n,PGFV,6
2005,1,3,n,PGFV,5
2005,1,3,n,PGFV,4
2005,1,3,n,DISP,150
2005,1,3,n,DISP,110
2005,1,3,n,PGFV,6
2005,1,3,n,DISP,130
2005,1,3,n,DISP,100
2005,1,5,n,DISP,105
2005,1,5,n,DISP,136
2005,1,5,n,DISP,130
2005,1,5,n,DISP,62
2005,1,5,n,DISP,135
2005,1,5,n,DISP,144
2005,2,2,n,PGFV,4
2005,2,2,n,DISP,140
2005,2,2,n,PGFL,5
2005,2,2,n,DISP,NA
2005,2,2,n,DISP,132
2005,2,2,n,DISP,140
2005,2,2,n,PGFV,7
2005,2,2,n,PGFV,4
2005,2,2,n,PETR,29
2005,2,2,n,PGFV,NA
2005,2,2,n,PGFV,6
2005,2,2,n,DISP,60
2005,2,3,n,DISP,142
2005,2,3,n,PGFV,7
2005,2,3,n,PGFV,9
2005,2,3,n,DISP,112
2005,2,3,n,PGFV,8.5
2005,2,3,n,PGFV,8
2005,2,3,n,PGFV,7
2005,2,3,n,DISP,155
2005,2,3,n,PGFV,7
2005,2,5,n,DISP,102
2005,2,5,n,DISP,138
2005,2,5,n,ONAR,16
2005,2,5,n,PGFV,8
2005,2,5,n,DISP,110
2005,2,5,n,DISP,140
2005,3,2,n,DISP,155
2005,3,2,n,PGFV,6
2005,3,2,n,CHIN,7
2005,3,2,n,PGFV,5
2005,3,2,n,DISP,NA
2005,3,3,n,PGFV,9
2005,3,3,n,DISP,138
2005,3,3,n,ONAR,20
2005,3,3,n,PGFV,9
2005,3,5,n,PGFV,6
2005,3,5,n,DISP,145
2005,3,5,n,PGFV,8
2005,1,2,n,PGFV,8
2005,1,2,n,PGFV,7
2005,1,2,n,DISP,99
2005,1,2,n,DISP,148
2005,1,2,n,DISP,120
2005,1,2,n,DISP,152
2005,1,2,n,PGFV,6
2005,1,2,n,DISP,118
2005,1,2,n,DISP,120
2005,1,2,n,DISP,150
2005,1,3,n,DISP,NA
2005,1,3,n,DISP,140
2005,1,3,n,PGFV,5
2005,1,3,n,DISP,150
2005,1,3,n,DISP,150
2005,1,3,n,NEAL,105
2005,1,3,n,DIME,42
2005,1,3,n,DIOR,55
2005,1,3,n,DISP,120
2005,1,3,n,PGFV,7
2005,1,3,n,DISP,150
2005,1,3,n,PGFV,7
2005,1,3,n,DISP,120
2005,1,5,n,PGFV,7
2005,1,5,n,DISP,170
2005,1,5,n,NEAL,235
2005,1,5,n,NEAL,120
2005,1,5,n,DISP,141
2005,1,5,n,NEMI,95
2005,1,5,n,DISP,140
2005,1,5,n,PELE,26
2005,1,5,n,NEMI,92
2005,1,5,n,DISP,148
2005,1,5,n,DISP,100
2005,1,5,n,NEMI,341
2005,2,2,n,PGFV,6
2005,2,2,n,DISP,155
2005,2,2,n,DISP,140
2005,2,2,n,DISP,NA
2005,2,2,n,DISP,102
2005,2,2,n,PGFV,7
2005,2,2,n,DISP,148
2005,2,2,n,PGFV,6
2005,2,2,n,PGFV,6
2005,2,3,n,DIOR,40
2005,2,3,n,PGFV,5
2005,2,3,n,DISP,150
2005,2,3,n,PGFV,4
2005,2,3,n,PGFV,NA
2005,2,3,n,DISP,140
2005,2,3,n,PGFV,5
2005,2,3,n,DISP,140
2005,2,3,n,PGFV,6.5
2005,2,3,n,DISP,120
2005,2,3,n,DISP,128
2005,2,3,n,PGFV,8
2005,2,3,n,PGFV,8
2005,2,5,n,NEAL,NA
2005,2,5,n,NEAL,155
2005,2,5,n,DISP,110
2005,2,5,n,DISP,120
2005,2,5,n,DISP,140
2005,2,5,n,PGFV,7
2005,2,5,n,DISP,120
2005,2,5,n,DISP,140
2005,2,5,n,DIME,54
2005,1,1,n,DIME,45
2005,1,1,n,DIME,50
2005,1,1,n,DIME,55
2005,1,1,n,DISP,140
2005,1,1,n,PGFV,8
2005,1,1,n,DIME,3
2005,1,1,n,DIME,40
2005,1,1,n,DISP,40
2005,1,1,n,DIME,42
2005,1,1,n,PGFV,4
2005,1,1,n,DISP,150
2005,1,1,n,DIME,55
2005,1,1,n,DISP,140
2005,1,3,n,PGFV,7
2005,1,3,n,ONAR,18
2005,1,3,n,DIME,48
2005,1,3,n,DISP,129
2005,1,3,n,DIME,40
2005,1,3,n,DIME,30
2005,1,3,n,PGFV,8
2005,1,3,n,PGFV,7
2005,1,3,n,DIME,50
2005,1,3,n,DIME,45
2005,1,3,n,DIME,40
2005,1,3,n,DIME,41
2005,1,3,n,DIME,43
2005,1,3,n,PGFV,5
2005,1,5,n,NEAL,208
2005,1,5,n,DISP,152
2005,1,5,n,DIME,48
2005,1,5,n,DIME,52
2005,1,5,n,DIME,50
2005,1,5,n,DIME,38
2005,1,5,n,PGFV,NA
2005,1,5,n,PGFV,5
2005,1,5,n,DIME,40
2005,1,5,n,PGFV,8
2005,1,5,n,PGFV,8
2005,1,5,n,PGFV,7
2005,1,5,n,DIME,20
2005,1,5,n,DIME,43
2005,1,5,n,DIME,42
2005,1,5,n,DIME,45
2005,1,5,n,PGFV,4
2005,1,5,n,DIME,45
2005,1,5,n,DISP,140
2005,2,1,n,CHIN,13
2005,2,1,n,PGFV,7.5
2005,2,1,n,DIME,40
2005,2,1,n,PGFV,8
2005,2,1,n,CHIN,28
2005,2,1,n,DIME,40
2005,2,1,n,DIME,32
2005,2,1,n,PEBO,25
2005,2,1,n,CHIN,22
2005,2,3,n,PGFV,7
2005,2,3,n,DIME,35
2005,2,3,n,PEBO,23
2005,2,3,n,DIME,42
2005,2,3,n,PGFV,6
2005,2,3,n,PGFV,7
2005,2,3,n,DIME,40
2005,2,3,n,PGFV,8
2005,2,5,n,PGFV,4
2005,2,5,n,DIME,46
2005,2,5,n,PEBO,24
2005,2,5,n,PGFV,5
2005,2,5,n,PGFV,6
2005,2,5,n,PGFV,8
2005,2,5,n,ONAR,21
2005,2,5,n,DIME,50
2005,2,5,n,PGFV,NA
2005,2,5,n,PEBO,21
2005,2,5,n,DIME,44
2005,2,5,n,PGFV,8
2005,3,1,n,PGFV,10
2005,3,1,n,DIME,45
2005,3,1,n,PEBO,28
2005,3,1,n,PGFV,7
2005,3,1,n,DISP,110
2005,3,1,n,ONAR,20
2005,3,1,n,PGFV,8
2005,3,1,n,PGFV,6
2005,3,1,n,PGFV,8
2005,3,1,n,DIME,45
2005,3,3,n,PGFV,9
2005,3,3,n,DISP,100
2005,3,3,n,DIME,40
2005,3,3,n,DIME,45
2005,3,3,n,DIME,45
2005,3,3,n,DIME,23
2005,3,3,n,PGFV,7
2005,3,3,n,DIME,43
2005,3,3,n,PGFV,7
2005,3,3,n,DIME,60
2005,3,3,n,PGFV,7
2005,3,3,n,ONAR,19
2005,3,3,n,PGFV,8
2005,3,3,n,PGFV,5
2005,3,3,n,DIME,48
2005,3,5,n,DISP,135
2005,3,5,n,PGFV,8
2005,3,5,n,PGFV,5
2005,3,5,n,DIME,17
2005,3,5,n,PGFV,7
2005,1,1,n,PGFV,4
2005,1,1,n,PEBO,22
2005,1,1,n,DISP,149
2005,1,1,n,DIME,47
2005,1,1,n,DISP,NA
2005,1,1,n,DIME,38
2005,1,1,n,DIME,NA
2005,1,1,n,DISP,115
2005,1,1,n,PGFV,4
2005,1,1,n,NEAL,230
2005,1,1,n,DIME,40
2005,1,1,n,DIME,NA
2005,1,1,n,ONAR,14
2005,1,1,n,DISP,150
2005,1,1,n,NEAL,160
2005,1,1,n,DIME,51
2005,1,1,n,DISP,120
2005,1,1,n,PEBO,16
2005,1,1,n,DIME,38
2005,1,1,n,DIME,38
2005,1,1,n,DIME,42
2005,1,1,n,DIME,43
2005,1,1,n,PEBO,20
2005,1,1,n,DIME,42
2005,1,1,n,DIME,40
2005,1,1,n,DIME,43
2005,1,3,n,PGFV,6
2005,1,3,n,ONAR,13
2005,1,3,n,DIME,33
2005,1,3,n,DIME,44
2005,1,3,n,DISP,135
2005,1,3,n,NEMI,249
2005,1,3,n,DIME,42
2005,1,3,n,DIME,42
2005,1,3,n,NEMI,162
2005,1,3,n,PGFV,7
2005,1,3,n,DIME,41
2005,1,3,n,PGFV,6
2005,1,3,n,NEMI,220
2005,1,3,n,DIME,30
2005,1,3,n,PGFV,8
2005,1,3,n,PGFV,7
2005,1,3,n,PGFV,6
2005,1,3,n,DIME,49
2005,1,3,n,DIME,42
2005,1,3,n,DIME,44
2005,1,3,n,DIME,43
2005,1,3,n,DIME,40
2005,1,3,n,DISP,115
2005,1,3,n,DIME,39
2005,1,3,n,DIME,43
2005,1,3,n,ONAR,18
2005,1,3,n,ONAR,30
2005,1,3,n,DIME,45
2005,1,3,n,NEMI,195
2005,1,3,n,PGFV,7
2005,1,3,n,ONAR,25
2005,1,3,n,NEMI,145
2005,1,3,n,PGFV,7
2005,1,3,n,DIME,40
2005,1,3,n,PGFV,6
2005,1,5,n,NEMI,170
2005,1,5,n,DISP,120
2005,1,5,n,PGFV,7
2005,1,5,n,DIME,45
2005,1,5,n,PGFV,6
2005,1,5,n,PGFV,7
2005,1,5,n,ONAR,25
2005,1,5,n,DIME,35
2005,1,5,n,NEMI,195
2005,1,5,n,DIOR,45
2005,1,5,n,DIME,50
2005,1,5,n,DIME,40
2005,1,5,n,DISP,105
2005,1,5,n,PGFV,8
2005,1,5,n,DIME,47
2005,1,5,n,NEMI,118
2005,1,5,n,PGFV,7
2005,1,5,n,DIME,34
2005,1,5,n,NEMI,128
2005,1,5,n,DIME,41
2005,1,5,n,DIME,45
2005,1,5,n,PGFV,6
2005,1,5,n,DIOR,60
2005,1,5,n,PGFV,6.5
2005,1,5,n,DIME,40
2005,1,5,n,DIME,48
2005,1,5,n,DIME,45
2005,1,5,n,DIME,40
2005,1,5,n,DIME,40
2005,1,5,n,NEMI,140
2005,2,1,n,PEBO,16
2005,2,1,n,ONAR,18
2005,2,1,n,DISP,100
2005,2,1,n,DISP,120
2005,2,1,n,DIME,40
2005,2,1,n,PGFV,7
2005,2,1,n,PEBO,17
2005,2,1,n,DIME,38
2005,2,1,n,PGFV,3
2005,2,1,n,DIME,40
2005,2,1,n,DIME,35
2005,2,3,n,PEER,15
2005,2,3,n,DISP,125
2005,2,3,n,DIME,40
2005,2,3,n,ONAR,15
2005,2,3,n,DIME,NA
2005,2,3,n,PGFV,6.5
2005,2,3,n,DIME,48
2005,2,3,n,DIME,27
2005,2,3,n,DIME,35
2005,2,5,n,DIME,37
2005,2,5,n,DISP,129
2005,2,5,n,ONAR,17
2005,2,5,n,NEMI,163
2005,2,5,n,PEBO,17
2005,2,5,n,PGFV,NA
2005,2,5,n,PGFV,NA
2005,2,5,n,DIME,43
2005,2,5,n,PGFV,8
2005,2,5,n,PGFV,6
2005,2,5,n,PGFV,7
2005,2,5,n,PGFV,8
2005,2,5,n,ONAR,19
2005,2,5,n,DIME,43
2005,2,5,n,DIME,43
2005,2,5,n,DISP,135
2005,3,1,n,ONAR,NA
2005,3,1,n,PEBO,18
2005,3,1,n,PGFV,6
2005,3,1,n,PGFV,NA
2005,3,1,n,DIME,40
2005,3,1,n,DISP,NA
2005,3,3,n,DIME,38
2005,3,3,n,ONAR,18
2005,3,3,n,PGFV,6.5
2005,3,3,n,DIME,45
2005,3,3,n,DIME,40
2005,3,3,n,PGFV,6
2005,3,3,n,PGFV,7
2005,3,3,n,PGFV,6
2005,3,3,n,DISP,105
2005,3,5,n,NEMI,NA
2005,3,5,n,DIME,41
2005,3,5,n,PGFV,7
2005,3,5,n,DIME,26
2005,3,5,n,NEMI,86
2005,3,5,n,PGFV,6
2005,3,5,n,PEBO,25
2005,3,5,n,DISP,110
2005,3,5,n,PGFV,7
2005,3,5,n,DIME,37
2005,3,5,n,DIOR,45
2005,3,5,n,PGFV,7
2005,3,5,n,PEBO,19
2005,3,5,n,DIME,NA
2005,3,5,n,PGFV,NA
2005,3,5,n,PGFV,8
2005,3,5,n,NEMI,172
2005,3,5,n,DIME,35
2005,3,5,n,PGFV,7
2005,3,5,n,DIME,37
2005,1,2,n,ONLE,33
2005,1,2,n,PGFL,10
2005,1,2,n,DIME,45
2005,1,2,n,DIME,42
2005,1,2,n,DIOR,56
2005,1,2,n,DIOR,53
2005,1,2,n,DIME,40
2005,1,2,n,PETR,29
2005,1,2,n,DIME,50
2005,1,2,n,DIME,47
2005,1,2,n,DIME,46
2005,1,2,n,DIME,44
2005,1,2,n,PETR,32
2005,1,2,n,DIME,48
2005,1,2,n,DIME,49
2005,1,2,n,DIME,50
2005,1,2,n,DIME,49
2005,1,2,n,DIME,40
2005,1,2,n,DIME,50
2005,1,2,n,DIME,50
2005,1,2,n,PETR,21
2005,1,2,n,DIME,43
2005,1,2,n,PEBO,25
2005,1,2,n,PGFV,NA
2005,1,2,n,DIME,36
2005,1,2,n,DIME,41
2005,1,2,n,DIME,50
2005,1,2,n,DIME,46
2005,1,2,n,DIME,38
2005,1,2,n,DIME,48
2005,1,2,n,DIME,50
2005,1,2,n,DIME,34
2005,1,4,n,DIME,47
2005,1,4,n,DIME,47
2005,1,4,n,PGFV,9
2005,1,4,n,DIME,33
2005,1,4,n,DIME,52
2005,1,4,n,DIME,46
2005,1,4,n,DIME,45
2005,1,4,n,DIME,51
2005,1,4,n,DIME,46
2005,1,4,n,DIME,40
2005,1,4,n,PGFV,7
2005,1,4,n,PGFV,8
2005,1,4,n,PGFV,11
2005,1,4,n,ONAR,9
2005,1,4,n,NEAL,175
2005,1,4,n,DIME,48
2005,1,4,n,DIME,41
2005,1,4,n,DIME,46
2005,1,4,n,DIME,40
2005,1,4,n,PGFV,8
2005,1,4,n,DIME,48
2005,1,4,n,PGFV,8
2005,1,4,n,DIME,49
2005,1,4,n,DIME,48
2005,1,5,n,DIME,40
2005,1,5,n,DIME,44
2005,1,5,n,DIME,50
2005,1,5,n,DIME,45
2005,1,5,n,DIME,49
2005,1,5,n,DIME,44
2005,1,5,n,DIME,47
2005,1,5,n,DIME,44
2005,1,5,n,PGFL,11
2005,1,5,n,DIME,41
2005,1,5,n,DIME,41
2005,1,5,n,PETR,20
2005,1,5,n,DIME,49
2005,1,5,n,DIME,48
2005,1,5,n,DIME,51
2005,1,5,n,CHIN,9
2005,2,2,n,CHIN,8
2005,2,2,n,DIOR,46
2005,2,2,n,DIME,46
2005,2,2,n,PGFV,10
2005,2,2,n,DIME,47
2005,2,2,n,PETR,24
2005,2,2,n,DIME,49
2005,2,2,n,PGFV,7
2005,2,2,n,DIOR,48
2005,2,4,n,DIME,51
2005,2,4,n,DIME,52
2005,2,4,n,ONLE,19
2005,2,4,n,DIME,NA
2005,2,5,n,DIME,31
2005,2,5,n,DIME,45
2005,3,2,n,PETR,33
2005,3,2,n,PGFV,9
2005,3,2,n,PGFL,11
2005,3,2,n,PGFL,8
2005,3,2,n,DIME,42
2005,3,2,n,DIME,44
2005,3,4,n,ONLE,45
2005,3,4,n,DIME,50
2005,3,4,n,DIME,49
2005,3,4,n,CHIN,9
2005,3,4,n,PGFV,8
2005,3,4,n,DIME,47
2005,3,4,n,PGFV,7
2005,3,5,n,DIME,44
2005,3,5,n,PGFL,11
2005,3,5,n,PGFV,9
2005,1,2,n,DIME,41
2005,1,2,n,DIOR,49
2005,1,2,n,DIME,40
2005,1,2,n,DIME,34
2005,1,2,n,DIOR,45
2005,1,2,n,DIME,45
2005,1,2,n,DIME,40
2005,1,2,n,DIME,36
2005,1,2,n,DIME,42
2005,1,2,n,DIME,42
2005,1,2,n,DIME,38
2005,1,2,n,DIME,40
2005,1,2,n,DIME,39
2005,1,2,n,DIME,36
2005,1,2,n,DIME,42
2005,1,2,n,DIME,NA
2005,1,2,n,DIME,45
2005,1,2,n,DIME,43
2005,1,2,n,DIME,39
2005,1,2,n,DIME,42
2005,1,2,n,DIME,41
2005,1,2,n,DIOR,40
2005,1,2,n,DIME,40
2005,1,2,n,DIME,42
2005,1,2,n,PGFV,6
2005,1,2,n,DIME,42
2005,1,2,n,DIME,NA
2005,1,2,n,DIME,37
2005,1,2,n,DIME,40
2005,1,2,n,DIME,40
2005,1,2,n,DIME,39
2005,1,2,n,DIME,37
2005,1,2,n,DIME,38
2005,1,2,n,DIME,40
2005,1,4,n,DIME,45
2005,1,4,n,DIME,40
2005,1,4,n,DIME,39
2005,1,4,n,DIME,42
2005,1,4,n,DIME,35
2005,1,4,n,DIME,41
2005,1,4,n,DIME,45
2005,1,4,n,DIME,39
2005,1,4,n,ONLE,19
2005,1,4,n,DIME,38
2005,1,4,n,DIME,46
2005,1,4,n,DIME,38
2005,1,4,n,NEAL,210
2005,1,4,n,DIME,37
2005,1,4,n,DIME,40
2005,1,4,n,DIME,NA
2005,1,4,n,DIME,35
2005,1,4,n,DIME,38
2005,1,4,n,DIME,40
2005,1,4,n,DIME,43
2005,1,4,n,DIME,43
2005,1,4,n,DIME,43
2005,1,4,n,DIME,42
2005,1,4,n,DIME,39
2005,1,4,n,DIME,40
2005,1,4,n,DIME,41
2005,1,4,n,DIME,50
2005,1,4,n,DIME,40
2005,1,4,n,DIME,40
2005,1,4,n,DIME,45
2005,1,5,n,DIME,44
2005,1,5,n,DIME,40
2005,1,5,n,DIME,37
2005,1,5,n,DIME,36
2005,1,5,n,DIME,46
2005,1,5,n,DIME,43
2005,1,5,n,DIME,45
2005,1,5,n,DIME,49
2005,1,5,n,DIME,39
2005,1,5,n,DIME,38
2005,1,5,n,DIME,40
2005,1,5,n,DIME,40
2005,1,5,n,DIME,45
2005,1,5,n,DIME,42
2005,1,5,n,DIME,41
2005,1,5,n,DIME,40
2005,1,5,n,DIME,38
2005,1,5,n,DIME,37
2005,1,5,n,DIME,45
2005,1,5,n,DIME,36
2005,1,5,n,DIME,40
2005,1,5,n,DIME,40
2005,1,5,n,DIME,38
2005,1,5,n,DIME,39
2005,1,5,n,DIME,NA
2005,2,2,n,DIME,40
2005,2,2,n,NEMI,200
2005,2,2,n,DIME,38
2005,2,2,n,DIME,32
2005,2,2,n,PGFV,8
2005,2,2,n,DIME,42
2005,2,2,n,DIME,49
2005,2,2,n,DIME,42
2005,2,2,n,NEAL,114
2005,2,2,n,DIME,45
2005,2,2,n,DIOR,45
2005,2,2,n,PGFV,6
2005,2,2,n,DIME,42
2005,2,2,n,DIME,35
2005,2,2,n,DIOR,NA
2005,2,2,n,DIME,45
2005,2,2,n,DIME,40
2005,2,2,n,DIME,52
2005,2,2,n,DIME,37
2005,2,2,n,PETR,24
2005,2,2,n,DIME,38
2005,2,4,n,DIME,44
2005,2,4,n,DIME,45
2005,2,4,n,DIME,40
2005,2,4,n,DIME,38
2005,2,4,n,DIME,38
2005,2,4,n,DIME,47
2005,2,4,n,DIME,39
2005,2,4,n,DIME,39
2005,2,4,n,PGFV,7
2005,2,4,n,DIME,49
2005,2,4,n,ONLE,32
2005,2,4,n,DIME,43
2005,2,4,n,DIME,38
2005,2,5,n,DIME,39
2005,2,5,n,PGFV,7
2005,2,5,n,PGFL,7
2005,2,5,n,DIME,45
2005,2,5,n,DIME,38
2005,2,5,n,PGFV,6
2005,2,5,n,REMO,9
2005,2,5,n,DIME,40
2005,2,5,n,PGFV,NA
2005,2,5,n,PGFL,9
2005,2,5,n,DIME,38
2005,3,2,n,DIME,40
2005,3,2,n,DIME,42
2005,3,2,n,DIME,36
2005,3,2,n,DIME,40
2005,3,2,n,DIME,38
2005,3,2,n,DIME,44
2005,3,2,n,DIME,41
2005,3,2,n,DIOR,45
2005,3,2,n,DIME,NA
2005,3,4,n,DIME,39
2005,3,4,n,DIME,NA
2005,3,4,n,DIME,41
2005,3,4,n,DIME,40
2005,3,4,n,DIME,41
2005,3,4,n,PGFV,6
2005,3,4,n,DIME,NA
2005,3,4,n,DIME,44
2005,3,4,n,NEAL,20.3
2005,3,4,n,DIME,33
2005,3,5,n,DIME,NA
2005,3,5,n,DIME,NA
2005,3,5,n,DIME,40
2005,3,5,n,DIME,47
2005,3,5,n,DIME,43
2005,3,5,n,DIME,NA
2006,1,2,n,DIOR,56
2006,1,2,n,DISP,142
2006,1,2,n,DISP,149
2006,1,2,n,PGFV,6
2006,1,2,n,DISP,NA
2006,1,2,n,DISP,140
2006,1,2,n,DIOR,51
2006,1,2,n,DIOR,43
2006,1,2,n,DIOR,60
2006,1,2,n,ONAR,25
2006,1,2,n,DISP,120
2006,1,2,n,ONAR,20
2006,1,2,n,DISP,128
2006,1,2,n,DISP,138
2006,1,3,n,DIOR,56
2006,1,3,n,DIOR,42
2006,1,3,n,DISP,125
2006,1,3,n,DISP,161
2006,1,3,n,DISP,NA
2006,1,3,n,DISP,130
2006,1,3,n,DISP,NA
2006,1,3,n,DISP,130
2006,1,3,n,DISP,NA
2006,1,3,n,DIOR,37
2006,1,3,n,DISP,100
2006,1,3,n,DISP,152
2006,1,3,n,DISP,145
2006,1,5,n,PGFV,6.5
2006,1,5,n,NEMI,280
2006,1,5,n,DISP,130
2006,1,5,n,PGFV,7.5
2006,1,5,n,ONLE,32
2006,1,5,n,DIOR,40
2006,1,5,n,DISP,150
2006,1,5,n,PGFV,NA
2006,1,5,n,DISP,120
2006,1,5,n,DISP,110
2006,1,5,n,PGFV,7
2006,1,5,n,DIOR,47
2006,1,5,n,DISP,160
2006,1,5,n,PGFV,9
2006,2,2,n,DIOR,48
2006,2,2,n,PGFV,8
2006,2,2,n,DISP,90
2006,2,2,n,DIOR,NA
2006,2,2,n,ONAR,25
2006,2,2,n,PGFV,8
2006,2,2,n,ONAR,24
2006,2,2,n,PGFV,8
2006,2,2,n,DISP,NA
2006,2,2,n,DISP,120
2006,2,2,n,DISP,115
2006,2,2,n,PGFV,9
2006,2,2,n,PGFV,8
2006,2,2,n,REME,10
2006,2,2,n,PGFV,9
2006,2,2,n,DISP,102
2006,2,2,n,PGFV,9
2006,2,2,n,DISP,128
2006,2,2,n,PGFV,11
2006,2,3,n,PGFV,6.5
2006,2,3,n,DIOR,40
2006,2,3,n,DISP,119
2006,2,3,n,PGFV,9
2006,2,3,n,DISP,90
2006,2,3,n,PGFV,7.5
2006,2,3,n,DISP,125
2006,2,3,n,PETR,27
2006,2,3,n,PETR,25
2006,2,3,n,DISP,145
2006,2,3,n,PGFV,9
2006,2,3,n,DIOR,NA
2006,2,3,n,DISP,100
2006,2,5,n,PGFV,7
2006,2,5,n,PGFV,7
2006,2,5,n,PGFV,6
2006,2,5,n,PGFV,6.5
2006,2,5,n,PGFV,7.5
2006,2,5,n,PGFV,7
2006,2,5,n,PGFL,11
2006,2,5,n,DISP,120
2006,2,5,n,DISP,NA
2006,2,5,n,PEBO,23
2006,2,5,n,DISP,150
2006,2,5,n,PGFV,6
2006,3,2,n,DIOR,45
2006,3,2,n,DISP,120
2006,3,2,n,PGFV,6.5
2006,3,2,n,PGFV,7
2006,3,2,n,DIOR,53
2006,3,2,n,PGFV,8
2006,3,2,n,DISP,NA
2006,3,2,n,DIOR,53
2006,3,2,n,DISP,135
2006,3,3,n,DIOR,NA
2006,3,3,n,PGFV,6
2006,3,3,n,ONAR,34
2006,3,3,n,PEBO,19
2006,3,3,n,PGFV,5
2006,3,3,n,DIOR,49
2006,3,3,n,DISP,98
2006,3,3,n,DIOR,37
2006,3,3,n,PGFV,NA
2006,3,3,n,DISP,90
2006,3,3,n,DISP,102
2006,3,3,n,DISP,98
2006,3,5,n,DISP,95
2006,3,5,n,PGFV,8
2006,3,5,n,DISP,110
2006,3,5,n,PGFV,9.5
2006,3,5,n,PGFV,5
2006,3,5,n,PGFV,7
2006,3,5,n,PGFV,7
2006,1,2,n,DISP,152
2006,1,2,n,DISP,115
2006,1,2,n,DISP,158
2006,1,2,n,DISP,122
2006,1,2,n,DIOR,58
2006,1,2,n,DISP,170
2006,1,2,n,DIOR,62
2006,1,2,n,DISP,138
2006,1,3,n,DISP,158
2006,1,3,n,DIOR,62
2006,1,3,n,DISP,112
2006,1,3,n,DISP,155
2006,1,3,n,DISP,160
2006,1,3,n,DISP,135
2006,1,5,n,DISP,120
2006,1,5,n,DISP,135
2006,1,5,n,DISP,130
2006,1,5,n,DIOR,50
2006,1,5,n,PGFV,6.5
2006,1,5,n,DISP,145
2006,1,5,n,DISP,140
2006,1,5,n,DISP,125
2006,2,2,n,PGFV,8
2006,2,2,n,DISP,170
2006,2,2,n,DISP,130
2006,2,3,n,DISP,130
2006,2,3,n,DISP,133
2006,2,5,n,DISP,120
2006,2,5,n,PGFV,10
2006,2,5,n,DISP,136
2006,2,5,n,DISP,112
2006,2,5,n,PGFV,9
2006,2,5,n,DISP,168
2006,3,2,n,DIOR,70
2006,3,2,n,DISP,NA
2006,3,2,n,DISP,135
2006,3,2,n,DIOR,55
2006,3,2,n,DIOR,55
2006,3,2,n,DISP,NA
2006,3,2,n,DISP,160
2006,3,2,n,PGFV,9
2006,3,3,n,DISP,120
2006,3,3,n,PGFV,9
2006,3,5,n,DISP,155
2006,1,1,n,DISP,115
2006,1,1,n,DIME,40
2006,1,1,n,DIME,45
2006,1,1,n,DIME,43
2006,1,1,n,DIME,40
2006,1,1,n,PGFV,8
2006,1,1,n,DISP,138
2006,1,1,n,DIME,37
2006,1,1,n,DISP,58
2006,1,1,n,DIME,41
2006,1,1,n,DIME,42
2006,1,1,n,PEBO,16
2006,1,1,n,DISP,NA
2006,1,1,n,DIME,53
2006,1,1,n,DIME,45
2006,1,1,n,DISP,135
2006,1,1,n,DIME,43
2006,1,1,n,ONLE,20
2006,1,1,n,DISP,130
2006,1,1,n,DIME,41
2006,1,1,n,DIME,41
2006,1,1,n,DIME,42
2006,1,3,n,DIME,42
2006,1,3,n,DIME,42
2006,1,3,n,ONAR,19
2006,1,3,n,DIME,46
2006,1,3,n,DIME,42
2006,1,3,n,DIME,44
2006,1,3,n,DIME,46
2006,1,3,n,DIME,43
2006,1,3,n,DIME,45
2006,1,3,n,DISP,130
2006,1,3,n,DIME,40
2006,1,3,n,DIME,41
2006,1,3,n,DIME,40
2006,1,3,n,DIME,42
2006,1,3,n,DIME,45
2006,1,5,n,DIME,46
2006,1,5,n,NEMI,170
2006,1,5,n,DISP,131
2006,1,5,n,DISP,131
2006,1,5,n,DIME,44
2006,1,5,n,DIME,36
2006,1,5,n,DIOR,51
2006,1,5,n,DIME,42
2006,1,5,n,DISP,114
2006,1,5,n,DIME,43
2006,1,5,n,DIME,35
2006,1,5,n,DIME,44
2006,1,5,n,DIME,49
2006,1,5,n,DIME,43
2006,1,5,n,DIOR,60
2006,1,5,n,PGFV,7
2006,1,5,n,DIME,44
2006,1,5,n,PGFL,6
2006,2,1,n,DIME,40
2006,2,1,n,DISP,120
2006,2,3,n,PGFV,9
2006,2,3,n,DIME,45
2006,2,3,n,DIME,43
2006,2,3,n,DISP,125
2006,2,3,n,DIME,38
2006,2,5,n,DIME,42
2006,2,5,n,REME,10
2006,2,5,n,DIME,42
2006,2,5,n,PGFV,8
2006,2,5,n,DIME,45
2006,2,5,n,DIME,36
2006,2,5,n,PGFV,6
2006,2,5,n,DISP,136
2006,2,5,n,DIME,41
2006,2,5,n,DIME,39
2006,2,5,n,DIME,43
2006,3,1,n,PGFV,6.5
2006,3,1,n,DISP,56
2006,3,1,n,NEMI,69
2006,3,1,n,DIME,45
2006,3,1,n,DIME,45
2006,3,1,n,DIME,36
2006,3,1,n,DIME,46
2006,3,1,n,DISP,121
2006,3,1,n,ONAR,17
2006,3,3,n,PGFV,6.5
2006,3,3,n,DIME,39
2006,3,3,n,DISP,120
2006,3,3,n,PGFV,8
2006,3,3,n,DISP,108
2006,3,3,n,DIME,42
2006,3,3,n,DISP,68
2006,3,5,n,PGFV,6
2006,3,5,n,DIME,38
2006,3,5,n,ONAR,19
2006,3,5,n,DIME,45
2006,1,1,n,DIME,42
2006,1,1,n,DIME,44
2006,1,1,n,DISP,130
2006,1,1,n,DIME,50
2006,1,1,n,DIME,46
2006,1,1,n,PGFV,8
2006,1,1,n,DIME,50
2006,1,1,n,PEBO,25
2006,1,1,n,DIME,45
2006,1,1,n,DIME,32
2006,1,1,n,DIME,37
2006,1,1,n,DIME,25
2006,1,1,n,DIME,55
2006,1,1,n,DIME,45
2006,1,1,n,DIME,38
2006,1,1,n,DIME,48
2006,1,1,n,DISP,125
2006,1,1,n,PGFV,8
2006,1,1,n,DISP,140
2006,1,3,n,DIME,41
2006,1,3,n,DIME,49
2006,1,3,n,DISP,148
2006,1,3,n,DIME,40
2006,1,3,n,DIME,45
2006,1,3,n,DIME,48
2006,1,3,n,DIOR,61
2006,1,3,n,DISP,135
2006,1,3,n,DIME,46
2006,1,3,n,DISP,133
2006,1,3,n,DIME,35
2006,1,3,n,DISP,120
2006,1,5,n,DIME,47
2006,1,5,n,DIME,51
2006,1,5,n,DISP,132
2006,1,5,n,PGFV,6
2006,1,5,n,PGFV,10
2006,1,5,n,DIME,46
2006,1,5,n,DISP,132
2006,1,5,n,DIME,51
2006,1,5,n,DIME,46
2006,1,5,n,DISP,121
2006,1,5,n,DIME,35
2006,2,1,n,DIME,45
2006,2,1,n,DIME,48
2006,2,1,n,DIME,48
2006,2,1,n,DIME,50
2006,2,1,n,DIME,43
2006,2,1,n,DIME,26
2006,2,1,n,DIME,46
2006,2,1,n,DIME,29
2006,2,1,n,DIME,45
2006,2,3,n,ONLE,18
2006,2,3,n,ONLE,15
2006,2,3,n,DIME,33
2006,2,3,n,DIOR,60
2006,2,3,n,DISP,135
2006,2,5,n,PGFV,12
2006,2,5,n,DIME,35
2006,2,5,n,DISP,140
2006,2,5,n,PGFV,7
2006,2,5,n,PGFV,7
2006,2,5,n,NEMI,136
2006,3,1,n,DIME,26
2006,3,1,n,DIME,49
2006,3,3,n,DIME,44
2006,3,3,n,DIME,38
2006,3,3,n,DIME,49
2006,3,3,n,PGFV,7.5
2006,3,3,n,DIME,40
2006,3,5,n,DIME,23
2006,3,5,n,DISP,135
2006,3,5,n,DIME,55
2006,3,5,n,PGFV,8
2006,3,5,n,PGFV,8
2006,3,5,n,NEAL,232
2006,3,5,n,DISP,120
2006,3,5,n,PGFV,NA
2006,3,5,n,DISP,142
2006,3,5,n,ONAR,23
2006,3,5,n,ONAR,25
2006,3,5,n,NEAL,125
2006,1,2,n,DIME,40
2006,1,2,n,DIME,45
2006,1,2,n,DIME,38
2006,1,2,n,DIME,38
2006,1,2,n,DIME,36
2006,1,2,n,DIME,43
2006,1,2,n,DIME,38
2006,1,2,n,DIME,38
2006,1,2,n,DIME,43
2006,1,2,n,DIME,38
2006,1,2,n,DIME,42
2006,1,2,n,DIME,36
2006,1,2,n,DIME,40
2006,1,2,n,DIME,37
2006,1,2,n,DIME,36
2006,1,2,n,DIME,42
2006,1,2,n,DIME,38
2006,1,4,n,DIME,40
2006,1,4,n,DIME,45
2006,1,4,n,DIME,37
2006,1,4,n,DIME,35
2006,1,4,n,DIME,48
2006,1,4,n,DIME,36
2006,1,4,n,DIME,40
2006,1,4,n,DIME,38
2006,1,4,n,DIME,44
2006,1,4,n,ONLE,38
2006,1,4,n,DIME,37
2006,1,4,n,DIME,37
2006,1,4,n,DIME,NA
2006,1,4,n,DIME,36
2006,1,4,n,DIME,42
2006,1,4,n,DIME,37
2006,1,4,n,DIME,40
2006,1,4,n,DIME,41
2006,1,5,n,DIME,40
2006,1,5,n,DIME,47
2006,1,5,n,DIME,38
2006,1,5,n,DIME,48
2006,1,5,n,DIME,39
2006,1,5,n,DIME,40
2006,1,5,n,DIME,33
2006,1,5,n,DIME,40
2006,1,5,n,DIME,43
2006,1,5,n,DIME,32
2006,1,5,n,DIME,37
2006,1,5,n,DIME,47
2006,1,5,n,DIME,39
2006,1,5,n,ONAR,17.5
2006,1,5,n,DIME,39
2006,1,5,n,DIME,35
2006,2,2,n,DIME,39
2006,2,2,n,DIME,44
2006,2,2,n,DIME,35
2006,2,2,n,DIME,42
2006,2,2,n,DIME,41
2006,2,2,n,DIME,43
2006,2,2,n,DIME,40
2006,2,4,n,DIME,40
2006,2,4,n,DIME,36
2006,2,4,n,DIME,NA
2006,2,5,n,DIME,36
2006,2,5,n,DIME,34
2006,2,5,n,DIME,42
2006,3,2,n,DIME,35
2006,3,2,n,DIME,39
2006,3,2,n,DIME,36
2006,3,4,n,DIME,43
2006,3,4,n,DIME,41
2006,3,5,n,DIME,40
2006,3,5,n,DIME,44
2006,3,5,n,DIME,35
2006,3,5,n,ONAR,18
2006,3,5,n,DIME,45
2006,1,2,n,DIME,50
2006,1,2,n,DIME,50
2006,1,2,n,DIME,43
2006,1,2,n,DIME,40
2006,1,2,n,DIME,51
2006,1,2,n,DIME,39
2006,1,2,n,DIME,48
2006,1,2,n,DIME,47
2006,1,2,n,DIME,47
2006,1,2,n,DIME,38
2006,1,2,n,DIME,47
2006,1,2,n,DIME,47
2006,1,2,n,DIME,38
2006,1,2,n,DIME,NA
2006,1,2,n,DIME,46
2006,1,2,n,DIME,51
2006,1,2,n,DIME,48
2006,1,2,n,DIME,47
2006,1,2,n,DIME,29
2006,1,2,n,DIME,32
2006,1,2,n,PETR,27
2006,1,2,n,DIME,42
2006,1,2,n,DIME,49
2006,1,4,n,DIME,44
2006,1,4,n,DIME,48
2006,1,4,n,DIME,42
2006,1,4,n,DIME,50
2006,1,4,n,DIME,53
2006,1,4,n,DIME,35
2006,1,4,n,DIME,45
2006,1,4,n,DIME,46
2006,1,4,n,DIME,40
2006,1,4,n,DIME,48
2006,1,4,n,DIME,48
2006,1,4,n,DIME,48
2006,1,4,n,NEAL,170
2006,1,4,n,DIME,45
2006,1,5,n,DIME,51
2006,1,5,n,DIME,55
2006,1,5,n,DIME,46
2006,1,5,n,DIME,54
2006,1,5,n,DIME,50
2006,1,5,n,DIME,46
2006,1,5,n,DIME,48
2006,1,5,n,DIME,33
2006,1,5,n,DIME,49
2006,1,5,n,DIME,56
2006,1,5,n,DIME,45
2006,2,2,n,DIME,36
2006,2,2,n,DIME,46
2006,2,2,n,DIME,42
2006,2,2,n,DIME,50
2006,2,2,n,DIME,49
2006,2,2,n,DIME,40
2006,2,2,n,PGFL,11
2006,2,2,n,DIME,43
2006,2,2,n,DIME,44
2006,2,4,n,DIME,35
2006,2,4,n,DIME,45
2006,2,4,n,DIME,29
2006,2,4,n,DIME,47
2006,2,4,n,DIME,49
2006,2,4,n,DIME,43
2006,2,4,n,DIME,42
2006,2,5,n,PGFV,8
2006,2,5,n,DIME,40
2006,2,5,n,DIME,42
2006,2,5,n,DIME,53
2006,2,5,n,DIME,56
2006,2,5,n,DIME,35
2006,3,2,n,DIME,45
2006,3,2,n,DIME,40
2006,3,2,n,DIME,35
2006,3,2,n,DIME,29
2006,3,2,n,DIME,29
2006,3,2,n,DIME,46
2006,3,4,n,DIME,39
2006,3,4,n,DIME,26
2006,3,4,n,DIME,38
2006,3,4,n,DIME,29
2006,3,4,n,DIME,42
2006,3,4,n,DIME,25
2006,3,5,n,DIME,48
2006,3,5,n,DIME,50
2006,3,5,n,DIME,51
2006,3,5,n,ONAR,20
2006,3,5,n,DIME,37
2006,3,5,n,DIME,50
2006,3,5,n,DIME,NA
2007,1,2,n,PGFV,7
2007,1,2,n,DISP,150
2007,1,2,n,DISP,120
2007,1,2,n,PGFV,10
2007,1,2,n,DIOR,51
2007,1,2,n,REME,10
2007,1,2,n,PGFV,8.5
2007,1,2,n,PGFV,7.5
2007,1,2,n,DISP,155
2007,1,2,n,PGFV,7.5
2007,1,2,n,PGFV,6.5
2007,1,2,n,DIOR,58
2007,1,2,n,DIOR,51
2007,1,2,n,PGFV,9
2007,1,2,n,PGFV,10
2007,1,3,n,DIOR,50
2007,1,3,n,PGFV,8
2007,1,3,n,PGFV,6.5
2007,1,3,n,ONAR,22
2007,1,3,n,PGFV,7
2007,1,3,n,REME,12
2007,1,3,n,REME,14
2007,1,3,n,ONAR,23
2007,1,3,n,DIOR,63
2007,1,3,n,REME,10
2007,1,5,n,PGFV,9
2007,1,5,n,DISP,125
2007,1,5,n,DISP,110
2007,1,5,n,PGFV,8.5
2007,1,5,n,PGFV,7
2007,1,5,n,DIOR,51
2007,1,5,n,DISP,132
2007,1,5,n,PGFV,7
2007,1,5,n,DISP,146
2007,1,5,n,PGFV,9
2007,1,5,n,PGFV,9
2007,1,5,n,REME,11
2007,2,2,n,DISP,138
2007,2,2,n,PGFV,7
2007,2,2,n,PGFV,8
2007,2,2,n,PGFV,52
2007,2,2,n,REME,10
2007,2,2,n,DISP,91
2007,2,2,n,PGFV,8
2007,2,3,n,PGFV,6.5
2007,2,3,n,PGFV,7.5
2007,2,3,n,PGFV,8
2007,2,3,n,PGFV,7
2007,2,3,n,PGFV,8
2007,2,3,n,PGFV,7.5
2007,2,3,n,PGFV,7
2007,2,5,n,REME,11
2007,2,5,n,PGFV,8
2007,2,5,n,REMO,8
2007,2,5,n,PGFV,9
2007,2,5,n,PGFV,6
2007,2,5,n,NEAL,95
2007,2,5,n,PGFV,9
2007,2,5,n,PGFV,10
2007,3,2,n,ONAR,22
2007,3,2,n,PGFV,7
2007,3,3,n,DIOR,50
2007,3,3,n,PGFV,7.5
2007,3,3,n,REME,11
2007,3,3,n,PGFV,8
2007,3,5,n,ONAR,56
2007,3,5,n,REME,14
2007,3,5,n,PGFV,8.5
2007,3,5,n,PGFV,6
2007,3,5,n,DISP,70
2007,3,5,n,PGFV,7
2007,3,5,n,PEBO,22
2007,1,2,n,DIOR,42
2007,1,2,n,DIOR,46
2007,1,2,n,DIOR,40
2007,1,2,n,DIOR,46
2007,1,2,n,DIOR,50
2007,1,2,n,DIOR,46
2007,1,2,n,DISP,115
2007,1,2,n,DIOR,40
2007,1,2,n,DIOR,56
2007,1,2,n,ONAR,20
2007,1,2,n,DISP,153
2007,1,2,n,DIOR,59
2007,1,2,n,DIOR,50
2007,1,2,n,ONAR,23
2007,1,2,n,DISP,NA
2007,1,2,n,PGFL,11.5
2007,1,2,n,DIOR,50
2007,1,2,n,ONAR,21
2007,1,2,n,DIOR,53
2007,1,2,n,ONAR,21.5
2007,1,2,n,DISP,142
2007,1,3,n,DIOR,40
2007,1,3,n,PGFV,7
2007,1,3,n,DISP,108
2007,1,3,n,DIOR,45
2007,1,3,n,DIOR,50
2007,1,3,n,PGFV,7
2007,1,3,n,DIOR,44
2007,1,3,n,DIOR,48
2007,1,3,n,DIOR,49
2007,1,3,n,ONAR,18
2007,1,3,n,DIOR,46
2007,1,3,n,DISP,110
2007,1,3,n,ONAR,17
2007,1,3,n,DISP,130
2007,1,3,n,DIOR,46
2007,1,3,n,DIOR,56
2007,1,3,n,DIOR,54
2007,1,3,n,DIOR,60
2007,1,3,n,PELE,18
2007,1,3,n,PGFV,7.5
2007,1,3,n,DISP,106
2007,1,3,n,DIOR,41
2007,1,3,n,ONAR,15
2007,1,3,n,DIOR,52
2007,1,3,n,DIOR,53
2007,1,3,n,DIOR,46
2007,1,3,n,PGFV,6
2007,1,5,n,DIOR,46
2007,1,5,n,DIOR,47
2007,1,5,n,DIOR,50
2007,1,5,n,DIOR,58
2007,1,5,n,DIOR,44
2007,1,5,n,PGFV,7.5
2007,1,5,n,PGFV,7.5
2007,1,5,n,DIOR,54
2007,1,5,n,DIOR,48
2007,1,5,n,DISP,118
2007,1,5,n,PELE,19
2007,1,5,n,DIOR,39
2007,1,5,n,DIOR,39
2007,1,5,n,DIOR,56
2007,1,5,n,DIOR,45
2007,1,5,n,DIOR,46
2007,1,5,n,PGFV,7
2007,1,5,n,PELE,15
2007,1,5,n,DIOR,43
2007,1,5,n,DIOR,39
2007,1,5,n,REME,9
2007,1,5,n,PGFV,6
2007,1,5,n,ONAR,118
2007,1,5,n,PGFV,7
2007,1,5,n,PGFV,7
2007,1,5,n,DIOR,51
2007,1,5,n,DIOR,38
2007,1,5,n,DIOR,45
2007,1,5,n,DIOR,46
2007,1,5,n,PGFV,6.5
2007,1,5,n,DIOR,46
2007,1,5,n,DISP,140
2007,1,5,n,DIOR,45
2007,2,2,n,DISP,125
2007,2,2,n,DIOR,42
2007,2,2,n,PGFV,6.5
2007,2,2,n,DISP,115
2007,2,2,n,DIOR,49
2007,2,2,n,PGFV,6.5
2007,2,2,n,PGFV,7
2007,2,2,n,DIOR,50
2007,2,3,n,PGFV,7
2007,2,3,n,PGFV,7
2007,2,3,n,PGFV,7
2007,2,3,n,REME,8
2007,2,3,n,PGFV,7.5
2007,2,3,n,PGFV,7
2007,2,3,n,DIOR,53
2007,2,3,n,DIOR,50
2007,2,5,n,PGFV,7.5
2007,2,5,n,ONAR,15
2007,2,5,n,PGFV,7
2007,2,5,n,ONAR,15
2007,2,5,n,PGFV,6
2007,2,5,n,PGFV,7.5
2007,2,5,n,DIME,39
2007,2,5,n,DIOR,47
2007,2,5,n,REME,7
2007,2,5,n,PGFV,8
2007,2,5,n,PGFV,7
2007,2,5,n,DIOR,42
2007,2,5,n,PGFV,6.5
2007,2,5,n,DIOR,45
2007,2,5,n,PGFV,7.5
2007,3,2,n,DIOR,42
2007,3,2,n,DIOR,44
2007,3,2,n,DIOR,40
2007,3,3,n,DIOR,44
2007,3,3,n,PGFV,7
2007,3,3,n,DIOR,62
2007,3,3,n,DIOR,47
2007,3,3,n,PGFV,NA
2007,3,3,n,DIOR,41
2007,3,3,n,ONAR,NA
2007,3,3,n,DIOR,56
2007,3,3,n,PGFV,NA
2007,3,3,n,DIOR,NA
2007,3,5,n,DIOR,50
2007,3,5,n,PGFV,9
2007,3,5,n,PGFV,8.5
2007,3,5,n,DIOR,52
2007,3,5,n,PGFV,7
2007,3,5,n,DISP,110
2007,3,5,n,DIOR,56
2007,3,5,n,DIOR,47
2007,3,5,n,DIOR,58
2007,3,5,n,PELE,19
2007,3,5,n,DISP,109
2007,3,5,n,PGFV,8
2007,3,5,n,PGFV,6
2007,3,5,n,DIOR,45
2007,3,5,n,PGFV,7
2007,3,5,n,DIOR,43
2007,3,5,n,DIOR,57
2007,3,5,n,PGFV,8
2007,3,5,n,DIOR,59
2007,3,5,n,DISP,115
2007,1,1,n,PGFV,7.5
2007,1,1,n,PGFV,9
2007,1,1,n,DIME,37
2007,1,1,n,DIME,41
2007,1,1,n,PGFV,8
2007,1,1,n,PGFV,7.5
2007,1,1,n,PGFV,9
2007,1,1,n,DIME,35
2007,1,1,n,PGFV,7.5
2007,1,1,n,DIME,NA
2007,1,1,n,PEER,12
2007,1,1,n,CHIN,10
2007,1,1,n,DISP,148
2007,1,1,n,DIME,41
2007,1,1,n,DIME,44
2007,1,1,n,DIME,43
2007,1,1,n,PEBO,NA
2007,1,1,n,DIME,43
2007,1,1,n,PEER,28
2007,1,1,n,DIME,40
2007,1,1,n,DIME,36
2007,1,1,n,DIME,37
2007,1,1,n,DIME,40
2007,1,1,n,PEER,12.5
2007,1,1,n,PEER,NA
2007,1,1,n,PEER,NA
2007,1,1,n,PGFV,7.5
2007,1,1,n,DIME,42
2007,1,1,n,DIME,30
2007,1,1,n,PEBO,25
2007,1,1,n,DIME,50
2007,1,1,n,DIME,42
2007,1,1,n,DISP,120
2007,1,1,n,DIME,43
2007,1,1,n,PEER,27
2007,1,1,n,DISP,122
2007,1,1,n,DIME,48
2007,1,1,n,DIME,42
2007,1,1,n,PGFV,7
2007,1,1,n,DIME,40
2007,1,1,n,PEER,22
2007,1,1,n,DIME,23
2007,1,1,n,DIME,45
2007,1,1,n,DIME,47
2007,1,1,n,DIME,40
2007,1,1,n,DISP,65
2007,1,1,n,DISP,120
2007,1,1,n,DIME,46
2007,1,1,n,ONAR,13.5
2007,1,1,n,DIME,40
2007,1,1,n,DISP,132
2007,1,1,n,DIME,42
2007,1,1,n,ONAR,34
2007,1,1,n,DIME,44
2007,1,1,n,DIME,35
2007,1,1,n,PEER,32
2007,1,1,n,DIME,41
2007,1,1,n,DISP,140
2007,1,1,n,DIME,45
2007,1,1,n,DIME,41
2007,1,1,n,DIME,46
2007,1,1,n,DIME,47
2007,1,3,n,DISP,108
2007,1,3,n,PGFV,7
2007,1,3,n,PGFV,7
2007,1,3,n,PGFV,8
2007,1,3,n,DISP,106
2007,1,3,n,DIME,42
2007,1,3,n,PGFV,8
2007,1,3,n,PGFV,7.5
2007,1,3,n,DIME,48
2007,1,3,n,ONAR,19
2007,1,3,n,DIOR,56
2007,1,3,n,DIME,45
2007,1,3,n,DISP,120
2007,1,3,n,DIOR,56
2007,1,3,n,DIOR,51
2007,1,3,n,DIOR,62
2007,1,3,n,PGFV,6.5
2007,1,3,n,PGFV,8
2007,1,3,n,PGFV,8
2007,1,3,n,DISP,142
2007,1,3,n,DISP,130
2007,1,3,n,DIME,46
2007,1,3,n,DIME,45
2007,1,3,n,DIME,27
2007,1,3,n,PGFV,8
2007,1,3,n,DIME,43
2007,1,3,n,PGFV,7
2007,1,3,n,DIME,41
2007,1,3,n,ONAR,15
2007,1,3,n,DIME,43
2007,1,3,n,DIME,45
2007,1,3,n,DIME,45
2007,1,3,n,PGFV,7
2007,1,3,n,DISP,112
2007,1,3,n,DISP,150
2007,1,3,n,DIME,36
2007,1,3,n,PGFV,7
2007,1,3,n,DIME,47
2007,1,3,n,DIME,40
2007,1,3,n,DIME,44
2007,1,5,n,DISP,128
2007,1,5,n,DIOR,55
2007,1,5,n,PGFV,8
2007,1,5,n,DIME,44
2007,1,5,n,DIOR,48
2007,1,5,n,DIOR,58
2007,1,5,n,PGFV,9
2007,1,5,n,PGFV,8
2007,1,5,n,PEBO,27
2007,1,5,n,PGFV,8
2007,1,5,n,ONAR,13
2007,1,5,n,DIOR,54
2007,1,5,n,ONAR,14
2007,1,5,n,PGFV,8
2007,1,5,n,PGFV,7
2007,1,5,n,DIOR,52
2007,1,5,n,DIME,51
2007,1,5,n,DIME,49
2007,1,5,n,REME,11
2007,1,5,n,DIME,54
2007,1,5,n,DISP,132
2007,1,5,n,PGFV,7.5
2007,1,5,n,DIME,41
2007,1,5,n,DIME,48
2007,1,5,n,DIME,46
2007,1,5,n,DIME,49
2007,1,5,n,DIME,44
2007,1,5,n,DIME,41
2007,1,5,n,DIME,43
2007,1,5,n,DIME,38
2007,1,5,n,REME,9.5
2007,1,5,n,DISP,150
2007,1,5,n,DIME,46
2007,1,5,n,PGFV,8
2007,1,5,n,PGFV,7
2007,1,5,n,PGFV,9
2007,1,5,n,PGFV,9
2007,1,5,n,DIME,43
2007,1,5,n,DIME,45
2007,2,1,n,DIME,44
2007,2,1,n,PGFV,8
2007,2,1,n,DIME,47
2007,2,1,n,DIME,43
2007,2,1,n,DIME,45
2007,2,1,n,DISP,95
2007,2,1,n,DIME,44
2007,2,1,n,PEER,18.5
2007,2,1,n,PEER,12
2007,2,1,n,PGFV,6
2007,2,1,n,PEBO,21.5
2007,2,1,n,DIME,42
2007,2,1,n,DIME,53
2007,2,1,n,PEER,22
2007,2,1,n,PEER,24
2007,2,1,n,PEER,NA
2007,2,1,n,NEAL,NA
2007,2,1,n,PGFV,7.5
2007,2,1,n,DISP,120
2007,2,3,n,DIOR,45
2007,2,3,n,DISP,140
2007,2,3,n,DISP,NA
2007,2,3,n,ONAR,25
2007,2,3,n,PGFV,8
2007,2,3,n,DIME,42
2007,2,3,n,DIME,42
2007,2,3,n,DIME,45
2007,2,3,n,PGFV,7
2007,2,3,n,DIME,41
2007,2,3,n,ONAR,27
2007,2,3,n,PGFV,7.5
2007,2,3,n,PGFV,6
2007,2,3,n,PGFV,9
2007,2,3,n,PGFV,8
2007,2,3,n,DIME,25
2007,2,3,n,DIME,44
2007,2,3,n,DIOR,48
2007,2,3,n,PGFV,6
2007,2,3,n,PGFV,7
2007,2,5,n,PGFV,9
2007,2,5,n,PGFV,8
2007,2,5,n,DISP,90
2007,2,5,n,DISP,134
2007,2,5,n,PGFV,7
2007,2,5,n,PGFV,7
2007,2,5,n,DIOR,44
2007,2,5,n,PGFV,5
2007,2,5,n,PEBO,NA
2007,2,5,n,PEBO,20
2007,2,5,n,PGFV,8
2007,2,5,n,PGFV,9
2007,2,5,n,DIME,43
2007,2,5,n,PGFV,8
2007,2,5,n,DISP,118
2007,2,5,n,PGFV,8
2007,2,5,n,DIME,65
2007,2,5,n,PGFV,7
2007,2,5,n,DIME,42
2007,2,5,n,PGFV,7.5
2007,2,5,n,PGFV,7
2007,2,5,n,DIME,45
2007,2,5,n,DISP,130
2007,2,5,n,PEBO,28
2007,2,5,n,PGFV,NA
2007,2,5,n,DISP,140
2007,3,1,n,PGFV,9
2007,3,1,n,DIME,42
2007,3,1,n,DIME,38
2007,3,1,n,DIME,47
2007,3,1,n,PGFV,8.5
2007,3,1,n,NEAL,109
2007,3,1,n,PEBO,26
2007,3,1,n,DIME,37
2007,3,1,n,PGFV,7
2007,3,1,n,DIME,39
2007,3,1,n,PEER,12
2007,3,1,n,PEER,NA
2007,3,1,n,DISP,138
2007,3,1,n,PEBO,29
2007,3,1,n,PGFV,7
2007,3,1,n,PEBO,25
2007,3,1,n,PEBO,24
2007,3,1,n,DIME,NA
2007,3,1,n,PEBO,28
2007,3,1,n,DISP,148
2007,3,1,n,PGFV,7
2007,3,1,n,DIME,20
2007,3,3,n,PGFV,8.5
2007,3,3,n,PGFV,7
2007,3,3,n,PGFV,6
2007,3,3,n,DISP,122
2007,3,3,n,PGFV,8
2007,3,3,n,ONAR,14
2007,3,3,n,DIME,41
2007,3,3,n,DIME,41
2007,3,3,n,PEBO,16
2007,3,3,n,DIOR,67
2007,3,3,n,DIOR,59
2007,3,3,n,DIOR,56
2007,3,3,n,ONAR,17.5
2007,3,3,n,DISP,65
2007,3,3,n,DIME,45
2007,3,3,n,NEAL,94
2007,3,3,n,DISP,120
2007,3,3,n,DIME,33
2007,3,5,n,ONAR,56
2007,3,5,n,PGFV,7.5
2007,3,5,n,DIOR,55
2007,3,5,n,DISP,NA
2007,3,5,n,PGFV,8
2007,3,5,n,PGFV,8
2007,3,5,n,PGFV,8
2007,3,5,n,DISP,138
2007,3,5,n,DIOR,41
2007,3,5,n,DIOR,59
2007,3,5,n,PGFV,7
2007,3,5,n,DISP,65
2007,3,5,n,DIME,40
2007,3,5,n,PGFV,8
2007,3,5,n,PGFV,7
2007,3,5,n,REME,13
2007,3,5,n,DIME,45
2007,1,1,n,DIME,40
2007,1,1,n,DIME,46
2007,1,1,n,DIME,42
2007,1,1,n,DIME,40
2007,1,1,n,DIME,40
2007,1,1,n,DIME,34
2007,1,1,n,DIME,45
2007,1,1,n,PEER,18.5
2007,1,1,n,DIME,40
2007,1,1,n,DIME,45
2007,1,1,n,DISP,38
2007,1,1,n,DIME,38
2007,1,1,n,DIME,43
2007,1,1,n,DIME,43
2007,1,1,n,DISP,122
2007,1,1,n,DIME,41
2007,1,1,n,PEER,23
2007,1,1,n,DIME,37
2007,1,1,n,PEER,22
2007,1,1,n,DIME,46
2007,1,1,n,DIME,42
2007,1,1,n,DISP,123
2007,1,1,n,ONAR,22
2007,1,1,n,PEER,25
2007,1,1,n,DIME,40
2007,1,1,n,DISP,140
2007,1,1,n,DISP,125
2007,1,1,n,DIME,44
2007,1,1,n,PGFV,7
2007,1,1,n,PEER,20
2007,1,1,n,DIME,44
2007,1,1,n,DISP,130
2007,1,1,n,DISP,125
2007,1,1,n,PEER,17.5
2007,1,1,n,DIME,38
2007,1,1,n,DIME,40
2007,1,1,n,DIME,39
2007,1,1,n,DIME,38
2007,1,1,n,DIME,42
2007,1,1,n,PEER,18
2007,1,1,n,DIME,43
2007,1,1,n,PEER,23
2007,1,1,n,DIME,39
2007,1,1,n,DIME,46
2007,1,1,n,DISP,120
2007,1,3,n,DIOR,55
2007,1,3,n,DIME,34
2007,1,3,n,DISP,135
2007,1,3,n,DIME,38
2007,1,3,n,DIME,35
2007,1,3,n,ONAR,20
2007,1,3,n,PGFV,7.5
2007,1,3,n,DISP,140
2007,1,3,n,DIME,40
2007,1,3,n,PGFV,6
2007,1,3,n,DISP,145
2007,1,3,n,DIME,44
2007,1,3,n,DISP,144
2007,1,3,n,DIOR,53
2007,1,3,n,DISP,115
2007,1,3,n,DISP,NA
2007,1,3,n,DIME,41
2007,1,3,n,DIME,38
2007,1,3,n,DIME,30
2007,1,3,n,PGFV,7
2007,1,3,n,DIME,45
2007,1,3,n,DIME,39
2007,1,3,n,DIME,38
2007,1,3,n,DISP,130
2007,1,3,n,DIOR,50
2007,1,3,n,DIOR,48
2007,1,3,n,DIOR,46
2007,1,3,n,PGFV,7
2007,1,3,n,DIOR,49
2007,1,3,n,NEAL,92
2007,1,3,n,PGFV,5
2007,1,3,n,DIME,43
2007,1,3,n,DIOR,54
2007,1,3,n,DIME,NA
2007,1,3,n,DIOR,51
2007,1,3,n,DIME,39
2007,1,3,n,PGFV,6
2007,1,3,n,DISP,98
2007,1,3,n,ONLE,13
2007,1,3,n,DISP,125
2007,1,3,n,DIOR,42
2007,1,3,n,PGFV,8
2007,1,3,n,DIME,43
2007,1,3,n,DIME,38
2007,1,3,n,DIOR,49
2007,1,3,n,PEER,18.5
2007,1,3,n,DISP,130
2007,1,3,n,PGFV,6.5
2007,1,3,n,DIME,36
2007,1,3,n,DIME,36
2007,1,3,n,DISP,NA
2007,1,5,n,DIOR,42
2007,1,5,n,DIOR,57
2007,1,5,n,DIME,43
2007,1,5,n,DIME,41
2007,1,5,n,PGFV,36
2007,1,5,n,NEAL,189
2007,1,5,n,DIME,36
2007,1,5,n,ONLE,15
2007,1,5,n,DIME,43
2007,1,5,n,DIOR,49
2007,1,5,n,DISP,142
2007,1,5,n,DIME,40
2007,1,5,n,DISP,133
2007,1,5,n,DIOR,51
2007,1,5,n,DIME,44
2007,1,5,n,ONLE,17
2007,1,5,n,DIOR,42
2007,1,5,n,DIOR,52
2007,1,5,n,DIOR,49
2007,1,5,n,DIOR,52
2007,1,5,n,DISP,122
2007,1,5,n,DIOR,47
2007,1,5,n,DIME,49
2007,1,5,n,DIME,42
2007,1,5,n,DIME,45
2007,1,5,n,DIOR,50
2007,1,5,n,DIOR,51
2007,1,5,n,DISP,140
2007,1,5,n,DIME,39
2007,1,5,n,DIME,43
2007,1,5,n,DIME,48
2007,1,5,n,DIOR,56
2007,1,5,n,PGFV,7
2007,1,5,n,DIME,42
2007,1,5,n,NEAL,96
2007,1,5,n,DISP,NA
2007,1,5,n,DIME,46
2007,1,5,n,DIOR,48
2007,1,5,n,DIOR,51
2007,1,5,n,DIME,44
2007,1,5,n,ONLE,14
2007,1,5,n,PGFV,8
2007,1,5,n,DIME,39
2007,1,5,n,DIME,44
2007,1,5,n,DIME,47
2007,1,5,n,DIME,35
2007,1,5,n,DIME,45
2007,1,5,n,DIME,37
2007,1,5,n,PGFV,7
2007,1,5,n,DIME,39
2007,1,5,n,DIOR,42
2007,1,5,n,DISP,140
2007,1,5,n,DIME,38
2007,1,5,n,DISP,100
2007,1,5,n,DIME,43
2007,2,1,n,DIME,41
2007,2,1,n,DIME,42
2007,2,1,n,DIME,38
2007,2,1,n,PEER,16
2007,2,1,n,DIME,45
2007,2,1,n,PENA,26
2007,2,1,n,DISP,110
2007,2,1,n,DISP,110
2007,2,1,n,DIOR,50
2007,2,1,n,PEER,18
2007,2,1,n,DIME,33
2007,2,1,n,PEER,18
2007,2,1,n,PEER,21
2007,2,1,n,PEER,18
2007,2,1,n,DIME,40
2007,2,1,n,DIME,40
2007,2,1,n,PEER,17
2007,2,1,n,PEER,17
2007,2,3,n,ONAR,18
2007,2,3,n,DIOR,38
2007,2,3,n,DIME,38
2007,2,3,n,DIME,42
2007,2,3,n,PGFV,6
2007,2,3,n,DIME,32
2007,2,3,n,DISP,140
2007,2,3,n,PGFV,7
2007,2,3,n,DIME,36
2007,2,3,n,DISP,105
2007,2,3,n,DIME,36
2007,2,3,n,PGFV,6
2007,2,3,n,PEER,17
2007,2,3,n,NEAL,NA
2007,2,3,n,DIOR,47
2007,2,3,n,ONAR,15
2007,2,3,n,DIME,45
2007,2,3,n,PGFV,6
2007,2,3,n,DIOR,56
2007,2,3,n,DIME,NA
2007,2,3,n,PGFV,6.5
2007,2,3,n,PEER,18.5
2007,2,3,n,PGFV,6.5
2007,2,3,n,DIME,35
2007,2,3,n,PGFV,7
2007,2,3,n,DIOR,37
2007,2,3,n,DIME,37
2007,2,3,n,ONLE,16
2007,2,3,n,DISP,130
2007,2,3,n,DIME,39
2007,2,5,n,DISP,120
2007,2,5,n,DIOR,39
2007,2,5,n,DIME,40
2007,2,5,n,NEAL,NA
2007,2,5,n,DIME,45
2007,2,5,n,DISP,130
2007,2,5,n,DIME,36
2007,2,5,n,DIOR,48
2007,2,5,n,DIME,40
2007,2,5,n,DIME,41
2007,2,5,n,DIOR,44
2007,2,5,n,DISP,110
2007,2,5,n,ONAR,18
2007,2,5,n,PGFV,7.5
2007,2,5,n,DISP,125
2007,2,5,n,DIOR,41
2007,2,5,n,PGFV,6.5
2007,2,5,n,DIME,40
2007,2,5,n,PGFV,7
2007,3,1,n,DIME,44
2007,3,1,n,DIME,44
2007,3,1,n,PEER,18
2007,3,1,n,PGFV,7
2007,3,1,n,DIME,37
2007,3,1,n,DIME,32
2007,3,1,n,DIOR,53
2007,3,1,n,DIME,37
2007,3,1,n,DIME,36
2007,3,1,n,DIME,38
2007,3,1,n,PGFV,7.5
2007,3,1,n,ONAR,13
2007,3,1,n,PEER,17
2007,3,1,n,DIOR,59
2007,3,3,n,DIOR,36
2007,3,3,n,PELE,24
2007,3,3,n,ONAR,18
2007,3,3,n,PGFV,7
2007,3,3,n,DIOR,55
2007,3,3,n,REME,10
2007,3,3,n,DIME,44
2007,3,3,n,DIOR,41
2007,3,3,n,ONAR,19
2007,3,3,n,DISP,110
2007,3,3,n,DIME,33
2007,3,3,n,DIME,38
2007,3,3,n,SIHI,140
2007,3,3,n,PGFV,6
2007,3,3,n,DIME,40
2007,3,3,n,NEAL,160
2007,3,3,n,PGFV,7
2007,3,3,n,PGFV,7
2007,3,3,n,PGFV,6
2007,3,3,n,NEAL,90
2007,3,3,n,PEER,28
2007,3,3,n,PGFV,7
2007,3,3,n,ONAR,12
2007,3,5,n,DISP,114
2007,3,5,n,DIOR,30
2007,3,5,n,PGFV,6
2007,3,5,n,DISP,123
2007,3,5,n,DIOR,45
2007,3,5,n,ONLE,17
2007,3,5,n,DIME,39
2007,3,5,n,PGFV,7
2007,3,5,n,DISP,NA
2007,3,5,n,PGFV,9
2007,3,5,n,PGFV,7
2007,3,5,n,NEAL,89
2007,3,5,n,NEAL,NA
2007,3,5,n,PELE,21.5
2007,3,5,n,DIOR,48
2007,1,2,n,PETR,26
2007,1,2,n,DIME,48
2007,1,2,n,PETR,27
2007,1,2,n,DIME,50
2007,1,2,n,DIME,49
2007,1,2,n,REME,9
2007,1,2,n,PETR,26
2007,1,2,n,DIME,47
2007,1,2,n,DIME,56
2007,1,2,n,DIME,46
2007,1,2,n,ONLE,39
2007,1,2,n,DIME,46
2007,1,2,n,DIME,45
2007,1,2,n,PGFV,8
2007,1,2,n,DIME,46
2007,1,2,n,DIME,42
2007,1,2,n,PETR,25
2007,1,2,n,DIME,46
2007,1,2,n,DIME,43
2007,1,2,n,DIME,37
2007,1,2,n,DIME,35
2007,1,2,n,DIME,47
2007,1,2,n,DIME,44
2007,1,2,n,DIME,48
2007,1,2,n,DIME,47
2007,1,2,n,DIME,48
2007,1,2,n,DIME,49
2007,1,2,n,DIME,44
2007,1,2,n,DIME,47
2007,1,2,n,DIME,46
2007,1,2,n,DIME,50
2007,1,2,n,DIME,51
2007,1,2,n,DIOR,40
2007,1,2,n,DIME,38
2007,1,2,n,DIME,47
2007,1,2,n,DIME,41
2007,1,2,n,DIME,40
2007,1,2,n,ONLE,28
2007,1,2,n,DIME,51
2007,1,2,n,DIME,51
2007,1,2,n,DIME,49
2007,1,4,n,DIME,48
2007,1,4,n,DIME,46
2007,1,4,n,DIME,51
2007,1,4,n,DIME,47
2007,1,4,n,PEBO,21
2007,1,4,n,DIME,48
2007,1,4,n,DIME,50
2007,1,4,n,DIME,48
2007,1,4,n,DIME,49
2007,1,4,n,DIME,45
2007,1,4,n,REME,12
2007,1,4,n,DIME,50
2007,1,4,n,REME,9
2007,1,4,n,DIME,56
2007,1,4,n,DIME,42
2007,1,4,n,DIME,48
2007,1,4,n,ONAR,25
2007,1,4,n,DIME,49
2007,1,4,n,DIME,49
2007,1,4,n,DIME,46
2007,1,4,n,DIME,44
2007,1,4,n,DIME,51
2007,1,4,n,REME,12
2007,1,4,n,DIME,54
2007,1,4,n,REME,12
2007,1,4,n,DIME,50
2007,1,4,n,DIME,46
2007,1,5,n,DIME,45
2007,1,5,n,DIME,45
2007,1,5,n,DIME,49
2007,1,5,n,REME,14
2007,1,5,n,DIME,47
2007,1,5,n,DIME,44
2007,1,5,n,DIME,48
2007,1,5,n,DIME,37
2007,1,5,n,DIME,51
2007,1,5,n,REME,12
2007,1,5,n,DIME,54
2007,1,5,n,DIME,56
2007,1,5,n,DIME,52
2007,1,5,n,DIME,50
2007,1,5,n,DIME,42
2007,1,5,n,ONLE,45
2007,1,5,n,DIME,47
2007,1,5,n,DIME,48
2007,1,5,n,DIME,45
2007,1,5,n,DIME,52
2007,1,5,n,DIME,47
2007,1,5,n,PGFV,9
2007,1,5,n,DIME,48
2007,1,5,n,DIME,49
2007,2,2,n,DIME,48
2007,2,2,n,DIOR,55
2007,2,2,n,DIME,44
2007,2,2,n,PETR,23
2007,2,2,n,DIME,34
2007,2,2,n,NEAL,172
2007,2,2,n,DIME,41
2007,2,2,n,DIME,50
2007,2,2,n,DIME,46
2007,2,2,n,DIME,41
2007,2,2,n,DIME,140
2007,2,2,n,DIME,45
2007,2,2,n,PEBO,24
2007,2,2,n,DIME,26
2007,2,2,n,DIME,30
2007,2,2,n,PETR,32
2007,2,2,n,ONLE,28
2007,2,2,n,DIME,42
2007,2,2,n,ONLE,22
2007,2,2,n,DIME,44
2007,2,2,n,DIME,47
2007,2,2,n,DIME,44
2007,2,2,n,DIME,43
2007,2,2,n,DIME,47
2007,2,2,n,DIME,46
2007,2,2,n,DIME,44
2007,2,2,n,PETR,28
2007,2,2,n,DIME,46
2007,2,2,n,DIME,34
2007,2,2,n,DIME,51
2007,2,2,n,DIME,32
2007,2,2,n,ONLE,22
2007,2,2,n,PGFV,7
2007,2,2,n,DIME,49
2007,2,2,n,DIOR,39
2007,2,2,n,DIME,37
2007,2,2,n,ONLE,29
2007,2,2,n,DIME,50
2007,2,2,n,PETR,33
2007,2,2,n,DIOR,61
2007,2,4,n,DIME,42
2007,2,4,n,DIME,42
2007,2,4,n,REME,15
2007,2,4,n,DIME,52
2007,2,4,n,DIME,44
2007,2,4,n,REME,14
2007,2,4,n,DIME,45
2007,2,4,n,ONLE,19
2007,2,4,n,DIME,50
2007,2,4,n,DIME,48
2007,2,4,n,PGFV,8
2007,2,4,n,REME,15
2007,2,4,n,DIME,47
2007,2,4,n,DIME,45
2007,2,4,n,DIME,49
2007,2,4,n,DIME,44
2007,2,4,n,DIME,47
2007,2,4,n,REME,13
2007,2,4,n,ONLE,20
2007,2,4,n,REME,16
2007,2,4,n,DIME,51
2007,2,4,n,DIME,57
2007,2,4,n,DIME,49
2007,2,4,n,REME,16
2007,2,4,n,DIME,48
2007,2,4,n,DIME,46
2007,2,5,n,DIME,47
2007,2,5,n,DIME,53
2007,2,5,n,DIME,48
2007,2,5,n,DIME,49
2007,2,5,n,PGFV,6
2007,2,5,n,DIME,46
2007,2,5,n,ONLE,21
2007,2,5,n,DIME,46
2007,2,5,n,DIME,48
2007,2,5,n,DIME,53
2007,2,5,n,PEBO,29
2007,2,5,n,DIME,46
2007,2,5,n,DIME,51
2007,2,5,n,REME,16
2007,2,5,n,DIME,34
2007,2,5,n,ONLE,20
2007,2,5,n,DIME,48
2007,2,5,n,REME,16
2007,2,5,n,DIME,46
2007,2,5,n,DIME,49
2007,2,5,n,DIME,50
2007,2,5,n,DIME,25
2007,2,5,n,DIME,43
2007,2,5,n,DIME,50
2007,2,5,n,DIME,45
2007,2,5,n,DIME,50
2007,2,5,n,ONAR,46
2007,2,5,n,DIME,48
2007,2,5,n,REME,18
2007,2,5,n,REME,14
2007,2,5,n,DIME,54
2007,3,2,n,DIME,NA
2007,3,2,n,DIME,46
2007,3,2,n,DIME,49
2007,3,2,n,DIME,24
2007,3,2,n,ONLE,25
2007,3,2,n,PETR,25
2007,3,2,n,DIME,35
2007,3,2,n,PGFV,7
2007,3,2,n,NEAL,105
2007,3,2,n,PGFV,8
2007,3,2,n,DIME,42
2007,3,2,n,PETR,NA
2007,3,2,n,DIME,47
2007,3,2,n,DIME,49
2007,3,2,n,DIME,45
2007,3,2,n,PGFV,7
2007,3,2,n,DIME,47
2007,3,2,n,DIME,48
2007,3,2,n,PGFV,8
2007,3,2,n,ONLE,42
2007,3,4,n,REME,15
2007,3,4,n,DIME,42
2007,3,4,n,DIME,31
2007,3,4,n,DIME,47
2007,3,4,n,REME,12
2007,3,4,n,REME,15
2007,3,4,n,PGFV,8
2007,3,4,n,PGFV,5.5
2007,3,4,n,PGFV,5
2007,3,4,n,PETR,34
2007,3,4,n,DIME,46
2007,3,4,n,DIME,NA
2007,3,4,n,REME,10.5
2007,3,4,n,DIME,42
2007,3,4,n,PGFV,8
2007,3,4,n,DIME,50
2007,3,4,n,DIME,47
2007,3,5,n,PETR,25
2007,3,5,n,DIME,45
2007,3,5,n,PGFV,9
2007,3,5,n,DIME,44
2007,3,5,n,DIME,47
2007,3,5,n,DIME,40
2007,3,5,n,ONLE,21
2007,3,5,n,REME,25
2007,3,5,n,DIME,47
2007,3,5,n,ONLE,40
2007,3,5,n,DIME,46
2007,3,5,n,REME,12
2007,3,5,n,PETR,26
2007,1,2,n,DIME,41
2007,1,2,n,DIME,51
2007,1,2,n,DIME,50
2007,1,2,n,DIME,45
2007,1,2,n,ONLE,31
2007,1,2,n,DIME,48
2007,1,2,n,DIME,41
2007,1,2,n,DIME,44
2007,1,2,n,DIME,48
2007,1,2,n,DIME,45
2007,1,2,n,ONLE,35
2007,1,2,n,DIME,49
2007,1,2,n,DIME,39
2007,1,2,n,ONLE,24
2007,1,2,n,DIME,43
2007,1,2,n,NEAL,139
2007,1,2,n,DIME,40
2007,1,2,n,REME,11
2007,1,2,n,DIME,41
2007,1,2,n,ONLE,25
2007,1,2,n,DIME,40
2007,1,2,n,DIME,45
2007,1,2,n,DIME,45
2007,1,2,n,DIME,44
2007,1,2,n,DISP,NA
2007,1,2,n,ONLE,30
2007,1,2,n,DIME,43
2007,1,2,n,DIME,45
2007,1,2,n,ONLE,26
2007,1,2,n,DIME,48
2007,1,2,n,DIME,44
2007,1,2,n,DIME,43
2007,1,2,n,DIME,40
2007,1,2,n,DIME,46
2007,1,2,n,DIME,40
2007,1,2,n,ONLE,30
2007,1,2,n,DIME,43
2007,1,2,n,DIME,46
2007,1,2,n,DIME,42
2007,1,2,n,DIME,43
2007,1,2,n,DIME,49
2007,1,2,n,DIME,43
2007,1,2,n,DIME,42
2007,1,2,n,DIME,45
2007,1,2,n,DIME,42
2007,1,2,n,DIME,43
2007,1,2,n,DIME,42
2007,1,2,n,ONLE,30
2007,1,2,n,DIME,39
2007,1,2,n,DIME,38
2007,1,2,n,REME,25
2007,1,2,n,DIME,49
2007,1,2,n,PEER,22
2007,1,2,n,DIME,42
2007,1,2,n,DIME,37
2007,1,2,n,REME,11.5
2007,1,2,n,PGFV,7
2007,1,2,n,NEAL,NA
2007,1,2,n,ONLE,31
2007,1,2,n,DIME,46
2007,1,2,n,DIME,48
2007,1,2,n,PEER,20
2007,1,4,n,DIME,42
2007,1,4,n,DIME,43
2007,1,4,n,DIME,43
2007,1,4,n,DIME,46
2007,1,4,n,DIME,45
2007,1,4,n,REME,13
2007,1,4,n,DIME,47
2007,1,4,n,ONAR,24
2007,1,4,n,DIME,42
2007,1,4,n,DIME,48
2007,1,4,n,DISP,NA
2007,1,4,n,DIME,47
2007,1,4,n,DIME,43
2007,1,4,n,ONAR,30
2007,1,4,n,DIME,44
2007,1,4,n,DIME,47
2007,1,4,n,DIME,41
2007,1,4,n,NEAL,125
2007,1,4,n,REME,12
2007,1,4,n,DIME,36
2007,1,4,n,ONAR,32
2007,1,4,n,DIME,46
2007,1,4,n,DIME,49
2007,1,4,n,DIME,42
2007,1,4,n,DIME,38
2007,1,4,n,PGFV,6
2007,1,4,n,DIME,40
2007,1,4,n,DIME,42
2007,1,4,n,DIME,47
2007,1,4,n,NEAL,166
2007,1,4,n,DIME,46
2007,1,4,n,PGFV,6
2007,1,4,n,DISP,138
2007,1,4,n,DIME,39
2007,1,4,n,ONLE,18
2007,1,4,n,DIME,41
2007,1,4,n,DIME,43
2007,1,4,n,DIME,45
2007,1,4,n,DIME,43
2007,1,4,n,DIME,47
2007,1,4,n,DIME,45
2007,1,4,n,DIME,47
2007,1,4,n,DIME,43
2007,1,4,n,DIME,41
2007,1,4,n,PGFV,6.5
2007,1,4,n,PGFV,6
2007,1,4,n,DIME,39
2007,1,4,n,DIME,42
2007,1,4,n,DIME,49
2007,1,4,n,DIME,47
2007,1,4,n,DIME,44
2007,1,4,n,DIME,42
2007,1,4,n,DIME,40
2007,1,4,n,DIME,47
2007,1,4,n,PGFV,6
2007,1,4,n,DIME,47
2007,1,4,n,DIME,41
2007,1,4,n,DIME,43
2007,1,5,n,DIME,41
2007,1,5,n,DIME,38
2007,1,5,n,DIME,37
2007,1,5,n,DIME,41
2007,1,5,n,REME,16
2007,1,5,n,DIME,39
2007,1,5,n,DIME,38
2007,1,5,n,DIME,42
2007,1,5,n,DIME,44
2007,1,5,n,ONLE,36
2007,1,5,n,DIME,41
2007,1,5,n,DIME,39
2007,1,5,n,ONLE,30
2007,1,5,n,PGFV,7
2007,1,5,n,DIME,35
2007,1,5,n,DIME,44
2007,1,5,n,DIME,40
2007,1,5,n,DIME,38
2007,1,5,n,ONAR,19.5
2007,1,5,n,DIME,43
2007,1,5,n,DIME,36
2007,1,5,n,DIME,48
2007,1,5,n,DIME,43
2007,1,5,n,DIME,44
2007,1,5,n,DIME,43
2007,1,5,n,DIME,43
2007,1,5,n,DIME,50
2007,1,5,n,DIME,42
2007,1,5,n,DIME,44
2007,1,5,n,DIME,43
2007,1,5,n,DIME,40
2007,1,5,n,DIME,40
2007,1,5,n,DIME,40
2007,1,5,n,DIME,47
2007,1,5,n,DIME,45
2007,1,5,n,DIME,39
2007,1,5,n,NEAL,140
2007,1,5,n,DIME,45
2007,1,5,n,DIME,37
2007,1,5,n,DIME,41
2007,1,5,n,DIME,43
2007,1,5,n,DIME,42
2007,1,5,n,DIME,44
2007,1,5,n,DIME,37
2007,1,5,n,DIME,43
2007,1,5,n,DIME,42
2007,1,5,n,DIME,43
2007,1,5,n,DIME,49
2007,1,5,n,DIME,40
2007,1,5,n,PGFV,6.5
2007,1,5,n,DIME,36
2007,1,5,n,DIME,43
2007,2,2,n,NEAL,178
2007,2,2,n,ONLE,33
2007,2,2,n,DIME,47
2007,2,2,n,PGFV,7
2007,2,2,n,DISP,148
2007,2,2,n,DIME,47
2007,2,2,n,PGFV,6
2007,2,2,n,DIME,40
2007,2,2,n,NEAL,130
2007,2,2,n,DIOR,38
2007,2,2,n,DIME,41
2007,2,2,n,ONLE,29
2007,2,2,n,DIME,48
2007,2,2,n,DIME,45
2007,2,2,n,DIME,44
2007,2,2,n,DIME,43
2007,2,2,n,DIME,38
2007,2,4,n,PGFV,6
2007,2,4,n,DIME,49
2007,2,4,n,DIME,46
2007,2,4,n,PGFV,6.5
2007,2,4,n,DIME,44
2007,2,4,n,ONLE,NA
2007,2,4,n,PELE,25
2007,2,4,n,ONLE,33
2007,2,4,n,PGFV,NA
2007,2,4,n,PELE,18
2007,2,4,n,DIME,39
2007,2,4,n,PGFV,6
2007,2,4,n,DIME,36
2007,2,4,n,DIME,44
2007,2,4,n,DIME,43
2007,2,4,n,PGFV,7
2007,2,4,n,NEAL,180
2007,2,4,n,DIME,NA
2007,2,4,n,DIME,46
2007,2,4,n,ONLE,24
2007,2,4,n,ONAR,19
2007,2,4,n,DIOR,44
2007,2,4,n,DIME,48
2007,2,4,n,DIME,42
2007,2,4,n,ONLE,31
2007,2,4,n,DIME,43
2007,2,4,n,DIME,40
2007,2,5,n,DIME,42
2007,2,5,n,DIME,47
2007,2,5,n,ONLE,33
2007,2,5,n,DIME,46
2007,2,5,n,PGFV,6
2007,2,5,n,DIME,46
2007,2,5,n,DIME,42
2007,2,5,n,REME,10
2007,2,5,n,ONLE,NA
2007,2,5,n,DIME,38
2007,2,5,n,ONAR,18
2007,2,5,n,PGFV,6
2007,2,5,n,DIME,36
2007,2,5,n,DIME,48
2007,2,5,n,PGFV,6.5
2007,2,5,n,DIME,38
2007,2,5,n,PGFV,7
2007,2,5,n,DIME,42
2007,2,5,n,DIME,45
2007,2,5,n,PGFV,6
2007,2,5,n,ONLE,27
2007,2,5,n,ONLE,36
2007,3,2,n,DIME,38
2007,3,2,n,DIME,40
2007,3,2,n,DISP,140
2007,3,2,n,DIME,43
2007,3,2,n,DIME,40
2007,3,2,n,DIME,41
2007,3,2,n,DIME,48
2007,3,2,n,DIME,43
2007,3,2,n,PELE,18
2007,3,2,n,PGFV,6
2007,3,2,n,DIME,42
2007,3,2,n,PGFL,11
2007,3,2,n,DIME,42
2007,3,4,n,DIME,24
2007,3,4,n,DISP,125
2007,3,4,n,DIME,39
2007,3,4,n,DIME,44
2007,3,4,n,DIOR,65
2007,3,4,n,DIME,43
2007,3,4,n,ONLE,30
2007,3,4,n,PGFV,7
2007,3,4,n,PGFV,6
2007,3,4,n,PGFV,6
2007,3,4,n,DIME,27
2007,3,4,n,DIME,43
2007,3,4,n,ONLE,23
2007,3,4,n,DIME,50
2007,3,4,n,PGFV,6
2007,3,5,n,DIME,49
2007,3,5,n,DIME,46
2007,3,5,n,DIME,40
2007,3,5,n,ONLE,24
2007,3,5,n,DIME,41
2007,3,5,n,PGFV,6.5
2007,3,5,n,DIME,44
2007,3,5,n,PGFV,7
2007,3,5,n,PGFV,7
2008,1,2,n,PEBO,20
2008,1,2,n,ONAR,22
2008,1,2,n,DIOR,45
2008,1,2,n,DISP,120
2008,1,2,n,DIOR,46
2008,1,2,n,PGFV,7.5
2008,1,2,n,DIOR,54
2008,1,2,n,DIOR,48
2008,1,2,n,DIOR,51
2008,1,2,n,DIOR,44
2008,1,2,n,DISP,138
2008,1,2,n,DIOR,51
2008,1,2,n,DIOR,42
2008,1,2,n,DIOR,46
2008,1,3,n,PGFV,7
2008,1,3,n,DIOR,52
2008,1,3,n,DIOR,50
2008,1,3,n,PGFV,6
2008,1,3,n,DIOR,47
2008,1,3,n,DIOR,53
2008,1,3,n,DIOR,49
2008,1,3,n,PGFV,8.5
2008,1,3,n,DIOR,44
2008,1,3,n,DIOR,49
2008,1,3,n,DIOR,44
2008,1,3,n,DIOR,52
2008,1,3,n,DIOR,48
2008,1,3,n,DIOR,46
2008,1,3,n,DIOR,46
2008,1,3,n,PGFV,10.5
2008,1,5,n,PEBO,23
2008,1,5,n,PGFV,9.5
2008,1,5,n,DIOR,45
2008,1,5,n,PGFV,8
2008,1,5,n,DIOR,46
2008,1,5,n,PGFV,7
2008,1,5,n,DIOR,47
2008,1,5,n,DISP,120
2008,1,5,n,DIOR,40
2008,1,5,n,PGFV,6.5
2008,1,5,n,DIOR,43
2008,1,5,n,DIOR,54
2008,1,5,n,DIOR,NA
2008,1,5,n,DIOR,40
2008,1,5,n,DIOR,47
2008,1,5,n,DIOR,37
2008,1,5,n,DIOR,46
2008,1,5,n,DIOR,47
2008,1,5,n,DIOR,38
2008,1,5,n,PGFV,9
2008,1,5,n,DIOR,NA
2008,1,5,n,DIOR,51
2008,2,2,n,PEBO,22
2008,2,2,n,PGFV,7.5
2008,2,2,n,ONAR,23
2008,2,2,n,PGFV,7
2008,2,2,n,PGFV,6.5
2008,2,2,n,DISP,130
2008,2,3,n,PGFV,6.5
2008,2,3,n,PEBO,22.5
2008,2,3,n,DIOR,40
2008,2,5,n,PGFV,8
2008,2,5,n,PGFV,8
2008,2,5,n,NEAL,98
2008,2,5,n,PGFV,8
2008,2,5,n,DIOR,48
2008,2,5,n,ONAR,25
2008,2,5,n,DIOR,48
2008,2,5,n,PGFV,8
2008,3,2,n,DISP,125
2008,3,2,n,PGFV,6
2008,3,3,n,DIOR,45
2008,3,3,n,PEBO,27
2008,3,3,n,PGFV,7.5
2008,3,3,n,PGFV,8
2008,3,3,n,PGFV,8
2008,3,3,n,DIOR,51
2008,3,3,n,PEBO,24
2008,3,5,n,DIOR,51
2008,3,5,n,PGFV,7
2008,3,5,n,DIOR,54
2008,3,5,n,DIOR,42
2008,3,5,n,PGFV,6.5
2008,3,5,n,DIOR,48
2008,1,2,n,DISP,120
2008,1,2,n,PGFV,8
2008,1,2,n,PGFV,8
2008,1,5,n,PGFV,9
2008,1,5,n,NEAL,90
2008,1,5,n,PGFV,36
2008,1,5,n,DIOR,60
2008,2,2,n,PGFV,7.5
2008,2,2,n,DIOR,60
2008,2,2,n,PGFV,8
2008,2,3,n,PGFV,7
2008,2,3,n,PGFV,8
2008,2,3,n,PGFV,9
2008,2,5,n,PGFV,9
2008,2,5,n,PGFV,8
2008,2,5,n,PGFV,9
2008,2,5,n,PGFV,8
2008,3,2,n,PGFV,8.5
2008,3,2,n,PGFV,7
2008,3,3,n,DIOR,53
2008,3,5,n,PGFV,7
2008,3,5,n,DIOR,54
2008,1,1,n,DIME,43
2008,1,1,n,DIME,36
2008,1,1,n,DIME,37
2008,1,1,n,DIME,38
2008,1,1,n,DIME,37
2008,1,1,n,DIME,39
2008,1,1,n,DIME,43
2008,1,1,n,DIME,39
2008,1,1,n,DIME,38
2008,1,1,n,DIME,34
2008,1,1,n,DIME,39
2008,1,1,n,DISP,118
2008,1,1,n,DIME,46
2008,1,1,n,DIOR,53
2008,1,1,n,DIME,37
2008,1,1,n,DIME,38
2008,1,1,n,DISP,125
2008,1,1,n,DIME,32
2008,1,1,n,DIME,39
2008,1,1,n,DIME,40
2008,1,1,n,DIME,38
2008,1,1,n,DIME,37
2008,1,1,n,DISP,150
2008,1,1,n,DIME,36
2008,1,1,n,DIME,39
2008,1,1,n,DISP,120
2008,1,1,n,DIME,40
2008,1,1,n,DIME,39
2008,1,1,n,DIME,40
2008,1,3,n,DIOR,44
2008,1,3,n,DIME,42
2008,1,3,n,DIME,35
2008,1,3,n,DISP,125
2008,1,3,n,DIOR,44
2008,1,3,n,DISP,132
2008,1,3,n,PGFV,6.5
2008,1,3,n,DIME,41
2008,1,3,n,DIOR,44
2008,1,3,n,DISP,150
2008,1,3,n,DIME,33
2008,1,3,n,DIOR,46
2008,1,3,n,PGFV,8
2008,1,3,n,DIOR,58
2008,1,3,n,DIME,39
2008,1,3,n,DIOR,55
2008,1,3,n,DIOR,55
2008,1,3,n,DIOR,45
2008,1,3,n,DIME,43
2008,1,3,n,DIME,38
2008,1,3,n,DISP,130
2008,1,3,n,DIOR,52
2008,1,3,n,DIME,43
2008,1,3,n,DIME,40
2008,1,3,n,DIME,38
2008,1,3,n,DISP,120
2008,1,3,n,DIOR,49
2008,1,3,n,DIME,38
2008,1,3,n,DISP,130
2008,1,3,n,PEBO,28
2008,1,3,n,DIME,38
2008,1,3,n,DIME,35
2008,1,5,n,DIOR,43
2008,1,5,n,DIME,34
2008,1,5,n,DIME,35
2008,1,5,n,DIOR,48
2008,1,5,n,DIME,37
2008,1,5,n,DISP,135
2008,1,5,n,DIME,37
2008,1,5,n,PEBO,24
2008,1,5,n,DISP,124
2008,1,5,n,DIOR,54
2008,1,5,n,DIOR,50
2008,1,5,n,DIOR,37
2008,1,5,n,DISP,150
2008,1,5,n,DIME,40
2008,1,5,n,DIOR,49
2008,1,5,n,DIOR,48
2008,1,5,n,DIOR,41
2008,1,5,n,DIOR,48
2008,1,5,n,DIME,37
2008,1,5,n,DIME,41
2008,1,5,n,DISP,120
2008,1,5,n,DIOR,46
2008,1,5,n,DIME,34
2008,1,5,n,DIOR,47
2008,1,5,n,DIME,46
2008,1,5,n,DISP,148
2008,1,5,n,DIME,36
2008,1,5,n,DIME,42
2008,1,5,n,DIME,45
2008,1,5,n,DIME,38
2008,1,5,n,DIME,39
2008,1,5,n,DIOR,46
2008,1,5,n,DIME,40
2008,1,5,n,DISP,115
2008,1,5,n,DISP,122
2008,1,5,n,DIME,36
2008,1,5,n,DISP,112
2008,1,5,n,DIME,36
2008,1,5,n,DIME,35
2008,1,5,n,DISP,130
2008,1,5,n,DIME,41
2008,1,5,n,DISP,148
2008,1,5,n,DIME,40
2008,2,1,n,REME,13
2008,2,1,n,DIME,41
2008,2,1,n,DIME,42
2008,2,1,n,DIME,44
2008,2,1,n,DIME,40
2008,2,1,n,DISP,135
2008,2,1,n,DISP,130
2008,2,1,n,DIME,38
2008,2,1,n,DIME,36
2008,2,3,n,PGFV,9
2008,2,3,n,PGFV,6.5
2008,2,3,n,DISP,120
2008,2,3,n,DISP,132
2008,2,3,n,PGFV,7.5
2008,2,3,n,ONAR,24
2008,2,3,n,PGFV,8
2008,2,3,n,DISP,140
2008,2,3,n,PGFV,8
2008,2,5,n,PGFV,8.5
2008,2,5,n,PGFV,9
2008,2,5,n,PGFV,7.5
2008,2,5,n,REME,7
2008,2,5,n,PGFV,6.5
2008,2,5,n,PGFV,NA
2008,2,5,n,DIME,36
2008,2,5,n,DIME,39
2008,2,5,n,DIME,37
2008,2,5,n,DISP,140
2008,2,5,n,DIOR,44
2008,2,5,n,DIOR,48
2008,2,5,n,PGFV,8
2008,2,5,n,PGFV,6
2008,2,5,n,DIME,42
2008,2,5,n,PGFV,6.5
2008,2,5,n,PGFV,7
2008,1,1,n,DIME,42
2008,1,1,n,PGFV,9
2008,1,1,n,DIME,47
2008,1,1,n,DIME,47
2008,1,1,n,DISP,120
2008,1,1,n,DIME,40
2008,1,1,n,DISP,136
2008,1,1,n,DISP,123
2008,1,1,n,DIME,48
2008,1,1,n,PELE,21
2008,1,1,n,DISP,131
2008,1,1,n,PELE,27
2008,1,1,n,DIME,47
2008,1,1,n,DISP,135
2008,1,1,n,DIME,48
2008,1,1,n,DIME,20
2008,1,1,n,DIME,52
2008,1,1,n,DIME,24
2008,1,1,n,DIME,53
2008,1,1,n,DIME,50
2008,1,1,n,DISP,NA
2008,1,1,n,DIME,54
2008,1,1,n,DISP,129
2008,1,1,n,PGFV,6.5
2008,1,1,n,DIME,44
2008,1,1,n,PGFV,7
2008,1,1,n,DIME,49
2008,1,3,n,DIME,52
2008,1,3,n,DISP,NA
2008,1,3,n,DIME,47
2008,1,3,n,PGFV,5
2008,1,3,n,PGFV,9
2008,1,3,n,DIME,67
2008,1,3,n,DIOR,60
2008,1,3,n,PGFV,12
2008,1,3,n,DISP,122
2008,1,3,n,PGFV,7
2008,1,3,n,DIOR,56
2008,1,3,n,DISP,132
2008,1,3,n,PGFV,8
2008,1,3,n,DIME,42
2008,1,3,n,DIME,41
2008,1,3,n,DISP,150
2008,1,3,n,DIME,46
2008,1,5,n,NEAL,248
2008,1,5,n,NEAL,80
2008,1,5,n,DIME,48
2008,1,5,n,PGFV,7
2008,1,5,n,PGFV,10
2008,1,5,n,DISP,160
2008,1,5,n,DISP,128
2008,1,5,n,PGFV,10
2008,1,5,n,DISP,130
2008,1,5,n,DIOR,56
2008,1,5,n,PGFV,7
2008,1,5,n,DISP,124
2008,1,5,n,DIME,45
2008,1,5,n,PGFV,8
2008,1,5,n,DISP,145
2008,1,5,n,DIME,53
2008,1,5,n,PGFV,8
2008,1,5,n,DIME,42
2008,1,5,n,DISP,130
2008,1,5,n,DISP,149
2008,1,5,n,DISP,124
2008,1,5,n,DISP,110
2008,2,1,n,DIME,55
2008,2,1,n,PGFV,10
2008,2,1,n,DISP,130
2008,2,1,n,DIME,22
2008,2,1,n,DISP,126
2008,2,1,n,PGFV,7
2008,2,3,n,PGFV,8
2008,2,3,n,DISP,162
2008,2,3,n,PGFV,NA
2008,2,3,n,PGFV,8.5
2008,2,3,n,PGFV,7
2008,2,3,n,DIME,47
2008,2,3,n,DIOR,58
2008,2,3,n,DIME,20
2008,2,3,n,PGFV,6
2008,2,3,n,PGFV,6
2008,2,3,n,PGFV,6.5
2008,2,5,n,PGFV,7.5
2008,2,5,n,DISP,100
2008,3,1,n,DIME,21
2008,3,1,n,DIME,24
2008,3,1,n,DISP,149
2008,3,1,n,DIME,26
2008,3,3,n,DISP,134
2008,3,3,n,DIME,45
2008,3,3,n,PGFV,7
2008,3,5,n,PGFV,13
2008,3,5,n,DISP,NA
2008,3,5,n,PGFV,9
2008,3,5,n,DIME,50
2008,1,2,n,DIME,40
2008,1,2,n,DIME,50
2008,1,2,n,DIME,39
2008,1,2,n,DIME,36
2008,1,2,n,DIME,41
2008,1,2,n,DIME,45
2008,1,2,n,DIME,46
2008,1,2,n,DIME,40
2008,1,2,n,DIME,35
2008,1,2,n,DISP,134
2008,1,2,n,DIME,42
2008,1,2,n,DISP,NA
2008,1,2,n,DIME,47
2008,1,2,n,DIME,43
2008,1,2,n,DISP,125
2008,1,2,n,DIME,41
2008,1,2,n,PELE,18
2008,1,2,n,DIME,40
2008,1,2,n,ONAR,32
2008,1,2,n,DIME,41
2008,1,2,n,DIME,43
2008,1,2,n,DIME,36
2008,1,2,n,DIME,43
2008,1,2,n,DIME,45
2008,1,2,n,DIME,48
2008,1,2,n,DIME,47
2008,1,4,n,DISP,120
2008,1,4,n,DIME,44
2008,1,4,n,DIME,37
2008,1,4,n,DIME,41
2008,1,4,n,DIME,40
2008,1,4,n,DIME,40
2008,1,4,n,DIME,37
2008,1,4,n,DIME,42
2008,1,4,n,DIME,48
2008,1,4,n,PGFV,6.5
2008,1,4,n,DIME,39
2008,1,5,n,DIME,31
2008,1,5,n,DIME,35
2008,1,5,n,DIME,37
2008,1,5,n,DIME,48
2008,1,5,n,DIME,38
2008,1,5,n,DIME,38
2008,2,2,n,DIME,43
2008,2,2,n,DISP,120
2008,2,4,n,PGFV,7
2008,2,4,n,ONAR,17
2008,2,5,n,PGFV,6
2008,2,5,n,DIME,41
2008,2,5,n,DIME,39
2008,3,2,n,PGFL,11
2008,3,4,n,PETR,21.5
2008,3,4,n,DISP,125
2008,3,5,n,PETR,20
2008,1,2,n,DIME,45
2008,1,2,n,DIME,67
2008,1,2,n,DISP,158
2008,1,2,n,DIME,44
2008,1,2,n,DIME,58
2008,1,2,n,DISP,132
2008,1,2,n,DIME,43
2008,1,2,n,DIME,50
2008,1,2,n,DIME,50
2008,1,2,n,DIME,45
2008,1,2,n,DISP,150
2008,1,4,n,PGFV,8
2008,1,4,n,DIME,52
2008,1,4,n,DIME,52
2008,1,4,n,DISP,NA
2008,1,4,n,DIME,45
2008,1,4,n,DIME,43
2008,1,4,n,DIME,54
2008,1,5,n,DIME,50
2008,1,5,n,DIME,40
2008,1,5,n,DIME,41
2008,1,5,n,DIME,43
2008,1,5,n,DIME,42
2008,1,5,n,DIME,36
2008,1,5,n,ONAR,22
2008,1,5,n,DIME,44
2008,1,5,n,DIME,45
2008,1,5,n,DIME,46
2008,1,5,n,DIME,40
2008,2,2,n,DIME,38
2008,2,2,n,DIME,21
2008,2,2,n,DIME,50
2008,2,4,n,DIME,52
2008,2,5,n,DIME,40
2008,2,5,n,ONAR,20
2008,2,5,n,DIME,40
2008,3,2,n,DIME,47
2008,3,2,n,DIME,53
2008,3,2,n,DIME,33
2008,3,2,n,DIME,46
2008,3,4,n,ONAR,18
2008,3,4,n,DIME,40
2008,3,4,n,DIME,55
2008,3,5,n,ONAR,20
2008,3,5,n,DIME,53
2009,1,2,n,PGFV,8
2009,1,2,n,DISP,104
2009,1,2,n,PGFV,8
2009,1,2,n,PGFV,7
2009,1,2,n,PGFV,7
2009,1,2,n,DIOR,51
2009,1,2,n,XESP,NA
2009,1,2,n,PGFV,8
2009,1,2,n,PGFV,8
2009,1,3,n,DIOR,46
2009,1,3,n,PGFV,10
2009,1,3,n,PGFV,9.5
2009,1,3,n,PGFV,7
2009,1,3,n,DIOR,50
2009,1,3,n,PGFV,4.5
2009,1,3,n,PGFV,7
2009,1,3,n,DIOR,45
2009,1,3,n,NEAL,108
2009,1,5,n,PGFV,7
2009,1,5,n,PGFV,8
2009,1,5,n,DIOR,35
2009,1,5,n,PGFV,7
2009,1,5,n,DIOR,31
2009,1,5,n,DIOR,47
2009,1,5,n,PGFV,9
2009,1,5,n,PGFV,9
2009,2,2,n,PGFV,8
2009,2,2,n,DIOR,38
2009,2,2,n,PGFV,9
2009,2,2,n,PGFV,7
2009,2,5,n,PGFV,8
2009,2,5,n,PGFV,5.5
2009,2,5,n,PGFV,7
2009,2,5,n,PGFV,8.5
2009,2,5,n,PGFV,8
2009,2,5,n,PETR,29
2009,3,2,n,PGFV,7
2009,3,2,n,PGFV,7
2009,3,3,n,XESP,NA
2009,3,3,n,PGFV,6
2009,3,5,n,XESP,NA
2009,3,5,n,DIOR,38
2009,3,5,n,PGFV,8
2009,3,5,n,ONAR,38
2009,3,5,n,PGFV,8
2009,3,5,n,PGFV,5
2009,1,1,n,DISP,118
2009,1,2,n,PGFV,6
2009,1,2,n,PGFV,9.5
2009,1,2,n,DIOR,53
2009,1,2,n,PGFV,9
2009,1,2,n,DIOR,50
2009,1,3,n,XESP,90
2009,1,3,n,PGFV,7
2009,1,3,n,PGFV,5
2009,1,3,n,PGFV,6.5
2009,1,3,n,PGFV,7
2009,1,3,n,DIOR,46
2009,1,3,n,PGFV,6
2009,1,3,n,PGFV,5
2009,1,3,n,PGFV,6
2009,1,5,n,PGFV,9
2009,1,5,n,PGFV,8
2009,1,5,n,PGFV,8
2009,1,5,n,DIOR,51
2009,1,5,n,DIOR,61
2009,1,5,n,PGFV,10
2009,1,5,n,PGFV,8
2009,1,5,n,DIOR,46
2009,1,5,n,PGFV,6
2009,1,5,n,DIOR,49
2009,1,5,n,DIOR,57
2009,1,5,n,DIOR,44
2009,1,5,n,DIOR,52
2009,2,1,n,PGFV,8
2009,2,1,n,PGFV,6
2009,2,1,n,PGFV,7.5
2009,2,1,n,DIOR,50
2009,2,1,n,DIOR,45
2009,2,1,n,PGFV,8
2009,2,1,n,DIOR,50
2009,2,1,n,PGFV,6.5
2009,2,2,n,PGFV,6
2009,2,2,n,PGFV,7
2009,2,2,n,PGFV,6
2009,2,2,n,PGFV,6
2009,2,2,n,PGFV,7
2009,2,3,n,PGFV,7.5
2009,2,3,n,PGFV,6
2009,2,5,n,ONAR,15
2009,2,5,n,PGFV,7
2009,2,5,n,PGFV,7
2009,2,5,n,PGFV,8
2009,2,5,n,PGFV,7
2009,2,5,n,PGFV,8
2009,2,5,n,DIOR,45
2009,3,1,n,PGFV,6
2009,3,1,n,DIOR,47
2009,3,1,n,PGFV,8
2009,3,1,n,PGFV,7
2009,3,1,n,DIOR,49
2009,3,1,n,PGFV,7
2009,3,1,n,DIOR,45
2009,3,1,n,PGFV,8
2009,3,2,n,PGFV,6
2009,3,2,n,PGFV,7
2009,3,2,n,XESP,110
2009,3,2,n,PGFV,8
2009,3,2,n,DISP,120
2009,3,2,n,PGFV,9
2009,3,2,n,DIME,28
2009,3,2,n,PGFV,8
2009,3,2,n,DIOR,43
2009,3,2,n,PGFV,NA
2009,3,2,n,PGFV,7
2009,3,2,n,PGFV,6
2009,3,3,n,PGFV,8
2009,3,3,n,PGFV,6
2009,3,3,n,PGFV,6.5
2009,3,3,n,PGFV,5
2009,3,5,n,PGFV,8
2009,3,5,n,PGFV,7
2009,3,5,n,DIOR,52
2009,3,5,n,PELE,19
2009,3,5,n,DIOR,37
2009,1,1,n,DISP,125
2009,1,1,n,DIME,38
2009,1,1,n,DIME,25
2009,1,1,n,PGFV,6.8
2009,1,1,n,DIME,42
2009,1,1,n,DIME,40
2009,1,1,n,DIME,35
2009,1,1,n,DIME,40
2009,1,1,n,DISP,120
2009,1,1,n,DIME,35
2009,1,1,n,DIME,30
2009,1,1,n,DIME,40
2009,1,1,n,PGFV,6.5
2009,1,1,n,DIME,37
2009,1,1,n,DIME,44
2009,1,1,n,DIME,40
2009,1,1,n,DIME,32
2009,1,1,n,DISP,101
2009,1,1,n,DIME,47
2009,1,1,n,DISP,128
2009,1,1,n,DIME,45
2009,1,1,n,DIME,45
2009,1,1,n,DIME,44
2009,1,1,n,DIME,42
2009,1,1,n,PGFV,7.5
2009,1,1,n,DIME,37
2009,1,1,n,DIME,45
2009,1,1,n,DIME,29
2009,1,1,n,DISP,138
2009,1,1,n,DISP,126
2009,1,1,n,DIME,38
2009,1,1,n,DIME,42
2009,1,1,n,DIME,41
2009,1,1,n,DIME,43
2009,1,1,n,DIME,44
2009,1,1,n,DIME,46
2009,1,3,n,DISP,NA
2009,1,3,n,DIME,45
2009,1,3,n,DISP,150
2009,1,3,n,DIME,49
2009,1,3,n,DIME,38
2009,1,3,n,DIOR,51
2009,1,3,n,DIME,47
2009,1,3,n,DIME,36
2009,1,3,n,PGFV,7
2009,1,3,n,DISP,142
2009,1,3,n,DIME,40
2009,1,3,n,DIME,41
2009,1,3,n,PGFV,8
2009,1,3,n,DIME,42
2009,1,3,n,DIOR,45
2009,1,3,n,PGFV,8
2009,1,3,n,PGFV,6
2009,1,3,n,DIME,43
2009,1,3,n,DIME,49
2009,1,3,n,DIME,NA
2009,1,3,n,DIME,44
2009,1,3,n,DIME,46
2009,1,3,n,PGFV,8
2009,1,3,n,DIME,38
2009,1,3,n,DIME,31
2009,1,3,n,DIME,42
2009,1,3,n,DIME,45
2009,1,3,n,PGFV,6.8
2009,1,3,n,DIME,46
2009,1,3,n,DISP,NA
2009,1,3,n,DIME,42
2009,1,3,n,DIME,42
2009,1,3,n,DIME,40
2009,1,3,n,DIME,31
2009,1,3,n,DISP,120
2009,1,3,n,DIME,46
2009,1,3,n,DIME,46
2009,1,3,n,DIME,40
2009,1,5,n,DISP,83
2009,1,5,n,DIME,45
2009,1,5,n,DIME,41
2009,1,5,n,PGFV,6.5
2009,1,5,n,DIOR,46
2009,1,5,n,DIOR,58
2009,1,5,n,PGFV,7
2009,1,5,n,DISP,128
2009,1,5,n,DIME,38
2009,1,5,n,PGFV,7
2009,1,5,n,DIME,39
2009,1,5,n,DIME,39
2009,1,5,n,DISP,154
2009,1,5,n,DIOR,41
2009,1,5,n,DIME,37
2009,1,5,n,REME,14
2009,1,5,n,PGFV,7
2009,1,5,n,PGFV,7
2009,1,5,n,DISP,89
2009,1,5,n,DISP,120
2009,1,5,n,DIOR,39
2009,1,5,n,PGFV,9
2009,1,5,n,NEAL,155
2009,1,5,n,DIME,47
2009,1,5,n,DISP,128
2009,1,5,n,DIME,39
2009,1,5,n,DIME,41
2009,1,5,n,DIME,41
2009,1,5,n,DIME,34
2009,1,5,n,DIME,45
2009,1,5,n,DIOR,51
2009,1,5,n,DIME,40
2009,1,5,n,DIME,49
2009,1,5,n,DISP,119
2009,1,5,n,DIME,38
2009,1,5,n,DISP,160
2009,1,5,n,DIME,46
2009,1,5,n,DIME,42
2009,2,1,n,PGFV,6.5
2009,2,1,n,DIME,30
2009,2,1,n,DISP,135
2009,2,1,n,DISP,125
2009,2,1,n,DIME,39
2009,2,1,n,PGFV,7.5
2009,2,1,n,DIME,38
2009,2,1,n,DISP,120
2009,2,1,n,DISP,122
2009,2,1,n,DIME,16.5
2009,2,1,n,DIME,15
2009,2,1,n,DIME,40
2009,2,1,n,PGFV,6
2009,2,3,n,DISP,130
2009,2,3,n,DISP,100
2009,2,3,n,PGFV,7
2009,2,3,n,DISP,95
2009,2,3,n,DIME,40
2009,2,3,n,DIOR,50
2009,2,3,n,PGFV,NA
2009,2,3,n,PGFV,6.5
2009,2,3,n,DIME,31
2009,2,5,n,PGFV,7.5
2009,2,5,n,DIOR,49
2009,2,5,n,DISP,109
2009,2,5,n,NEAL,213
2009,2,5,n,PGFV,7
2009,2,5,n,DIOR,46
2009,2,5,n,DIME,46
2009,2,5,n,DIME,43
2009,2,5,n,PGFV,7
2009,3,1,n,DISP,105
2009,3,1,n,DIME,45
2009,3,1,n,DISP,125
2009,3,1,n,NEAL,62
2009,3,1,n,PGFV,6
2009,3,1,n,PEBO,24
2009,3,1,n,DIME,34
2009,3,1,n,DIME,38
2009,3,1,n,PGFV,8
2009,3,1,n,DIME,46
2009,3,1,n,DISP,110
2009,3,1,n,ONAR,21
2009,3,1,n,DISP,82
2009,3,3,n,PGFV,6.5
2009,3,3,n,PGFV,6.5
2009,3,3,n,DIOR,45
2009,3,3,n,PGFV,6
2009,3,3,n,DIME,34
2009,3,3,n,PGFV,6.5
2009,3,3,n,DIME,40
2009,3,3,n,DISP,NA
2009,3,3,n,NEMI,70
2009,3,3,n,PGFV,7
2009,3,3,n,PGFV,8
2009,3,3,n,PGFV,7
2009,3,3,n,DIME,35
2009,3,5,n,DIOR,52
2009,3,5,n,DIME,38
2009,3,5,n,REME,13
2009,3,5,n,PGFV,7.5
2009,3,5,n,DIOR,52
2009,3,5,n,PGFV,7
2009,3,5,n,PGFV,6.5
2009,3,5,n,DIME,32
2009,3,5,n,DIME,36
2009,3,5,n,ONAR,23
2009,1,1,n,PGFV,8
2009,1,1,n,DIME,50
2009,1,1,n,DISP,140
2009,1,1,n,DISP,125
2009,1,1,n,DISP,135
2009,1,1,n,DIME,40
2009,1,1,n,PELE,20
2009,1,1,n,PGFV,8
2009,1,1,n,DISP,130
2009,1,1,n,DIME,38
2009,1,1,n,DIOR,49
2009,1,1,n,DIME,41
2009,1,1,n,DIME,42
2009,1,1,n,DIME,41
2009,1,1,n,DIME,42
2009,1,1,n,PEER,18
2009,1,1,n,DIME,41
2009,1,1,n,DISP,116
2009,1,1,n,DIME,43
2009,1,1,n,DISP,128
2009,1,1,n,DIME,39
2009,1,1,n,DISP,129
2009,1,1,n,DIME,40
2009,1,1,n,DIME,43
2009,1,1,n,DIOR,50
2009,1,1,n,DIME,35
2009,1,1,n,DISP,135
2009,1,3,n,DISP,150
2009,1,3,n,PGFV,7
2009,1,3,n,DIME,40
2009,1,3,n,DIOR,44
2009,1,3,n,DIOR,57
2009,1,3,n,DIME,43
2009,1,3,n,DIME,53
2009,1,3,n,DISP,130
2009,1,3,n,DIME,36
2009,1,3,n,DIME,43
2009,1,3,n,PGFV,7.5
2009,1,3,n,DIME,36
2009,1,3,n,DIOR,51
2009,1,3,n,PGFV,7
2009,1,3,n,DIME,40
2009,1,3,n,DIME,45
2009,1,3,n,DIME,41
2009,1,3,n,DISP,130
2009,1,3,n,PGFV,6
2009,1,3,n,PGFV,7.5
2009,1,3,n,DIME,41
2009,1,3,n,DIME,42
2009,1,3,n,ONAR,22
2009,1,3,n,DIME,37
2009,1,3,n,DISP,130
2009,1,3,n,DIOR,55
2009,1,3,n,DIME,28
2009,1,3,n,PGFV,7.5
2009,1,3,n,DIME,40
2009,1,3,n,PGFV,6.5
2009,1,3,n,DIME,35
2009,1,3,n,DIME,39
2009,1,3,n,DIOR,62
2009,1,3,n,DIME,36
2009,1,3,n,DIME,40
2009,1,3,n,DIME,40
2009,1,3,n,DIME,45
2009,1,5,n,PGFV,7.5
2009,1,5,n,PEER,19
2009,1,5,n,PGFV,7
2009,1,5,n,DIME,37
2009,1,5,n,DIOR,50
2009,1,5,n,DISP,130
2009,1,5,n,PGFV,7
2009,1,5,n,DISP,150
2009,1,5,n,PGFV,7
2009,1,5,n,DIME,40
2009,1,5,n,PGFV,7.5
2009,1,5,n,PGFV,6.5
2009,1,5,n,DIME,45
2009,1,5,n,DISP,NA
2009,1,5,n,DIOR,56
2009,1,5,n,DIME,40
2009,1,5,n,DISP,140
2009,1,5,n,DIOR,55
2009,1,5,n,DIOR,58
2009,1,5,n,DISP,140
2009,1,5,n,PGFV,6.5
2009,1,5,n,PGFV,6
2009,1,5,n,DIME,45
2009,1,5,n,DIOR,55
2009,1,5,n,DIME,41
2009,1,5,n,DIME,46
2009,1,5,n,PGFV,6.5
2009,2,1,n,DIME,42
2009,2,1,n,DIME,40
2009,2,1,n,DIME,41
2009,2,1,n,DISP,130
2009,2,1,n,ONAR,19
2009,2,1,n,PGFV,7
2009,2,1,n,DIME,37
2009,2,1,n,PGFV,6.5
2009,2,1,n,DIOR,45
2009,2,1,n,DISP,130
2009,2,3,n,DISP,NA
2009,2,3,n,DIME,39
2009,2,3,n,DIME,41
2009,2,3,n,DIME,40
2009,2,3,n,DIME,44
2009,2,3,n,DIOR,54
2009,2,3,n,DIME,44
2009,2,3,n,DIME,39
2009,2,3,n,DIME,42
2009,2,3,n,DIME,NA
2009,2,5,n,DIME,39
2009,2,5,n,DIME,39
2009,2,5,n,DIME,45
2009,2,5,n,DIME,37
2009,2,5,n,ONLE,15.5
2009,2,5,n,DIME,39
2009,2,5,n,PGFV,6.5
2009,2,5,n,PGFV,8.5
2009,2,5,n,DIME,37
2009,2,5,n,PGFV,6.5
2009,2,5,n,PGFV,7
2009,2,5,n,DISP,120
2009,2,5,n,DIME,48
2009,2,5,n,DIOR,46
2009,2,5,n,DIME,39
2009,2,5,n,DIOR,51
2009,2,5,n,ONAR,13
2009,2,5,n,PGFV,6
2009,3,1,n,DIME,35
2009,3,1,n,PGFV,7
2009,3,1,n,DIME,36
2009,3,1,n,PEER,21
2009,3,3,n,DISP,118
2009,3,3,n,DIOR,50
2009,3,3,n,PGFV,NA
2009,3,3,n,DIME,NA
2009,3,3,n,DISP,130
2009,3,3,n,DIME,46
2009,3,3,n,DIME,40
2009,3,3,n,DIME,36
2009,3,3,n,PGFV,7
2009,3,3,n,DIME,40
2009,3,5,n,PGFV,6.5
2009,3,5,n,DIME,39
2009,3,5,n,ONAR,24
2009,3,5,n,DIME,41
2009,3,5,n,DIOR,45
2009,3,5,n,PGFV,8
2009,3,5,n,ONAR,15
2009,1,2,n,DIME,50
2009,1,2,n,DIME,45
2009,1,2,n,DIME,46
2009,1,2,n,DIME,44
2009,1,2,n,DIME,46
2009,1,2,n,DIME,42
2009,1,2,n,DISP,132
2009,1,2,n,DIME,55
2009,1,2,n,DIME,45
2009,1,2,n,DIME,30
2009,1,2,n,DIME,48
2009,1,2,n,DIME,33
2009,1,2,n,DIME,48
2009,1,2,n,DIME,55
2009,1,2,n,DIME,43
2009,1,2,n,DIME,32
2009,1,2,n,DIME,43
2009,1,2,n,DIME,45
2009,1,2,n,DIME,54
2009,1,2,n,ONAR,11
2009,1,2,n,DIME,38
2009,1,2,n,DIME,55
2009,1,2,n,DIME,51
2009,1,2,n,DIME,48
2009,1,2,n,DIME,49
2009,1,4,n,DIME,48
2009,1,4,n,DISP,140
2009,1,4,n,DIME,49
2009,1,4,n,DIME,44
2009,1,4,n,DIME,39
2009,1,4,n,DIME,48
2009,1,4,n,DIME,41
2009,1,4,n,DIME,39
2009,1,4,n,DIME,47
2009,1,4,n,DIME,42
2009,1,4,n,DIME,55
2009,1,4,n,DIME,55
2009,1,4,n,DIME,27
2009,1,4,n,DIME,55
2009,1,4,n,DIME,51
2009,1,4,n,DISP,160
2009,1,4,n,DIME,46
2009,1,4,n,DIME,45
2009,1,4,n,DIME,37
2009,1,4,n,DIME,50
2009,1,5,n,DIME,38
2009,1,5,n,DIME,41
2009,1,5,n,DIME,38
2009,1,5,n,DIME,48
2009,1,5,n,PGFV,6.5
2009,1,5,n,DIME,40
2009,1,5,n,DIME,49
2009,1,5,n,DIME,27
2009,1,5,n,REME,11
2009,1,5,n,DIME,49
2009,1,5,n,DIME,43
2009,1,5,n,DIME,44
2009,1,5,n,DIME,33
2009,1,5,n,DIME,35
2009,1,5,n,DIME,33
2009,1,5,n,DIME,42
2009,2,2,n,DISP,104
2009,2,2,n,DIME,47
2009,2,2,n,DIME,52
2009,2,2,n,PGFV,7
2009,2,2,n,DIME,50
2009,2,4,n,ONAR,26
2009,2,4,n,DIME,33
2009,2,4,n,REME,11
2009,2,4,n,DIME,51
2009,2,5,n,DIME,43
2009,2,5,n,DIME,55
2009,2,5,n,PGFV,6.5
2009,3,2,n,DIME,45
2009,3,2,n,DIME,49
2009,3,2,n,DIME,55
2009,3,2,n,ONAR,11
2009,3,2,n,DIME,44
2009,3,2,n,ONLE,13
2009,3,2,n,DISP,125
2009,3,2,n,DIME,37
2009,3,4,n,DIME,52
2009,3,4,n,DIME,35
2009,3,4,n,DIME,41
2009,3,4,n,PGFV,7
2009,3,4,n,DIME,33
2009,3,4,n,DIME,38
2009,3,5,n,DIOR,27
2009,3,5,n,DIME,51
2009,3,5,n,DIME,38
2009,3,5,n,PEBO,15
2009,3,5,n,PGFV,10
2010,1,1,n,PGFV,7
2010,1,1,n,PGFV,7
2010,1,1,n,PGFV,7
2010,1,1,n,DIOR,45
2010,1,1,n,DIOR,40
2010,1,1,n,DIOR,50
2010,1,4,n,DIOR,56
2010,1,4,n,DIOR,53
2010,1,5,n,XESP,120
2010,1,5,n,PGFV,6
2010,2,1,n,SIHI,70
2010,2,4,n,DIOR,46
2010,2,4,n,PELE,28
2010,2,4,n,PGFV,7
2010,2,4,n,PGFV,9
2010,2,5,n,PGFV,7
2010,2,5,n,PGFV,7
2010,1,1,n,PGFV,8
2010,1,1,n,ONAR,12
2010,1,1,n,PGFV,7
2010,1,1,n,PGFV,7
2010,1,1,n,PGFV,7
2010,1,3,n,DISP,112
2010,1,4,n,XESP,104
2010,1,4,n,DIOR,55
2010,1,5,n,PEMA,24
2010,1,5,n,PGFV,8
2010,1,5,n,PELE,20
2010,1,5,n,PEMA,20
2010,2,1,n,PGFV,8
2010,2,1,n,PGFV,8
2010,2,1,n,ONAR,15
2010,2,1,n,PGFV,7
2010,2,4,n,DIOR,NA
2010,2,4,n,XESP,105
2010,2,4,n,PGFV,8
2010,2,5,n,PGFV,8
2010,3,1,n,PGFV,NA
2010,3,1,n,PGFV,8
2010,3,4,n,XESP,120
2010,3,5,n,NEMI,200
2010,1,1,n,DIME,44
2010,1,1,n,DIME,39
2010,1,1,n,DISP,140
2010,1,1,n,DIME,42
2010,1,1,n,DIME,44
2010,1,1,n,DIME,34
2010,1,1,n,DIME,45
2010,1,1,n,DIME,37
2010,1,1,n,DIME,40
2010,1,1,n,DIME,45
2010,1,1,n,DISP,125
2010,1,1,n,DIME,36
2010,1,1,n,DIME,34
2010,1,3,n,DIME,49
2010,1,3,n,DIME,40
2010,1,3,n,DIME,40
2010,1,3,n,DIME,40
2010,1,3,n,DISP,140
2010,1,3,n,DIME,45
2010,1,3,n,PGFV,7
2010,1,3,n,DIME,43
2010,1,3,n,DIME,45
2010,1,3,n,DISP,125
2010,1,3,n,DIME,49
2010,1,3,n,DIME,41
2010,1,3,n,DIME,41
2010,1,3,n,DIME,41
2010,1,3,n,PGFV,7
2010,1,3,n,PGFV,7
2010,1,3,n,PGFV,7
2010,1,5,n,DIME,43
2010,1,5,n,DISP,120
2010,1,5,n,DISP,114
2010,1,5,n,DISP,160
2010,1,5,n,PGFV,8
2010,1,5,n,PGFV,8
2010,1,5,n,ONXX,NA
2010,1,5,n,DIME,44
2010,1,5,n,DIME,37
2010,1,5,n,PGFV,9
2010,1,5,n,DIME,45
2010,1,5,n,PGFV,8
2010,1,5,n,DIME,40
2010,1,5,n,DIME,44
2010,1,5,n,DISP,134
2010,1,5,n,DIME,42
2010,2,1,n,ONAR,25
2010,2,1,n,DISP,130
2010,2,1,n,DIME,39
2010,2,3,n,PGFV,6
2010,2,3,n,PGFV,8
2010,2,3,n,PGFV,8
2010,2,3,n,PGFV,7
2010,2,3,n,PGFV,7
2010,2,3,n,DIME,45
2010,2,3,n,DIME,49
2010,2,5,n,DIME,45
2010,2,5,n,PGFV,7
2010,2,5,n,PGFV,8
2010,2,5,n,DIME,39
2010,2,5,n,DISP,125
2010,2,5,n,PGFV,7
2010,2,5,n,DIME,37
2010,2,5,n,DISP,120
2010,2,5,n,ONAR,24
2010,3,1,n,PGFV,NA
2010,3,3,n,PGFV,8
2010,3,3,n,DIME,37
2010,3,5,n,PGFV,7
2010,1,1,n,DIME,46
2010,1,1,n,DIME,53
2010,1,1,n,DIME,45
2010,1,1,n,DISP,130
2010,1,1,n,DIME,51
2010,1,1,n,DIME,42
2010,1,1,n,DIME,50
2010,1,1,n,DIME,44
2010,1,1,n,DISP,109
2010,1,3,n,DISP,140
2010,1,3,n,DIME,28
2010,1,3,n,PGFV,7
2010,1,3,n,DIME,50
2010,1,3,n,DISP,139
2010,1,3,n,DIME,41
2010,1,3,n,DIME,53
2010,1,3,n,DIME,46
2010,1,3,n,DIME,46
2010,1,5,n,DIME,54
2010,1,5,n,DIME,45
2010,1,5,n,DIME,50
2010,1,5,n,DIME,38
2010,1,5,n,DISP,140
2010,1,5,n,DIME,45
2010,1,5,n,PGFV,7
2010,1,5,n,DIME,45
2010,1,5,n,DIME,42
2010,2,1,n,DIXX,NA
2010,2,1,n,DIME,44
2010,2,3,n,PGFV,6
2010,2,5,n,DIME,52
2010,2,5,n,DIME,42
2011,1,1,n,PGFV,7
2011,1,1,n,PGFV,8
2011,1,4,n,DIOR,42
2011,1,5,n,PGFV,8
2011,2,1,n,ONLE,20
2011,2,5,n,PGFV,NA
2011,1,1,n,PGFV,8
2011,1,1,n,DIME,25
2011,1,1,n,DIOR,40
2011,1,4,n,DIOR,56
2011,1,4,n,XESP,104
2011,1,4,n,PGFV,6
2011,1,4,n,DIOR,50
2011,1,4,n,DIOR,58
2011,1,5,n,DISP,141
2011,1,5,n,DISP,122
2011,2,1,n,PGFV,9
2011,2,1,n,PGFV,9
2011,2,1,n,XESP,130
2011,2,4,n,XESP,25
2011,2,4,n,XESP,24
2011,2,5,n,DISP,138
2011,2,5,n,DIME,40
2011,2,5,n,PGFV,7
2011,3,1,n,PGFV,7
2011,3,1,n,PGFV,8
2011,3,1,n,ONLE,15
2011,3,1,n,DISP,125
2011,3,1,n,PGFV,7
2011,3,1,n,PGFV,8
2011,3,4,n,DIME,40
2011,3,4,n,PGFV,8
2011,3,4,n,PGFV,8
2011,3,4,n,DIOR,54
2011,3,5,n,DIOR,50
2011,3,5,n,DIOR,53
2011,3,5,n,DIOR,47
2011,1,1,n,DIME,45
2011,1,1,n,DIME,48
2011,1,1,n,DIME,37
2011,1,1,n,DIME,49
2011,1,1,n,DIME,44
2011,1,1,n,DIME,43
2011,1,1,n,DIME,41
2011,1,3,n,ONLE,20
2011,1,3,n,DIME,30
2011,1,3,n,DISP,132
2011,1,3,n,DIME,30
2011,1,3,n,DIME,57
2011,1,3,n,DIME,52
2011,1,3,n,DIME,43
2011,1,3,n,DIME,29
2011,1,3,n,DIME,47
2011,1,3,n,DISP,130
2011,1,3,n,DIME,43
2011,1,5,n,DIME,48
2011,1,5,n,DIME,49
2011,1,5,n,DIME,39
2011,1,5,n,XESP,81
2011,1,5,n,DIME,43
2011,1,5,n,PGFV,7
2011,1,5,n,DIME,43
2011,1,5,n,DIME,42
2011,1,5,n,DIME,44
2011,1,5,n,ONLE,28
2011,1,5,n,ONLE,25
2011,1,5,n,DIME,42
2011,1,5,n,DIME,39
2011,2,1,n,DIME,49
2011,2,1,n,ONLE,NA
2011,2,1,n,ONAR,24
2011,2,3,n,DIME,45
2011,2,3,n,PEER,17
2011,2,3,n,DIME,26
2011,2,5,n,DIME,47
2011,2,5,n,DIME,47
2011,2,5,n,DIME,40
2011,3,3,n,DIME,49
2011,3,3,n,PGFV,6
2011,3,3,n,DISP,NA
2011,1,1,n,DIME,46
2011,1,1,n,DIME,37
2011,1,1,n,DISP,140
2011,1,1,n,DIME,40
2011,1,1,n,DIME,47
2011,1,1,n,DIME,40
2011,1,1,n,DISP,110
2011,1,1,n,DIME,50
2011,1,1,n,DIME,43
2011,1,1,n,DIME,40
2011,1,1,n,DIME,38
2011,1,1,n,DIME,37
2011,1,1,n,DIME,42
2011,1,3,n,DISP,159
2011,1,3,n,DIME,44
2011,1,3,n,DISP,134
2011,1,3,n,DIME,34
2011,1,3,n,DIME,45
2011,1,3,n,DIME,48
2011,1,3,n,DIME,39
2011,1,3,n,DIME,40
2011,1,3,n,DIME,51
2011,1,3,n,DISP,143
2011,1,3,n,DIME,41
2011,1,3,n,DIME,46
2011,1,3,n,DIME,47
2011,1,5,n,DIME,39
2011,1,5,n,DIME,40
2011,1,5,n,DIME,46
2011,1,5,n,DISP,110
2011,1,5,n,DIME,36
2011,1,5,n,DIME,41
2011,1,5,n,DIME,47
2011,1,5,n,ONLE,22
2011,1,5,n,DIME,43
2011,1,5,n,DISP,128
2011,1,5,n,DIME,40
2011,2,1,n,DIOR,52
2011,2,1,n,DIME,48
2011,2,1,n,DIME,40
2011,2,1,n,PGFV,7
2011,2,3,n,DIME,36
2011,2,3,n,DIME,40
2011,2,3,n,DIME,47
2011,2,5,n,DIME,47
2011,2,5,n,ONLE,26
2011,2,5,n,DIME,45
2011,2,5,n,PGFV,8
2011,2,5,n,NEMI,107
2011,2,5,n,DIME,45
2011,2,5,n,DISP,130
2011,3,1,n,DIME,45
2011,3,1,n,DIME,35
2011,3,1,n,DIME,37
2011,3,3,n,DIME,46
2011,3,3,n,DISP,129
2011,3,3,n,DISP,140
2011,3,3,n,DIOR,51
2011,3,3,n,DIOR,44
2011,3,3,n,DIME,44
2011,3,5,n,DISP,94
2011,3,5,n,DIME,40
2011,3,5,n,DIME,35
2011,3,5,n,DISP,140
2012,1,1,n,DISP,130
2012,1,1,n,ONXX,24
2012,1,1,n,PGFV,NA
2012,1,1,n,DIME,50
2012,1,1,n,PGFV,7.5
2012,1,4,n,PGFV,7.5
2012,1,4,n,DIOR,52
2012,1,4,n,DIOR,57
2012,1,4,n,DIOR,49
2012,1,4,n,DIOR,61
2012,1,4,n,DIOR,32
2012,1,4,n,PGFV,8
2012,1,4,n,DIME,50
2012,1,5,n,PGFV,8.5
2012,1,5,n,DIOR,59
2012,1,5,n,DIOR,51
2012,1,5,n,DIOR,49
2012,1,5,n,PGFV,5
2012,2,1,n,PGFV,7.5
2012,2,1,n,ONXX,24
2012,2,1,n,PGFV,8.5
2012,2,4,n,PGFV,9
2012,2,4,n,DIOR,52
2012,2,5,n,PGFV,6.5
2012,2,5,n,PGFV,6.5
2012,2,5,n,DIOR,53
2012,2,5,n,ONAR,15
2012,2,5,n,DIOR,44
2012,2,5,n,PGFV,7
2012,2,5,n,PGFV,7
2012,3,1,n,ONXX,23.5
2012,3,1,n,PGFV,6.5
2012,3,1,n,PGFV,6.5
2012,3,1,n,PGFV,6
2012,3,1,n,PGFV,6
2012,3,1,n,PGFV,8.5
2012,3,4,n,PGFV,6
2012,3,4,n,DIOR,55
2012,3,5,n,PGFV,7.5
2012,3,5,n,XESP,NA
2012,3,5,n,PGFV,6.5
2012,3,5,n,PGFV,8
2012,3,5,n,PGFV,5.5
2012,3,5,n,PGFV,8
2012,1,1,n,PGFV,7.5
2012,1,1,n,PGFV,6
2012,1,1,n,PGFV,6.5
2012,1,1,n,PGFV,6.5
2012,1,1,n,DIME,33.5
2012,1,4,n,PGFV,7
2012,1,4,n,PGFV,6
2012,1,4,n,PGFV,8
2012,1,4,n,DIOR,60
2012,1,4,n,PGFV,8
2012,1,4,n,DIOR,52
2012,1,4,n,PGFV,8
2012,1,4,n,PGFV,6
2012,1,4,n,PGFV,7
2012,1,4,n,PGFV,7
2012,1,4,n,PGFV,8
2012,1,4,n,PGFV,6
2012,1,5,n,PGFV,6
2012,1,5,n,PGFV,6
2012,1,5,n,ONAR,15.5
2012,1,5,n,PGFV,6
2012,1,5,n,PGFV,7
2012,1,5,n,DIOR,55
2012,1,5,n,PGFV,8
2012,1,5,n,PGFV,6
2012,2,1,n,PGFV,7
2012,2,1,n,PGFV,7
2012,2,1,n,PGFV,6
2012,2,1,n,PGFV,4.5
2012,2,4,n,PGFV,7
2012,2,4,n,DIOR,46
2012,2,4,n,PGFV,4
2012,2,4,n,PGFV,5
2012,2,4,n,PGFV,7
2012,2,5,n,PGFV,7.5
2012,2,5,n,PGFV,7.5
2012,2,5,n,PGFV,6
2012,2,5,n,XESP,32
2012,3,1,n,XESP,110
2012,3,1,n,PGFV,8
2012,3,4,n,DIOR,62
2012,3,4,n,DIME,29
2012,3,4,n,PGFV,8
2012,3,5,n,PGFV,6.5
2012,3,5,n,PGFV,6
2012,3,5,n,PGFV,NA
2012,3,5,n,PGFV,7
2012,3,5,n,PGFV,8
2012,3,5,n,PGFV,7
2012,3,5,n,PGFV,6
2012,3,5,n,XESP,90
2012,1,1,n,DIME,50
2012,1,1,n,DIME,43
2012,1,1,n,DIME,50
2012,1,1,n,DISP,124
2012,1,1,n,DIME,44
2012,1,1,n,DIME,44
2012,1,1,n,DIME,42
2012,1,1,n,DIME,45
2012,1,1,n,DIME,48
2012,1,1,n,DIME,40
2012,1,1,n,DIME,43
2012,1,1,n,DIME,40
2012,1,1,n,DIME,44
2012,1,1,n,DIME,36
2012,1,1,n,DIME,41
2012,1,1,n,DISP,133
2012,1,1,n,DIME,40
2012,1,3,n,DIME,40
2012,1,3,n,DIME,45
2012,1,3,n,DIME,46
2012,1,3,n,DIME,45
2012,1,3,n,DISP,130
2012,1,3,n,DIME,39
2012,1,3,n,ONLE,26
2012,1,3,n,ONLE,24
2012,1,3,n,PELE,22
2012,1,3,n,DIME,49
2012,1,3,n,DIME,45
2012,1,3,n,DIME,56
2012,1,3,n,DISP,146
2012,1,3,n,DIME,42
2012,1,3,n,DIME,37
2012,1,3,n,DIME,44
2012,1,5,n,DIME,44
2012,1,5,n,DIME,45
2012,1,5,n,ONXX,21
2012,1,5,n,DIME,35
2012,1,5,n,DIME,39
2012,1,5,n,DISP,119
2012,1,5,n,DIME,43
2012,1,5,n,ONXX,26
2012,1,5,n,ONAR,20
2012,1,5,n,ONAR,21
2012,1,5,n,DISP,127
2012,1,5,n,ONAR,21
2012,1,5,n,DIME,39
2012,1,5,n,PGFV,8.5
2012,1,5,n,ONXX,31
2012,1,5,n,DIME,45
2012,1,5,n,DIME,36
2012,1,5,n,DIME,43
2012,1,5,n,DISP,135
2012,1,5,n,DIME,41
2012,1,5,n,DIME,44
2012,1,5,n,DIME,45
2012,2,1,n,PGFV,6
2012,2,1,n,DIME,41
2012,2,1,n,DISP,118
2012,2,1,n,DIME,47
2012,2,1,n,DIME,43
2012,2,1,n,PGFV,7
2012,2,3,n,PGFV,7
2012,2,3,n,DIME,49
2012,2,3,n,DIME,45
2012,2,3,n,DIME,46
2012,2,3,n,PGFV,7
2012,2,3,n,PGFV,8
2012,2,3,n,PGFV,7
2012,2,3,n,ONAR,24
2012,2,3,n,DIME,42
2012,2,3,n,DIOR,15
2012,2,5,n,DIME,51
2012,2,5,n,DIME,46
2012,2,5,n,DISP,139
2012,2,5,n,DISP,120
2012,2,5,n,DIME,42
2012,2,5,n,ONAR,25
2012,2,5,n,DIME,46
2012,3,1,n,DIME,44
2012,3,3,n,DIME,42
2012,3,3,n,PEMA,17
2012,3,3,n,DIME,39
2012,3,3,n,ONXX,25
2012,3,3,n,PGFV,8
2012,3,3,n,DIME,40
2012,3,3,n,DISP,127
2012,3,3,n,PGFV,8
2012,3,5,n,DIME,45
2012,3,5,n,DIME,39
2012,3,5,n,DIME,34
2012,1,1,n,DIME,53
2012,1,1,n,DIME,42
2012,1,1,n,DIME,45
2012,1,1,n,DIME,44
2012,1,1,n,ONAR,11.5
2012,1,1,n,PGFV,8
2012,1,1,n,DIME,50
2012,1,1,n,DIME,49
2012,1,1,n,DIME,47
2012,1,1,n,DIME,41
2012,1,1,n,PGFV,6
2012,1,1,n,DIME,46
2012,1,3,n,DIME,50
2012,1,3,n,DIME,45
2012,1,3,n,DIME,46
2012,1,3,n,DIME,47
2012,1,3,n,ONLE,27
2012,1,3,n,DIME,45
2012,1,3,n,DIME,44
2012,1,3,n,DIME,51
2012,1,3,n,ONLE,23.5
2012,1,3,n,DIOR,21
2012,1,3,n,DIME,43
2012,1,3,n,DIME,46
2012,1,3,n,XESP,100
2012,1,3,n,ONLE,18.5
2012,1,3,n,DIME,46
2012,1,5,n,ONAR,22
2012,1,5,n,DIME,42
2012,1,5,n,DIME,44
2012,1,5,n,DIME,45
2012,1,5,n,ONAR,17
2012,1,5,n,DIME,39
2012,1,5,n,ONLE,28
2012,1,5,n,DIME,51
2012,1,5,n,PGFV,7
2012,1,5,n,DIME,44
2012,2,1,n,DIME,45
2012,2,1,n,DIME,42
2012,2,1,n,ONAR,24
2012,2,1,n,PEER,18.5
2012,2,1,n,PEER,20
2012,2,1,n,PEER,21
2012,2,1,n,DIME,36
2012,2,1,n,PGFV,7
2012,2,1,n,PGFV,7
2012,2,3,n,DIME,50
2012,2,3,n,PGFV,7
2012,2,3,n,DIME,18
2012,2,3,n,DIME,46
2012,2,3,n,ONAR,14
2012,2,3,n,DIME,46
2012,2,3,n,PEER,20
2012,2,3,n,DIME,39
2012,2,3,n,PGFV,7.5
2012,2,5,n,DIME,39
2012,2,5,n,PGFV,9
2012,2,5,n,DISP,47
2012,2,5,n,DIME,40
2012,3,1,n,ONAR,14
2012,3,1,n,ONAR,NA
2012,3,1,n,PGFV,7
2012,3,1,n,PGFV,7
2012,3,1,n,PGFV,6
2012,3,3,n,DIME,44
2012,3,3,n,ONAR,10.5
2012,3,3,n,ONAR,19
2012,3,3,n,PGFV,7
2012,3,3,n,DIME,42
2012,3,3,n,PGFV,6
2012,3,3,n,PGFV,7
2012,3,5,n,PGFV,7
2012,3,5,n,DIME,51
2012,3,5,n,ONAR,19
2012,3,5,n,ONAR,13.5
2013,1,1,n,DIOR,37
2013,1,1,n,ONLE,20
2013,1,1,n,DIME,43
2013,1,1,n,XESP,95
2013,1,4,n,DIOR,45
2013,1,4,n,DIOR,45
2013,1,4,n,PGFV,8
2013,1,5,n,DIOR,45
2013,1,5,n,ONLE,23
2013,1,5,n,PGFV,7
2013,2,1,n,PGFV,7
2013,2,1,n,PGFV,7
2013,2,1,n,PGFV,6
2013,2,1,n,PGFV,7
2013,2,1,n,XESP,120
2013,2,1,n,PGFV,6
2013,2,1,n,PGFV,6
2013,2,1,n,PGFV,7
2013,2,1,n,XESP,119
2013,2,1,n,XESP,NA
2013,2,4,n,PGFV,8
2013,2,4,n,PGFV,8
2013,2,4,n,PGFV,6
2013,2,4,n,PGFV,7
2013,2,4,n,ONAR,19
2013,2,4,n,XESP,68
2013,2,5,n,PGFV,NA
2013,2,5,n,PGFV,6
2013,2,5,n,XESP,100
2013,2,5,n,XESP,103
2013,2,5,n,NEMI,48
2013,2,5,n,PGFV,7
2013,3,1,n,PGFV,7.5
2013,3,1,n,PGFV,6
2013,3,1,n,ONLE,22
2013,3,1,n,PGFV,8
2013,3,1,n,PGFV,5.5
2013,3,1,n,PEMA,11.5
2013,3,1,n,PGFV,6.5
2013,3,4,n,PGFV,5
2013,3,4,n,PGFV,7
2013,3,4,n,DIOR,NA
2013,3,5,n,NEMI,185
2013,1,1,n,DIME,38
2013,1,1,n,DIME,41
2013,1,1,n,DIME,47
2013,1,1,n,DIME,40
2013,1,1,n,DIME,39
2013,1,1,n,DIME,39
2013,1,3,n,DIME,41
2013,1,3,n,DIME,33
2013,1,3,n,DIME,36
2013,1,3,n,DIME,45
2013,1,3,n,DIME,44
2013,1,3,n,PEMA,21
2013,1,3,n,DIME,47
2013,1,3,n,DIME,44
2013,1,3,n,DIME,38
2013,1,3,n,DIME,44
2013,1,3,n,DIME,36
2013,1,3,n,DIME,41
2013,1,5,n,DIME,37
2013,1,5,n,ONAR,18
2013,1,5,n,DIME,NA
2013,1,5,n,DIME,44
2013,1,5,n,DIME,35
2013,2,1,n,ONLE,14
2013,2,1,n,DIME,40
2013,2,5,n,DISP,118
2013,2,5,n,PGFV,5
2013,2,5,n,DIME,31
2013,2,5,n,DIME,45
2013,2,5,n,ONAR,23
2013,3,1,n,DIME,36
2013,3,1,n,DISP,NA
2013,3,1,n,PELE,24
2013,3,1,n,PGFV,7
2013,3,1,n,PELE,NA
2013,3,3,n,DIME,47
2013,3,5,n,PELE,25
2013,3,5,n,ONAR,21
2013,3,5,n,DIME,40
2013,1,1,n,DIME,49
2013,1,1,n,DIME,24
2013,1,1,n,DIME,50
2013,1,1,n,DIME,43
2013,1,1,n,DIME,61
2013,1,1,n,DIME,25
2013,1,1,n,DIME,48
2013,1,1,n,DIME,50
2013,1,1,n,DIME,40
2013,1,1,n,DIME,50
2013,1,1,n,DIME,27
2013,1,1,n,DIME,50
2013,1,1,n,DISP,130
2013,1,1,n,DIME,44
2013,1,1,n,DISP,136
2013,1,3,n,DIME,59
2013,1,3,n,DIME,46
2013,1,3,n,DIME,49
2013,1,3,n,DIME,50
2013,1,3,n,DIME,52
2013,1,3,n,DIME,56
2013,1,3,n,DIME,52
2013,1,3,n,DIME,43
2013,1,3,n,DIME,69
2013,1,3,n,DIME,53
2013,1,3,n,DIME,26
2013,1,5,n,DIME,49
2013,1,5,n,DIOR,52
2013,1,5,n,DIME,45
2013,2,1,n,PGFV,7
2013,2,3,n,DIME,59
2013,2,3,n,DIME,26
2013,2,3,n,DISP,NA
2013,2,3,n,DISP,NA
2013,2,5,n,DISP,143
2013,3,1,n,PGFV,9
2013,3,3,n,PGFV,9
2013,3,3,n,DISP,151
2013,3,5,n,DIME,49
2013,3,5,n,DIME,51
2013,3,5,n,DISP,151
2013,3,5,n,DISP,NA
2013,3,5,n,DIME,47
2014,1,1,n,ONAR,21
2014,1,1,n,PGFV,8
2014,1,1,n,DISP,80
2014,1,1,n,PGFV,8
2014,1,1,n,DIOR,NA
2014,1,1,n,PGFV,7
2014,1,1,n,ONAR,21
2014,1,1,n,PGFV,6
2014,1,1,n,PGFV,10
2014,1,1,n,PGFV,12
2014,1,1,n,DIOR,40
2014,1,1,n,PGFV,8
2014,1,1,n,PGFV,7
2014,1,1,n,PGFV,7
2014,1,1,n,PGFV,10
2014,1,1,n,PGFV,8
2014,1,1,n,XESP,132
2014,1,1,n,DIOR,45
2014,1,1,n,DIOR,50
2014,1,1,n,PGFV,9
2014,1,1,n,PGFV,9
2014,1,1,n,DIOR,49
2014,1,4,n,PGFV,10
2014,1,4,n,XESP,103
2014,1,4,n,PGFV,9
2014,1,4,n,PGFV,9
2014,1,4,n,DIOR,44
2014,1,4,n,DIOR,NA
2014,1,4,n,PGFV,8
2014,1,4,n,PGFV,6
2014,1,4,n,PEMA,12
2014,1,4,n,PGFV,7
2014,1,4,n,PGFV,6
2014,1,4,n,PEMA,11
2014,1,4,n,ONAR,24
2014,1,4,n,PGFV,8
2014,1,4,n,DIOR,50
2014,1,4,n,DIOR,45
2014,1,4,n,DIOR,45
2014,1,4,n,DIOR,36
2014,1,4,n,DIOR,34
2014,1,4,n,PGFV,9
2014,1,5,n,XESP,121
2014,1,5,n,DIOR,37
2014,1,5,n,DIOR,48
2014,1,5,n,PGFV,6
2014,1,5,n,DIOR,45
2014,1,5,n,PGFV,7
2014,1,5,n,DIOR,36
2014,1,5,n,DIOR,38
2014,1,5,n,PGFV,7
2014,1,5,n,DIOR,NA
2014,1,5,n,DIOR,27
2014,1,5,n,PGFV,7
2014,1,5,n,PGFV,7
2014,1,5,n,PGFV,9
2014,1,5,n,PGFV,8
2014,1,5,n,PGFV,9
2014,1,5,n,PGFV,8
2014,1,5,n,PGFV,7
2014,1,5,n,DIOR,50
2014,1,5,n,PGFV,7
2014,1,5,n,PGFV,9
2014,1,5,n,PGFV,8
2014,1,5,n,DIOR,52
2014,1,5,n,PGFV,8
2014,1,5,n,DIOR,55
2014,1,5,n,DIOR,NA
2014,1,5,n,PGFV,10
2014,1,5,n,PGFV,7
2014,1,5,n,PGFV,7
2014,1,5,n,PGFV,5
2014,1,5,n,PGFV,6
2014,1,5,n,XESP,121
2014,1,5,n,PGFV,10
2014,1,5,n,PGFV,8
2014,1,5,n,PGFV,7
2014,1,5,n,PGFV,8
2014,1,5,n,PGFV,6
2014,1,5,n,DIOR,54
2014,2,1,n,DIOR,42
2014,2,1,n,PGFV,8
2014,2,1,n,DIOR,44
2014,2,1,n,PGFV,8
2014,2,1,n,PELE,12
2014,2,1,n,DIOR,40
2014,2,1,n,PGFV,8
2014,2,1,n,PGFV,8
2014,2,1,n,PGFV,7
2014,2,1,n,PGFV,7
2014,2,1,n,PGFV,9
2014,2,1,n,PGFV,8
2014,2,1,n,PGFV,8
2014,2,1,n,PGFV,9
2014,2,1,n,PGFV,8
2014,2,1,n,PGFV,9
2014,2,4,n,DISP,74
2014,2,4,n,PGFV,9
2014,2,4,n,DIOR,53
2014,2,4,n,PGFV,7
2014,2,4,n,XESP,122
2014,2,4,n,PGFV,8
2014,2,4,n,PGFV,9
2014,2,4,n,PGFV,9
2014,2,4,n,PGFV,8
2014,2,4,n,PGFV,8
2014,2,4,n,PEMA,21
2014,2,4,n,PGFV,8
2014,2,4,n,PGFV,9
2014,2,5,n,PGFV,6
2014,2,5,n,PGFV,7
2014,2,5,n,PGFV,8
2014,2,5,n,PGFV,9
2014,2,5,n,PGFV,7
2014,2,5,n,PGFV,6
2014,2,5,n,PGFV,11
2014,2,5,n,DIOR,49
2014,2,5,n,PGFV,10
2014,2,5,n,DIOR,42
2014,2,5,n,PGFV,8
2014,2,5,n,PGFV,7
2014,2,5,n,PGFV,7
2014,2,5,n,PGFV,7
2014,2,5,n,PGFV,8
2014,2,5,n,PGFV,10
2014,2,5,n,DIME,34
2014,2,5,n,PGFV,8
2014,2,5,n,PGFV,7
2014,2,5,n,PGFV,8
2014,2,5,n,XESP,98
2014,2,5,n,PGFV,8
2014,2,5,n,PGFV,6
2014,2,5,n,PGFV,9
2014,2,5,n,PGFV,7
2014,2,5,n,ONAR,28
2014,2,5,n,DIOR,NA
2014,2,5,n,PGFV,7
2014,2,5,n,PGFV,9
2014,2,5,n,PGFV,11
2014,2,5,n,PGFV,8
2014,2,5,n,PGFV,8
2014,1,1,n,DIOR,49
2014,1,1,n,PGFV,7
2014,1,1,n,DISP,100
2014,1,1,n,PGFV,7
2014,1,1,n,PGFV,8
2014,1,1,n,DIOR,49
2014,1,1,n,DIME,37
2014,1,1,n,ONAR,19
2014,1,1,n,PGFV,8
2014,1,1,n,PGFV,8
2014,1,1,n,XESP,81
2014,1,1,n,DIOR,54
2014,1,1,n,DIOR,49
2014,1,1,n,PGFV,7
2014,1,1,n,ONAR,19
2014,1,1,n,ONAR,18
2014,1,4,n,PGFV,7
2014,1,4,n,DISP,125
2014,1,4,n,ONAR,18
2014,1,4,n,PGFV,8
2014,1,4,n,DIOR,49
2014,1,4,n,DIOR,49
2014,1,4,n,DIOR,48
2014,1,4,n,PGFV,7
2014,1,4,n,PGFV,7
2014,1,4,n,PGFV,6
2014,1,4,n,DIOR,46
2014,1,4,n,DIOR,47
2014,1,4,n,XESP,87
2014,1,4,n,PGFV,14
2014,1,4,n,DIOR,47
2014,1,5,n,ONAR,21
2014,1,5,n,PGFV,9
2014,1,5,n,PGFV,7
2014,1,5,n,PGFV,7
2014,1,5,n,DIOR,47
2014,1,5,n,PGFV,7
2014,1,5,n,XESP,82
2014,1,5,n,DIOR,50
2014,1,5,n,ONAR,18
2014,1,5,n,XESP,78
2014,2,1,n,PGFV,7
2014,2,1,n,PGFV,7
2014,2,1,n,ONAR,18
2014,2,1,n,XESP,100
2014,2,1,n,PGFV,8
2014,2,1,n,DISP,115
2014,2,1,n,NEMI,163
2014,2,4,n,PGFV,7
2014,2,4,n,XESP,116
2014,2,4,n,PGFV,8
2014,2,4,n,ONAR,18
2014,2,4,n,PGFV,6
2014,2,4,n,PGFV,7
2014,2,4,n,ONAR,16
2014,2,4,n,PGFV,7
2014,2,4,n,PGFV,7
2014,2,4,n,PGFV,8
2014,2,4,n,PGFV,7
2014,2,5,n,PGFV,7
2014,2,5,n,DIOR,43
2014,2,5,n,PGFV,8
2014,2,5,n,PGFV,7
2014,2,5,n,ONAR,17
2014,2,5,n,PGFV,7
2014,2,5,n,PGFV,7
2014,2,5,n,PGFV,8
2014,2,5,n,PGFV,7
2014,3,1,n,PGFV,8
2014,3,1,n,PGFV,8
2014,3,1,n,DIOR,48
2014,3,1,n,XESP,90
2014,3,1,n,PGFV,8
2014,3,4,n,PGFV,8
2014,3,4,n,PGFV,8
2014,3,4,n,DIOR,49
2014,3,4,n,ONAR,21
2014,3,4,n,DIOR,53
2014,3,5,n,ONAR,18
2014,3,5,n,DIOR,49
2014,3,5,n,DIOR,48
2014,3,5,n,DIOR,52
2014,3,5,n,DIOR,53
2014,3,5,n,ONAR,19
2014,3,5,n,PGFV,8
2014,1,1,n,DIME,47
2014,1,1,n,DIME,36
2014,1,1,n,DIME,42
2014,1,1,n,PELE,27
2014,1,1,n,PGFV,8
2014,1,1,n,PGFV,8
2014,1,1,n,PEMA,22
2014,1,1,n,DIME,26
2014,1,1,n,DIME,28
2014,1,1,n,DIME,28
2014,1,1,n,DIME,44
2014,1,1,n,DIME,45
2014,1,1,n,DIME,40
2014,1,1,n,DIME,34
2014,1,1,n,DIME,42
2014,1,1,n,DIME,38
2014,1,1,n,DIOR,52
2014,1,1,n,DIME,32
2014,1,1,n,DIME,50
2014,1,1,n,DIME,43
2014,1,1,n,DIME,43
2014,1,1,n,DIME,46
2014,1,1,n,DIME,39
2014,1,1,n,PGFV,8
2014,1,1,n,DIME,38
2014,1,1,n,DIME,42
2014,1,1,n,DIME,44
2014,1,1,n,DIME,NA
2014,1,1,n,DIME,39
2014,1,1,n,PELE,31
2014,1,1,n,DIME,33
2014,1,1,n,DIME,39
2014,1,1,n,DIME,45
2014,1,1,n,PGFV,6
2014,1,1,n,DIME,42
2014,1,1,n,PELE,32
2014,1,1,n,DIME,NA
2014,1,1,n,DIME,46
2014,1,1,n,PELE,20
2014,1,1,n,DIME,49
2014,1,1,n,DIME,45
2014,1,1,n,DIME,30
2014,1,1,n,DIME,43
2014,1,1,n,PELE,21
2014,1,1,n,DIME,33
2014,1,1,n,DIME,44
2014,1,1,n,DIME,32
2014,1,1,n,PELE,24
2014,1,1,n,PELE,NA
2014,1,1,n,DIME,44
2014,1,3,n,DIOR,36
2014,1,3,n,DIME,42
2014,1,3,n,DIME,46
2014,1,3,n,DIME,34
2014,1,3,n,DIME,35
2014,1,3,n,DIME,41
2014,1,3,n,DIME,37
2014,1,3,n,DIME,50
2014,1,3,n,PELE,19
2014,1,3,n,DIOR,46
2014,1,3,n,NEMI,162
2014,1,3,n,DIME,37
2014,1,3,n,DIME,44
2014,1,3,n,PGFV,8
2014,1,3,n,PGFV,8
2014,1,3,n,DIME,42
2014,1,3,n,DIME,33
2014,1,3,n,PELE,19
2014,1,3,n,DIME,47
2014,1,3,n,DIOR,49
2014,1,3,n,PGFV,8
2014,1,3,n,DIME,37
2014,1,3,n,DIME,32
2014,1,3,n,DIME,35
2014,1,3,n,PELE,15
2014,1,3,n,DIME,50
2014,1,3,n,DIME,43
2014,1,3,n,DIME,43
2014,1,3,n,DIME,43
2014,1,3,n,DIME,46
2014,1,3,n,DIME,43
2014,1,3,n,DIME,35
2014,1,3,n,DIME,53
2014,1,3,n,DIME,39
2014,1,3,n,DIME,37
2014,1,3,n,PELE,23
2014,1,3,n,DIME,40
2014,1,3,n,DIME,29
2014,1,3,n,DIME,39
2014,1,5,n,DIOR,50
2014,1,5,n,DIME,34
2014,1,5,n,DIME,37
2014,1,5,n,DIOR,52
2014,1,5,n,DIME,35
2014,1,5,n,REXX,19
2014,1,5,n,ONAR,21
2014,1,5,n,DIOR,52
2014,1,5,n,DIOR,42
2014,1,5,n,DIOR,39
2014,1,5,n,DIME,31
2014,1,5,n,DIOR,45
2014,1,5,n,DIME,45
2014,1,5,n,PELE,19
2014,1,5,n,DIME,39
2014,1,5,n,PELE,23
2014,1,5,n,DIOR,52
2014,1,5,n,PEER,19
2014,1,5,n,DIME,43
2014,1,5,n,DIME,36
2014,1,5,n,NEMI,240
2014,1,5,n,DIME,45
2014,1,5,n,DISP,116
2014,1,5,n,DIOR,50
2014,1,5,n,NEAL,142
2014,1,5,n,DIME,40
2014,1,5,n,DIME,36
2014,1,5,n,DIME,32
2014,1,5,n,DIOR,50
2014,1,5,n,DIOR,45
2014,1,5,n,DIOR,24
2014,1,5,n,DIME,45
2014,1,5,n,DIME,35
2014,1,5,n,PGFV,7
2014,1,5,n,DIOR,27
2014,1,5,n,DIME,38
2014,1,5,n,DIME,50
2014,1,5,n,PELE,18
2014,1,5,n,PELE,19
2014,1,5,n,DIME,40
2014,1,5,n,PGFV,7
2014,1,5,n,DISP,96
2014,1,5,n,DIME,28
2014,1,5,n,DISP,156
2014,1,5,n,DIME,45
2014,1,5,n,DIME,32
2014,1,5,n,DISP,140
2014,1,5,n,DIOR,46
2014,1,5,n,PGFV,9
2014,1,5,n,DIOR,48
2014,1,5,n,DIOR,NA
2014,1,5,n,DIME,42
2014,2,1,n,PGFV,8
2014,2,1,n,DIOR,40
2014,2,1,n,DIME,39
2014,2,1,n,DIOR,47
2014,2,1,n,DIOR,37
2014,2,1,n,DIME,44
2014,2,1,n,PELE,23
2014,2,1,n,REXX,17
2014,2,1,n,PEER,18
2014,2,1,n,DIME,34
2014,2,1,n,PGFV,6
2014,2,1,n,CHIN,15
2014,2,1,n,PGFV,8
2014,2,1,n,PELE,27
2014,2,1,n,PELE,23
2014,2,1,n,PGFV,8
2014,2,1,n,REXX,18
2014,2,1,n,PEER,NA
2014,2,1,n,DISP,NA
2014,2,1,n,DIME,42
2014,2,1,n,DIME,33
2014,2,3,n,DIME,NA
2014,2,3,n,PGFV,7
2014,2,3,n,NEMI,30
2014,2,3,n,ONAR,22
2014,2,3,n,DIME,33
2014,2,3,n,DIOR,55
2014,2,3,n,DIME,30
2014,2,3,n,PELE,NA
2014,2,3,n,DIME,38
2014,2,3,n,PGFV,5
2014,2,3,n,PGFV,8
2014,2,3,n,PGFV,7
2014,2,3,n,PGFV,8
2014,2,5,n,DIME,34
2014,2,5,n,PELE,NA
2014,2,5,n,PGFV,8
2014,2,5,n,DIOR,49
2014,2,5,n,DIOR,47
2014,2,5,n,PEER,13
2014,2,5,n,PGFV,8
2014,2,5,n,PGFV,7
2014,2,5,n,PELE,23
2014,2,5,n,ONAR,20
2014,2,5,n,DISP,145
2014,2,5,n,PGFV,7
2014,2,5,n,DIOR,35
2014,2,5,n,DIOR,54
2014,2,5,n,DIOR,36
2014,2,5,n,PGFV,8
2014,2,5,n,PELE,25
2014,3,1,n,PGFV,9
2014,3,1,n,PEER,17
2014,3,1,n,DIOR,45
2014,3,1,n,DIME,45
2014,3,1,n,PGFV,7
2014,3,1,n,PGFV,7
2014,3,1,n,DISP,89
2014,3,1,n,DIME,51
2014,3,1,n,DIME,47
2014,3,1,n,PELE,NA
2014,3,1,n,PEER,21
2014,3,1,n,DIME,40
2014,3,1,n,PELE,NA
2014,3,1,n,PEER,20
2014,3,1,n,PEER,20
2014,3,1,n,PGFV,7
2014,3,1,n,PGFV,6
2014,3,1,n,PGFV,8
2014,3,1,n,PEER,23
2014,3,1,n,PELE,22
2014,3,1,n,PELE,24
2014,3,3,n,DIME,29
2014,3,3,n,PEMA,NA
2014,3,3,n,PGFV,8
2014,3,3,n,ONAR,19
2014,3,3,n,PGFV,8
2014,3,3,n,PGFV,6
2014,3,3,n,DIME,47
2014,3,3,n,PGFV,9
2014,3,3,n,DIOR,50
2014,3,3,n,PELE,24
2014,3,3,n,PGFV,8
2014,3,3,n,DIOR,39
2014,3,3,n,PGFV,8
2014,3,3,n,ONAR,14
2014,3,3,n,ONAR,23
2014,3,3,n,PGFV,7
2014,3,3,n,DIME,NA
2014,3,3,n,PGFV,7
2014,3,3,n,DIME,44
2014,3,3,n,PGFV,7
2014,3,5,n,DIOR,40
2014,3,5,n,PGFV,4
2014,3,5,n,PGFV,7
2014,3,5,n,DIME,45
2014,3,5,n,DIOR,44
2014,3,5,n,PEER,11
2014,3,5,n,NEMI,166
2014,3,5,n,DIME,32
2014,3,5,n,PGFV,9
2014,3,5,n,PGFV,9
2014,3,5,n,DIME,30
2014,3,5,n,DIOR,NA
2014,3,5,n,DIME,42
2014,3,5,n,DIME,43
2014,3,5,n,XESP,110
2014,3,5,n,DIME,38
2014,3,5,n,DIOR,35
2014,3,5,n,DIOR,44
2014,3,5,n,DIOR,30
2014,3,5,n,DISP,NA
2014,3,5,n,DIOR,48
2014,3,5,n,DIOR,47
2014,3,5,n,PENA,20
2014,1,1,n,DIME,39
2014,1,1,n,DIME,40
2014,1,1,n,DIOR,51
2014,1,1,n,DIME,41
2014,1,1,n,ONAR,20
2014,1,1,n,PELE,29
2014,1,1,n,DIOR,55
2014,1,1,n,DIOR,50
2014,1,1,n,DIME,40
2014,1,1,n,DIME,45
2014,1,1,n,DIME,42
2014,1,1,n,ONAR,22
2014,1,1,n,DIME,44
2014,1,1,n,PEER,20
2014,1,1,n,DIME,37
2014,1,1,n,DIOR,52
2014,1,1,n,PEER,11
2014,1,1,n,DIME,45
2014,1,1,n,PEMA,26
2014,1,1,n,DIME,44
2014,1,1,n,DIME,42
2014,1,1,n,DIME,42
2014,1,1,n,PEER,22
2014,1,1,n,DIME,44
2014,1,1,n,DIME,43
2014,1,1,n,PGFV,7
2014,1,1,n,PELE,17
2014,1,1,n,PEER,18
2014,1,1,n,PEER,25
2014,1,1,n,DIME,44
2014,1,1,n,PEMA,22
2014,1,1,n,PELE,24
2014,1,1,n,DIME,39
2014,1,1,n,DIME,44
2014,1,1,n,DIME,41
2014,1,1,n,ONAR,18
2014,1,1,n,DIME,44
2014,1,1,n,DIME,39
2014,1,1,n,PGFV,8
2014,1,1,n,DIME,41
2014,1,3,n,DIME,40
2014,1,3,n,DIME,45
2014,1,3,n,ONAR,17
2014,1,3,n,DIME,45
2014,1,3,n,PGFV,7
2014,1,3,n,DIME,42
2014,1,3,n,DIME,42
2014,1,3,n,PELE,16
2014,1,3,n,DIME,44
2014,1,3,n,DIME,49
2014,1,3,n,DIME,45
2014,1,3,n,DIME,42
2014,1,3,n,DIME,43
2014,1,3,n,PGFV,7
2014,1,3,n,ONAR,19
2014,1,3,n,DIME,48
2014,1,3,n,DIME,47
2014,1,3,n,PGFV,9
2014,1,3,n,DIME,37
2014,1,3,n,DIME,45
2014,1,3,n,DIME,43
2014,1,3,n,PGFV,NA
2014,1,3,n,DIME,46
2014,1,3,n,DIME,33
2014,1,3,n,ONAR,20
2014,1,3,n,DIME,42
2014,1,3,n,ONAR,16
2014,1,3,n,DIME,44
2014,1,3,n,DIME,44
2014,1,3,n,DIME,37
2014,1,3,n,DIME,44
2014,1,3,n,PGFV,8
2014,1,3,n,ONAR,15
2014,1,3,n,DIME,43
2014,1,3,n,DIME,39
2014,1,3,n,PGFV,7
2014,1,3,n,DIME,47
2014,1,3,n,DIOR,55
2014,1,3,n,DIME,46
2014,1,3,n,ONAR,19
2014,1,3,n,DIME,42
2014,1,3,n,PGFV,7
2014,1,3,n,PGFV,7
2014,1,5,n,PGFV,9
2014,1,5,n,DIOR,54
2014,1,5,n,DIOR,61
2014,1,5,n,PGFV,7
2014,1,5,n,PGFV,8
2014,1,5,n,PEMA,23
2014,1,5,n,ONAR,18
2014,1,5,n,PGFV,7
2014,1,5,n,DIOR,51
2014,1,5,n,ONAR,14
2014,1,5,n,DIME,42
2014,1,5,n,DIME,45
2014,1,5,n,DIOR,53
2014,1,5,n,PGFV,7
2014,1,5,n,DIME,41
2014,1,5,n,PGFV,7
2014,1,5,n,PGFV,8
2014,1,5,n,ONAR,22
2014,1,5,n,DIOR,52
2014,1,5,n,PGFV,8
2014,1,5,n,DIME,43
2014,1,5,n,PGFV,6
2014,1,5,n,DIME,40
2014,1,5,n,DISP,123
2014,1,5,n,PGFV,8
2014,1,5,n,PGFV,7
2014,1,5,n,XESP,75
2014,1,5,n,DIME,38
2014,1,5,n,ONAR,15
2014,1,5,n,DIME,38
2014,1,5,n,DIME,44
2014,1,5,n,ONAR,19
2014,1,5,n,ONAR,15
2014,1,5,n,PGFV,8
2014,1,5,n,DIME,41
2014,1,5,n,DIME,39
2014,1,5,n,DIOR,54
2014,1,5,n,PGFV,7
2014,1,5,n,DIME,35
2014,1,5,n,DIME,NA
2014,1,5,n,DISP,NA
2014,2,1,n,DISP,130
2014,2,1,n,REXX,15
2014,2,1,n,PEER,20
2014,2,1,n,DIOR,52
2014,2,1,n,DIME,40
2014,2,1,n,SIHI,80
2014,2,1,n,XESP,113
2014,2,1,n,PEER,19
2014,2,1,n,DIME,39
2014,2,1,n,PGFV,7
2014,2,1,n,PGFV,7
2014,2,1,n,PEER,NA
2014,2,1,n,PGFV,7
2014,2,1,n,PEER,23
2014,2,1,n,DIME,41
2014,2,1,n,DIME,42
2014,2,3,n,PEER,18
2014,2,3,n,DISP,133
2014,2,3,n,ONAR,17
2014,2,3,n,XESP,108
2014,2,3,n,ONAR,18
2014,2,3,n,DIME,40
2014,2,3,n,PGFV,6
2014,2,3,n,PGFV,7
2014,2,3,n,DIOR,51
2014,2,3,n,PEER,24
2014,2,3,n,PGFV,7
2014,2,3,n,ONAR,24
2014,2,3,n,ONAR,19
2014,2,3,n,DIME,44
2014,2,3,n,PGFV,8
2014,2,3,n,PGFV,9
2014,2,5,n,DIME,43
2014,2,5,n,DIME,44
2014,2,5,n,PGFV,8
2014,2,5,n,PGFV,8
2014,2,5,n,DIME,48
2014,2,5,n,SIHI,48
2014,2,5,n,PGFV,8
2014,2,5,n,PGFV,7
2014,2,5,n,DIOR,50
2014,2,5,n,PGFV,8
2014,2,5,n,PEER,11
2014,2,5,n,DIME,43
2014,2,5,n,DIME,45
2014,2,5,n,ONAR,22
2014,2,5,n,PGFV,8
2014,2,5,n,DISP,135
2014,2,5,n,DIME,50
2014,2,5,n,PGFV,7
2014,2,5,n,DIME,44
2014,2,5,n,ONAR,18
2014,2,5,n,XESP,88
2014,2,5,n,ONAR,19
2014,3,1,n,ONAR,18
2014,3,1,n,PGFV,8
2014,3,1,n,DIME,40
2014,3,1,n,PEMA,19
2014,3,1,n,DIME,40
2014,3,1,n,PGFV,8
2014,3,1,n,PGFV,9
2014,3,1,n,PGFV,9
2014,3,1,n,PELE,26
2014,3,1,n,PGFV,7
2014,3,1,n,DIOR,50
2014,3,1,n,ONAR,22
2014,3,1,n,PGFV,7
2014,3,1,n,PGFV,7
2014,3,1,n,DIME,42
2014,3,1,n,PGFV,7
2014,3,1,n,PGFV,7
2014,3,1,n,PGFV,7
2014,3,1,n,NEAL,151
2014,3,1,n,PGFV,8
2014,3,1,n,PGFV,7
2014,3,1,n,PEER,24
2014,3,3,n,DIME,37
2014,3,3,n,PGFV,7
2014,3,3,n,PGFV,7
2014,3,3,n,PGFV,7
2014,3,3,n,DIOR,47
2014,3,3,n,ONAR,14
2014,3,3,n,DIOR,46
2014,3,3,n,XESP,107
2014,3,3,n,DIOR,53
2014,3,3,n,PGFV,7
2014,3,3,n,PGFV,8
2014,3,3,n,PEER,25
2014,3,5,n,PEER,22
2014,3,5,n,PGFV,8
2014,3,5,n,PGFV,7
2014,3,5,n,PGFV,8
2014,3,5,n,PGFV,9
2014,3,5,n,ONAR,16
2014,3,5,n,DIME,39
2014,3,5,n,PGFV,7
2014,3,5,n,ONAR,17
2014,3,5,n,PGFV,9
2014,3,5,n,XESP,96
2014,3,5,n,PGFV,7
2014,3,5,n,PEER,26
2014,3,5,n,DIME,36
2015,1,1,n,ONAR,19
2015,1,1,n,DIOR,46
2015,1,1,n,DISP,112
2015,1,1,n,DIOR,49
2015,1,1,n,DISP,93
2015,1,1,n,ONAR,17
2015,1,1,n,ONAR,23
2015,1,1,n,DISP,128
2015,1,1,n,XESP,107
2015,1,1,n,ONAR,22
2015,1,1,n,DIOR,52
2015,1,4,n,ONAR,19
2015,1,4,n,NEMI,208
2015,1,4,n,DIOR,51
2015,1,4,n,PEMA,9
2015,1,4,n,ONAR,20
2015,1,4,n,DIME,39
2015,1,4,n,PELE,20
2015,1,4,n,DIOR,48
2015,1,4,n,DIOR,51
2015,1,4,n,ONAR,20
2015,1,4,n,DIOR,42
2015,1,4,n,DIOR,46
2015,1,4,n,DIOR,45
2015,1,5,n,XESP,98
2015,1,5,n,XESP,130
2015,1,5,n,NEMI,198
2015,1,5,n,DISP,145
2015,1,5,n,ONAR,26
2015,1,5,n,ONAR,24
2015,1,5,n,ONAR,20
2015,1,5,n,DISP,118
2015,1,5,n,ONAR,20
2015,1,5,n,ONAR,20
2015,1,5,n,DIOR,54
2015,1,5,n,DISP,138
2015,1,5,n,DIOR,45
2015,2,1,n,PELE,23
2015,2,1,n,DISP,98
2015,2,1,n,PENA,25
2015,2,1,n,DIOR,40
2015,2,1,n,DISP,128
2015,2,1,n,XESP,70
2015,2,1,n,DIOR,59
2015,2,1,n,ONAR,18
2015,2,4,n,XESP,91
2015,2,4,n,XESP,80
2015,2,4,n,XESP,115
2015,2,4,n,PELE,22
2015,2,4,n,PELE,23
2015,2,4,n,ONAR,20
2015,2,4,n,ONAR,21
2015,2,4,n,DIOR,36
2015,2,4,n,XESP,79
2015,2,5,n,PGFV,8
2015,2,5,n,NEMI,101
2015,2,5,n,XESP,97
2015,2,5,n,NEMI,300
2015,2,5,n,NEMI,92
2015,2,5,n,NEMI,98
2015,2,5,n,PGFV,8
2015,2,5,n,PELE,30
2015,2,5,n,XESP,110
2015,2,5,n,DIOR,NA
2015,2,5,n,DISP,105
2015,3,1,n,XESP,112
2015,3,1,n,PEMA,9
2015,3,1,n,DIOR,45
2015,3,1,n,ONAR,20
2015,3,1,n,DIOR,45
2015,3,4,n,XESP,85
2015,3,4,n,XESP,85
2015,3,4,n,XESP,100
2015,3,4,n,DIOR,39
2015,3,4,n,DIOR,55
2015,3,4,n,DIOR,53
2015,3,4,n,PGFV,7
2015,3,4,n,XESP,106
2015,3,5,n,DIOR,52
2015,3,5,n,XESP,125
2015,3,5,n,ONAR,19
2015,1,1,n,DIME,38
2015,1,1,n,DIME,40
2015,1,1,n,DIOR,55
2015,1,1,n,DIME,44
2015,1,1,n,DIME,43
2015,1,1,n,ONAR,21
2015,1,1,n,PEER,21
2015,1,1,n,DIME,42
2015,1,1,n,DIME,43
2015,1,1,n,PEER,20
2015,1,1,n,DIOR,45
2015,1,1,n,DIOR,50
2015,1,1,n,DIME,37
2015,1,1,n,PEER,28
2015,1,1,n,DIME,40
2015,1,1,n,PEMA,20
2015,1,1,n,DIME,41
2015,1,1,n,PELE,23
2015,1,1,n,DIME,43
2015,1,1,n,DIME,40
2015,1,1,n,DIME,38
2015,1,3,n,DIME,47
2015,1,3,n,DIME,40
2015,1,3,n,DIME,31
2015,1,3,n,DIME,43
2015,1,3,n,DIME,49
2015,1,3,n,DIME,40
2015,1,3,n,NEMI,147
2015,1,3,n,PEMA,23
2015,1,3,n,DIME,40
2015,1,3,n,DIME,37
2015,1,3,n,DIOR,54
2015,1,3,n,PELE,26
2015,1,3,n,DIME,44
2015,1,3,n,DIME,43
2015,1,3,n,DIME,36
2015,1,3,n,DIME,44
2015,1,3,n,DIME,42
2015,1,3,n,DIME,42
2015,1,3,n,DIME,43
2015,1,3,n,DIME,50
2015,1,5,n,DIOR,44
2015,1,5,n,DIOR,51
2015,1,5,n,DIME,40
2015,1,5,n,PEMA,7
2015,1,5,n,DISP,127
2015,1,5,n,DIME,41
2015,1,5,n,ONAR,20
2015,1,5,n,ONAR,25
2015,1,5,n,DIME,39
2015,1,5,n,DIME,39
2015,2,1,n,DIME,43
2015,2,1,n,DISP,136
2015,2,1,n,XESP,105
2015,2,1,n,ONAR,19
2015,2,1,n,ONAR,18
2015,2,1,n,DIME,40
2015,2,1,n,PEER,17
2015,2,1,n,DIOR,55
2015,2,1,n,PGFV,7
2015,2,1,n,PEER,23
2015,2,1,n,DIME,39
2015,2,1,n,PEER,25
2015,2,3,n,DIME,39
2015,2,3,n,DIME,37
2015,2,3,n,PGFV,7
2015,2,3,n,DIOR,53
2015,2,3,n,DIME,44
2015,2,3,n,ONAR,20
2015,2,5,n,XESP,110
2015,2,5,n,DIME,39
2015,2,5,n,DIME,39
2015,2,5,n,PEMA,22
2015,2,5,n,PELE,20
2015,2,5,n,DIME,45
2015,2,5,n,ONAR,25
2015,3,1,n,CHIN,14
2015,3,1,n,ONAR,19
2015,3,1,n,DIME,44
2015,3,1,n,DIOR,50
2015,3,1,n,PGFV,8
2015,3,1,n,DIME,38
2015,3,3,n,PGFV,7
2015,3,3,n,NEMI,58
2015,3,3,n,XESP,113
2015,3,3,n,DIOR,52
2015,3,3,n,DIME,39
2015,3,3,n,PGFV,7
2015,3,5,n,ONAR,22
2015,3,5,n,DISP,102
2015,3,5,n,ONAR,21
2015,3,5,n,PEER,11
2015,1,1,n,DIOR,60
2015,1,1,n,DISP,142
2015,1,1,n,PEER,19
2015,1,1,n,PGFV,7
2015,1,1,n,DIME,40
2015,1,1,n,DISP,138
2015,1,1,n,DIME,48
2015,1,1,n,DIME,39
2015,1,1,n,DIOR,54
2015,1,1,n,DIME,45
2015,1,1,n,PEER,20
2015,1,1,n,DIME,46
2015,1,1,n,DIOR,54
2015,1,1,n,DIOR,42
2015,1,1,n,PEER,24
2015,1,1,n,DIME,49
2015,1,1,n,PEER,23
2015,1,1,n,PEER,20
2015,1,1,n,DIME,48
2015,1,1,n,DIME,48
2015,1,1,n,DIME,43
2015,1,1,n,DIME,45
2015,1,1,n,DIME,48
2015,1,1,n,DIME,47
2015,1,1,n,PEER,25
2015,1,1,n,DIME,39
2015,1,1,n,DIME,42
2015,1,1,n,DIME,41
2015,1,1,n,PEER,24
2015,1,1,n,DIME,47
2015,1,3,n,DIME,48
2015,1,3,n,DISP,136
2015,1,3,n,DIME,38
2015,1,3,n,DIME,48
2015,1,3,n,DIOR,52
2015,1,3,n,DIME,43
2015,1,3,n,DIME,54
2015,1,3,n,DIME,42
2015,1,3,n,DIME,40
2015,1,3,n,XESP,97
2015,1,3,n,DIOR,52
2015,1,3,n,ONAR,19
2015,1,3,n,DISP,125
2015,1,3,n,DIME,49
2015,1,3,n,DIOR,49
2015,1,3,n,DIME,39
2015,1,3,n,DIME,41
2015,1,3,n,DIME,47
2015,1,3,n,DIME,29
2015,1,3,n,ONAR,24
2015,1,3,n,DIME,41
2015,1,3,n,DIOR,45
2015,1,3,n,DIME,47
2015,1,3,n,DIME,41
2015,1,5,n,DIME,42
2015,1,5,n,DIOR,42
2015,1,5,n,DIME,45
2015,1,5,n,ONAR,21
2015,1,5,n,DIME,40
2015,1,5,n,ONAR,25
2015,1,5,n,PGFV,7
2015,1,5,n,DIME,42
2015,1,5,n,DISP,130
2015,1,5,n,DIME,44
2015,1,5,n,NEMI,49
2015,1,5,n,DIME,43
2015,1,5,n,DISP,114
2015,1,5,n,DIME,43
2015,1,5,n,NEAL,109
2015,1,5,n,DIOR,55
2015,1,5,n,XESP,98
2015,2,1,n,ONAR,26
2015,2,1,n,DIME,40
2015,2,1,n,PEER,23
2015,2,1,n,DIME,38
2015,2,1,n,PEER,19
2015,2,1,n,PEER,17
2015,2,1,n,PEER,19
2015,2,1,n,PEER,NA
2015,2,3,n,DIME,42
2015,2,3,n,DIOR,54
2015,2,3,n,DIME,44
2015,2,3,n,ONAR,15
2015,2,3,n,DIME,39
2015,2,3,n,DIME,40
2015,2,3,n,XESP,40
2015,2,3,n,DIME,40
2015,2,3,n,ONAR,22
2015,2,3,n,DIOR,54
2015,2,3,n,DIOR,49
2015,2,3,n,DIME,50
2015,2,3,n,DISP,124
2015,2,3,n,DIME,49
2015,2,3,n,DIME,29
2015,2,3,n,PEER,17
2015,2,3,n,DISP,120
2015,2,5,n,NEMI,137
2015,2,5,n,DIME,42
2015,2,5,n,DIME,48
2015,2,5,n,PGFV,7
2015,2,5,n,PGFV,7
2015,2,5,n,ONAR,17
2015,2,5,n,NEMI,125
2015,2,5,n,DISP,145
2015,2,5,n,PGFV,7
2015,2,5,n,ONAR,22
2015,2,5,n,DISP,115
2015,2,5,n,PGFV,7
2015,2,5,n,ONAR,22
2015,2,5,n,DIOR,48
2015,2,5,n,DIME,23
2015,2,5,n,DIOR,59
2015,3,1,n,DIME,46
2015,3,1,n,DIME,34
2015,3,1,n,DIOR,54
2015,3,1,n,XESP,NA
2015,3,1,n,DIME,29
2015,3,1,n,XESP,98
2015,3,1,n,DIME,30
2015,3,1,n,DIME,38
2015,3,1,n,DIME,42
2015,3,1,n,PGFV,8
2015,3,1,n,PEER,22
2015,3,1,n,XESP,90
2015,3,1,n,NEMI,175
2015,3,1,n,PEER,16
2015,3,3,n,DIME,40
2015,3,3,n,DIME,29
2015,3,3,n,DISP,115
2015,3,3,n,ONAR,16
2015,3,5,n,XESP,100
2015,3,5,n,DIME,44
2015,3,5,n,PGFV,8
2015,3,5,n,DIME,40
2015,3,5,n,DIOR,52
2015,3,5,n,ONAR,18
2015,3,5,n,DIME,33
2015,3,5,n,XESP,120
2016,1,1,n,DISP,105
2016,1,1,n,PGFV,7
2016,1,1,n,DIOR,48
2016,1,1,n,PGFV,10
2016,1,4,n,DISP,119
2016,1,4,n,DIOR,44
2016,1,4,n,DISP,132
2016,1,4,n,ONAR,22
2016,1,4,n,ONAR,26
2016,1,5,n,DISP,119
2016,1,5,n,DISP,146
2016,1,5,n,DISP,134
2016,1,5,n,ONAR,24
2016,1,5,n,DISP,126
2016,2,1,n,ONAR,23
2016,2,1,n,DISP,125
2016,2,4,n,DIOR,50
2016,2,4,n,PGFV,7
2016,2,4,n,DIOR,49
2016,2,5,n,DIOR,56
2016,2,5,n,PGFV,6
2016,2,5,n,PGFV,9
2016,2,5,n,PGFV,8
2016,3,1,n,XESP,80
2016,3,1,n,ONAR,21
2016,3,1,n,XESP,100
2016,3,1,n,XESP,128
2016,3,1,n,XESP,113
2016,3,4,n,DISP,142
2016,3,4,n,XESP,100
2016,3,4,n,DISP,100
2016,3,4,n,ONAR,25
2016,3,4,n,ONAR,22
2016,3,5,n,XESP,113
2016,3,5,n,ONAR,NA
2016,3,5,n,PEMA,NA
2016,3,5,n,DISP,155
2016,3,5,n,DISP,103
2016,1,1,n,DISP,131
2016,1,1,n,DISP,138
2016,1,1,n,DISP,120
2016,1,1,n,PGFV,9
2016,1,1,n,PGFV,12
2016,1,1,n,ONAR,17
2016,1,4,n,DIOR,63
2016,1,4,n,DIOR,45
2016,1,4,n,DIOR,46
2016,1,4,n,PGFV,7
2016,1,4,n,DISP,133
2016,1,5,n,DISP,111
2016,1,5,n,DISP,156
2016,1,5,n,PGFV,10
2016,1,5,n,DISP,127
2016,2,1,n,DISP,100
2016,2,1,n,PELE,NA
2016,2,1,n,XESP,121
2016,2,1,n,DISP,105
2016,2,1,n,DISP,125
2016,2,1,n,DISP,115
2016,2,1,n,PGFV,9
2016,2,4,n,XESP,97
2016,2,4,n,DISP,112
2016,2,5,n,DISP,115
2016,2,5,n,ONAR,21
2016,2,5,n,ONAR,NA
2016,2,5,n,DISP,120
2016,3,1,n,PGFV,9
2016,3,1,n,DISP,96
2016,3,1,n,PGFV,8
2016,3,1,n,PGFV,9
2016,3,4,n,DISP,101
2016,3,4,n,PGFV,8
2016,3,4,n,PGFV,7
2016,3,4,n,DISP,162
2016,3,5,n,DISP,126
2016,3,5,n,DISP,109
2016,1,1,n,DIME,40
2016,1,1,n,DIME,39
2016,1,1,n,DIME,35
2016,1,1,n,DIME,46
2016,1,1,n,DIME,47
2016,1,1,n,DIME,4
2016,1,1,n,DIME,52
2016,1,1,n,PEER,26
2016,1,1,n,DIME,40
2016,1,1,n,DIME,38
2016,1,3,n,DIME,41
2016,1,3,n,DIME,41
2016,1,3,n,ONAR,26
2016,1,3,n,DIME,48
2016,1,3,n,DIME,47
2016,1,3,n,DISP,131
2016,1,3,n,DIME,49
2016,1,3,n,DIME,40
2016,1,3,n,DIME,41
2016,1,3,n,DIME,51
2016,1,3,n,DIME,46
2016,1,3,n,DIME,42
2016,1,3,n,DIME,48
2016,1,3,n,DIME,54
2016,1,3,n,DISP,125
2016,1,3,n,DIME,51
2016,1,5,n,REME,9
2016,1,5,n,DIME,39
2016,1,5,n,DIME,48
2016,1,5,n,DIME,37
2016,1,5,n,DIME,43
2016,1,5,n,DIME,41
2016,1,5,n,DISP,145
2016,1,5,n,DISP,101
2016,1,5,n,DIME,39
2016,1,5,n,ONAR,23
2016,1,5,n,ONAR,31
2016,2,1,n,DIME,40
2016,2,1,n,PGFV,8
2016,2,3,n,DIME,49
2016,2,3,n,PELE,13
2016,2,5,n,PGFV,8
2016,3,1,n,DIME,47
2016,3,5,n,ONAR,33
2016,3,5,n,DIME,45
2016,3,5,n,DIME,47
2016,3,5,n,DIME,43
2016,1,1,n,PEER,21
2016,1,1,n,DIME,50
2016,1,1,n,XESP,NA
2016,1,1,n,DIME,38
2016,1,1,n,DIME,47
2016,1,1,n,DIME,34
2016,1,1,n,ONAR,20
2016,1,1,n,PGFV,7
2016,1,3,n,DIME,37
2016,1,3,n,DIME,50
2016,1,3,n,DIME,44
2016,1,3,n,DIME,46
2016,1,3,n,DIME,59
2016,1,3,n,DISP,133
2016,1,3,n,DIME,4
2016,1,5,n,DISP,118
2016,1,5,n,PELE,24
2016,1,5,n,DIME,49
2016,1,5,n,DIME,NA
2016,2,1,n,DISP,116
2016,2,1,n,DIME,29
2016,2,1,n,XESP,99
2016,2,3,n,XESP,115
2016,2,3,n,DIME,29
2016,2,5,n,PGFV,8
2016,2,5,n,XESP,83
2016,2,5,n,DIME,35
2016,2,5,n,DIME,48
2016,2,5,n,XESP,105
2016,2,5,n,XESP,103
2016,3,1,n,PGFV,10
2016,3,1,n,PEMA,25
2016,3,1,n,DISP,122
2016,3,1,n,XESP,NA
2016,3,1,n,NEAL,160
2016,3,1,n,DIME,48
2016,3,3,n,DIME,26
2016,3,3,n,DIME,26
2016,3,3,n,PGFV,9
2016,3,3,n,ONAR,18
2016,3,5,n,NEAL,NA
2016,3,5,n,PGFV,7
2016,3,5,n,DIME,39
2016,3,5,n,PGFV,5
2016,3,5,n,DISP,106
2016,3,5,n,PGFV,12
2016,3,5,n,DIME,38
2016,3,5,n,DIME,152
2016,3,5,n,PGFV,8
2017,1,1,n,DISP,105
2017,1,1,n,DISP,120
2017,1,1,n,DISP,151
2017,1,1,n,PGFV,8
2017,1,1,n,PGFV,6
2017,1,1,n,PGFV,7
2017,1,1,n,ONLE,28
2017,1,1,n,PGFV,8
2017,1,1,n,PGFV,7
2017,1,4,n,DISP,138
2017,1,4,n,DIOR,47
2017,1,4,n,DISP,96
2017,1,4,n,DISP,93
2017,1,4,n,DIOR,58
2017,1,4,n,DISP,163
2017,1,4,n,PGFV,9
2017,1,4,n,PGFV,6
2017,1,5,n,DISP,131
2017,1,5,n,DISP,91.5
2017,1,5,n,DISP,152
2017,1,5,n,ONAR,14
2017,1,5,n,DISP,117
2017,1,5,n,DISP,NA
2017,1,5,n,PGFV,9
2017,1,5,n,DIOR,40
2017,1,5,n,DISP,NA
2017,2,1,n,PGFV,9
2017,2,1,n,PGFV,10
2017,2,1,n,DISP,146
2017,2,1,n,PGFV,9
2017,2,4,n,DISP,123
2017,2,4,n,XESP,NA
2017,2,4,n,DISP,143
2017,2,4,n,DIOR,46
2017,2,4,n,PGFV,7.5
2017,2,4,n,PGFV,7
2017,2,4,n,PGFV,NA
2017,2,5,n,DISP,145
2017,2,5,n,DIME,48
2017,3,1,n,DISP,81
2017,3,1,n,DIOR,40
2017,3,1,n,XESP,36
2017,3,1,n,ONXX,13
2017,3,4,n,DISP,110
2017,3,4,n,PGFV,9
2017,3,4,n,DIME,45
2017,3,4,n,PGFV,8.6
2017,3,4,n,DIME,54
2017,3,4,n,PGFV,9
2017,3,5,n,ONAR,27
2017,3,5,n,XESP,NA
2017,3,5,n,PGFV,8
2017,3,5,n,PGFV,7
2017,3,5,n,PGFV,7
2017,3,5,n,DISP,84
2017,1,1,n,ONAR,27
2017,1,1,n,PGFV,8
2017,1,1,n,DISP,NA
2017,1,1,n,DISP,127
2017,1,1,n,NEMI,95
2017,1,1,n,PGFV,6
2017,1,1,n,DISP,130
2017,1,1,n,DISP,141
2017,1,1,n,DISP,113
2017,1,1,n,DISP,118
2017,1,1,n,XESP,97
2017,1,4,n,PELE,25
2017,1,4,n,PGFV,8
2017,1,4,n,DISP,146
2017,1,4,n,DISP,147
2017,1,4,n,DISP,129
2017,1,4,n,DISP,96
2017,1,4,n,DISP,NA
2017,1,4,n,ONAR,26
2017,1,4,n,DISP,133
2017,1,5,n,PGFV,6
2017,1,5,n,DISP,131
2017,1,5,n,PGFV,7
2017,1,5,n,DISP,138
2017,1,5,n,DISP,123
2017,1,5,n,PGFV,7
2017,1,5,n,DISP,157
2017,1,5,n,PGFV,6
2017,1,5,n,PGFV,7
2017,1,5,n,DISP,142
2017,1,5,n,DISP,152
2017,1,5,n,SYAU,NA
2017,2,1,n,PGFV,7
2017,2,1,n,DISP,142
2017,2,1,n,DIME,62
2017,2,1,n,PGFV,6
2017,2,1,n,PGFV,8
2017,2,1,n,PGFV,7
2017,2,1,n,DISP,130
2017,2,1,n,PGFV,7
2017,2,1,n,DISP,NA
2017,2,1,n,DISP,NA
2017,2,4,n,DISP,NA
2017,2,4,n,NEAL,NA
2017,2,4,n,PELE,20
2017,2,4,n,DISP,NA
2017,2,4,n,DISP,127
2017,2,4,n,DISP,133
2017,2,4,n,DIOR,40
2017,2,5,n,ONAR,14
2017,2,5,n,PGFV,8
2017,2,5,n,PGFV,8
2017,2,5,n,DISP,137
2017,2,5,n,DISP,117
2017,2,5,n,ONAR,25
2017,3,1,n,PGFV,8
2017,3,1,n,PGFV,7
2017,3,1,n,DISP,138
2017,3,4,n,DISP,123
2017,3,4,n,DIOR,58
2017,3,4,n,DIOR,52
2017,3,4,n,MUMU,14
2017,1,1,n,DIME,37
2017,1,1,n,DIME,43.5
2017,1,1,n,DISP,97
2017,1,1,n,DIME,40
2017,1,1,n,DISP,136
2017,1,1,n,DIME,42
2017,1,1,n,DIME,41
2017,1,1,n,DISP,119
2017,1,1,n,DIME,44
2017,1,1,n,DIME,47
2017,1,1,n,DIME,40
2017,1,1,n,DIME,45
2017,1,3,n,DIME,46
2017,1,3,n,DIME,46
2017,1,3,n,DIME,40
2017,1,3,n,DIME,45
2017,1,3,n,NEAL,126
2017,1,3,n,DIME,39
2017,1,3,n,DIME,26
2017,1,3,n,DIME,43
2017,1,3,n,DIME,52
2017,1,3,n,DIME,49
2017,1,3,n,DIME,51
2017,1,3,n,DISP,138
2017,1,3,n,DIME,45
2017,1,3,n,PGFV,7
2017,1,3,n,DIME,47
2017,1,5,n,DIME,40
2017,1,5,n,DIME,46
2017,1,5,n,PGFV,7
2017,1,5,n,DIME,46
2017,1,5,n,DISP,93
2017,2,1,n,DIME,46
2017,2,1,n,DIME,30
2017,2,3,n,PGFV,6.5
2017,2,5,n,PGFV,9
2017,2,5,n,DISP,146
2017,2,5,n,DIME,48
2017,2,5,n,DIME,46
2017,2,5,n,DIME,50
2017,3,1,n,DIME,5
2017,3,1,n,ONXX,22
2017,3,1,n,PEBO,16
2017,3,1,n,DIME,51
2017,3,3,n,DIME,52
2017,3,3,n,XESP,80
2017,3,3,n,DIME,27
2017,3,3,n,DIME,45
2017,3,3,n,DISP,155
2017,3,3,n,DISP,82
2017,3,5,n,PGFV,9
2017,3,5,n,DIME,45
2017,3,5,n,PGFV,9
2017,3,5,n,PEER,13
2017,3,5,n,PGFV,7
2017,1,1,n,DIME,36
2017,1,1,n,DIME,45
2017,1,1,n,DIME,41
2017,1,1,n,DIME,34
2017,1,1,n,DIME,50
2017,1,1,n,DIME,40
2017,1,1,n,DISP,110
2017,1,1,n,DISP,130
2017,1,1,n,DIME,45
2017,1,1,n,PGFV,7
2017,1,1,n,DIME,44
2017,1,1,n,DISP,138
2017,1,1,n,DISP,130
2017,1,1,n,PEER,20
2017,1,1,n,DIME,43
2017,1,1,n,DISP,135
2017,1,1,n,PEER,18
2017,1,1,n,DIME,42
2017,1,1,n,DIME,50
2017,1,1,n,PGFV,7
2017,1,1,n,DIME,45
2017,1,1,n,DIME,45
2017,1,1,n,ONAR,24
2017,1,1,n,DISP,103
2017,1,1,n,ONAR,NA
2017,1,1,n,PEER,15
2017,1,3,n,DIME,43
2017,1,3,n,DIME,44
2017,1,3,n,DIME,47
2017,1,3,n,DISP,148
2017,1,3,n,DIME,NA
2017,1,5,n,DIME,48
2017,1,5,n,ONAR,24
2017,1,5,n,PGFV,8
2017,1,5,n,DISP,140
2017,1,5,n,NEAL,NA
2017,1,5,n,DISP,140
2017,1,5,n,DIME,48
2017,2,1,n,DIME,58
2017,2,1,n,XESP,90
2017,2,1,n,DISP,125
2017,2,1,n,XESP,99
2017,2,1,n,NEAL,138
2017,2,1,n,PGFV,6
2017,2,3,n,NEAL,165
2017,2,3,n,DIME,40
2017,2,3,n,DIME,54
2017,2,3,n,DISP,120
2017,2,5,n,DIME,53
2017,2,5,n,DIME,47
2017,2,5,n,NEMI,140
2017,3,1,n,DIME,NA
2017,3,1,n,NEMI,218
2017,3,1,n,PGFV,6
2017,3,1,n,NEAL,143
2017,3,1,n,NEAL,137
2017,3,3,n,DIME,35
2017,3,3,n,DISP,135
2017,3,5,n,DIME,34
2017,3,5,n,DIME,135
2017,3,5,n,DISP,147
2017,3,5,n,DIME,44
2017,3,5,n,PGFV,8
2017,3,5,n,DIME,42
2017,3,5,n,DIME,43
2018,1,1,n,DISP,105
2018,1,1,n,DISP,7
2018,1,1,n,DISP,136
2018,1,1,n,DISP,153
2018,1,1,n,DISP,118
2018,1,1,n,PGFV,8
2018,1,1,n,PGFV,9.5
2018,1,1,n,PGFV,8
2018,1,1,n,DISP,99
2018,1,1,n,DISP,120
2018,1,1,n,PGFV,9
2018,1,1,n,DISP,92
2018,1,1,n,DISP,140
2018,1,1,n,DISP,110
2018,1,1,n,DISP,130
2018,1,1,n,DIOR,50
2018,1,4,n,DISP,70
2018,1,4,n,DIOR,60
2018,1,4,n,DIOR,50
2018,1,4,n,DIOR,40
2018,1,4,n,PGFV,9
2018,1,4,n,DIOR,33
2018,1,4,n,DIOR,43
2018,1,4,n,DIOR,55
2018,1,4,n,DIOR,52
2018,1,4,n,PGFV,12
2018,1,4,n,DIOR,51
2018,1,4,n,DIOR,47
2018,1,4,n,DIOR,41
2018,1,4,n,DISP,115
2018,1,4,n,DISP,138
2018,1,4,n,DIOR,51
2018,1,4,n,ONAR,30
2018,1,4,n,DISP,90
2018,1,4,n,DISP,96
2018,1,5,n,DISP,125
2018,1,5,n,PGFV,NA
2018,1,5,n,DISP,154
2018,1,5,n,DISP,22
2018,1,5,n,PGFV,9.5
2018,1,5,n,PGFV,NA
2018,1,5,n,PGFV,NA
2018,1,5,n,DISP,134
2018,2,1,n,DISP,120
2018,2,1,n,DISP,90
2018,2,1,n,PGFV,7
2018,2,1,n,PGFV,9
2018,2,1,n,PGFV,9
2018,2,1,n,PGFV,7
2018,2,4,n,PGFV,9.8
2018,2,4,n,PGFV,5.8
2018,2,4,n,DISP,109
2018,2,4,n,DIOR,47
2018,2,4,n,DIOR,36
2018,2,4,n,PGFV,9
2018,2,4,n,DISP,118
2018,2,4,n,DIOR,55
2018,2,4,n,PGFV,10
2018,2,4,n,DIOR,58
2018,2,4,n,PGFV,9
2018,2,4,n,DIOR,57
2018,2,4,n,PGFV,10.5
2018,2,4,n,DIOR,45
2018,2,4,n,DIOR,48
2018,2,4,n,DIOR,54
2018,2,4,n,PGFV,8.5
2018,2,4,n,DISP,NA
2018,2,5,n,XESP,95
2018,2,5,n,DISP,144
2018,2,5,n,XESP,102
2018,2,5,n,DISP,100
2018,2,5,n,DIOR,53
2018,2,5,n,DISP,140
2018,2,5,n,DIOR,44
2018,3,1,n,DISP,90
2018,3,1,n,DISP,50
2018,3,1,n,PGFV,9
2018,3,1,n,DISP,90
2018,3,1,n,DISP,33
2018,3,1,n,DISP,130
2018,3,1,n,DISP,25
2018,3,1,n,PGFV,7
2018,3,1,n,DISP,125
2018,3,1,n,PGFV,9
2018,3,1,n,PGFV,8
2018,3,1,n,DISP,140
2018,3,1,n,DISP,45
2018,3,4,n,DIOR,37
2018,3,4,n,PGFV,7
2018,3,4,n,DISP,100
2018,3,4,n,DISP,89
2018,3,4,n,DISP,142
2018,3,4,n,DISP,100
2018,3,4,n,DIOR,55
2018,3,4,n,DIOR,NA
2018,3,4,n,DIOR,43
2018,3,4,n,PGFV,11
2018,3,4,n,PGFV,9
2018,3,4,n,PGFV,8
2018,3,4,n,PGFV,9.5
2018,3,4,n,PGFV,9
2018,3,4,n,DIOR,62
2018,3,4,n,PGFV,8
2018,3,4,n,DIOR,54
2018,3,4,n,DIOR,60
2018,3,4,n,DIOR,61
2018,3,4,n,PGFV,10
2018,3,4,n,DISP,129
2018,3,4,n,DISP,40
2018,3,4,n,DISP,50
2018,3,4,n,PGFV,8
2018,3,5,n,DISP,93
2018,3,5,n,PGFV,8.5
2018,3,5,n,DISP,123
2018,3,5,n,DISP,143
2018,3,5,n,PGFV,9.5
2018,3,5,n,DISP,NA
2018,3,5,n,DIOR,50
2018,3,5,n,DISP,108
2018,3,5,n,DIOR,51
2018,3,5,n,PGFV,8.5
2018,3,5,n,DIOR,47
2018,3,5,n,PGFV,8.5
2018,3,5,n,DISP,141
2018,3,5,n,DISP,143
2018,3,5,n,PGFV,8.5
2018,3,5,n,PGFV,10
2018,3,5,n,DISP,103
2018,1,1,n,DISP,136
2018,1,1,n,DISP,122
2018,1,1,n,DIOR,57
2018,1,1,n,PGFV,8
2018,1,1,n,PGFV,7
2018,1,1,n,DISP,132
2018,1,4,n,DISP,130
2018,1,4,n,PGFV,NA
2018,1,4,n,DISP,103
2018,1,4,n,DIOR,61
2018,1,4,n,ONAR,23
2018,1,4,n,DIOR,56
2018,1,4,n,DIOR,59
2018,1,4,n,DIOR,60
2018,1,4,n,DIOR,52
2018,1,4,n,DISP,137
2018,1,4,n,PGFV,7.5
2018,1,4,n,DISP,152
2018,1,4,n,DIOR,48
2018,1,5,n,DISP,137
2018,1,5,n,DISP,127
2018,1,5,n,DISP,117
2018,1,5,n,PGFV,7.5
2018,1,5,n,DISP,143
2018,1,5,n,DISP,123
2018,1,5,n,DISP,117
2018,1,5,n,DISP,120
2018,1,5,n,DISP,108
2018,1,5,n,DISP,118
2018,2,1,n,DIOR,55
2018,2,1,n,PGFV,7
2018,2,1,n,DISP,108
2018,2,1,n,DISP,NA
2018,2,1,n,DIOR,52
2018,2,1,n,DISP,118
2018,2,4,n,DISP,98
2018,2,4,n,PGFV,75
2018,2,4,n,DIOR,63
2018,2,4,n,PGFV,9
2018,2,4,n,DIOR,59
2018,2,4,n,PGFV,7
2018,2,4,n,DIOR,50
2018,2,4,n,DIOR,57
2018,2,4,n,DIOR,59
2018,2,4,n,DISP,143
2018,2,5,n,DIOR,44
2018,2,5,n,DISP,127
2018,2,5,n,DISP,137
2018,2,5,n,DISP,118
2018,2,5,n,DIOR,50
2018,2,5,n,DISP,108
2018,2,5,n,ONAR,28
2018,2,5,n,DISP,118
2018,3,1,n,PGFV,6
2018,3,1,n,DISP,NA
2018,3,1,n,PGFV,7
2018,3,4,n,DIOR,63
2018,3,4,n,DISP,130
2018,3,4,n,DIOR,57
2018,3,4,n,PGFV,8.5
2018,3,4,n,DISP,103
2018,3,4,n,DIOR,61
2018,3,4,n,DISP,126
2018,3,4,n,DIOR,56
2018,3,4,n,DIOR,59
2018,3,4,n,DIOR,60
2018,3,4,n,DIOR,52
2018,3,4,n,DIOR,50
2018,3,4,n,DISP,113
2018,3,4,n,DISP,43
2018,3,4,n,DIOR,59
2018,3,4,n,DISP,152
2018,3,5,n,PGFV,7
2018,3,5,n,DISP,126
2018,3,5,n,DIOR,56
2018,3,5,n,DISP,100
2018,1,1,n,DISP,83
2018,1,1,n,DISP,NA
2018,1,1,n,DISP,82
2018,1,1,n,DISP,87
2018,1,1,n,DIME,45
2018,1,1,n,DIME,41
2018,1,1,n,DIME,47
2018,1,1,n,PEXX,NA
2018,1,1,n,DIME,54
2018,1,1,n,DIME,46
2018,1,1,n,DIME,47
2018,1,1,n,DIME,45
2018,1,1,n,DISP,138
2018,1,1,n,PGFV,8
2018,1,1,n,DIME,44
2018,1,1,n,DIME,21
2018,1,1,n,PEXX,20
2018,1,1,n,DIME,38
2018,1,1,n,DIME,38
2018,1,3,n,DIME,43
2018,1,3,n,DIME,44
2018,1,3,n,DIME,44
2018,1,3,n,DIME,33
2018,1,3,n,PGFV,NA
2018,1,3,n,DIME,44
2018,1,3,n,DIME,43
2018,1,3,n,DIME,40
2018,1,3,n,DIME,43
2018,1,3,n,DIME,55
2018,1,3,n,DIME,49
2018,1,3,n,DIME,44
2018,1,3,n,DIME,50
2018,1,3,n,DISP,130
2018,1,3,n,DIME,35
2018,1,3,n,DIME,38
2018,1,3,n,PGFV,8
2018,1,3,n,PGFV,NA
2018,1,3,n,DISP,130
2018,1,5,n,DIME,43
2018,1,5,n,DIME,37
2018,1,5,n,DIME,47
2018,1,5,n,DISP,113
2018,1,5,n,DIME,47
2018,1,5,n,DIME,45
2018,1,5,n,DIME,47
2018,1,5,n,DIME,51
2018,1,5,n,DISP,138
2018,1,5,n,PGFV,10
2018,1,5,n,DIME,42
2018,1,5,n,PGFV,9
2018,1,5,n,DIME,23
2018,1,5,n,DIME,35
2018,1,5,n,DIME,37
2018,1,5,n,DIME,NA
2018,2,1,n,DISP,88
2018,2,1,n,PGFV,9
2018,2,1,n,DISP,93
2018,2,1,n,DISP,116
2018,2,1,n,DISP,133
2018,2,1,n,DIME,47
2018,2,1,n,PEXX,22
2018,2,1,n,DISP,123
2018,2,1,n,DIME,41
2018,2,3,n,DIME,32
2018,2,3,n,DIME,41
2018,2,5,n,DIME,46
2018,2,5,n,PGFV,7
2018,2,5,n,PGFV,8
2018,2,5,n,DIME,47
2018,2,5,n,PGFV,5
2018,2,5,n,DIME,41
2018,2,5,n,DIME,47
2018,2,5,n,PGFV,8
2018,2,5,n,DIME,32
2018,3,1,n,PGFV,7.5
2018,3,1,n,PEER,21
2018,3,1,n,DIME,43
2018,3,1,n,DIME,47
2018,3,3,n,DISP,149
2018,3,3,n,PEXX,25
2018,3,3,n,DIME,48
2018,3,3,n,DISP,121
2018,3,5,n,DIME,43
2018,3,5,n,DIOR,56
2018,3,5,n,DIME,43
2018,3,5,n,DIME,42
2018,3,5,n,DIME,40
2018,3,5,n,DIME,42
2018,3,5,n,DISP,139
2018,1,1,n,DIME,47
2018,1,1,n,PGFV,6.5
2018,1,1,n,DISP,134
2018,1,1,n,DIME,39
2018,1,1,n,CHIN,15.5
2018,1,1,n,DISP,118
2018,1,1,n,DISP,134
2018,1,1,n,DIME,42
2018,1,1,n,DIME,45
2018,1,1,n,DIME,45
2018,1,1,n,DISP,134
2018,1,1,n,DIME,43
2018,1,1,n,CHIN,13.5
2018,1,1,n,DIME,44
2018,1,1,n,PGFV,NA
2018,1,1,n,PEXX,15.5
2018,1,1,n,DIME,46
2018,1,1,n,PEER,23
2018,1,3,n,DISP,139
2018,1,3,n,DIME,45
2018,1,3,n,PGFV,7
2018,1,3,n,DIME,42
2018,1,3,n,DIME,48
2018,1,3,n,DIME,47
2018,1,3,n,DIME,46
2018,1,3,n,DIME,46
2018,1,3,n,DIME,38
2018,1,3,n,DIME,39
2018,1,3,n,DISP,136
2018,1,3,n,DIME,44
2018,1,3,n,DISP,133
2018,1,5,n,DIME,21
2018,1,5,n,DIME,36
2018,1,5,n,DIME,45
2018,1,5,n,PGFV,7.5
2018,1,5,n,PGFV,6
2018,1,5,n,PGFV,7.5
2018,1,5,n,DIME,42
2018,1,5,n,PGFV,8
2018,1,5,n,PGFV,6.5
2018,1,5,n,PGFV,8
2018,1,5,n,DIME,38
2018,1,5,n,DIME,43
2018,1,5,n,DIME,45
2018,1,5,n,PGFV,7
2018,1,5,n,DIME,39
2018,1,5,n,DIME,50
2018,2,1,n,PEER,17
2018,2,1,n,DISP,126
2018,2,1,n,DISP,113
2018,2,1,n,DIME,33
2018,2,1,n,DIME,40
2018,2,1,n,PEER,23
2018,2,1,n,CHIN,15.5
2018,2,1,n,PEER,20
2018,2,1,n,PEER,22
2018,2,1,n,DISP,138
2018,2,1,n,CHIN,14
2018,2,1,n,DISP,138
2018,2,1,n,PGFV,7
2018,2,1,n,PEXX,15
2018,2,1,n,PEER,23
2018,2,1,n,PEER,20
2018,2,3,n,PGFV,7
2018,2,3,n,DIME,45
2018,2,3,n,DISP,102
2018,2,3,n,PEER,19
2018,2,3,n,DIME,45
2018,2,3,n,DISP,104
2018,2,5,n,DIME,39
2018,2,5,n,DISP,113
2018,2,5,n,DIME,51
2018,2,5,n,DISP,138
2018,2,5,n,PGFV,7
2018,2,5,n,PGFV,6.5
2018,2,5,n,ONAR,19
2018,2,5,n,PGFV,6.5
2018,2,5,n,DIME,43
2018,2,5,n,DIME,50
2018,2,5,n,NEAL,81
2018,2,5,n,ONAR,16
2018,2,5,n,DIME,43
2018,2,5,n,PGFV,8
2018,3,1,n,DISP,111
2018,3,1,n,DISP,100
2018,3,3,n,DIME,35
2018,3,3,n,PGFV,7
2018,3,3,n,ONAR,20
2018,3,5,n,DIME,41
2018,3,5,n,PGFV,7
2019,1,1,n,DISP,108
2019,1,1,n,DISP,140
2019,1,1,n,DISP,106
2019,1,1,n,DIME,35
2019,1,1,n,PGFV,8
2019,1,1,n,DISP,130
2019,1,1,n,DISP,102
2019,1,1,n,PGFV,7
2019,1,1,n,DISP,121
2019,1,4,n,DISP,90
2019,1,4,n,DISP,118
2019,1,4,n,DISP,91
2019,1,4,n,DISP,148
2019,1,4,n,DIOR,49
2019,1,4,n,DIOR,53
2019,1,4,n,DIOR,54
2019,1,4,n,DIOR,61
2019,1,4,n,PGFV,9
2019,1,4,n,DISP,122
2019,1,5,n,PGFV,9
2019,1,5,n,PGFV,10
2019,1,5,n,DISP,150
2019,1,5,n,PGFV,8
2019,1,5,n,NEAL,90
2019,1,5,n,DISP,78
2019,1,5,n,DIOR,55
2019,2,1,n,PGFV,8
2019,2,1,n,DISP,NA
2019,2,1,n,DISP,142
2019,2,1,n,PGFV,9
2019,2,1,n,DISP,128
2019,2,1,n,DISP,100
2019,2,1,n,DISP,112
2019,2,1,n,DIME,60
2019,2,1,n,DIME,59
2019,2,1,n,PGFV,6
2019,2,1,n,DISP,NA
2019,2,1,n,DIME,58
2019,2,1,n,PGFV,6
2019,2,4,n,DIOR,42
2019,2,4,n,DIOR,49
2019,2,4,n,DIOR,53
2019,2,4,n,PGFV,8
2019,2,4,n,DIOR,55
2019,2,4,n,DISP,89
2019,2,4,n,DIOR,50
2019,2,4,n,DIOR,41
2019,2,4,n,DIOR,50
2019,2,5,n,PGFV,8.5
2019,2,5,n,DIOR,67
2019,2,5,n,DIOR,48
2019,2,5,n,DISP,113
2019,2,5,n,DISP,81
2019,2,5,n,PGFV,8.5
2019,2,5,n,DISP,134
2019,2,5,n,DIOR,52
2019,2,5,n,PGFV,8
2019,2,5,n,DIOR,47
2019,2,5,n,DIOR,68
2019,3,1,n,PGFV,8
2019,3,1,n,DISP,118
2019,3,1,n,PGFV,9
2019,3,1,n,ONAR,27
2019,3,1,n,PGFV,9
2019,3,1,n,DIOR,50
2019,3,1,n,DIOR,54
2019,3,1,n,DISP,93
2019,3,1,n,PGFV,8
2019,3,1,n,PGFV,10
2019,3,1,n,PGFV,7
2019,3,4,n,PGFV,9
2019,3,4,n,DISP,125
2019,3,4,n,DISP,80
2019,3,4,n,DIOR,54
2019,3,4,n,DIOR,50
2019,3,4,n,DISP,130
2019,3,4,n,DIOR,60
2019,3,4,n,DIOR,55
2019,3,4,n,DIOR,43
2019,3,4,n,PGFV,8
2019,3,4,n,DISP,112
2019,3,4,n,DISP,99
2019,3,4,n,PGFV,10
2019,3,4,n,DISP,145
2019,3,5,n,PGFV,7.5
2019,3,5,n,PGFV,7
2019,3,5,n,DISP,118
2019,3,5,n,NEXX,NA
2019,3,5,n,DISP,129
2019,3,5,n,DISP,100
2019,3,5,n,PGFV,7.5
2019,3,5,n,DISP,98
2019,3,5,n,PGFV,9
2019,3,5,n,DISP,103
2019,3,5,n,PEBO,26
2019,1,1,n,DISP,137
2019,1,1,n,PGFV,7.5
2019,1,1,n,DISP,138
2019,1,1,n,DISP,140
2019,1,1,n,DISP,136
2019,1,1,n,DISP,118
2019,1,1,n,DISP,127
2019,1,4,n,PGFV,6
2019,1,4,n,DIOR,56
2019,1,4,n,PGFV,6
2019,1,4,n,DIOR,56
2019,1,4,n,DIOR,44
2019,1,4,n,DIOR,52
2019,1,4,n,DISP,148
2019,1,4,n,DIOR,51
2019,1,4,n,DIOR,45
2019,1,5,n,PGFV,7
2019,1,5,n,PGFV,7
2019,1,5,n,PGFV,8
2019,1,5,n,DISP,130
2019,1,5,n,DIOR,NA
2019,1,5,n,PGFV,8
2019,1,5,n,DIOR,45
2019,1,5,n,PGFV,8
2019,1,5,n,PGFV,8
2019,1,5,n,PGFV,5.6
2019,1,5,n,DIOR,48
2019,1,5,n,DIOR,48
2019,2,1,n,PGFV,7
2019,2,1,n,DISP,129
2019,2,1,n,DISP,139
2019,2,1,n,PGFV,8.5
2019,2,1,n,DISP,125
2019,2,1,n,PGFV,7.5
2019,2,1,n,PGFV,7.5
2019,2,1,n,DISP,118
2019,2,1,n,PGFV,8
2019,2,1,n,PEXX,18
2019,2,1,n,DISP,129
2019,2,1,n,DISP,108
2019,2,1,n,DIOR,49
2019,2,4,n,DIOR,59
2019,2,4,n,DIOR,53
2019,2,4,n,PGFV,7
2019,2,4,n,DISP,139
2019,2,4,n,DISP,NA
2019,2,4,n,PGFV,8
2019,2,4,n,DIOR,54
2019,2,4,n,DIOR,54
2019,2,5,n,PGFV,7
2019,2,5,n,DIOR,61
2019,2,5,n,DISP,NA
2019,2,5,n,DISP,120
2019,2,5,n,DISP,114
2019,2,5,n,DIOR,56
2019,3,1,n,DISP,118
2019,3,1,n,DISP,133
2019,3,1,n,PGFV,9
2019,3,1,n,DISP,108
2019,3,1,n,PGFV,8
2019,3,4,n,DISP,125
2019,3,4,n,DIOR,52
2019,3,4,n,PGFV,7
2019,3,4,n,DISP,122
2019,3,4,n,DIOR,60
2019,3,4,n,DISP,119
2019,3,5,n,DIOR,NA
2019,3,5,n,NEMI,200
2019,3,5,n,PGFV,7
2019,3,5,n,PGFV,7.5
2019,1,1,n,DIME,50
2019,1,1,n,DIME,51
2019,1,1,n,DIME,48
2019,1,1,n,DISP,115
2019,1,1,n,DISP,145
2019,1,1,n,DIME,56
2019,1,1,n,PEBO,18
2019,1,1,n,DIME,45
2019,1,1,n,DISP,132
2019,1,1,n,DIME,45
2019,1,1,n,NEAL,NA
2019,1,1,n,DIME,61
2019,1,3,n,DIME,46
2019,1,3,n,DIME,46
2019,1,3,n,DISP,125
2019,1,3,n,DISP,142
2019,1,3,n,PGFV,8.5
2019,1,3,n,DIME,50
2019,1,3,n,DIME,45
2019,1,3,n,DIME,42
2019,1,3,n,DISP,137
2019,1,3,n,DIME,46
2019,1,5,n,DIME,48
2019,1,5,n,DIME,48
2019,1,5,n,PGFV,8.5
2019,1,5,n,DIME,42
2019,1,5,n,PGFV,7.5
2019,1,5,n,DIME,53
2019,1,5,n,DIME,54
2019,1,5,n,PGFV,8.5
2019,1,5,n,DIME,47
2019,2,1,n,CHIN,6
2019,2,1,n,DISP,157
2019,2,1,n,DISP,152
2019,2,1,n,DISP,142
2019,2,1,n,DIME,50
2019,2,1,n,DIME,42
2019,2,3,n,DIME,52
2019,2,3,n,DIME,59
2019,2,3,n,DIME,60
2019,2,3,n,PGFV,8
2019,2,3,n,PGFV,9
2019,2,3,n,DIME,40
2019,2,5,n,PGFV,7.5
2019,2,5,n,PGFV,NA
2019,2,5,n,DIME,44
2019,2,5,n,PGFV,8
2019,2,5,n,DIME,44
2019,3,1,n,DISP,28
2019,3,1,n,PEBO,38
2019,3,1,n,DIME,36
2019,3,1,n,DIME,50
2019,3,3,n,DIME,NA
2019,3,3,n,ONAR,24
2019,3,3,n,DIME,49
2019,3,3,n,DIME,55
2019,3,3,n,DIME,49
2019,3,3,n,DIME,30
2019,3,5,n,DIME,48
2019,3,5,n,PGFV,8
2019,3,5,n,DIME,42
2019,3,5,n,PGFV,9
2019,3,5,n,PGFV,NA
2019,3,5,n,PGFV,NA
2019,3,5,n,DIME,NA
2019,3,5,n,DIME,NA
2019,3,5,n,DIME,NA
2019,3,5,n,DIME,NA
2019,3,5,n,DIME,NA
2019,3,5,n,DIME,NA
2019,3,5,n,PGFV,8.5
2019,3,5,n,DIME,NA
2019,1,1,n,DIME,6
2019,1,1,n,PEER,20
2019,1,1,n,ONAR,19
2019,1,1,n,DIME,49
2019,1,1,n,CHIN,14
2019,1,1,n,DIME,39
2019,1,1,n,DIME,42
2019,1,1,n,NEAL,NA
2019,1,1,n,DIME,46
2019,1,1,n,PGFV,NA
2019,1,1,n,REXX,14
2019,1,1,n,DIME,45
2019,1,1,n,CHIN,35
2019,1,1,n,PEER,23
2019,1,1,n,DIME,44
2019,1,1,n,PEER,23
2019,1,1,n,NEAL,75
2019,1,1,n,DIME,42
2019,1,1,n,NEAL,188
2019,1,1,n,PEER,22
2019,1,1,n,DIME,52
2019,1,1,n,DIME,41
2019,1,1,n,REXX,10.5
2019,1,1,n,DISP,124
2019,1,3,n,DIME,39
2019,1,3,n,CHIN,16
2019,1,3,n,PGFV,7
2019,1,3,n,DIME,46
2019,1,3,n,DIME,54
2019,1,3,n,DISP,118
2019,1,3,n,DIME,44
2019,1,3,n,DIME,51
2019,1,3,n,DIME,41
2019,1,3,n,PEER,23
2019,1,3,n,DIME,43
2019,1,3,n,DIME,37
2019,1,3,n,DIME,39
2019,1,3,n,DIME,43
2019,1,3,n,ONLE,18
2019,1,3,n,DIME,51
2019,1,3,n,PGFV,7
2019,1,3,n,PEER,20
2019,1,3,n,DIME,45
2019,1,5,n,DIME,42
2019,1,5,n,PEMA,16
2019,1,5,n,DIME,40
2019,1,5,n,DIME,45
2019,1,5,n,DISP,139
2019,1,5,n,DIME,45
2019,1,5,n,DIOR,53
2019,1,5,n,DIME,37
2019,1,5,n,DIME,38
2019,1,5,n,PEER,18.5
2019,1,5,n,DIME,43
2019,1,5,n,PGFV,NA
2019,1,5,n,DIME,50
2019,1,5,n,DIME,39
2019,1,5,n,DIME,45
2019,1,5,n,DIME,45
2019,2,1,n,PEER,19
2019,2,1,n,PEER,19
2019,2,1,n,DIME,41
2019,2,1,n,ONLE,29
2019,2,1,n,REXX,12
2019,2,1,n,CHIN,12.5
2019,2,1,n,PGFV,6.5
2019,2,1,n,PEER,19
2019,2,1,n,DISP,122
2019,2,1,n,PEER,16
2019,2,3,n,PGFV,7
2019,2,3,n,DISP,154
2019,2,3,n,DIME,39
2019,2,3,n,PGFV,7
2019,2,3,n,DIME,50
2019,2,3,n,DIME,43
2019,2,3,n,ONAR,21
2019,2,3,n,PEER,17
2019,2,5,n,DIME,35
2019,2,5,n,DIME,40
2019,2,5,n,PGFV,7
2019,2,5,n,DIME,41
2019,2,5,n,PGFV,6.5
2019,2,5,n,DISP,117
2019,2,5,n,DISP,101
2019,2,5,n,DIME,37
2019,2,5,n,ONAR,16
2019,2,5,n,DIME,43
2019,2,5,n,PGFV,NA
2019,2,5,n,DIME,38
2019,2,5,n,PGFV,6
2019,3,1,n,DIME,39
2019,3,1,n,DIME,45
2019,3,1,n,CHIN,13
2019,3,1,n,CHIN,14
2019,3,1,n,CHIN,12
2019,3,1,n,CHIN,12.5
2019,3,3,n,DIME,39
2019,3,3,n,PEER,19
2019,3,3,n,DISP,140
2019,3,3,n,REME,11
2019,3,3,n,ONAR,23
2019,3,3,n,DIME,45
2019,3,3,n,DIME,52
2019,3,3,n,DISP,136
2019,3,3,n,PGFV,7
2019,3,5,n,DIME,49
2019,3,5,n,PGFV,5.5
2019,3,5,n,ONAR,18
2019,3,5,n,PGFV,7
2019,3,5,n,DIME,38
2019,3,5,n,PGFV,NA
2019,3,5,n,DIME,39
2019,3,5,n,DIME,39
2019,3,5,n,DIME,42
2019,3,5,n,DIME,43
2019,3,5,n,PEMA,19.5
2019,3,5,n,NEMI,NA
2019,3,5,n,PEMA,21.5
2019,3,5,n,DIME,46
2020,1,1,n,DISP,133
2020,1,1,n,DISP,138
2020,1,1,n,DISP,142
2020,1,1,n,PGFV,8
2020,1,1,n,PGFV,7
2020,1,1,n,DISP,148
2020,1,1,n,DISP,154
2020,1,1,n,DISP,134
2020,1,1,n,DISP,125
2020,1,1,n,DIOR,61
2020,1,1,n,DISP,132
2020,1,1,n,DISP,148
2020,1,1,n,DISP,118
2020,1,1,n,PGFV,9
2020,1,1,n,PGFV,7.5
2020,1,4,n,DISP,147
2020,1,4,n,DISP,151
2020,1,4,n,DIOR,53
2020,1,4,n,DISP,150
2020,1,4,n,DIOR,57
2020,1,4,n,DIOR,56
2020,1,4,n,DIOR,45
2020,1,4,n,DIOR,49
2020,1,4,n,DISP,139
2020,1,5,n,DISP,111
2020,1,5,n,ONLE,28
2020,1,5,n,DIOR,55
2020,1,5,n,DISP,150
2020,1,5,n,DIOR,61
2020,1,5,n,DIOR,36
2020,1,5,n,ONAR,15
2020,1,5,n,DISP,140
2020,1,5,n,NEMI,80
2020,1,5,n,DIOR,33
2020,1,5,n,DIOR,49
2020,1,5,n,DISP,90
2020,1,5,n,DIOR,63
2020,2,1,n,DISP,134
2020,2,1,n,ONLE,27
2020,2,1,n,PGFV,7.5
2020,2,1,n,ONAR,22
2020,2,1,n,PGFV,7
2020,2,1,n,DISP,133
2020,2,4,n,DISP,NA
2020,2,4,n,DISP,76
2020,2,4,n,DISP,NA
2020,2,4,n,DISP,130
2020,2,4,n,PGFV,8
2020,2,4,n,PGFV,9
2020,2,5,n,DISP,140
2020,2,5,n,DISP,158
2020,2,5,n,DISP,89
2020,2,5,n,PGFV,10
2020,3,1,n,DISP,130
2020,3,1,n,ONAR,19
2020,3,4,n,DISP,134
2020,3,4,n,DISP,NA
2020,3,4,n,PGFV,9
2020,3,4,n,ONAR,19
2020,3,5,n,PGFV,9
2020,3,5,n,DISP,93
2020,3,5,n,DISP,154
2020,3,5,n,DISP,138
2020,3,5,n,PGFV,8
2020,3,5,n,PGFV,8
2020,1,1,n,DISP,148
2020,1,1,n,DISP,154
2020,1,1,n,DIME,40
2020,1,1,n,DISP,142
2020,1,1,n,ONAR,15
2020,1,1,n,DISP,158
2020,1,1,n,DISP,125
2020,1,1,n,DISP,148
2020,1,1,n,DISP,139
2020,1,1,n,PGFV,9
2020,1,1,n,DISP,142
2020,1,1,n,DISP,141
2020,1,1,n,DISP,120
2020,1,1,n,DISP,99
2020,1,1,n,DIME,39
2020,1,1,n,DISP,160
2020,1,1,n,DISP,124
2020,1,4,n,DISP,121
2020,1,4,n,DISP,170
2020,1,4,n,DIOR,52
2020,1,4,n,ONLE,20
2020,1,4,n,DISP,130
2020,1,4,n,DISP,140
2020,1,4,n,DISP,149
2020,1,4,n,DIOR,53
2020,1,4,n,DIOR,60
2020,1,4,n,DISP,122
2020,1,4,n,DISP,139
2020,1,4,n,DIOR,49
2020,1,4,n,DISP,153
2020,1,4,n,DISP,150
2020,1,5,n,DISP,128
2020,1,5,n,DISP,145
2020,1,5,n,DISP,161
2020,1,5,n,DISP,151
2020,1,5,n,DISP,149
2020,1,5,n,DISP,140
2020,1,5,n,DISP,111
2020,2,1,n,DISP,124
2020,2,1,n,DIOR,52
2020,2,1,n,ONLE,15
2020,2,1,n,DIOR,56
2020,2,4,n,ONAR,26
2020,2,4,n,DISP,149
2020,2,5,n,DISP,162
2020,2,5,n,DIXX,NA
2020,2,5,n,DISP,112
2020,2,5,n,DIOR,63
2020,2,5,n,ONAR,16
2020,2,5,n,DISP,130
2020,3,1,n,PGFV,8
2020,3,1,n,PGFV,8
2020,3,1,n,DISP,136
2020,3,1,n,DISP,125
2020,3,1,n,DISP,122
2020,3,1,n,DISP,120
2020,3,1,n,PGFV,6.5
2020,3,4,n,DISP,130
2020,3,4,n,DISP,133
2020,3,4,n,ONLE,15
2020,3,4,n,PGFV,10
2020,3,5,n,ONAR,15
2020,3,5,n,DISP,152
2020,1,1,n,DIME,50
2020,1,1,n,DIME,42
2020,1,1,n,DIME,39
2020,1,1,n,DIME,49
2020,1,1,n,DIME,49
2020,1,1,n,DISP,130
2020,1,1,n,DIME,49
2020,1,1,n,DISP,40
2020,1,1,n,DISP,41
2020,1,1,n,DIME,47
2020,1,1,n,DIME,46
2020,1,1,n,DIME,45
2020,1,1,n,DISP,140
2020,1,1,n,ONAR,24
2020,1,3,n,PGFV,8
2020,1,3,n,DIME,40
2020,1,3,n,DISP,116
2020,1,3,n,DIME,49
2020,1,3,n,DISP,116
2020,1,3,n,DISP,114
2020,1,3,n,DISP,132
2020,1,3,n,DIME,46
2020,1,3,n,DIME,51
2020,1,3,n,DIME,47
2020,1,3,n,DIME,47
2020,1,3,n,DIME,45
2020,1,5,n,DIME,50
2020,1,5,n,PGFV,7
2020,1,5,n,DISP,105
2020,1,5,n,DIME,44
2020,1,5,n,DIME,50
2020,1,5,n,DIME,NA
2020,1,5,n,DIME,49
2020,2,1,n,DIME,47
2020,2,1,n,PEBO,21
2020,2,1,n,PEER,20
2020,2,3,n,DIME,40
2020,2,3,n,DIME,47
2020,2,3,n,DIME,NA
2020,2,5,n,DIME,50
2020,2,5,n,PGFV,7
2020,2,5,n,PGFV,8.5
2020,2,5,n,ONXX,NA
2020,2,5,n,DIME,48
2020,3,1,n,PGFV,7.5
2020,3,1,n,DIME,46
2020,3,1,n,DISP,118
2020,3,1,n,DIME,45
2020,3,3,n,DIME,NA
2020,3,5,n,PGFV,8
2020,3,5,n,DIME,48
2020,3,5,n,PGFV,8
2020,3,5,n,DIME,42
2020,3,5,n,DIME,44
2020,1,1,n,DIME,50
2020,1,1,n,ONAR,24
2020,1,1,n,DIME,46
2020,1,1,n,DIME,44
2020,1,1,n,PEER,21
2020,1,1,n,DIME,39
2020,1,3,n,DIME,49
2020,1,3,n,DIME,42
2020,1,3,n,ONAR,17
2020,1,3,n,DIME,46
2020,1,3,n,DISP,120
2020,1,3,n,DIME,41
2020,1,3,n,DIME,53
2020,1,3,n,PGFV,NA
2020,1,3,n,DIME,46
2020,1,3,n,ONXX,NA
2020,1,3,n,DIME,48
2020,1,5,n,DIME,40
2020,1,5,n,DIME,44
2020,1,5,n,DIME,44
2020,1,5,n,ONAR,22
2020,1,5,n,PGFV,7
2020,1,5,n,DISP,124
2020,1,5,n,ONAR,21
2020,1,5,n,DIME,52
2020,1,5,n,ONAR,15
2020,2,1,n,ONLE,25
2020,2,1,n,DIME,44
2020,2,1,n,PELE,19
2020,2,1,n,DIME,51
2020,2,1,n,DIME,45
2020,2,1,n,CHIN,13
2020,2,1,n,DIME,44
2020,2,3,n,DIME,37
2020,2,3,n,ONAR,12
2020,2,3,n,DIME,48
2020,2,3,n,DISP,113
2020,2,3,n,DIME,38
2020,2,3,n,DIME,43
2020,2,5,n,DIME,38
2020,3,1,n,PEBO,19
2020,3,1,n,ONLE,NA
2020,3,1,n,PGFV,7.5
2020,3,1,n,CHIN,12.5
2020,3,3,n,ONAR,24
2020,3,3,n,DIME,38
2020,3,3,n,PEER,17
2020,3,5,n,DIME,NA
2020,3,5,n,DIME,39
2020,3,5,n,REXX,18
2020,3,5,n,ONAR,24
2021,1,1,n,DISP,148
2021,1,1,n,DIME,50
2021,1,1,n,DIME,163
2021,1,1,n,DISP,138
2021,1,1,n,PGFV,10
2021,1,1,n,DISP,130
2021,1,1,n,DISP,148
2021,1,1,n,DIOR,60
2021,1,1,n,DISP,117
2021,1,1,n,PGFV,NA
2021,1,1,n,DISP,138
2021,1,1,n,DISP,133
2021,1,1,n,DISP,93
2021,1,1,n,DISP,138
2021,1,1,n,DIME,58
2021,1,1,n,DIME,62
2021,1,1,n,PGFV,7.5
2021,1,4,n,DISP,51
2021,1,4,n,DIOR,62
2021,1,4,n,DIOR,40
2021,1,4,n,DIOR,51
2021,1,4,n,DIOR,53
2021,1,4,n,DIOR,49
2021,1,4,n,DIOR,50
2021,1,4,n,DIOR,51
2021,1,4,n,DISP,148
2021,1,4,n,DIOR,87
2021,1,4,n,DISP,148
2021,1,5,n,DISP,158
2021,1,5,n,DIOR,48
2021,1,5,n,PGFV,7
2021,1,5,n,ONLE,25
2021,1,5,n,DISP,124
2021,1,5,n,DISP,122
2021,1,5,n,DIOR,41
2021,1,5,n,DIOR,58
2021,1,5,n,DIOR,68
2021,2,1,n,PGFV,7
2021,2,1,n,PGFV,9
2021,2,1,n,PGFV,8
2021,2,1,n,DISP,158
2021,2,1,n,PGFV,8
2021,2,1,n,DISP,NA
2021,2,1,n,PGFV,9
2021,2,1,n,ONAR,16
2021,2,1,n,PGFV,7
2021,2,1,n,PGFV,8
2021,2,1,n,DISP,96
2021,2,4,n,DIOR,60
2021,2,4,n,DISP,73
2021,2,4,n,DIOR,30
2021,2,4,n,DIOR,52
2021,2,4,n,PGFV,9
2021,2,4,n,DISP,132
2021,2,4,n,DISP,145
2021,2,4,n,ONLE,27
2021,2,4,n,DIOR,50
2021,2,5,n,DISP,NA
2021,3,1,n,DIME,NA
2021,3,1,n,PGFV,NA
2021,3,1,n,PGFV,NA
2021,3,1,n,DISP,NA
2021,3,1,n,DISP,NA
2021,3,1,n,PGFV,NA
2021,3,1,n,DIME,NA
2021,3,4,n,DIOR,54
2021,3,4,n,DIOR,49
2021,3,4,n,DISP,71
2021,3,4,n,DIOR,50
2021,3,4,n,DIOR,45
2021,3,4,n,DISP,120
2021,3,4,n,DISP,125
2021,3,4,n,DISP,70
2021,3,4,n,DISP,110
2021,3,5,n,DISP,98
2021,3,5,n,DISP,70
2021,3,5,n,DIOR,NA
2021,3,5,n,PGFV,NA
2021,3,5,n,DIOR,NA
2021,3,5,n,PGFV,7
2021,3,5,n,DISP,125
2021,3,5,n,DISP,NA
2021,3,5,n,DIOR,40
2021,3,5,n,DISP,110
2021,1,1,n,PGFV,7
2021,1,1,n,DIOR,65
2021,1,1,n,DISP,133
2021,1,1,n,DISP,127
2021,1,1,n,DISP,132
2021,1,4,n,PGFV,9
2021,1,5,n,DIOR,56
2021,2,1,n,DISP,146
2021,2,1,n,DISP,167
2021,2,4,n,DIOR,56
2021,2,4,n,DIOR,58
2021,2,4,n,DISP,134
2021,2,5,n,DISP,160
2021,2,5,n,DISP,117
2021,2,5,n,DISP,122
2021,3,1,n,DISP,162
2021,3,1,n,DISP,142
2021,3,1,n,DISP,152
2021,3,1,n,DISP,138
2021,3,4,n,PGFV,9
2021,3,4,n,PGFV,7
2021,3,5,n,DISP,154
2021,3,5,n,DIOR,61
2021,3,5,n,DISP,121
2021,3,5,n,DISP,122
2021,1,1,n,ONAR,25
2021,1,1,n,DIME,40
2021,1,1,n,DIME,43
2021,1,1,n,DIME,41
2021,1,1,n,DIME,47
2021,1,1,n,NEMI,129
2021,1,1,n,PEER,20
2021,1,1,n,DIME,43
2021,1,3,n,DIME,44
2021,1,3,n,DIME,48
2021,1,3,n,DISP,117
2021,1,3,n,DIME,48
2021,1,3,n,DIME,40
2021,1,3,n,DIME,45
2021,1,5,n,DIME,50
2021,1,5,n,DIME,41
2021,1,5,n,DIME,45
2021,1,5,n,ONAR,21
2021,1,5,n,DIME,44
2021,1,5,n,ONAR,21
2021,2,1,n,ONLE,24
2021,2,1,n,DIME,36
2021,2,1,n,PEBO,20
2021,2,3,n,DIME,46
2021,2,3,n,DISP,149
2021,2,5,n,DIME,45
2021,2,5,n,DIME,42
2021,2,5,n,DIME,NA
2021,2,5,n,NEMI,70
2021,3,1,n,DIME,36
2021,3,3,n,PEER,23
2021,3,3,n,DIME,44
2021,3,3,n,DISP,NA
2021,3,3,n,DIME,47
2021,3,5,n,SPSP,139
2021,3,5,n,DIME,44
2021,3,5,n,DIME,42
2021,3,5,n,ONXX,12
2021,3,5,n,DIME,43
2021,1,1,n,DIME,49
2021,1,1,n,DIME,19
2021,1,1,n,DIME,51
2021,1,1,n,SYAU,NA
2021,1,1,n,DIME,50
2021,1,1,n,DIME,48
2021,1,1,n,DIME,34
2021,1,3,n,DISP,127
2021,1,3,n,DIME,55
2021,1,3,n,DIME,48
2021,1,3,n,PGFV,8
2021,1,5,n,SYAU,NA
2021,1,5,n,SYAU,NA
2021,1,5,n,DIME,48
2021,1,5,n,DIME,46
2021,2,1,n,DIME,44
2021,2,1,n,DIME,47
2021,2,1,n,DIME,48
2021,2,3,n,DIME,47
2021,2,3,n,DISP,NA
2021,2,3,n,DIME,53
2021,2,3,n,DIME,NA
2021,2,5,n,DIME,44
2021,2,5,n,SYAU,NA
2021,3,1,n,DIME,44
2021,3,1,n,DIME,43
2021,3,3,n,SYAU,NA
2021,3,3,n,DIME,50
2021,3,3,n,DISP,139
2021,3,3,n,DISP,158
2021,3,3,n,DIME,50
2021,3,5,n,DIME,25
2021,3,5,n,ONXX,21
2021,3,5,n,DIME,49
2021,3,5,n,DIME,50
2022,1,1,n,DIME,30
2022,1,1,n,PGFV,NA
2022,1,1,n,DIOR,52
2022,1,1,n,DISP,137
2022,1,1,n,PGFV,8
2022,1,1,n,DISP,112
2022,1,1,n,DISP,127
2022,1,1,n,DIOR,27
2022,1,1,n,PGFV,10.75
2022,1,1,n,PGFV,7.5
2022,1,1,n,DISP,120
2022,1,1,n,PGFV,NA
2022,1,1,n,PGFV,NA
2022,1,4,n,DIME,NA
2022,1,4,n,PGFV,NA
2022,1,4,n,DIOR,46
2022,1,4,n,DISP,130
2022,1,4,n,DIOR,45
2022,1,4,n,DIOR,40
2022,1,4,n,PGFV,8
2022,1,4,n,DIOR,45
2022,1,4,n,PGFV,NA
2022,1,4,n,DISP,110
2022,1,4,n,DIOR,45
2022,1,4,n,DIOR,46
2022,1,4,n,DIOR,53
2022,1,4,n,DIOR,42
2022,1,4,n,PGFV,8.5
2022,1,4,n,DIOR,64
2022,1,4,n,PGFV,5.5
2022,1,4,n,DIOR,54
2022,1,4,n,DIOR,49
2022,1,4,n,DIOR,44
2022,1,4,n,DIOR,49
2022,1,5,n,PGFV,11.5
2022,1,5,n,PGFV,6.5
2022,1,5,n,DIOR,57
2022,1,5,n,PGFV,8.5
2022,1,5,n,PGFV,8.5
2022,1,5,n,PGFV,9.5
2022,1,5,n,DIOR,NA
2022,1,5,n,PGFV,7.5
2022,1,5,n,PGFV,7.5
2022,1,5,n,DIOR,57
2022,1,5,n,DIOR,50
2022,1,5,n,DIOR,44
2022,1,5,n,DISP,NA
2022,1,5,n,DIOR,36
2022,1,5,n,ONXX,9
2022,1,5,n,DIOR,36
2022,1,5,n,PGFV,8
2022,1,5,n,DIOR,47
2022,2,1,n,PGFV,8.75
2022,2,1,n,PGFV,8
2022,2,1,n,DIOR,62
2022,2,1,n,PGFV,7
2022,2,1,n,DIOR,42
2022,2,1,n,PGFV,7
2022,2,1,n,PGFV,9
2022,2,1,n,PGFV,7
2022,2,1,n,DIOR,46
2022,2,1,n,PGFV,10
2022,2,1,n,PGFV,8.75
2022,2,1,n,PGFV,6.5
2022,2,1,n,PGFV,6
2022,2,4,n,PGFV,6
2022,2,4,n,PGFV,NA
2022,2,4,n,PGFV,7
2022,2,4,n,PGFV,8.25
2022,2,4,n,PGFV,6
2022,2,4,n,PGFV,9
2022,2,4,n,PGFV,7
2022,2,4,n,DIOR,48
2022,2,4,n,DIOR,34
2022,2,4,n,PGFV,7.25
2022,2,4,n,PGFV,7.5
2022,2,4,n,DIOR,46
2022,2,4,n,PGFV,7.75
2022,2,4,n,DIOR,45
2022,2,4,n,DISP,120
2022,2,4,n,PGFV,5
2022,2,4,n,PGFV,7
2022,2,5,n,DIOR,69
2022,2,5,n,DIOR,NA
2022,2,5,n,PGFV,6.5
2022,2,5,n,DIOR,39
2022,2,5,n,PGFV,6.5
2022,2,5,n,DIOR,43
2022,2,5,n,DIOR,45
2022,2,5,n,PGFV,9
2022,2,5,n,DIOR,49
2022,2,5,n,PGFV,8
2022,2,5,n,DISP,106
2022,2,5,n,PGFV,8.75
2022,3,1,n,PGFV,10
2022,3,1,n,PGFV,9.25
2022,3,1,n,PGFV,9
2022,3,1,n,PGFV,7
2022,3,1,n,DISP,154
2022,3,1,n,PGFV,8
2022,3,1,n,PGFV,5
2022,3,1,n,PGFV,8
2022,3,1,n,PGFV,NA
2022,3,1,n,DIOR,27
2022,3,1,n,PGFV,7
2022,3,1,n,PGFV,10
2022,3,1,n,PGFV,6.5
2022,3,1,n,DISP,100
2022,3,1,n,PGFV,9.25
2022,3,1,n,PGFV,7
2022,3,4,n,PGFV,7
2022,3,4,n,SPSP,NA
2022,3,4,n,DIOR,38
2022,3,4,n,PGFV,7
2022,3,4,n,DIOR,48
2022,3,4,n,DIOR,21
2022,3,4,n,DIOR,NA
2022,3,4,n,DIOR,53
2022,3,4,n,PGFV,8.25
2022,3,4,n,DIOR,53
2022,3,4,n,PGFV,8.5
2022,3,4,n,PGFV,7.25
2022,3,4,n,PGFV,8.75
2022,3,4,n,DIOR,NA
2022,3,4,n,PGFV,NA
2022,3,5,n,PGFV,9
2022,3,5,n,DIOR,43
2022,3,5,n,PGFV,7
2022,3,5,n,PGFV,5.5
2022,3,5,n,SPSP,NA
2022,3,5,n,PGFV,8.75
2022,3,5,n,DIOR,54
2022,3,5,n,PGFV,7.5
2022,3,5,n,PGFV,9
2022,3,5,n,DIOR,37
2022,3,5,n,DIOR,33
2022,3,5,n,PGFV,7.5
2022,1,1,n,DIOR,49
2022,1,1,n,DIOR,59
2022,1,1,n,PGFV,5
2022,1,1,n,PGFV,6
2022,1,1,n,PGFV,4
2022,1,1,n,DIME,60
2022,1,1,n,DISP,131
2022,1,1,n,PGFV,7
2022,1,1,n,DIOR,46
2022,1,1,n,DISP,112
2022,1,1,n,DISP,119
2022,1,1,n,ONAR,13
2022,1,1,n,PGFV,5
2022,1,4,n,DIOR,48
2022,1,4,n,DIOR,53
2022,1,4,n,DIOR,54
2022,1,4,n,DISP,153
2022,1,4,n,DIOR,60
2022,1,4,n,DIOR,49
2022,1,4,n,PEMA,18
2022,1,4,n,DIOR,59
2022,1,4,n,DIOR,58
2022,1,4,n,DIOR,64
2022,1,4,n,DIOR,56
2022,1,4,n,DIOR,58
2022,1,4,n,PGFV,6
2022,1,4,n,PGFV,7.5
2022,1,4,n,DIOR,55
2022,1,4,n,DISP,149
2022,1,4,n,DIOR,56
2022,1,4,n,PGFV,6
2022,1,4,n,DIOR,56
2022,1,4,n,DIOR,47
2022,1,4,n,DISP,123
2022,1,4,n,DIOR,62
2022,1,4,n,DISP,131
2022,1,4,n,DIOR,54
2022,1,4,n,DIOR,57
2022,1,5,n,DIOR,56
2022,1,5,n,ONAR,16
2022,1,5,n,PGFV,4
2022,1,5,n,ONAR,24
2022,1,5,n,DISP,101
2022,1,5,n,PGFV,5
2022,1,5,n,SPSP,NA
2022,1,5,n,NEMI,181
2022,1,5,n,DISP,141
2022,1,5,n,PGFV,7
2022,1,5,n,DIOR,53
2022,1,5,n,PEXX,NA
2022,1,5,n,DIOR,53
2022,1,5,n,DIOR,43
2022,1,5,n,DIOR,50
2022,1,5,n,DISP,124
2022,1,5,n,PGFV,6
2022,1,5,n,DIOR,56
2022,1,5,n,ONAR,14
2022,1,5,n,DIOR,49
2022,2,1,n,PGFV,6
2022,2,1,n,DIOR,63
2022,2,1,n,PGFV,5
2022,2,1,n,DIOR,72
2022,2,1,n,PGFV,5
2022,2,1,n,DISP,142
2022,2,1,n,DIOR,67
2022,2,1,n,PGFV,5
2022,2,1,n,PGFV,5
2022,2,1,n,PGFV,4
2022,2,1,n,DISP,122
2022,2,1,n,PGFV,5
2022,2,1,n,DIOR,56
2022,2,1,n,DISP,138
2022,2,1,n,DISP,154
2022,2,1,n,DIOR,68
2022,2,1,n,PGFV,5
2022,2,1,n,DIOR,60
2022,2,1,n,PGFV,5
2022,2,4,n,DISP,51
2022,2,4,n,PGFV,8
2022,2,4,n,DISP,158
2022,2,4,n,DIOR,NA
2022,2,4,n,DIOR,61
2022,2,4,n,DIOR,54
2022,2,4,n,ONAR,23
2022,2,4,n,DIOR,41
2022,2,4,n,DIOR,49
2022,2,4,n,PGFV,7
2022,2,4,n,PGFV,7.5
2022,2,4,n,DIOR,59
2022,2,4,n,DIOR,NA
2022,2,4,n,DIOR,59
2022,2,4,n,PGFV,6
2022,2,4,n,DIOR,52
2022,2,5,n,DIOR,68
2022,2,5,n,DIOR,68
2022,2,5,n,DIOR,51
2022,2,5,n,DIOR,63
2022,2,5,n,DISP,148
2022,2,5,n,DIOR,61
2022,2,5,n,DIOR,54
2022,2,5,n,DIOR,63
2022,2,5,n,PGFV,6
2022,2,5,n,DIOR,46
2022,2,5,n,PGFV,5
2022,3,1,n,DIOR,56
2022,3,1,n,DIOR,50
2022,3,1,n,DIOR,75
2022,3,1,n,DISP,126
2022,3,1,n,PGFV,5
2022,3,1,n,PGFV,5
2022,3,1,n,PGFV,5
2022,3,1,n,DIOR,55
2022,3,1,n,DISP,119
2022,3,4,n,PGFV,7
2022,3,4,n,DIOR,21
2022,3,4,n,DIOR,48
2022,3,4,n,DIOR,53
2022,3,4,n,PGFV,8.25
2022,3,4,n,DIOR,53
2022,3,4,n,PGFV,8.5
2022,3,4,n,PGFV,7.25
2022,3,4,n,PGFV,8.75
2022,3,5,n,DIOR,43
2022,3,5,n,ONAR,18
2022,3,5,n,PGFV,5
2022,3,5,n,PGFV,7
2022,3,5,n,DIOR,58
2022,3,5,n,PGFV,6
2022,3,5,n,PGFV,6
2022,3,5,n,PGFV,5
2022,3,5,n,DIOR,71
2022,1,1,n,DIME,32
2022,1,1,n,DIME,44
2022,1,1,n,DIME,48
2022,1,1,n,DIME,35
2022,1,1,n,DIME,49
2022,1,1,n,PGFV,7.25
2022,1,1,n,DIME,46
2022,1,1,n,DIME,45
2022,1,1,n,DIME,43
2022,1,1,n,DIME,49
2022,1,1,n,PGFV,8
2022,1,1,n,DIME,42
2022,1,1,n,DIME,40
2022,1,1,n,DIME,39
2022,1,1,n,DIME,46
2022,1,1,n,DIME,42
2022,1,1,n,DIME,42
2022,1,1,n,DIME,37
2022,1,1,n,DIME,44
2022,1,3,n,PGFV,9
2022,1,3,n,DIME,51
2022,1,3,n,DIME,35
2022,1,3,n,DIME,50
2022,1,3,n,DIME,41
2022,1,3,n,PGFV,7
2022,1,3,n,DIME,31
2022,1,3,n,DIME,41
2022,1,3,n,DIME,38
2022,1,3,n,DIME,52
2022,1,3,n,DIME,42
2022,1,5,n,DIME,43
2022,1,5,n,DISP,46
2022,1,5,n,PGFV,NA
2022,1,5,n,DIME,44
2022,1,5,n,DIME,39
2022,1,5,n,PGFV,8.1
2022,1,5,n,DIME,46
2022,1,5,n,DIME,40
2022,1,5,n,DIME,45
2022,1,5,n,DIME,NA
2022,1,5,n,PGFV,7.5
2022,1,5,n,DIME,48
2022,1,5,n,DIME,33
2022,1,5,n,DIME,42
2022,1,5,n,DIME,33
2022,1,5,n,DIOR,51
2022,1,5,n,DIME,43
2022,1,5,n,DIME,46
2022,2,1,n,DIOR,44
2022,2,1,n,PGFV,7.5
2022,2,1,n,PGFV,47
2022,2,1,n,DIME,NA
2022,2,3,n,PGFV,6
2022,2,3,n,PGFV,7
2022,2,3,n,PGFV,6.5
2022,2,3,n,PGFV,5.5
2022,2,3,n,PGFV,6
2022,2,3,n,DIME,41
2022,2,5,n,DIME,39
2022,2,5,n,PGFV,6
2022,2,5,n,PGFV,6
2022,2,5,n,DIOR,35
2022,2,5,n,PGFV,9
2022,2,5,n,DIME,40
2022,2,5,n,DIOR,43
2022,2,5,n,DIME,44
2022,2,5,n,DIME,41
2022,2,5,n,DIME,28
2022,2,5,n,PGFV,8
2022,2,5,n,DIME,38
2022,2,5,n,DIOR,44
2022,3,1,n,PGFV,5.5
2022,3,1,n,DIME,37
2022,3,1,n,PGFV,7.5
2022,3,1,n,PGFV,7.25
2022,3,1,n,DIME,46
2022,3,1,n,DIME,21
2022,3,1,n,DIME,36
2022,3,1,n,PGFV,6.5
2022,3,3,n,DIME,43
2022,3,3,n,PGFV,NA
2022,3,3,n,PGFV,8
2022,3,3,n,PGFV,6.7
2022,3,3,n,PGFV,5.7
2022,3,3,n,DIME,39
2022,3,3,n,DIME,43
2022,3,3,n,PGFV,7
2022,3,3,n,PGFV,9.8
2022,3,3,n,PGFV,7.5
2022,3,5,n,DIME,39
2022,3,5,n,ONAR,20
2022,3,5,n,PGFV,7
2022,3,5,n,DIME,44
2022,3,5,n,PGFV,8
2022,3,5,n,PGFV,5
2022,3,5,n,PGFV,8
2022,3,5,n,DIME,26
2022,3,5,n,ONAR,21
2022,3,5,n,DIME,48
2022,3,5,n,PGFV,NA
2022,3,5,n,PGFV,8
2022,1,1,n,DIME,47
2022,1,1,n,DIME,50
2022,1,1,n,DIME,50
2022,1,1,n,DIME,52
2022,1,1,n,DIME,49
2022,1,1,n,PGFV,7
2022,1,1,n,PEBO,16
2022,1,1,n,PGFV,8
2022,1,1,n,DIME,43
2022,1,1,n,DIME,45
2022,1,1,n,DIME,42
2022,1,1,n,DIME,46
2022,1,1,n,DIME,38
2022,1,1,n,DIME,54
2022,1,1,n,PGFV,8
2022,1,1,n,DIME,NA
2022,1,1,n,DIME,45
2022,1,1,n,DIME,45
2022,1,1,n,PGFV,NA
2022,1,1,n,DIME,44
2022,1,1,n,DIME,39
2022,1,1,n,PGFV,7.5
2022,1,3,n,DIME,51
2022,1,3,n,DIME,43
2022,1,3,n,DIME,NA
2022,1,3,n,PGFV,7
2022,1,3,n,SYAU,NA
2022,1,3,n,PGFV,8
2022,1,3,n,DIME,48
2022,1,3,n,DIME,48
2022,1,3,n,PGFV,7
2022,1,3,n,PGFV,NA
2022,1,3,n,DIME,45
2022,1,3,n,DIME,46
2022,1,3,n,PGFV,7
2022,1,3,n,DIME,40
2022,1,3,n,DIME,50
2022,1,3,n,PGFV,7
2022,1,3,n,SYAU,NA
2022,1,3,n,DIME,40
2022,1,3,n,PGFV,7
2022,1,3,n,PGFV,6
2022,1,3,n,DIME,53
2022,1,3,n,DIME,48
2022,1,3,n,DIME,48
2022,1,3,n,DIME,44
2022,1,5,n,DIME,45
2022,1,5,n,DIME,50
2022,1,5,n,DIME,40
2022,1,5,n,DIME,47
2022,1,5,n,DIME,47
2022,1,5,n,DIME,42
2022,1,5,n,DIME,NA
2022,1,5,n,DIME,50
2022,1,5,n,DIME,49
2022,1,5,n,SYAU,NA
2022,1,5,n,PGFV,8.5
2022,1,5,n,DIME,38
2022,1,5,n,PGFV,7.25
2022,1,5,n,DIME,40
2022,1,5,n,PGFV,6
2022,1,5,n,DIME,38.5
2022,2,1,n,DIME,47
2022,2,1,n,DIME,42
2022,2,1,n,PEMA,17.25
2022,2,1,n,PGFV,6.5
2022,2,1,n,PEBO,15.75
2022,2,1,n,PEMA,17.5
2022,2,1,n,PGFV,8.75
2022,2,1,n,DIME,25
2022,2,1,n,DIME,42
2022,2,1,n,DIME,47
2022,2,1,n,DIME,46
2022,2,1,n,DIME,44
2022,2,1,n,PGFV,6.5
2022,2,3,n,PGFV,4
2022,2,3,n,PGFV,NA
2022,2,3,n,PGFV,5
2022,2,3,n,PGFV,5
2022,2,3,n,DIME,51
2022,2,3,n,PGFV,6
2022,2,3,n,DIME,43
2022,2,3,n,PGFV,5.5
2022,2,3,n,SYAU,NA
2022,2,3,n,PGFV,5.5
2022,2,3,n,PGFV,6.5
2022,2,3,n,DIME,48
2022,2,3,n,SYAU,NA
2022,2,3,n,PGFV,4
2022,2,3,n,PGFV,NA
2022,2,3,n,PGFV,5
2022,2,3,n,PGFV,5
2022,2,3,n,DIME,51
2022,2,3,n,PGFV,6
2022,2,5,n,DIME,42
2022,2,5,n,DIME,44
2022,2,5,n,PGFV,6
2022,2,5,n,DIME,31
2022,2,5,n,DIME,46
2022,2,5,n,SYAU,NA
2022,2,5,n,PGFV,NA
2022,2,5,n,PGFV,8
2022,3,1,n,PGFV,7.5
2022,3,1,n,DIME,42
2022,3,1,n,SYAU,NA
2022,3,1,n,PEMA,22
2022,3,1,n,PELE,16
2022,3,1,n,DIME,49
2022,3,1,n,PGFV,6.75
2022,3,1,n,DIME,40
2022,3,1,n,PGFV,8.5
2022,3,1,n,PGFV,8.25
2022,3,1,n,PGFV,6.75
2022,3,1,n,DIME,20
2022,3,1,n,PGFV,6.25
2022,3,1,n,DIME,49
2022,3,3,n,PEBO,26
2022,3,3,n,DIME,50
2022,3,3,n,DIME,46
2022,3,3,n,DIME,48
2022,3,3,n,DIME,49
2022,3,3,n,DIME,41
2022,3,3,n,DIME,39
2022,3,3,n,DIME,NA
2022,3,3,n,DIME,48
2022,3,3,n,DIME,45
2022,3,3,n,DIME,41
2022,3,3,n,PGFV,6
2022,3,3,n,PGFV,6
2022,3,3,n,DIME,51
2022,3,3,n,DIME,41
2022,3,3,n,DIME,45
2022,3,5,n,DIME,48
2022,3,5,n,PGFV,NA
2022,3,5,n,DIME,NA
2022,3,5,n,PGFV,6.5
2022,3,5,n,DIME,51
2022,3,5,n,DIME,44
2022,3,5,n,DIME,47
2022,3,5,n,DIME,49
2022,3,5,n,DIME,46
2022,3,5,n,DIME,47
2022,3,5,n,SYAU,NA
2022,3,5,n,DIME,49
2022,3,5,n,SYAU,NA
2022,3,5,n,SYAU,NA
2022,3,5,n,PGFV,6
2022,3,5,n,DIME,47
2022,3,5,n,PGFV,8
2023,1,1,n,DIOR,43
2023,1,1,n,PGFV,8
2023,1,1,n,DISP,135
2023,1,1,n,DIOR,54
2023,1,1,n,PGFV,7
2023,1,1,n,DIOR,57
2023,1,1,n,PGFV,8
2023,1,1,n,DISP,121
2023,1,1,n,PGFV,8
2023,1,1,n,PGFV,9
2023,1,1,n,PGFV,8
2023,1,1,n,ONXX,24
2023,1,1,n,DIOR,60
2023,1,1,n,DISP,111
2023,1,1,n,PGFV,7
2023,1,1,n,PGFV,8
2023,1,1,n,DIME,63
2023,1,1,n,DISP,142
2023,1,1,n,DIOR,49
2023,1,1,n,PGFV,8
2023,1,1,n,DIOR,55
2023,1,1,n,DIOR,57
2023,1,1,n,PGFV,7
2023,1,1,n,DISP,120
2023,1,1,n,DIME,69
2023,1,4,n,PGFV,7.5
2023,1,4,n,PGFV,7
2023,1,4,n,DIOR,46
2023,1,4,n,DIOR,51
2023,1,4,n,PGFV,6
2023,1,4,n,PGFV,5
2023,1,4,n,DIOR,41
2023,1,4,n,DIOR,52
2023,1,4,n,DISP,126
2023,1,4,n,DISP,109
2023,1,4,n,DIOR,44
2023,1,4,n,PGFV,6.5
2023,1,4,n,DIOR,49
2023,1,4,n,DIOR,46
2023,1,5,n,DIOR,61
2023,1,5,n,DIOR,46
2023,1,5,n,PGFV,7.5
2023,1,5,n,PGFV,8
2023,1,5,n,DIOR,43
2023,1,5,n,DIOR,46
2023,1,5,n,DIOR,43
2023,1,5,n,DISP,119
2023,1,5,n,PGFV,9
2023,1,5,n,DIOR,39
2023,1,5,n,PGFV,5.5
2023,1,5,n,DIOR,47
2023,1,5,n,DIOR,41
2023,1,5,n,PGFV,6.5
2023,1,5,n,DIOR,44
2023,1,5,n,PGFV,6.5
2023,1,5,n,DISP,121
2023,1,5,n,DIOR,43
2023,1,5,n,SPSP,NA
2023,1,5,n,DIOR,53
2023,1,5,n,DIOR,44
2023,1,5,n,DISP,139
2023,1,5,n,DIOR,47
2023,1,5,n,DIOR,40
2023,1,5,n,PGFV,7
2023,1,5,n,PGFV,6
2023,1,5,n,DIOR,46
2023,1,5,n,DISP,129
2023,2,1,n,PGFV,6
2023,2,1,n,DIOR,62
2023,2,1,n,DIME,87
2023,2,1,n,DISP,124
2023,2,1,n,DIOR,61
2023,2,1,n,PGFV,8
2023,2,1,n,PGFV,9
2023,2,1,n,PGFV,9
2023,2,1,n,SPSP,NA
2023,2,1,n,PGFV,8
2023,2,1,n,DIME,67
2023,2,1,n,PGFV,8
2023,2,1,n,DISP,127
2023,2,1,n,PGFV,9
2023,2,1,n,DIME,81
2023,2,1,n,PGFV,9
2023,2,4,n,PGFV,8
2023,2,4,n,PGFV,4
2023,2,4,n,PGFV,7
2023,2,4,n,PGFV,6
2023,2,4,n,DISP,126
2023,2,4,n,PGFV,6.5
2023,2,4,n,PGFV,6.5
2023,2,4,n,DIOR,44
2023,2,4,n,PGFV,6.5
2023,2,4,n,DIOR,46
2023,2,4,n,PGFV,6
2023,2,4,n,PGFV,7
2023,2,4,n,PGFV,6.5
2023,2,4,n,PGFV,7
2023,2,4,n,DIOR,38
2023,2,4,n,PGFV,7
2023,2,4,n,PGFV,7.5
2023,2,4,n,DIOR,44
2023,2,4,n,DIOR,43
2023,2,5,n,DISP,120
2023,2,5,n,DIOR,40
2023,2,5,n,PGFV,6
2023,2,5,n,PGFV,NA
2023,2,5,n,PGFV,8
2023,2,5,n,PGFV,8
2023,2,5,n,PGFV,7
2023,2,5,n,SPSP,NA
2023,2,5,n,PGFV,6
2023,2,5,n,PGFV,5
2023,2,5,n,PGFV,7
2023,2,5,n,PGFV,6
2023,2,5,n,PGFV,9
2023,2,5,n,DIOR,57
2023,2,5,n,DIOR,65
2023,3,1,n,DIOR,56
2023,3,1,n,PGFV,9
2023,3,1,n,DIOR,47
2023,3,1,n,DISP,119
2023,3,1,n,DIME,86
2023,3,1,n,DIOR,58
2023,3,1,n,DIOR,56
2023,3,1,n,ONXX,34
2023,3,1,n,DISP,131
2023,3,1,n,PGFV,8
2023,3,1,n,PGFV,8
2023,3,1,n,PGFV,8
2023,3,1,n,PGFV,7
2023,3,1,n,DIME,49
2023,3,1,n,DIME,72
2023,3,1,n,DISP,134
2023,3,1,n,DIME,90
2023,3,1,n,PGFV,8
2023,3,1,n,PGFV,8
2023,3,4,n,PGFV,6
2023,3,4,n,DIOR,43
2023,3,4,n,DIOR,47
2023,3,4,n,DIOR,49
2023,3,4,n,PGFV,NA
2023,3,4,n,DISP,119
2023,3,4,n,DISP,66
2023,3,4,n,DISP,123
2023,3,4,n,DISP,127
2023,3,4,n,DIOR,47
2023,3,4,n,PGFV,7
2023,3,4,n,PGFV,5
2023,3,4,n,PGFV,7
2023,3,4,n,DISP,97
2023,3,4,n,DISP,83
2023,3,4,n,PGFV,6
2023,3,4,n,DIOR,49
2023,3,5,n,DIOR,53
2023,3,5,n,PGFV,8
2023,3,5,n,DIOR,50
2023,3,5,n,PGFV,7
2023,3,5,n,PEXX,24
2023,3,5,n,PGFV,8
2023,3,5,n,PGFV,6
2023,3,5,n,PGFV,8.5
2023,3,5,n,DIOR,50
2023,3,5,n,DIOR,39
2023,3,5,n,PGFV,NA
2023,3,5,n,PGFV,NA
2023,3,5,n,PGFV,8
2023,3,5,n,PGFV,6
2023,3,5,n,DISP,136
2023,3,5,n,PGFV,6
2023,3,5,n,DIOR,49
2023,3,5,n,DIOR,36
2023,3,5,n,DIOR,42
2023,3,5,n,PGFV,7
2023,1,1,n,DIOR,40
2023,1,1,n,DIOR,48
2023,1,1,n,ONAR,13
2023,1,1,n,DIOR,39
2023,1,1,n,DISP,131
2023,1,1,n,SPSP,NA
2023,1,1,n,DIOR,49
2023,1,1,n,DISP,121
2023,1,1,n,ONAR,16
2023,1,1,n,DISP,142
2023,1,1,n,DIOR,48
2023,1,1,n,PGFV,7
2023,1,1,n,PGFV,6
2023,1,1,n,DIOR,49
2023,1,1,n,DISP,117
2023,1,1,n,DIOR,54
2023,1,1,n,PGFV,5
2023,1,1,n,PGFV,6
2023,1,1,n,PGFV,5
2023,1,1,n,DISP,140
2023,1,1,n,DIOR,41
2023,1,1,n,DIOR,49
2023,1,1,n,PGFV,7
2023,1,1,n,DIOR,55
2023,1,1,n,DIOR,37
2023,1,1,n,DISP,121
2023,1,1,n,DISP,131
2023,1,4,n,PGFV,46
2023,1,4,n,DIOR,45
2023,1,4,n,DISP,132
2023,1,4,n,DIOR,52
2023,1,4,n,PGFV,6
2023,1,4,n,DIOR,45
2023,1,4,n,DIOR,46
2023,1,4,n,DISP,114
2023,1,4,n,DIOR,43
2023,1,4,n,DIOR,51
2023,1,4,n,DISP,128
2023,1,4,n,DIOR,50
2023,1,4,n,DIOR,54
2023,1,4,n,DIOR,53
2023,1,4,n,PGFV,6
2023,1,4,n,DISP,121
2023,1,4,n,DISP,131
2023,1,4,n,DISP,126
2023,1,4,n,DIOR,7
2023,1,4,n,ONAR,36
2023,1,4,n,DIOR,13
2023,1,5,n,DIOR,50
2023,1,5,n,DIOR,55
2023,1,5,n,DIOR,50
2023,1,5,n,DIOR,46
2023,1,5,n,NEMI,NA
2023,1,5,n,DIOR,59
2023,1,5,n,DIOR,50
2023,1,5,n,DIOR,44
2023,1,5,n,ONAR,15
2023,1,5,n,DIOR,43
2023,1,5,n,DIOR,45
2023,1,5,n,DIOR,54
2023,1,5,n,DIOR,50
2023,1,5,n,DIOR,45
2023,1,5,n,DIOR,56
2023,1,5,n,DIOR,42
2023,1,5,n,PGFV,7
2023,1,5,n,DIOR,55
2023,1,5,n,DIOR,54
2023,1,5,n,ONLE,17
2023,1,5,n,DIOR,52
2023,1,5,n,PGFV,7
2023,1,5,n,DISP,100
2023,1,5,n,DIOR,55
2023,1,5,n,DIOR,43
2023,2,1,n,DIOR,NA
2023,2,1,n,DISP,125
2023,2,1,n,DIOR,48
2023,2,1,n,DIOR,55
2023,2,1,n,DISP,112
2023,2,1,n,DIOR,45
2023,2,1,n,DISP,130
2023,2,1,n,DIOR,50
2023,2,1,n,PGFV,7
2023,2,1,n,DISP,125
2023,2,1,n,PGFV,6
2023,2,1,n,DIOR,56
2023,2,1,n,DIOR,38
2023,2,1,n,DIOR,42
2023,2,1,n,DIOR,50
2023,2,1,n,PGFV,6
2023,2,1,n,PGFV,6
2023,2,1,n,DIOR,48
2023,2,1,n,PGFV,NA
2023,2,1,n,DISP,120
2023,2,1,n,DIOR,48
2023,2,1,n,PGFV,7
2023,2,1,n,DIOR,47
2023,2,1,n,DISP,135
2023,2,1,n,PGFV,5
2023,2,1,n,PGFV,7
2023,2,1,n,PGFV,5
2023,2,4,n,DIOR,47
2023,2,4,n,DISP,132
2023,2,4,n,DIOR,38
2023,2,4,n,DIOR,45
2023,2,4,n,DISP,148
2023,2,4,n,DIOR,44
2023,2,4,n,DIOR,36
2023,2,4,n,PGFV,7
2023,2,4,n,DIOR,54
2023,2,4,n,DIOR,46
2023,2,4,n,DIOR,43
2023,2,4,n,PGFV,6
2023,2,4,n,PGFV,5
2023,2,4,n,DIOR,55
2023,2,5,n,PGFV,5
2023,2,5,n,DIOR,42
2023,2,5,n,PGFV,6
2023,2,5,n,DIOR,42
2023,2,5,n,DISP,103
2023,2,5,n,DISP,123
2023,2,5,n,DIOR,33
2023,2,5,n,SPSP,NA
2023,2,5,n,ONAR,16
2023,2,5,n,DIOR,46
2023,2,5,n,DISP,120
2023,2,5,n,DIOR,56
2023,2,5,n,DISP,131
2023,2,5,n,DISP,101
2023,2,5,n,DISP,132
2023,2,5,n,PGFV,6
2023,2,5,n,DIOR,52
2023,2,5,n,ONAR,19
2023,2,5,n,DIOR,51
2023,2,5,n,DIOR,53
2023,2,5,n,PGFV,7
2023,2,5,n,DIOR,63
2023,2,5,n,PGFV,6
2023,2,5,n,DISP,112
2023,1,1,n,DIME,59
2023,1,1,n,DIME,47
2023,1,1,n,DIME,44
2023,1,1,n,PGFV,8
2023,1,1,n,DIME,50
2023,1,1,n,DIME,25
2023,1,1,n,DIME,41
2023,1,1,n,DIME,46
2023,1,1,n,DIME,41
2023,1,1,n,DIME,47
2023,1,1,n,DIME,45
2023,1,1,n,DIME,44
2023,1,1,n,SPSP,NA
2023,1,1,n,DIME,44
2023,1,1,n,DIME,45
2023,1,1,n,DIME,46
2023,1,3,n,PGFV,7.5
2023,1,3,n,PGFV,9.5
2023,1,3,n,DIME,56
2023,1,3,n,DIME,49
2023,1,3,n,PGFV,7
2023,1,3,n,DIME,41
2023,1,3,n,DIME,47
2023,1,3,n,DIME,45
2023,1,3,n,DIME,60
2023,1,3,n,PGFV,8
2023,1,3,n,DIME,50
2023,1,3,n,PGFV,6
2023,1,3,n,DIME,39
2023,1,3,n,DIME,43
2023,1,3,n,PGFV,6.75
2023,1,3,n,DIME,44
2023,1,3,n,PGFV,6
2023,1,3,n,DIME,44
2023,1,3,n,PGFV,6
2023,1,3,n,DIME,42
2023,1,3,n,PGFV,7.75
2023,1,3,n,DIME,43
2023,1,3,n,DIME,41
2023,1,5,n,PGFV,8.5
2023,1,5,n,PGFV,6.25
2023,1,5,n,DIME,50
2023,1,5,n,DIME,45
2023,1,5,n,DIME,39
2023,1,5,n,PGFV,6.25
2023,1,5,n,PGFV,7
2023,1,5,n,DIME,44
2023,1,5,n,DIME,43
2023,1,5,n,PGFV,7.5
2023,1,5,n,DIME,52
2023,1,5,n,PGFV,6.5
2023,1,5,n,PGFV,7.25
2023,1,5,n,PGFV,8.5
2023,1,5,n,PGFV,6.5
2023,1,5,n,DIME,44
2023,1,5,n,DIME,51
2023,1,5,n,DIOR,40
2023,1,5,n,DIME,50
2023,1,5,n,DIME,46
2023,1,5,n,PGFV,7.5
2023,1,5,n,DIME,47
2023,2,1,n,DIME,44
2023,2,1,n,DIME,45
2023,2,1,n,PGFV,6.75
2023,2,1,n,DIME,47
2023,2,1,n,PGFV,5.25
2023,2,1,n,DIOR,54
2023,2,1,n,DIME,48
2023,2,1,n,PGFV,5.75
2023,2,1,n,PGFV,7.5
2023,2,3,n,DIME,41
2023,2,3,n,PGFV,8
2023,2,3,n,PGFV,6.75
2023,2,3,n,DIME,54
2023,2,3,n,ONAR,24
2023,2,3,n,DIME,42
2023,2,3,n,DIME,46
2023,2,3,n,PGFV,7
2023,2,3,n,DIME,50
2023,2,3,n,PGFV,7.75
2023,2,3,n,DIME,43
2023,2,3,n,DIME,46
2023,2,3,n,DIME,41
2023,2,3,n,DIME,47
2023,2,3,n,PGFV,7.5
2023,2,5,n,DIME,37
2023,2,5,n,PGFV,8.5
2023,2,5,n,ONAR,24
2023,2,5,n,DIME,42
2023,2,5,n,PGFV,7.5
2023,2,5,n,DIME,47
2023,2,5,n,PGFV,7.5
2023,2,5,n,PGFV,7
2023,2,5,n,DIOR,52
2023,2,5,n,PGFV,7.5
2023,2,5,n,PGFV,8.5
2023,2,5,n,DIME,45
2023,2,5,n,DIME,41
2023,2,5,n,PGFV,8.5
2023,2,5,n,DISP,NA
2023,2,5,n,DIOR,49
2023,2,5,n,PGFV,7
2023,3,1,n,PGFV,8.75
2023,3,1,n,DIME,47
2023,3,1,n,DIOR,60
2023,3,1,n,PGFV,7
2023,3,1,n,PGFV,5.5
2023,3,1,n,ONXX,12.5
2023,3,1,n,DIME,47
2023,3,1,n,PGFV,6.25
2023,3,3,n,PGFV,6.75
2023,3,3,n,DIME,48
2023,3,3,n,DIME,48
2023,3,3,n,DIME,43
2023,3,3,n,PGFV,7
2023,3,3,n,PGFV,7
2023,3,3,n,PGFV,8
2023,3,3,n,PGFV,7
2023,3,3,n,DIME,39
2023,3,3,n,PGFV,7
2023,3,3,n,PGFV,8.5
2023,3,3,n,DIME,37
2023,3,3,n,PGFV,7.5
2023,3,3,n,DIME,43
2023,3,5,n,ONAR,25.5
2023,3,5,n,PGFV,8
2023,3,5,n,PGFV,6.5
2023,3,5,n,PGFV,7
2023,3,5,n,PGFV,6.5
2023,3,5,n,PGFV,7
2023,3,5,n,PGFV,6.5
2023,3,5,n,PGFV,7
2023,3,5,n,DIME,42
2023,3,5,n,PGFV,6
2023,3,5,n,PGFV,6
2023,3,5,n,DIME,41
2023,3,5,n,PGFV,7.5
2023,3,5,n,DISP,78
2023,3,5,n,DIME,NA
2023,3,5,n,PGFV,5.5
2023,3,5,n,PGFV,6.5
2023,1,1,n,PGFV,6
2023,1,1,n,DIME,39
2023,1,1,n,DIME,53
2023,1,1,n,DIME,48
2023,1,1,n,PGFV,5
2023,1,1,n,DIME,47
2023,1,1,n,DIOR,59
2023,1,1,n,DIME,42
2023,1,1,n,PGFV,5.75
2023,1,1,n,DIOR,56
2023,1,1,n,PGFV,5.5
2023,1,1,n,DIME,47
2023,1,1,n,DIME,43
2023,1,1,n,DIME,43
2023,1,1,n,PEBO,23.5
2023,1,1,n,DIME,46
2023,1,1,n,DIME,39
2023,1,1,n,DIME,42
2023,1,1,n,DIME,40
2023,1,1,n,PEMA,18
2023,1,1,n,DIME,45
2023,1,1,n,DIME,46
2023,1,1,n,DIME,34
2023,1,1,n,DIME,40
2023,1,3,n,PGFV,5.25
2023,1,3,n,ONAR,16.75
2023,1,3,n,DIME,41
2023,1,3,n,PGFV,5.75
2023,1,3,n,PGFV,5.5
2023,1,3,n,DIME,48
2023,1,3,n,PGFV,5.75
2023,1,3,n,DIME,44
2023,1,3,n,DIME,42
2023,1,3,n,DIME,44
2023,1,3,n,PGFV,5.5
2023,1,3,n,DIME,34
2023,1,3,n,PGFV,6
2023,1,3,n,DIME,43
2023,2,1,n,PEER,18
2023,2,1,n,PGFV,6.25
2023,2,1,n,DIME,41
2023,2,1,n,PEXX,16.75
2023,2,1,n,DIOR,49
2023,2,1,n,PGFV,6.75
2023,2,1,n,PEXX,NA
2023,2,1,n,PGFV,7.25
2023,2,1,n,PGFV,7.5
2023,2,1,n,DIME,38
2023,2,1,n,DIME,37
2023,2,1,n,DIME,44
2023,2,1,n,PGFV,6.5
2023,2,1,n,PGFV,8
2023,2,1,n,PEXX,28.5
2023,2,1,n,PGFV,6.5
2023,2,1,n,PGFV,6
2023,2,1,n,DIOR,54
2023,2,1,n,DIME,36
2023,2,1,n,PEBO,17.75
2023,2,1,n,DIME,37
2023,2,1,n,PGFV,7.75
2023,2,3,n,ONAR,13
2023,2,3,n,DIME,47
2023,2,3,n,DIME,40
2023,2,3,n,ONLE,16
2023,2,3,n,DIME,35
2023,2,3,n,PGFV,8
2023,2,3,n,SPSP,NA
2023,2,3,n,DIME,NA
2023,2,3,n,PGFV,6.5
2023,2,3,n,ONAR,16.5
2023,2,3,n,DIME,39
2023,2,3,n,DIXX,44.5
2023,2,3,n,DIME,32
2023,2,3,n,ONAR,17
2023,2,3,n,PGFV,7
2023,2,3,n,PGFV,6.5
2023,2,3,n,DIME,45
2023,2,3,n,ONAR,13
2023,2,3,n,PGFV,7.5
2023,2,3,n,NEMI,NA
2023,2,3,n,DIME,46
2023,2,3,n,DIME,44
2023,2,5,n,DIME,41
2023,2,5,n,DIME,43.5
2023,2,5,n,DIOR,51
2023,2,5,n,SPSP,NA
2023,2,5,n,DIME,36.5
2023,2,5,n,PGFV,7
2023,2,5,n,DIOR,48.5
2023,2,5,n,DIOR,41.5
2023,2,5,n,PGFV,7.5
2023,2,5,n,ONAR,19
2023,2,5,n,ONAR,9
2023,2,5,n,ONAR,17
2023,2,5,n,PGFV,6.5
2023,2,5,n,PGFV,6.5
2023,2,5,n,DIME,51
2023,2,5,n,DIME,37.5
2023,2,5,n,DISP,NA
2023,2,5,n,ONAR,13
2023,2,5,n,PGFV,7.5
2023,2,5,n,PGFV,7.5
2023,2,5,n,PGFV,8
2023,2,5,n,DIME,39
2023,2,5,n,PGFV,7
2023,2,5,n,DIME,39.5
2023,2,5,n,NEAL,NA
2023,2,5,n,DIME,33.5
2023,2,5,n,PGFV,7.5
