year,season,date,habitat,night,web,trap,recap,spp,sex,age,weight,repro,recond,incomplete,marked,dead,closed,newborn
1995,F,1995-10-24,JC,1,1,24,N,DIME,NA,NA,0,NA,NA,Y,U,NA,NA,NA
1995,F,1995-10-24,JC,1,1,48,N,DIME,F,A,40,N,NA,NA,NA,NA,NA,NA
1995,F,1995-10-24,JC,1,1,58,N,DIME,F,A,41,N,NA,NA,NA,NA,NA,NA
1995,F,1995-10-24,JC,1,1,72,N,DIME,F,A,37,N,NA,NA,NA,NA,NA,NA
1995,F,1995-10-24,JC,1,1,88,N,PELE,F,A,22,N,NA,NA,NA,NA,NA,NA
1995,F,1995-10-24,JC,1,1,107,N,DIME,F,A,41,N,NA,NA,NA,NA,NA,NA
1995,F,1995-10-24,JC,1,1,132,N,DIME,M,A,35,N,NA,NA,NA,NA,NA,NA
1995,F,1995-10-24,JC,1,1,133,N,DIME,M,A,44,N,NA,NA,NA,NA,NA,NA
1995,F,1995-10-24,JC,1,1,138,N,REME,M,A,12,N,NA,NA,NA,NA,NA,NA
1995,F,1995-10-24,JC,1,1,139,N,DIME,F,A,38,N,NA,NA,NA,NA,NA,NA
1995,F,1995-10-24,JC,1,1,143,N,DIME,M,A,37,N,NA,NA,NA,NA,NA,NA
1995,F,1995-10-24,JC,1,2,4,N,NEAL,F,A,160,N,NA,NA,NA,NA,NA,NA
1995,F,1995-10-24,JC,1,2,6,N,NEAL,F,A,178,N,NA,NA,NA,NA,NA,NA
1995,F,1995-10-24,JC,1,2,12,N,ONAR,M,A,18,N,NA,NA,NA,NA,NA,NA
1995,F,1995-10-24,JC,1,2,21,N,DIME,M,A,40,N,NA,NA,NA,NA,NA,NA
1995,F,1995-10-24,JC,1,2,36,N,DIME,M,A,37,N,NA,NA,NA,NA,NA,NA
1995,F,1995-10-24,JC,1,2,42,N,DIME,F,A,46,N,NA,NA,NA,NA,NA,NA
1995,F,1995-10-24,JC,1,2,48,N,DIME,F,A,38,N,NA,NA,NA,NA,NA,NA
1995,F,1995-10-24,JC,1,2,58,N,DIME,F,A,42,N,NA,NA,NA,NA,NA,NA
1995,F,1995-10-24,JC,1,2,59,N,DIME,F,A,40,N,NA,NA,NA,NA,NA,NA
1995,F,1995-10-24,JC,1,2,60,N,NEAL,NA,J,110,N,NA,NA,NA,NA,NA,NA
1995,F,1995-10-24,JC,1,2,72,N,DIME,M,A,43,N,NA,NA,NA,NA,NA,NA
1995,F,1995-10-24,JC,1,2,74,N,DIME,F,A,38,N,NA,NA,NA,NA,NA,NA
1995,F,1995-10-24,JC,1,2,79,N,PELE,F,A,24,N,NA,NA,NA,NA,NA,NA
1995,F,1995-10-24,JC,1,2,82,N,DIME,M,A,43,N,NA,NA,NA,NA,NA,NA
1995,F,1995-10-24,JC,1,2,83,N,DIME,M,A,42,N,NA,NA,NA,NA,NA,NA
1995,F,1995-10-24,JC,1,2,100,N,DIME,F,A,38,N,NA,NA,NA,NA,NA,NA
1995,F,1995-10-24,JC,1,2,132,N,DIME,M,A,43,N,NA,NA,NA,NA,NA,NA
1995,F,1995-10-24,JC,1,2,133,N,ONAR,F,A,0,N,NA,Y,M,NA,NA,NA
1995,F,1995-10-24,JC,1,2,137,N,DIME,F,A,39,N,NA,NA,NA,NA,NA,NA
1995,F,1995-10-24,JC,1,2,144,N,DIME,M,A,46,N,NA,NA,NA,NA,NA,NA
1995,F,1995-10-24,JC,1,3,10,N,NEAL,F,A,205,N,NA,NA,NA,NA,NA,NA
1995,F,1995-10-24,JC,1,3,20,N,DIME,M,A,41,N,NA,NA,NA,NA,NA,NA
1995,F,1995-10-24,JC,1,3,23,N,DIME,F,A,39,N,NA,NA,NA,NA,NA,NA
1995,F,1995-10-24,JC,1,3,34,N,DIME,M,A,45,Y,S,NA,NA,NA,NA,NA
1995,F,1995-10-24,JC,1,3,36,N,DIME,M,A,42,Y,PS,NA,NA,NA,NA,NA
1995,F,1995-10-24,JC,1,3,45,N,DIME,M,A,46,N,NA,NA,NA,NA,NA,NA
1995,F,1995-10-24,JC,1,3,47,N,DIME,F,A,47,N,NA,NA,NA,NA,NA,NA
1995,F,1995-10-24,JC,1,3,52,N,ONAR,M,A,18,N,NA,NA,NA,NA,NA,NA
1995,F,1995-10-24,JC,1,3,59,N,DIME,M,A,37,N,NA,NA,NA,NA,NA,NA
1995,F,1995-10-24,JC,1,3,70,N,DIME,NA,NA,0,NA,NA,Y,U,NA,NA,NA
1995,F,1995-10-24,JC,1,3,80,N,DIME,M,A,39,N,NA,NA,NA,NA,NA,NA
1995,F,1995-10-24,JC,1,3,82,N,DIME,M,A,36,N,NA,NA,NA,NA,NA,NA
1995,F,1995-10-24,JC,1,3,84,N,DIME,M,A,36,N,NA,NA,NA,NA,NA,NA
1995,F,1995-10-24,JC,1,3,87,N,ONAR,F,A,16,N,NA,NA,NA,NA,NA,NA
1995,F,1995-10-24,JC,1,3,99,N,REME,F,A,11,N,NA,NA,NA,NA,NA,NA
1995,F,1995-10-24,JC,1,3,100,N,DIME,M,A,38,N,NA,NA,NA,NA,NA,NA
1995,F,1995-10-24,JC,1,3,104,N,DIME,F,A,32,N,NA,NA,NA,NA,NA,NA
1995,F,1995-10-24,JC,1,3,107,N,DIME,M,A,46,N,NA,NA,NA,NA,NA,NA
1995,F,1995-10-24,JC,1,3,108,N,DIME,M,A,42,N,NA,NA,NA,NA,NA,NA
1995,F,1995-10-24,JC,1,3,114,N,PELE,F,A,30,Y,P,NA,NA,NA,NA,NA
1995,F,1995-10-24,JC,1,3,119,N,DIME,M,A,41,N,NA,NA,NA,NA,NA,NA
1995,F,1995-10-24,JC,1,3,134,N,NEAL,M,A,202,N,NA,NA,NA,NA,NA,NA
1995,F,1995-10-24,JC,1,3,139,N,DIME,M,A,39,N,NA,NA,NA,NA,NA,NA
1995,F,1995-10-24,JC,1,3,140,N,DIME,M,A,42,N,NA,NA,NA,NA,NA,NA
1995,F,1995-10-24,JC,1,3,144,N,DIME,M,A,46,N,NA,NA,NA,NA,NA,NA
1995,F,1995-10-25,JC,2,1,5,Y,DIME,NA,NA,0,NA,NA,NA,NA,NA,NA,NA
1995,F,1995-10-25,JC,2,1,8,Y,DIME,NA,NA,0,NA,NA,NA,NA,NA,NA,NA
1995,F,1995-10-25,JC,2,1,10,Y,NEAL,NA,NA,0,NA,NA,NA,NA,NA,NA,NA
1995,F,1995-10-25,JC,2,1,12,N,ONAR,F,A,17,N,NA,NA,NA,NA,NA,NA
1995,F,1995-10-25,JC,2,1,33,N,DIME,M,A,38,N,NA,NA,NA,NA,NA,NA
1995,F,1995-10-25,JC,2,1,42,Y,DIME,NA,NA,0,NA,NA,NA,NA,NA,NA,NA
1995,F,1995-10-25,JC,2,1,43,N,CHPE,NA,NA,23,N,NA,Y,M,NA,NA,NA
1995,F,1995-10-25,JC,2,1,44,Y,DIME,NA,NA,0,NA,NA,NA,NA,NA,NA,NA
1995,F,1995-10-25,JC,2,1,45,Y,DIME,NA,NA,0,NA,NA,NA,NA,NA,NA,NA
1995,F,1995-10-25,JC,2,1,47,N,ONAR,F,A,18,N,NA,NA,NA,NA,NA,NA
1995,F,1995-10-25,JC,2,1,49,Y,ONAR,NA,NA,0,NA,NA,NA,NA,NA,NA,NA
1995,F,1995-10-25,JC,2,1,49,Y,ONAR,NA,NA,0,NA,NA,NA,NA,NA,NA,NA
1995,F,1995-10-25,JC,2,1,55,N,NEAL,NA,J,85,N,NA,NA,NA,NA,NA,NA
1995,F,1995-10-25,JC,2,1,59,Y,DIME,NA,NA,0,NA,NA,NA,NA,NA,NA,NA
1995,F,1995-10-25,JC,2,1,60,N,DIME,M,A,46,N,NA,NA,NA,NA,NA,NA
1995,F,1995-10-25,JC,2,1,69,N,SIHI,NA,NA,0,NA,NA,Y,U,NA,NA,NA
1995,F,1995-10-25,JC,2,1,71,N,DIME,F,A,51,N,NA,NA,NA,NA,NA,NA
1995,F,1995-10-25,JC,2,1,72,N,DIME,F,A,34,N,NA,NA,NA,NA,NA,NA
1995,F,1995-10-25,JC,2,1,81,N,DIME,M,A,39,N,NA,NA,NA,NA,NA,NA
1995,F,1995-10-25,JC,2,1,90,N,ONAR,F,A,17,N,NA,NA,NA,NA,NA,NA
1995,F,1995-10-25,JC,2,1,94,Y,DIME,NA,NA,0,NA,NA,NA,NA,NA,NA,NA
1995,F,1995-10-25,JC,2,1,105,Y,DIME,NA,NA,0,NA,NA,NA,NA,NA,NA,NA
1995,F,1995-10-25,JC,2,1,108,N,NEAL,M,A,145,N,NA,NA,NA,NA,NA,NA
1995,F,1995-10-25,JC,2,1,140,N,DIME,F,A,44,N,NA,NA,NA,NA,NA,NA
1995,F,1995-10-25,JC,2,1,143,N,PELE,NA,A,27,N,NA,Y,M,NA,NA,NA
1995,F,1995-10-25,JC,2,2,4,Y,NEAL,NA,NA,0,NA,NA,NA,NA,NA,NA,NA
1995,F,1995-10-25,JC,2,2,9,Y,DIME,NA,NA,0,NA,NA,NA,NA,NA,NA,NA
1995,F,1995-10-25,JC,2,2,11,N,DIME,F,A,41,N,NA,NA,NA,NA,NA,NA
1995,F,1995-10-25,JC,2,2,26,N,PELE,M,A,18,N,NA,NA,NA,NA,NA,NA
1995,F,1995-10-25,JC,2,2,36,N,ONAR,M,A,19,N,NA,NA,NA,NA,NA,NA
1995,F,1995-10-25,JC,2,2,36,Y,ONAR,NA,NA,0,NA,NA,NA,NA,NA,NA,NA
1995,F,1995-10-25,JC,2,2,42,Y,DIME,NA,NA,0,NA,NA,NA,NA,NA,NA,NA
1995,F,1995-10-25,JC,2,2,45,N,DIME,F,A,39,N,NA,NA,NA,NA,NA,NA
1995,F,1995-10-25,JC,2,2,47,N,DIME,F,A,44,N,NA,NA,NA,NA,NA,NA
1995,F,1995-10-25,JC,2,2,48,N,SPSP,M,A,102,N,NA,NA,NA,NA,NA,NA
1995,F,1995-10-25,JC,2,2,55,N,ONAR,F,A,20,N,NA,NA,NA,NA,NA,NA
1995,F,1995-10-25,JC,2,2,58,Y,DIME,NA,NA,0,NA,NA,NA,NA,NA,NA,NA
1995,F,1995-10-25,JC,2,2,59,Y,DIME,NA,NA,0,NA,NA,NA,NA,NA,NA,NA
1995,F,1995-10-25,JC,2,2,60,Y,DIME,NA,NA,0,NA,NA,NA,NA,NA,NA,NA
1995,F,1995-10-25,JC,2,2,68,N,PGFL,M,A,10,N,NA,NA,NA,NA,NA,NA
1995,F,1995-10-25,JC,2,2,70,Y,DIME,NA,NA,0,NA,NA,NA,NA,NA,NA,NA
1995,F,1995-10-25,JC,2,2,71,Y,DIME,NA,NA,0,NA,NA,NA,NA,NA,NA,NA
1995,F,1995-10-25,JC,2,2,79,Y,PELE,NA,NA,0,NA,NA,NA,NA,NA,NA,NA
1995,F,1995-10-25,JC,2,2,83,Y,DIME,NA,NA,0,NA,NA,NA,NA,NA,NA,NA
1995,F,1995-10-25,JC,2,2,98,Y,DIME,NA,NA,0,NA,NA,NA,NA,NA,NA,NA
1995,F,1995-10-25,JC,2,2,99,Y,DIME,NA,NA,0,NA,NA,NA,NA,NA,NA,NA
1995,F,1995-10-25,JC,2,2,100,Y,ONAR,NA,NA,0,NA,NA,NA,NA,NA,NA,NA
1995,F,1995-10-25,JC,2,2,101,Y,DIME,NA,NA,0,NA,NA,NA,NA,NA,NA,NA
1995,F,1995-10-25,JC,2,2,104,N,REME,NA,NA,0,NA,NA,Y,U,NA,NA,NA
1995,F,1995-10-25,JC,2,2,107,N,PELE,M,A,22,Y,S,NA,NA,NA,NA,NA
1995,F,1995-10-25,JC,2,2,130,Y,DIME,NA,NA,0,NA,NA,NA,NA,NA,NA,NA
1995,F,1995-10-25,JC,2,2,132,Y,DIME,NA,NA,0,NA,NA,NA,NA,NA,NA,NA
1995,F,1995-10-25,JC,2,2,142,N,REME,F,A,20,Y,P,NA,NA,NA,NA,NA
1995,F,1995-10-25,JC,2,3,12,N,DIME,M,A,47,N,NA,NA,NA,NA,NA,NA
1995,F,1995-10-25,JC,2,3,17,Y,DIME,NA,NA,0,NA,NA,NA,NA,NA,NA,NA
1995,F,1995-10-25,JC,2,3,22,NA,DIME,NA,NA,0,NA,NA,Y,U,NA,NA,NA
1995,F,1995-10-25,JC,2,3,48,Y,DIME,NA,NA,0,NA,NA,NA,NA,NA,NA,NA
1995,F,1995-10-25,JC,2,3,70,N,SPSP,F,A,68,N,NA,NA,NA,NA,NA,NA
1995,F,1995-10-25,JC,2,3,93,Y,DIME,NA,NA,0,NA,NA,NA,NA,NA,NA,NA
1995,F,1995-10-25,JC,2,3,105,N,DIME,F,A,44,N,NA,NA,NA,NA,NA,NA
1995,F,1995-10-25,JC,2,3,106,Y,DIME,NA,NA,0,NA,NA,NA,NA,NA,NA,NA
1995,F,1995-10-25,JC,2,3,113,Y,PELE,NA,NA,0,NA,NA,NA,NA,NA,NA,NA
1995,F,1995-10-25,JC,2,3,126,N,ONAR,NA,NA,18,N,NA,Y,M,NA,NA,NA
1995,F,1995-10-25,JC,2,3,129,Y,DIME,NA,NA,0,NA,NA,NA,NA,NA,NA,NA
1995,F,1995-10-25,JC,2,3,131,Y,DIME,NA,NA,0,NA,NA,NA,NA,NA,NA,NA
1995,F,1995-10-25,JC,2,3,142,Y,DIME,NA,NA,0,NA,NA,NA,NA,NA,NA,NA
1995,F,1995-10-25,JC,2,3,143,N,NEAL,NA,J,120,N,NA,NA,NA,NA,NA,NA
1995,F,1995-10-26,JC,3,1,6,Y,DIME,NA,NA,0,NA,NA,NA,NA,NA,NA,NA
1995,F,1995-10-26,JC,3,1,7,N,NEAL,F,A,155,N,NA,NA,NA,NA,NA,NA
1995,F,1995-10-26,JC,3,1,12,Y,DIME,NA,NA,0,NA,NA,NA,NA,NA,NA,NA
1995,F,1995-10-26,JC,3,1,18,N,NEAL,F,A,0,N,NA,Y,M,NA,8,NA
1995,F,1995-10-26,JC,3,1,19,Y,DIME,NA,NA,0,NA,NA,NA,NA,NA,NA,NA
1995,F,1995-10-26,JC,3,1,20,Y,DIME,NA,NA,0,NA,NA,NA,NA,NA,NA,NA
1995,F,1995-10-26,JC,3,1,21,N,DIME,NA,A,36,N,NA,Y,M,NA,NA,NA
1995,F,1995-10-26,JC,3,1,22,Y,DIME,NA,NA,0,NA,NA,NA,NA,NA,NA,NA
1995,F,1995-10-26,JC,3,1,34,N,NEAL,NA,J,80,N,NA,NA,NA,NA,NA,NA
1995,F,1995-10-26,JC,3,1,39,N,DIME,M,A,43,N,NA,NA,NA,NA,NA,NA
1995,F,1995-10-26,JC,3,1,41,N,DIME,F,A,39,N,NA,NA,NA,NA,NA,NA
1995,F,1995-10-26,JC,3,1,42,N,DIME,F,A,36,N,NA,NA,NA,NA,NA,NA
1995,F,1995-10-26,JC,3,1,44,Y,DIME,NA,NA,0,NA,NA,NA,NA,NA,NA,NA
1995,F,1995-10-26,JC,3,1,47,N,DIME,NA,J,33,N,NA,NA,NA,NA,NA,NA
1995,F,1995-10-26,JC,3,1,57,Y,DIME,NA,NA,0,NA,NA,NA,NA,NA,NA,NA
1995,F,1995-10-26,JC,3,1,58,N,NEAL,NA,J,130,N,NA,NA,NA,NA,NA,NA
1995,F,1995-10-26,JC,3,1,59,N,DIME,NA,NA,0,NA,NA,Y,U,NA,NA,NA
1995,F,1995-10-26,JC,3,1,64,Y,DIME,NA,NA,0,NA,NA,NA,NA,NA,NA,NA
1995,F,1995-10-26,JC,3,1,66,Y,DIME,NA,NA,0,NA,NA,NA,NA,NA,NA,NA
1995,F,1995-10-26,JC,3,1,71,Y,DIME,NA,NA,0,NA,NA,NA,NA,NA,NA,NA
1995,F,1995-10-26,JC,3,1,83,N,NEAL,NA,J,80,N,NA,NA,NA,NA,NA,NA
1995,F,1995-10-26,JC,3,1,90,Y,DIME,NA,NA,0,NA,NA,NA,NA,NA,NA,NA
1995,F,1995-10-26,JC,3,1,94,Y,DIME,NA,NA,0,NA,NA,NA,NA,NA,NA,NA
1995,F,1995-10-26,JC,3,1,95,Y,DIME,NA,NA,0,NA,NA,NA,NA,NA,NA,NA
1995,F,1995-10-26,JC,3,1,96,N,DIME,M,A,40,N,NA,NA,NA,NA,NA,NA
1995,F,1995-10-26,JC,3,1,105,Y,DIME,NA,NA,0,NA,NA,NA,NA,NA,NA,NA
1995,F,1995-10-26,JC,3,1,107,N,NEAL,F,A,215,N,NA,NA,NA,NA,NA,NA
1995,F,1995-10-26,JC,3,1,117,N,DIME,F,A,38,N,NA,NA,NA,NA,NA,NA
1995,F,1995-10-26,JC,3,1,118,Y,DIME,NA,NA,0,NA,NA,NA,NA,NA,NA,NA
1995,F,1995-10-26,JC,3,1,120,N,NEAL,M,A,198,N,NA,NA,NA,NA,NA,NA
1995,F,1995-10-26,JC,3,1,126,Y,DIME,NA,NA,0,NA,NA,NA,NA,NA,NA,NA
1995,F,1995-10-26,JC,3,1,132,Y,DIME,NA,NA,0,NA,NA,NA,NA,NA,NA,NA
1995,F,1995-10-26,JC,3,1,134,Y,NEAL,NA,NA,0,NA,NA,NA,NA,NA,NA,NA
1995,F,1995-10-26,JC,3,1,144,Y,NEAL,NA,NA,0,NA,NA,NA,NA,NA,NA,NA
1995,F,1995-10-26,JC,3,2,9,Y,DIME,NA,NA,0,NA,NA,NA,NA,NA,NA,NA
1995,F,1995-10-26,JC,3,2,20,Y,DIME,NA,NA,0,NA,NA,NA,NA,NA,NA,NA
1995,F,1995-10-26,JC,3,2,24,N,ONAR,F,A,0,N,NA,Y,M,NA,NA,NA
1995,F,1995-10-26,JC,3,2,30,Y,ONAR,NA,NA,0,NA,NA,NA,NA,NA,NA,NA
1995,F,1995-10-26,JC,3,2,35,N,REME,M,A,10,Y,S,NA,NA,NA,NA,NA
1995,F,1995-10-26,JC,3,2,36,N,PGFL,M,A,9,N,NA,NA,NA,NA,NA,NA
1995,F,1995-10-26,JC,3,2,42,Y,DIME,NA,NA,0,NA,NA,NA,NA,NA,NA,NA
1995,F,1995-10-26,JC,3,2,45,Y,DIME,NA,NA,0,NA,NA,NA,NA,NA,NA,NA
1995,F,1995-10-26,JC,3,2,47,Y,DIME,NA,NA,0,NA,NA,NA,NA,NA,NA,NA
1995,F,1995-10-26,JC,3,2,54,Y,DIME,NA,NA,0,NA,NA,NA,NA,NA,NA,NA
1995,F,1995-10-26,JC,3,2,55,Y,DIME,NA,NA,0,NA,NA,NA,NA,NA,NA,NA
1995,F,1995-10-26,JC,3,2,56,Y,PELE,NA,NA,0,NA,NA,NA,NA,NA,NA,NA
1995,F,1995-10-26,JC,3,2,57,N,DIME,F,A,40,N,NA,NA,NA,NA,NA,NA
1995,F,1995-10-26,JC,3,2,58,Y,DIME,NA,NA,0,NA,NA,NA,NA,NA,NA,NA
1995,F,1995-10-26,JC,3,2,59,Y,DIME,NA,NA,0,NA,NA,NA,NA,NA,10,NA
1995,F,1995-10-26,JC,3,2,60,Y,NEAL,NA,NA,0,NA,NA,NA,NA,NA,NA,NA
1995,F,1995-10-26,JC,3,2,70,Y,DIME,NA,NA,0,NA,NA,NA,NA,NA,NA,NA
1995,F,1995-10-26,JC,3,2,74,Y,DIME,NA,NA,0,NA,NA,NA,NA,NA,NA,NA
1995,F,1995-10-26,JC,3,2,83,N,NEAL,F,A,182,N,NA,NA,NA,NA,NA,NA
1995,F,1995-10-26,JC,3,2,89,Y,PELE,NA,NA,0,NA,NA,NA,NA,NA,NA,NA
1995,F,1995-10-26,JC,3,2,99,Y,DIME,NA,NA,0,NA,NA,NA,NA,NA,NA,NA
1995,F,1995-10-26,JC,3,2,100,N,ONAR,F,A,22,N,NA,NA,NA,NA,NA,NA
1995,F,1995-10-26,JC,3,2,106,Y,DIME,NA,NA,0,NA,NA,NA,NA,NA,NA,NA
1995,F,1995-10-26,JC,3,2,120,N,NEAL,M,A,185,N,NA,NA,NA,NA,NA,NA
1995,F,1995-10-26,JC,3,2,132,Y,DIME,NA,NA,0,NA,NA,NA,NA,NA,NA,NA
1995,F,1995-10-26,JC,3,2,139,Y,ONAR,NA,NA,0,NA,NA,NA,NA,NA,NA,NA
1995,F,1995-10-26,JC,3,2,141,Y,DIME,NA,NA,0,NA,NA,NA,NA,NA,NA,NA
1995,F,1995-10-26,JC,3,3,8,N,REME,F,A,15,N,NA,NA,NA,NA,NA,NA
1995,F,1995-10-26,JC,3,3,11,Y,DIME,NA,NA,0,NA,NA,NA,NA,NA,NA,NA
1995,F,1995-10-26,JC,3,3,20,N,DIME,F,A,42,N,NA,NA,NA,NA,NA,NA
1995,F,1995-10-26,JC,3,3,22,N,DIME,F,A,38,N,NA,NA,NA,NA,NA,NA
1995,F,1995-10-26,JC,3,3,24,N,ONAR,M,A,22,N,NA,NA,NA,NA,NA,NA
1995,F,1995-10-26,JC,3,3,27,N,NEAL,M,A,170,N,NA,NA,NA,NA,NA,NA
1995,F,1995-10-26,JC,3,3,31,NA,DIME,NA,NA,0,NA,NA,Y,U,NA,NA,NA
1995,F,1995-10-26,JC,3,3,40,N,NEAL,NA,J,125,N,NA,NA,NA,NA,NA,NA
1995,F,1995-10-26,JC,3,3,48,Y,DIME,NA,NA,0,NA,NA,NA,NA,NA,NA,NA
1995,F,1995-10-26,JC,3,3,53,N,ONAR,F,A,19,N,NA,NA,NA,NA,NA,NA
1995,F,1995-10-26,JC,3,3,70,Y,DIME,NA,NA,0,NA,NA,NA,NA,NA,9,NA
1995,F,1995-10-26,JC,3,3,79,Y,PELE,NA,NA,0,NA,NA,NA,NA,NA,NA,NA
1995,F,1995-10-26,JC,3,3,89,Y,DIME,NA,NA,0,NA,NA,NA,NA,NA,NA,NA
1995,F,1995-10-26,JC,3,3,92,N,ONAR,M,A,16,N,NA,NA,NA,NA,NA,NA
1995,F,1995-10-26,JC,3,3,126,Y,ONAR,NA,NA,0,NA,NA,NA,NA,NA,NA,NA
1995,F,1995-10-26,JC,3,3,127,Y,DIME,NA,NA,0,NA,NA,NA,NA,NA,NA,NA
1995,F,1995-10-26,JC,3,3,128,Y,DIME,NA,NA,0,NA,NA,NA,NA,NA,NA,NA
1995,F,1995-10-26,JC,3,3,139,Y,DIME,NA,NA,0,NA,NA,NA,NA,NA,NA,NA
1995,F,1995-10-26,JC,3,3,142,Y,DIME,NA,NA,0,NA,NA,NA,NA,NA,NA,NA
1995,F,1995-10-26,JC,3,3,143,Y,NEAL,NA,NA,0,NA,NA,NA,NA,NA,NA,NA
1996,F,1996-10-17,JC,2,2,5,Y,NEAL,NA,NA,0,NA,NA,NA,NA,NA,NA,NA
1996,F,1996-10-17,JC,2,2,8,Y,DIME,NA,NA,0,NA,NA,NA,NA,NA,NA,NA
1996,F,1996-10-17,JC,2,2,11,Y,DIME,NA,NA,0,NA,NA,NA,NA,NA,NA,NA
1996,F,1996-10-17,JC,2,2,12,N,NEAL,F,A,155,N,NA,NA,NA,NA,NA,NA
1996,F,1996-10-17,JC,2,2,17,Y,DIME,NA,NA,0,NA,NA,NA,NA,NA,NA,NA
1996,F,1996-10-17,JC,2,2,24,Y,DIME,NA,NA,0,NA,NA,NA,NA,NA,NA,NA
1996,F,1996-10-17,JC,2,2,32,Y,DIME,NA,NA,0,NA,NA,NA,NA,NA,NA,NA
1996,F,1996-10-17,JC,2,2,36,N,NEAL,NA,J,82,N,NA,NA,NA,NA,NA,NA
1996,F,1996-10-17,JC,2,2,48,Y,DIME,NA,NA,0,NA,NA,NA,NA,NA,NA,NA
1996,F,1996-10-17,JC,2,2,53,Y,ONAR,NA,NA,0,NA,NA,NA,NA,NA,NA,NA
1996,F,1996-10-17,JC,2,2,54,Y,DIME,NA,NA,0,NA,NA,NA,NA,NA,NA,NA
1996,F,1996-10-17,JC,2,2,55,N,DIME,M,A,54,N,NA,NA,NA,NA,NA,NA
1996,F,1996-10-17,JC,2,2,58,N,DIME,F,A,44,N,NA,NA,NA,NA,NA,NA
1996,F,1996-10-17,JC,2,2,59,N,NEAL,F,A,180,Y,L,NA,NA,NA,NA,NA
1996,F,1996-10-17,JC,2,2,60,Y,NEAL,NA,NA,0,NA,NA,NA,NA,NA,NA,NA
1996,F,1996-10-17,JC,2,2,61,N,ONAR,NA,J,11,N,NA,NA,NA,NA,NA,NA
1996,F,1996-10-17,JC,2,2,64,N,ONAR,F,A,12,N,NA,NA,NA,NA,NA,NA
1996,F,1996-10-17,JC,2,2,67,Y,DIME,NA,NA,0,NA,NA,NA,NA,NA,NA,NA
1996,F,1996-10-17,JC,2,2,69,Y,DIME,NA,NA,0,NA,NA,NA,NA,NA,NA,NA
1996,F,1996-10-17,JC,2,2,72,N,NEAL,M,A,190,N,NA,NA,NA,NA,NA,NA
1996,F,1996-10-17,JC,2,2,82,N,NEAL,NA,J,82,N,NA,NA,NA,NA,NA,NA
1996,F,1996-10-17,JC,2,2,83,Y,NEAL,NA,NA,0,NA,NA,NA,NA,NA,NA,NA
1996,F,1996-10-17,JC,2,2,86,Y,DIME,NA,NA,0,NA,NA,NA,NA,NA,NA,NA
1996,F,1996-10-17,JC,2,2,95,Y,DIME,NA,NA,0,NA,NA,NA,NA,NA,NA,NA
1996,F,1996-10-17,JC,2,2,96,N,DIME,NA,J,31,N,NA,NA,NA,NA,NA,NA
1996,F,1996-10-17,JC,2,2,103,N,PELE,M,A,18,Y,S,NA,NA,NA,NA,NA
1996,F,1996-10-17,JC,2,2,104,Y,ONAR,NA,NA,0,NA,NA,NA,NA,NA,NA,NA
1996,F,1996-10-17,JC,2,2,106,N,DIME,NA,J,25,N,NA,NA,NA,NA,NA,NA
1996,F,1996-10-17,JC,2,2,108,N,DIME,M,A,51,N,NA,NA,NA,NA,NA,NA
1996,F,1996-10-17,JC,2,2,114,N,NEAL,NA,J,85,N,NA,NA,NA,NA,NA,NA
1996,F,1996-10-17,JC,2,2,118,Y,NEAL,NA,NA,0,NA,NA,NA,NA,NA,NA,NA
1996,F,1996-10-17,JC,2,2,119,Y,DIME,NA,NA,0,NA,NA,NA,NA,NA,NA,NA
1996,F,1996-10-17,JC,2,2,122,Y,NEAL,NA,NA,0,NA,NA,NA,NA,NA,NA,NA
1996,F,1996-10-17,JC,2,2,135,N,NEAL,M,A,235,N,NA,NA,NA,NA,NA,NA
1996,F,1996-10-17,JC,2,2,136,Y,DIME,NA,NA,0,NA,NA,NA,NA,NA,NA,NA
1996,F,1996-10-17,JC,2,2,141,N,DIME,NA,J,24,N,NA,NA,NA,NA,NA,NA
1996,F,1996-10-17,JC,2,2,142,Y,DIME,NA,NA,0,NA,NA,NA,NA,NA,NA,NA
1996,F,1996-10-17,JC,2,3,7,N,NEAL,NA,J,110,N,NA,NA,NA,NA,NA,NA
1996,F,1996-10-17,JC,2,3,11,Y,NEAL,NA,NA,0,NA,NA,NA,NA,NA,NA,NA
1996,F,1996-10-17,JC,2,3,12,N,NEAL,NA,J,91,N,NA,NA,NA,NA,NA,NA
1996,F,1996-10-17,JC,2,3,13,Y,DIME,NA,NA,0,NA,NA,NA,NA,NA,NA,NA
1996,F,1996-10-17,JC,2,3,27,Y,ONAR,NA,NA,0,NA,NA,NA,NA,NA,NA,NA
1996,F,1996-10-17,JC,2,3,28,N,NEAL,M,A,190,N,NA,NA,NA,NA,NA,NA
1996,F,1996-10-17,JC,2,3,30,N,DIME,M,A,51,N,NA,NA,NA,NA,NA,NA
1996,F,1996-10-17,JC,2,3,31,N,DIME,NA,J,34,N,NA,NA,NA,NA,NA,NA
1996,F,1996-10-17,JC,2,3,40,N,SPSP,M,A,90,N,NA,NA,NA,NA,NA,NA
1996,F,1996-10-17,JC,2,3,43,Y,NEAL,NA,NA,0,NA,NA,NA,NA,NA,NA,NA
1996,F,1996-10-17,JC,2,3,49,Y,DIME,NA,NA,0,NA,NA,NA,NA,NA,NA,NA
1996,F,1996-10-17,JC,2,3,54,N,DIME,M,A,50,N,NA,NA,NA,NA,NA,NA
1996,F,1996-10-17,JC,2,3,56,Y,DIME,NA,NA,0,NA,NA,NA,NA,NA,NA,NA
1996,F,1996-10-17,JC,2,3,58,Y,NEAL,NA,NA,0,NA,NA,NA,NA,NA,NA,NA
1996,F,1996-10-17,JC,2,3,60,N,DIME,M,A,36,N,NA,NA,NA,NA,NA,NA
1996,F,1996-10-17,JC,2,3,66,Y,DIME,NA,NA,0,NA,NA,NA,NA,NA,NA,NA
1996,F,1996-10-17,JC,2,3,68,N,NEAL,M,A,0,NA,NA,Y,N,NA,NA,NA
1996,F,1996-10-17,JC,2,3,76,Y,DIME,NA,NA,0,NA,NA,NA,NA,NA,NA,NA
1996,F,1996-10-17,JC,2,3,82,Y,DIME,NA,NA,0,NA,NA,NA,NA,NA,NA,NA
1996,F,1996-10-17,JC,2,3,83,N,NEAL,M,A,180,N,NA,NA,NA,NA,NA,NA
1996,F,1996-10-17,JC,2,3,84,N,DIME,NA,J,26,N,NA,NA,NA,NA,NA,NA
1996,F,1996-10-17,JC,2,3,92,Y,DIME,NA,NA,0,NA,NA,NA,NA,NA,NA,NA
1996,F,1996-10-17,JC,2,3,96,N,NEAL,M,A,160,N,NA,NA,NA,NA,NA,NA
1996,F,1996-10-17,JC,2,3,103,N,NEAL,F,A,160,N,NA,NA,NA,NA,NA,NA
1996,F,1996-10-17,JC,2,3,105,N,NEAL,F,A,220,N,NA,NA,NA,NA,NA,NA
1996,F,1996-10-17,JC,2,3,107,Y,ONAR,NA,NA,0,NA,NA,NA,NA,NA,NA,NA
1996,F,1996-10-17,JC,2,3,117,Y,DIME,NA,NA,0,NA,NA,NA,NA,NA,NA,NA
1996,F,1996-10-17,JC,2,3,118,N,DIME,NA,J,28,N,NA,NA,NA,NA,NA,NA
1996,F,1996-10-17,JC,2,3,119,Y,SPSP,NA,NA,0,NA,NA,NA,NA,NA,NA,NA
1996,F,1996-10-17,JC,2,3,124,Y,NEAL,NA,NA,0,NA,NA,NA,NA,NA,NA,NA
1996,F,1996-10-17,JC,2,3,128,Y,SPSP,NA,NA,0,NA,NA,NA,NA,NA,NA,NA
1996,F,1996-10-17,JC,2,3,130,Y,DIME,NA,NA,0,NA,NA,NA,NA,NA,NA,NA
1996,F,1996-10-17,JC,2,3,131,N,DIME,F,A,48,Y,P,NA,NA,NA,NA,NA
1996,F,1996-10-17,JC,2,3,132,N,NEAL,NA,J,110,N,NA,NA,NA,NA,NA,NA
1996,F,1996-10-17,JC,2,3,137,N,ONAR,M,A,20,N,NA,NA,NA,NA,NA,NA
1996,F,1996-10-17,JC,2,3,139,N,DIME,NA,J,21,N,NA,NA,NA,NA,NA,NA
1996,F,1996-10-17,JC,2,3,140,N,DIME,F,A,44,N,NA,NA,NA,NA,NA,NA
1996,F,1996-10-17,JC,2,3,141,N,DIME,M,A,55,N,NA,NA,NA,NA,NA,NA
1996,F,1996-10-17,JC,2,3,143,N,ONAR,F,A,18,Y,P,NA,NA,NA,NA,NA
1996,F,1996-10-17,JC,2,3,144,N,CHPE,M,A,12,N,NA,NA,NA,NA,NA,NA
1996,F,1996-10-17,JC,2,1,11,N,DIME,M,A,48,N,NA,NA,NA,NA,NA,NA
1996,F,1996-10-17,JC,2,1,12,N,DIME,F,A,53,Y,P,NA,NA,NA,NA,NA
1996,F,1996-10-17,JC,2,1,15,Y,DIME,NA,NA,0,NA,NA,NA,NA,NA,NA,NA
1996,F,1996-10-17,JC,2,1,25,N,DIME,M,A,46,Y,S,NA,NA,NA,NA,NA
1996,F,1996-10-17,JC,2,1,32,Y,DIME,NA,NA,0,NA,NA,NA,NA,NA,NA,NA
1996,F,1996-10-17,JC,2,1,35,Y,DIME,NA,NA,0,NA,NA,NA,NA,NA,NA,NA
1996,F,1996-10-17,JC,2,1,36,N,DIME,F,A,29,Y,V,NA,NA,NA,NA,NA
1996,F,1996-10-17,JC,2,1,42,Y,DIME,NA,NA,0,NA,NA,NA,NA,NA,NA,NA
1996,F,1996-10-17,JC,2,1,48,Y,NEAL,NA,NA,0,NA,NA,NA,NA,NA,NA,NA
1996,F,1996-10-17,JC,2,1,50,Y,PELE,NA,NA,0,NA,NA,NA,NA,NA,NA,NA
1996,F,1996-10-17,JC,2,1,51,Y,DIME,NA,NA,0,NA,NA,NA,NA,NA,NA,NA
1996,F,1996-10-17,JC,2,1,60,N,DIME,F,A,30,Y,V,NA,NA,NA,NA,NA
1996,F,1996-10-17,JC,2,1,70,Y,NEAL,NA,NA,0,NA,NA,NA,NA,NA,NA,NA
1996,F,1996-10-17,JC,2,1,76,Y,DIME,NA,NA,0,NA,NA,NA,NA,NA,NA,NA
1996,F,1996-10-17,JC,2,1,81,Y,ONAR,NA,NA,0,NA,NA,NA,NA,NA,NA,NA
1996,F,1996-10-17,JC,2,1,88,Y,DIME,NA,NA,0,NA,NA,NA,NA,NA,NA,NA
1996,F,1996-10-17,JC,2,1,89,Y,NEAL,NA,NA,0,NA,NA,NA,NA,NA,NA,NA
1996,F,1996-10-17,JC,2,1,93,N,DIME,NA,J,21,N,NA,NA,NA,NA,NA,NA
1996,F,1996-10-17,JC,2,1,94,N,NEAL,F,A,175,N,NA,NA,NA,NA,NA,NA
1996,F,1996-10-17,JC,2,1,100,N,DIME,M,A,41,N,NA,NA,NA,NA,NA,NA
1996,F,1996-10-17,JC,2,1,120,N,NEAL,M,A,170,N,NA,NA,NA,NA,NA,NA
1996,F,1996-10-17,JC,2,1,126,N,ONAR,NA,J,34,N,NA,NA,NA,NA,NA,NA
1996,F,1996-10-17,JC,2,1,140,Y,DIME,NA,NA,0,NA,NA,NA,NA,NA,NA,NA
1996,F,1996-10-18,JC,3,1,5,Y,ONAR,NA,NA,0,NA,NA,NA,NA,NA,NA,NA
1996,F,1996-10-18,JC,3,1,7,Y,DIME,NA,NA,0,NA,NA,NA,NA,NA,NA,NA
1996,F,1996-10-18,JC,3,1,10,Y,DIME,NA,NA,0,NA,NA,NA,NA,NA,NA,NA
1996,F,1996-10-18,JC,3,1,12,Y,DIME,NA,NA,0,NA,NA,NA,NA,NA,NA,NA
1996,F,1996-10-18,JC,3,1,15,Y,DIME,NA,NA,0,NA,NA,NA,NA,NA,NA,NA
1996,F,1996-10-18,JC,3,1,25,Y,DIME,NA,NA,0,NA,NA,NA,NA,NA,NA,NA
1996,F,1996-10-18,JC,3,1,31,N,NEAL,NA,J,110,N,NA,NA,NA,NA,NA,NA
1996,F,1996-10-18,JC,3,1,32,Y,DIME,NA,NA,0,NA,NA,NA,NA,NA,NA,NA
1996,F,1996-10-18,JC,3,1,36,Y,DIME,NA,NA,0,NA,NA,NA,NA,NA,NA,NA
1996,F,1996-10-18,JC,3,1,48,Y,NEAL,NA,NA,0,NA,NA,NA,NA,NA,NA,NA
1996,F,1996-10-18,JC,3,1,49,N,PELE,M,A,22,Y,S,NA,NA,NA,NA,NA
1996,F,1996-10-18,JC,3,1,55,Y,DIME,NA,NA,0,NA,NA,NA,NA,NA,NA,NA
1996,F,1996-10-18,JC,3,1,59,Y,NEAL,NA,NA,0,NA,NA,NA,NA,NA,NA,NA
1996,F,1996-10-18,JC,3,1,80,N,DIME,M,A,41,N,NA,NA,NA,NA,NA,NA
1996,F,1996-10-18,JC,3,1,82,Y,DIME,NA,NA,0,NA,NA,NA,NA,NA,NA,NA
1996,F,1996-10-18,JC,3,1,84,N,ONAR,F,A,21,N,NA,NA,NA,NA,NA,NA
1996,F,1996-10-18,JC,3,1,94,Y,NEAL,NA,NA,0,NA,NA,NA,NA,NA,NA,NA
1996,F,1996-10-18,JC,3,1,95,Y,NEAL,NA,NA,0,NA,NA,NA,NA,NA,NA,NA
1996,F,1996-10-18,JC,3,1,96,N,DIME,M,A,37,N,NA,NA,NA,NA,NA,NA
1996,F,1996-10-18,JC,3,1,100,Y,DIME,NA,NA,0,NA,NA,NA,NA,NA,NA,NA
1996,F,1996-10-18,JC,3,1,103,Y,PELE,NA,NA,0,NA,NA,NA,NA,NA,NA,NA
1996,F,1996-10-18,JC,3,1,109,Y,ONAR,NA,NA,0,NA,NA,NA,NA,NA,NA,NA
1996,F,1996-10-18,JC,3,1,114,Y,DIME,NA,NA,0,NA,NA,NA,NA,NA,NA,NA
1996,F,1996-10-18,JC,3,1,119,Y,DIME,NA,NA,0,NA,NA,NA,NA,NA,NA,NA
1996,F,1996-10-18,JC,3,1,120,Y,NEAL,NA,NA,0,NA,NA,NA,NA,NA,NA,NA
1996,F,1996-10-18,JC,3,1,125,Y,ONAR,NA,NA,0,NA,NA,NA,NA,NA,NA,NA
1996,F,1996-10-18,JC,3,1,132,N,ONAR,M,A,20,N,NA,NA,NA,NA,NA,NA
1996,F,1996-10-18,JC,3,1,136,Y,DIME,NA,NA,0,NA,NA,NA,NA,NA,NA,NA
1996,F,1996-10-18,JC,3,1,140,N,ONAR,F,A,19,N,NA,NA,NA,NA,NA,NA
1996,F,1996-10-18,JC,3,1,143,Y,NEAL,NA,NA,0,NA,NA,NA,NA,NA,NA,NA
1996,F,1996-10-18,JC,3,1,145,Y,DIME,NA,NA,0,NA,NA,NA,NA,NA,NA,NA
1996,F,1996-10-18,JC,3,2,5,Y,NEAL,NA,NA,0,NA,NA,NA,NA,NA,NA,NA
1996,F,1996-10-18,JC,3,2,11,Y,DIME,NA,NA,0,NA,NA,NA,NA,NA,NA,NA
1996,F,1996-10-18,JC,3,2,16,Y,DIME,NA,NA,0,NA,NA,NA,NA,NA,NA,NA
1996,F,1996-10-18,JC,3,2,21,Y,DIME,NA,NA,0,NA,NA,NA,NA,NA,NA,NA
1996,F,1996-10-18,JC,3,2,24,Y,DIME,NA,NA,0,NA,NA,NA,NA,NA,NA,NA
1996,F,1996-10-18,JC,3,2,28,N,CHPE,M,A,13,N,NA,NA,NA,NA,NA,NA
1996,F,1996-10-18,JC,3,2,32,N,ONAR,M,A,14,N,NA,NA,NA,NA,NA,NA
1996,F,1996-10-18,JC,3,2,33,Y,DIME,NA,NA,0,NA,NA,NA,NA,NA,NA,NA
1996,F,1996-10-18,JC,3,2,34,N,ONAR,M,A,22,N,NA,NA,NA,NA,NA,NA
1996,F,1996-10-18,JC,3,2,35,N,NEAL,F,A,125,N,NA,NA,NA,NA,NA,NA
1996,F,1996-10-18,JC,3,2,36,Y,NEAL,NA,NA,0,NA,NA,NA,NA,NA,NA,NA
1996,F,1996-10-18,JC,3,2,39,Y,DIME,NA,NA,0,NA,NA,NA,NA,NA,NA,NA
1996,F,1996-10-18,JC,3,2,59,Y,NEAL,NA,NA,0,NA,NA,NA,NA,NA,NA,NA
1996,F,1996-10-18,JC,3,2,60,Y,NEAL,NA,NA,0,NA,NA,NA,NA,NA,NA,NA
1996,F,1996-10-18,JC,3,2,61,N,ONAR,F,A,14,N,NA,NA,NA,NA,NA,NA
1996,F,1996-10-18,JC,3,2,65,Y,NEAL,NA,NA,0,NA,NA,NA,NA,NA,NA,NA
1996,F,1996-10-18,JC,3,2,69,Y,ONAR,NA,NA,0,NA,NA,NA,NA,NA,NA,NA
1996,F,1996-10-18,JC,3,2,71,Y,NEAL,NA,NA,0,NA,NA,NA,NA,NA,NA,NA
1996,F,1996-10-18,JC,3,2,72,Y,NEAL,NA,NA,0,NA,NA,NA,NA,NA,NA,NA
1996,F,1996-10-18,JC,3,2,79,Y,DIME,NA,NA,0,NA,NA,NA,NA,NA,NA,NA
1996,F,1996-10-18,JC,3,2,83,Y,NEAL,NA,NA,0,NA,NA,NA,NA,NA,NA,NA
1996,F,1996-10-18,JC,3,2,84,N,DIME,F,A,41,N,NA,NA,NA,NA,NA,NA
1996,F,1996-10-18,JC,3,2,91,Y,DIME,NA,NA,0,NA,NA,NA,NA,NA,NA,NA
1996,F,1996-10-18,JC,3,2,94,Y,DIME,NA,NA,0,NA,NA,NA,NA,NA,NA,NA
1996,F,1996-10-18,JC,3,2,106,Y,DIME,NA,NA,0,NA,NA,NA,NA,NA,NA,NA
1996,F,1996-10-18,JC,3,2,110,Y,ONAR,NA,NA,0,NA,NA,NA,NA,NA,NA,NA
1996,F,1996-10-18,JC,3,2,115,Y,DIME,NA,NA,0,NA,NA,NA,NA,NA,NA,NA
1996,F,1996-10-18,JC,3,2,119,Y,DIME,NA,NA,0,NA,NA,NA,NA,NA,NA,NA
1996,F,1996-10-18,JC,3,2,121,Y,NEAL,NA,NA,0,NA,NA,NA,NA,NA,NA,NA
1996,F,1996-10-18,JC,3,2,122,Y,NEAL,NA,NA,0,NA,NA,NA,NA,NA,NA,NA
1996,F,1996-10-18,JC,3,2,124,Y,NEAL,NA,NA,0,NA,NA,NA,NA,NA,NA,NA
1996,F,1996-10-18,JC,3,2,127,N,ONAR,F,A,15,N,NA,NA,NA,NA,NA,NA
1996,F,1996-10-18,JC,3,2,133,N,CHPE,M,A,14,N,NA,NA,NA,NA,NA,NA
1996,F,1996-10-18,JC,3,2,136,Y,DIME,NA,NA,0,NA,NA,NA,NA,NA,NA,NA
1996,F,1996-10-18,JC,3,2,143,N,ONAR,F,A,15,Y,V,NA,NA,NA,NA,NA
1996,F,1996-10-18,JC,3,2,144,Y,NEAL,NA,NA,0,NA,NA,NA,NA,NA,NA,NA
1996,F,1996-10-18,JC,3,3,7,Y,DIME,NA,NA,0,NA,NA,NA,NA,NA,NA,NA
1996,F,1996-10-18,JC,3,3,9,Y,DIME,NA,NA,0,NA,NA,NA,NA,NA,NA,NA
1996,F,1996-10-18,JC,3,3,11,Y,NEAL,NA,NA,0,NA,NA,NA,NA,NA,NA,NA
1996,F,1996-10-18,JC,3,3,12,Y,NEAL,NA,NA,0,NA,NA,NA,NA,NA,NA,NA
1996,F,1996-10-18,JC,3,3,18,Y,DIME,NA,NA,0,NA,NA,NA,NA,NA,NA,NA
1996,F,1996-10-18,JC,3,3,22,N,NEAL,F,A,160,Y,L,NA,NA,NA,NA,NA
1996,F,1996-10-18,JC,3,3,30,Y,DIME,NA,NA,0,NA,NA,NA,NA,NA,NA,NA
1996,F,1996-10-18,JC,3,3,36,N,DIME,M,A,54,Y,S,NA,NA,NA,NA,NA
1996,F,1996-10-18,JC,3,3,39,Y,DIME,NA,NA,0,NA,NA,NA,NA,NA,NA,NA
1996,F,1996-10-18,JC,3,3,45,Y,DIME,NA,NA,0,NA,NA,NA,NA,NA,NA,NA
1996,F,1996-10-18,JC,3,3,46,Y,DIME,NA,NA,0,NA,NA,NA,NA,NA,NA,NA
1996,F,1996-10-18,JC,3,3,47,Y,SPSP,NA,NA,0,NA,NA,NA,NA,NA,NA,NA
1996,F,1996-10-18,JC,3,3,59,N,SPSP,M,A,91,N,NA,NA,NA,NA,NA,NA
1996,F,1996-10-18,JC,3,3,68,Y,NEAL,NA,NA,0,NA,NA,NA,NA,NA,NA,NA
1996,F,1996-10-18,JC,3,3,72,Y,DIME,NA,NA,0,NA,NA,NA,NA,NA,NA,NA
1996,F,1996-10-18,JC,3,3,78,N,DIME,NA,J,34,N,NA,NA,NA,NA,NA,NA
1996,F,1996-10-18,JC,3,3,82,N,PELE,F,A,34,Y,P,NA,NA,NA,NA,NA
1996,F,1996-10-18,JC,3,3,84,Y,DIME,NA,NA,0,NA,NA,NA,NA,NA,NA,NA
1996,F,1996-10-18,JC,3,3,84,Y,DIME,NA,NA,0,NA,NA,NA,NA,NA,NA,NA
1996,F,1996-10-18,JC,3,3,90,N,PGFL,F,A,9,Y,P,NA,NA,NA,NA,NA
1996,F,1996-10-18,JC,3,3,91,Y,NEAL,NA,NA,0,NA,NA,NA,NA,NA,NA,NA
1996,F,1996-10-18,JC,3,3,92,N,DIME,F,A,42,Y,V,NA,NA,NA,NA,NA
1996,F,1996-10-18,JC,3,3,92,N,DIME,F,A,45,N,NA,NA,NA,NA,NA,NA
1996,F,1996-10-18,JC,3,3,93,N,DIME,F,A,42,Y,L,NA,NA,NA,NA,NA
1996,F,1996-10-18,JC,3,3,94,Y,DIME,NA,NA,0,NA,NA,NA,NA,NA,NA,NA
1996,F,1996-10-18,JC,3,3,94,Y,DIME,NA,NA,0,NA,NA,NA,NA,NA,NA,NA
1996,F,1996-10-18,JC,3,3,95,N,DIME,F,A,45,N,NA,NA,NA,NA,NA,NA
1996,F,1996-10-18,JC,3,3,96,Y,NEAL,NA,NA,0,NA,NA,NA,NA,NA,NA,NA
1996,F,1996-10-18,JC,3,3,102,NA,PELE,NA,NA,0,NA,NA,Y,U,NA,NA,NA
1996,F,1996-10-18,JC,3,3,103,N,CHPE,M,A,74,N,NA,NA,NA,NA,NA,NA
1996,F,1996-10-18,JC,3,3,126,Y,DIME,NA,NA,0,NA,NA,NA,NA,NA,NA,NA
1996,F,1996-10-18,JC,3,3,128,N,ONAR,F,A,22,N,NA,NA,NA,NA,NA,NA
1996,F,1996-10-18,JC,3,3,129,Y,DIME,NA,NA,0,NA,NA,NA,NA,NA,NA,NA
1996,F,1996-10-18,JC,3,3,130,N,DIME,F,A,55,Y,L,NA,NA,NA,NA,NA
1996,F,1996-10-18,JC,3,3,131,N,DIME,F,A,57,Y,P,NA,NA,NA,NA,NA
1996,F,1996-10-18,JC,3,3,132,N,NEAL,F,A,232,Y,L,NA,NA,NA,NA,NA
1996,F,1996-10-18,JC,3,3,134,Y,NEAL,NA,NA,0,NA,NA,NA,NA,NA,NA,NA
1996,F,1996-10-18,JC,3,3,139,N,DIME,NA,J,21,N,NA,NA,NA,NA,NA,NA
1997,F,1997-10-28,JC,1,1,2,N,DIME,M,A,37,N,NA,NA,NA,NA,NA,NA
1997,F,1997-10-28,JC,1,1,10,N,DIME,F,A,44,N,NA,NA,NA,NA,NA,NA
1997,F,1997-10-28,JC,1,1,11,N,DIME,F,A,39,N,NA,NA,NA,NA,NA,NA
1997,F,1997-10-28,JC,1,1,12,N,DIME,M,A,44,N,NA,NA,NA,NA,NA,NA
1997,F,1997-10-28,JC,1,1,19,N,DIME,F,A,43,N,NA,NA,NA,NA,NA,NA
1997,F,1997-10-28,JC,1,1,21,N,NEAL,NA,J,83,N,NA,NA,NA,NA,NA,NA
1997,F,1997-10-28,JC,1,1,22,N,ONAR,NA,J,16,N,NA,NA,NA,NA,NA,NA
1997,F,1997-10-28,JC,1,1,23,N,DIME,F,A,46,N,NA,NA,NA,NA,NA,NA
1997,F,1997-10-28,JC,1,1,31,N,DIME,M,A,46,N,NA,NA,NA,NA,NA,NA
1997,F,1997-10-28,JC,1,1,35,N,DIME,M,A,40,N,NA,NA,NA,NA,NA,NA
1997,F,1997-10-28,JC,1,1,36,N,DIME,F,A,43,N,NA,NA,NA,NA,NA,NA
1997,F,1997-10-28,JC,1,1,41,N,NEAL,F,A,152,N,NA,NA,NA,NA,NA,NA
1997,F,1997-10-28,JC,1,1,42,N,ONAR,NA,J,17,N,NA,NA,NA,NA,NA,NA
1997,F,1997-10-28,JC,1,1,46,N,DIME,M,A,48,N,NA,NA,NA,NA,NA,NA
1997,F,1997-10-28,JC,1,1,47,N,DIME,M,A,44,N,NA,NA,NA,NA,NA,NA
1997,F,1997-10-28,JC,1,1,48,N,DIME,F,A,41,N,NA,NA,NA,NA,NA,NA
1997,F,1997-10-28,JC,1,1,55,N,DIME,M,A,44,N,NA,NA,NA,NA,NA,NA
1997,F,1997-10-28,JC,1,1,57,N,DIME,F,A,45,N,NA,NA,NA,NA,NA,NA
1997,F,1997-10-28,JC,1,1,58,N,DIME,NA,J,38,N,NA,NA,NA,NA,NA,NA
1997,F,1997-10-28,JC,1,1,59,N,DIME,F,A,37,N,NA,NA,NA,NA,NA,NA
1997,F,1997-10-28,JC,1,1,60,N,DIME,M,A,46,N,NA,NA,NA,NA,NA,NA
1997,F,1997-10-28,JC,1,1,69,N,DIME,M,A,44,N,NA,NA,NA,NA,NA,NA
1997,F,1997-10-28,JC,1,1,70,N,DIME,M,A,39,N,NA,NA,NA,NA,NA,NA
1997,F,1997-10-28,JC,1,1,72,N,REME,M,A,12,N,NA,NA,NA,NA,NA,NA
1997,F,1997-10-28,JC,1,1,74,N,DIME,F,A,44,N,NA,NA,NA,NA,NA,NA
1997,F,1997-10-28,JC,1,1,82,N,DIME,F,A,38,N,NA,NA,NA,NA,NA,NA
1997,F,1997-10-28,JC,1,1,84,N,DIME,M,A,39,N,NA,NA,NA,NA,NA,NA
1997,F,1997-10-28,JC,1,1,86,N,DIME,F,A,44,N,NA,NA,NA,NA,NA,NA
1997,F,1997-10-28,JC,1,1,91,N,ONAR,F,A,19,N,NA,NA,NA,NA,NA,NA
1997,F,1997-10-28,JC,1,1,92,N,DIME,F,A,38,N,NA,NA,NA,NA,NA,NA
1997,F,1997-10-28,JC,1,1,93,N,NEAL,NA,J,120,N,NA,NA,NA,NA,NA,NA
1997,F,1997-10-28,JC,1,1,103,N,DIME,M,A,44,N,NA,NA,NA,NA,NA,NA
1997,F,1997-10-28,JC,1,1,105,N,DIME,M,A,37,N,NA,NA,NA,NA,NA,NA
1997,F,1997-10-28,JC,1,1,110,N,DIME,NA,J,36,N,NA,NA,NA,NA,NA,NA
1997,F,1997-10-28,JC,1,2,110,N,ONAR,M,A,20,N,NA,NA,NA,NA,NA,NA
1997,F,1997-10-28,JC,1,1,111,N,REME,F,A,12,N,NA,NA,NA,NA,NA,NA
1997,F,1997-10-28,JC,1,1,113,N,ONAR,F,A,22,N,NA,NA,NA,NA,NA,NA
1997,F,1997-10-28,JC,1,1,114,N,DIME,M,A,39,N,NA,NA,NA,NA,NA,NA
1997,F,1997-10-28,JC,1,1,116,N,SIHI,M,A,68,N,NA,NA,NA,NA,NA,NA
1997,F,1997-10-28,JC,1,1,117,N,NEAL,F,A,170,N,NA,NA,NA,NA,NA,NA
1997,F,1997-10-28,JC,1,1,120,N,DIME,M,A,38,N,NA,NA,NA,NA,NA,NA
1997,F,1997-10-28,JC,1,1,128,N,NEAL,F,A,230,N,NA,NA,NA,NA,NA,NA
1997,F,1997-10-28,JC,1,1,131,N,DIME,F,A,38,N,NA,NA,NA,NA,NA,NA
1997,F,1997-10-28,JC,1,1,132,N,NEAL,F,A,137,N,NA,NA,NA,NA,NA,NA
1997,F,1997-10-28,JC,1,1,136,N,DIME,M,A,41,N,NA,NA,NA,NA,NA,NA
1997,F,1997-10-28,JC,1,1,138,N,ONAR,F,A,19,N,NA,NA,NA,NA,NA,NA
1997,F,1997-10-28,JC,1,1,140,N,DIME,M,A,40,N,NA,NA,NA,NA,NA,NA
1997,F,1997-10-28,JC,1,1,141,N,DIME,NA,J,39,N,NA,NA,NA,NA,NA,NA
1997,F,1997-10-28,JC,1,1,142,N,DIME,F,A,37,N,NA,NA,NA,NA,NA,NA
1997,F,1997-10-28,JC,1,1,143,N,DIME,M,A,40,N,NA,NA,NA,NA,NA,NA
1997,F,1997-10-28,JC,1,1,144,N,REME,M,A,9,N,NA,NA,NA,NA,NA,NA
1997,F,1997-10-28,JC,1,1,89,N,DIME,M,A,39,N,NA,NA,NA,NA,NA,NA
1997,F,1997-10-28,JC,1,2,4,N,NEAL,M,A,175,N,NA,NA,NA,NA,NA,NA
1997,F,1997-10-28,JC,1,2,7,N,DIME,M,A,43,N,NA,NA,NA,NA,NA,NA
1997,F,1997-10-28,JC,1,2,9,N,DIME,M,A,39,N,NA,NA,NA,NA,NA,NA
1997,F,1997-10-28,JC,1,2,15,N,DIME,M,A,36,N,NA,NA,NA,NA,NA,NA
1997,F,1997-10-28,JC,1,2,18,N,DIME,F,A,39,N,NA,NA,NA,NA,NA,NA
1997,F,1997-10-28,JC,1,2,20,N,DIME,F,A,38,N,NA,NA,NA,NA,NA,NA
1997,F,1997-10-28,JC,1,2,21,N,PGFL,M,A,6,N,NA,NA,NA,NA,NA,NA
1997,F,1997-10-28,JC,1,2,24,N,DIME,M,A,43,N,NA,NA,NA,NA,NA,NA
1997,F,1997-10-28,JC,1,2,28,N,ONAR,F,A,27,N,NA,NA,NA,NA,NA,NA
1997,F,1997-10-28,JC,1,2,30,N,DIME,F,A,39,N,NA,NA,NA,NA,NA,NA
1997,F,1997-10-28,JC,1,2,32,N,DIME,F,A,46,N,NA,NA,NA,NA,NA,NA
1997,F,1997-10-28,JC,1,2,35,N,DIME,M,A,48,N,NA,NA,NA,NA,NA,NA
1997,F,1997-10-28,JC,1,2,36,N,DIME,M,A,50,N,NA,NA,NA,NA,NA,NA
1997,F,1997-10-28,JC,1,2,39,N,DIME,M,A,39,N,NA,NA,NA,NA,NA,NA
1997,F,1997-10-28,JC,1,2,47,N,DIME,M,A,38,N,NA,NA,NA,NA,NA,NA
1997,F,1997-10-28,JC,1,2,52,N,DIME,F,A,48,N,NA,NA,NA,NA,NA,NA
1997,F,1997-10-28,JC,1,2,55,N,DIME,M,A,41,N,NA,NA,NA,NA,NA,NA
1997,F,1997-10-28,JC,1,2,56,N,DIME,M,A,48,N,NA,NA,NA,NA,NA,NA
1997,F,1997-10-28,JC,1,2,57,N,DIME,F,A,37,N,NA,NA,NA,NA,NA,NA
1997,F,1997-10-28,JC,1,2,68,N,NEAL,F,A,0,NA,NA,Y,U,NA,NA,NA
1997,F,1997-10-28,JC,1,2,70,N,DIME,F,A,42,N,NA,NA,NA,NA,NA,NA
1997,F,1997-10-28,JC,1,2,72,N,DIME,M,A,37,N,NA,NA,NA,NA,NA,NA
1997,F,1997-10-28,JC,1,2,76,N,PELE,M,A,18,N,NA,NA,NA,NA,NA,NA
1997,F,1997-10-28,JC,1,2,78,N,DIME,M,A,41,N,NA,NA,NA,NA,NA,NA
1997,F,1997-10-28,JC,1,2,79,N,DIME,M,A,39,N,NA,NA,NA,NA,NA,NA
1997,F,1997-10-28,JC,1,2,83,N,DIME,M,A,37,N,NA,NA,NA,NA,NA,NA
1997,F,1997-10-28,JC,1,2,84,N,DIME,F,A,37,N,NA,NA,NA,NA,NA,NA
1997,F,1997-10-28,JC,1,2,86,N,DIME,F,A,37,N,NA,NA,NA,NA,NA,NA
1997,F,1997-10-28,JC,1,2,88,N,DIME,M,A,39,N,NA,NA,NA,NA,NA,NA
1997,F,1997-10-28,JC,1,2,90,N,NEAL,NA,J,95,N,NA,NA,NA,NA,NA,NA
1997,F,1997-10-28,JC,1,2,92,N,DIME,M,A,42,N,NA,NA,NA,NA,NA,NA
1997,F,1997-10-28,JC,1,2,93,N,DIME,M,A,41,N,NA,NA,NA,NA,NA,NA
1997,F,1997-10-28,JC,1,2,94,N,DIME,M,A,39,N,NA,NA,NA,NA,NA,NA
1997,F,1997-10-28,JC,1,2,95,N,DIME,M,A,43,N,NA,NA,NA,NA,NA,NA
1997,F,1997-10-28,JC,1,2,96,N,DIME,F,A,0,NA,NA,Y,M,NA,NA,NA
1997,F,1997-10-28,JC,1,2,99,N,ONAR,F,A,19,N,NA,NA,NA,NA,NA,NA
1997,F,1997-10-28,JC,1,2,100,N,PELE,F,A,28,N,NA,NA,NA,NA,NA,NA
1997,F,1997-10-28,JC,1,2,102,N,DIME,M,A,40,N,NA,NA,NA,NA,NA,NA
1997,F,1997-10-28,JC,1,2,103,N,PELE,NA,NA,0,NA,NA,Y,U,NA,NA,NA
1997,F,1997-10-28,JC,1,2,104,N,DIME,F,A,41,N,NA,NA,NA,NA,NA,NA
1997,F,1997-10-28,JC,1,2,105,N,DIME,M,A,48,N,NA,NA,NA,NA,NA,NA
1997,F,1997-10-28,JC,1,2,106,N,DIME,M,A,40,N,NA,NA,NA,NA,NA,NA
1997,F,1997-10-28,JC,1,2,108,N,DIME,M,A,45,N,NA,NA,NA,NA,NA,NA
1997,F,1997-10-28,JC,1,2,113,N,PGFL,F,A,5,N,NA,NA,NA,NA,NA,NA
1997,F,1997-10-28,JC,1,2,114,N,ONAR,F,A,17,N,NA,NA,NA,NA,NA,NA
1997,F,1997-10-28,JC,1,2,115,N,DIME,F,A,36,N,NA,NA,NA,NA,NA,NA
1997,F,1997-10-28,JC,1,2,120,N,DIME,M,A,38,N,NA,NA,NA,NA,NA,NA
1997,F,1997-10-28,JC,1,2,125,N,DIME,NA,NA,0,NA,NA,Y,U,NA,NA,NA
1997,F,1997-10-28,JC,1,2,129,N,NEAL,NA,J,98,N,NA,NA,NA,NA,NA,NA
1997,F,1997-10-28,JC,1,2,130,N,DIME,F,A,41,N,NA,NA,NA,NA,NA,NA
1997,F,1997-10-28,JC,1,2,132,N,DIME,M,A,45,N,NA,NA,NA,NA,NA,NA
1997,F,1997-10-28,JC,1,2,139,N,DIME,M,A,44,N,NA,NA,NA,NA,NA,NA
1997,F,1997-10-28,JC,1,2,141,N,DIME,F,A,46,N,NA,NA,NA,NA,NA,NA
1997,F,1997-10-28,JC,1,2,141,N,DIME,M,A,50,N,NA,NA,NA,NA,NA,NA
1997,F,1997-10-28,JC,1,2,142,N,DIME,NA,NA,0,NA,NA,Y,U,NA,NA,NA
1997,F,1997-10-28,JC,1,2,144,N,DIME,F,A,42,N,NA,NA,NA,NA,NA,NA
1997,F,1997-10-29,JC,2,2,108,N,DIME,M,A,52,N,NA,NA,NA,NA,NA,NA
1997,F,1997-10-28,JC,1,3,4,N,CHPE,M,A,14,N,NA,NA,NA,NA,NA,NA
1997,F,1997-10-28,JC,1,3,5,N,PELE,F,A,19,N,NA,NA,NA,NA,NA,NA
1997,F,1997-10-28,JC,1,3,6,N,DIME,F,A,46,N,NA,NA,NA,NA,NA,NA
1997,F,1997-10-28,JC,1,3,7,N,CHPE,F,A,15,N,NA,NA,NA,NA,NA,NA
1997,F,1997-10-28,JC,1,3,8,N,ONAR,M,A,17,N,NA,NA,NA,NA,NA,NA
1997,F,1997-10-28,JC,1,3,9,N,NEAL,NA,J,142,N,NA,NA,NA,NA,NA,NA
1997,F,1997-10-28,JC,1,3,10,N,DIME,M,A,44,N,NA,NA,NA,NA,NA,NA
1997,F,1997-10-28,JC,1,3,11,N,PELE,F,A,26,N,NA,NA,NA,NA,NA,NA
1997,F,1997-10-28,JC,1,3,12,N,DIME,F,A,46,N,NA,NA,NA,NA,NA,NA
1997,F,1997-10-28,JC,1,3,17,N,DIME,F,A,35,N,NA,NA,NA,NA,NA,NA
1997,F,1997-10-28,JC,1,3,18,N,DIME,M,A,42,N,NA,NA,NA,NA,NA,NA
1997,F,1997-10-28,JC,1,3,20,N,DIME,NA,J,36,N,NA,NA,NA,NA,NA,NA
1997,F,1997-10-28,JC,1,3,21,N,DIME,M,A,38,N,NA,NA,NA,NA,NA,NA
1997,F,1997-10-28,JC,1,3,24,N,NEAL,F,A,182,N,NA,NA,NA,NA,NA,NA
1997,F,1997-10-28,JC,1,3,26,N,DIME,NA,J,34,N,NA,NA,NA,NA,NA,NA
1997,F,1997-10-28,JC,1,3,30,N,PELE,M,A,19,N,NA,NA,NA,NA,NA,NA
1997,F,1997-10-28,JC,1,3,31,N,DIME,F,A,38,N,NA,NA,NA,NA,NA,NA
1997,F,1997-10-28,JC,1,3,34,N,DIME,NA,J,36,N,NA,NA,NA,NA,NA,NA
1997,F,1997-10-28,JC,1,3,36,N,DIME,F,A,42,N,NA,NA,NA,NA,NA,NA
1997,F,1997-10-28,JC,1,3,89,N,DIME,F,A,42,N,NA,NA,NA,NA,NA,NA
1997,F,1997-10-28,JC,1,3,42,N,DIME,M,A,39,N,NA,NA,NA,NA,NA,NA
1997,F,1997-10-28,JC,1,3,44,N,ONAR,M,A,22,N,NA,NA,NA,NA,NA,NA
1997,F,1997-10-28,JC,1,3,47,N,DIME,M,A,38,N,NA,NA,NA,NA,NA,NA
1997,F,1997-10-28,JC,1,3,48,N,DIME,F,A,43,N,NA,NA,NA,NA,NA,NA
1997,F,1997-10-28,JC,1,3,61,N,DIME,M,A,38,N,NA,NA,NA,NA,NA,NA
1997,F,1997-10-28,JC,1,3,65,N,DIME,M,A,37,N,NA,NA,NA,NA,NA,NA
1997,F,1997-10-28,JC,1,3,66,N,DIME,F,A,36,N,NA,NA,NA,NA,NA,NA
1997,F,1997-10-28,JC,1,3,67,N,PELE,F,A,19,N,NA,NA,NA,NA,NA,NA
1997,F,1997-10-28,JC,1,3,68,N,DIME,F,A,38,N,NA,NA,NA,NA,NA,NA
1997,F,1997-10-28,JC,1,3,70,N,DIME,M,A,44,N,NA,NA,NA,NA,NA,NA
1997,F,1997-10-28,JC,1,3,76,N,DIME,M,A,47,N,NA,NA,NA,NA,NA,NA
1997,F,1997-10-28,JC,1,3,78,N,DIME,M,A,48,N,NA,NA,NA,NA,NA,NA
1997,F,1997-10-28,JC,1,3,82,N,DIME,M,A,42,N,NA,NA,NA,NA,NA,NA
1997,F,1997-10-28,JC,1,3,83,N,DIME,F,A,43,N,NA,NA,NA,NA,NA,NA
1997,F,1997-10-28,JC,1,3,87,N,CHPE,F,A,9,N,NA,NA,NA,NA,NA,NA
1997,F,1997-10-28,JC,1,3,90,N,PGFL,M,A,6,N,NA,NA,NA,NA,NA,NA
1997,F,1997-10-28,JC,1,3,91,N,SIHI,M,A,58,N,NA,NA,NA,NA,NA,NA
1997,F,1997-10-28,JC,1,3,92,N,DIME,F,A,38,N,NA,NA,NA,NA,NA,NA
1997,F,1997-10-28,JC,1,3,93,N,DIME,NA,J,31,N,NA,NA,NA,NA,NA,NA
1997,F,1997-10-28,JC,1,3,95,N,DIME,M,A,45,N,NA,NA,NA,NA,NA,NA
1997,F,1997-10-28,JC,1,3,104,N,DIME,M,A,41,N,NA,NA,NA,NA,NA,NA
1997,F,1997-10-28,JC,1,3,105,N,DIME,NA,NA,0,NA,NA,Y,U,NA,NA,NA
1997,F,1997-10-28,JC,1,3,106,N,SIHI,F,A,58,N,NA,NA,NA,NA,NA,NA
1997,F,1997-10-28,JC,1,3,107,N,DIME,M,A,41,N,NA,NA,NA,NA,NA,NA
1997,F,1997-10-28,JC,1,3,118,N,DIME,F,A,44,N,NA,NA,NA,NA,NA,NA
1997,F,1997-10-28,JC,1,3,119,N,DIME,NA,J,0,N,NA,Y,U,NA,NA,NA
1997,F,1997-10-28,JC,1,3,120,N,DIME,M,A,45,N,NA,NA,NA,NA,NA,NA
1997,F,1997-10-28,JC,1,3,122,N,NEAL,F,A,0,N,NA,Y,M,NA,NA,NA
1997,F,1997-10-28,JC,1,3,125,N,ONAR,F,A,19,N,NA,NA,NA,NA,NA,NA
1997,F,1997-10-28,JC,1,3,127,N,DIME,NA,J,32,N,NA,NA,NA,NA,NA,NA
1997,F,1997-10-28,JC,1,3,130,N,DIME,M,A,45,N,NA,NA,NA,NA,NA,NA
1997,F,1997-10-28,JC,1,3,134,N,DIME,NA,J,32,N,NA,NA,NA,NA,NA,NA
1997,F,1997-10-28,JC,1,3,137,N,DIME,F,A,41,N,NA,NA,NA,NA,NA,NA
1997,F,1997-10-28,JC,1,3,140,N,ONAR,NA,NA,0,NA,NA,Y,U,NA,NA,NA
1997,F,1997-10-29,JC,2,1,7,Y,DIME,NA,NA,0,NA,NA,NA,NA,NA,NA,NA
1997,F,1997-10-29,JC,2,1,10,Y,NEAL,NA,NA,0,NA,NA,NA,NA,NA,NA,NA
1997,F,1997-10-29,JC,2,1,12,Y,DIME,NA,NA,0,NA,NA,NA,NA,NA,NA,NA
1997,F,1997-10-29,JC,2,1,20,Y,DIME,NA,NA,0,NA,NA,NA,NA,NA,NA,NA
1997,F,1997-10-29,JC,2,1,30,Y,ONAR,NA,NA,0,NA,NA,NA,NA,NA,NA,NA
1997,F,1997-10-29,JC,2,1,32,N,DIME,F,A,46,N,NA,NA,NA,NA,NA,NA
1997,F,1997-10-29,JC,2,1,33,N,PGFL,M,A,6,N,NA,NA,NA,NA,NA,NA
1997,F,1997-10-29,JC,2,1,35,Y,DIME,NA,NA,0,NA,NA,NA,NA,NA,NA,NA
1997,F,1997-10-29,JC,2,1,36,Y,DIME,NA,NA,0,NA,NA,NA,NA,NA,NA,NA
1997,F,1997-10-29,JC,2,1,38,Y,DIME,NA,NA,0,NA,NA,NA,NA,NA,NA,NA
1997,F,1997-10-29,JC,2,1,138,N,SIHI,F,A,75,N,NA,NA,NA,NA,NA,NA
1997,F,1997-10-29,JC,2,1,41,N,ONAR,M,A,19,N,NA,NA,NA,NA,NA,NA
1997,F,1997-10-29,JC,2,1,45,Y,DIME,NA,NA,0,NA,NA,NA,NA,NA,NA,NA
1997,F,1997-10-29,JC,2,1,47,Y,DIME,NA,NA,0,NA,NA,NA,NA,NA,NA,NA
1997,F,1997-10-29,JC,2,1,48,Y,NEAL,NA,NA,0,NA,NA,NA,NA,NA,NA,NA
1997,F,1997-10-29,JC,2,1,51,Y,DIME,NA,NA,0,NA,NA,NA,NA,NA,NA,NA
1997,F,1997-10-29,JC,2,1,55,Y,DIME,NA,NA,0,NA,NA,NA,NA,NA,NA,NA
1997,F,1997-10-29,JC,2,1,59,Y,DIME,NA,NA,0,NA,NA,NA,NA,NA,NA,NA
1997,F,1997-10-29,JC,2,1,60,Y,DIME,NA,NA,0,NA,NA,NA,NA,NA,NA,NA
1997,F,1997-10-29,JC,2,1,62,Y,NA,NA,NA,0,NA,NA,Y,U,NA,NA,NA
1997,F,1997-10-29,JC,2,1,70,Y,DIME,NA,NA,0,NA,NA,NA,NA,NA,NA,NA
1997,F,1997-10-29,JC,2,1,80,Y,DIME,NA,NA,0,NA,NA,NA,NA,NA,NA,NA
1997,F,1997-10-29,JC,2,1,81,N,DIME,M,A,41,N,NA,NA,NA,NA,NA,NA
1997,F,1997-10-29,JC,2,1,82,Y,DIME,NA,NA,0,NA,NA,NA,NA,NA,NA,NA
1997,F,1997-10-29,JC,2,1,84,N,DIME,M,A,42,N,NA,NA,NA,NA,NA,NA
1997,F,1997-10-29,JC,2,1,85,Y,DIME,NA,NA,0,NA,NA,NA,NA,NA,NA,NA
1997,F,1997-10-29,JC,2,1,89,Y,DIME,NA,NA,0,NA,NA,NA,NA,NA,NA,NA
1997,F,1997-10-29,JC,2,1,91,N,DIME,M,A,45,N,NA,NA,NA,NA,NA,NA
1997,F,1997-10-29,JC,2,1,92,Y,DIME,NA,NA,0,NA,NA,NA,NA,NA,NA,NA
1997,F,1997-10-29,JC,2,1,93,Y,NEAL,NA,NA,0,NA,NA,NA,NA,NA,NA,NA
1997,F,1997-10-29,JC,2,1,95,Y,NEAL,NA,NA,0,NA,NA,NA,NA,NA,NA,NA
1997,F,1997-10-29,JC,2,1,100,N,PELE,NA,NA,0,NA,NA,Y,U,NA,NA,NA
1997,F,1997-10-29,JC,2,1,104,N,DIME,F,A,38,N,NA,NA,NA,NA,NA,NA
1997,F,1997-10-29,JC,2,1,106,Y,NEAL,NA,NA,0,NA,NA,NA,NA,NA,NA,NA
1997,F,1997-10-29,JC,2,1,110,N,PELE,F,A,19,Y,P,NA,NA,NA,NA,NA
1997,F,1997-10-29,JC,2,1,113,Y,ONAR,NA,NA,0,NA,NA,NA,NA,NA,NA,NA
1997,F,1997-10-29,JC,2,1,114,Y,DIME,NA,NA,0,NA,NA,NA,NA,NA,NA,NA
1997,F,1997-10-29,JC,2,1,115,Y,DIME,NA,NA,0,NA,NA,NA,NA,NA,NA,NA
1997,F,1997-10-29,JC,2,1,117,N,PGFL,M,A,6,N,NA,NA,NA,NA,NA,NA
1997,F,1997-10-29,JC,2,1,121,N,DIME,F,A,45,N,NA,NA,NA,NA,NA,NA
1997,F,1997-10-29,JC,2,1,125,Y,ONAR,NA,NA,0,NA,NA,NA,NA,NA,NA,NA
1997,F,1997-10-29,JC,2,1,128,Y,NEAL,NA,NA,0,NA,NA,NA,NA,NA,NA,NA
1997,F,1997-10-29,JC,2,1,131,Y,DIME,NA,NA,0,NA,NA,NA,NA,NA,NA,NA
1997,F,1997-10-29,JC,2,1,132,N,DIME,F,A,38,N,NA,NA,NA,NA,NA,NA
1997,F,1997-10-29,JC,2,1,133,Y,DIME,NA,NA,0,NA,NA,NA,NA,NA,NA,NA
1997,F,1997-10-29,JC,2,1,136,Y,DIME,NA,NA,0,NA,NA,NA,NA,NA,NA,NA
1997,F,1997-10-29,JC,2,1,137,N,SIHI,M,A,56,N,NA,NA,NA,NA,NA,NA
1997,F,1997-10-29,JC,2,1,140,Y,ONAR,NA,NA,0,NA,NA,NA,NA,NA,NA,NA
1997,F,1997-10-29,JC,2,1,141,N,ONAR,F,A,23,N,NA,NA,NA,NA,NA,NA
1997,F,1997-10-29,JC,2,1,142,Y,DIME,NA,NA,0,NA,NA,NA,NA,NA,NA,NA
1997,F,1997-10-29,JC,2,1,143,Y,DIME,NA,NA,0,NA,NA,NA,NA,NA,NA,NA
1997,F,1997-10-29,JC,2,2,7,Y,DIME,NA,NA,0,NA,NA,NA,NA,NA,NA,NA
1997,F,1997-10-29,JC,2,2,11,Y,DIME,NA,NA,0,NA,NA,NA,NA,NA,NA,NA
1997,F,1997-10-29,JC,2,2,15,Y,NEAL,NA,NA,0,NA,NA,NA,NA,NA,NA,NA
1997,F,1997-10-29,JC,2,2,16,Y,ONAR,NA,NA,0,NA,NA,NA,NA,NA,NA,NA
1997,F,1997-10-29,JC,2,2,21,N,DIME,M,A,52,N,NA,NA,NA,NA,NA,NA
1997,F,1997-10-29,JC,2,2,25,N,DIME,M,A,42,N,NA,NA,NA,NA,NA,NA
1997,F,1997-10-29,JC,2,2,26,N,DIME,M,A,47,N,NA,NA,NA,NA,NA,NA
1997,F,1997-10-29,JC,2,2,29,NA,ONAR,NA,NA,0,NA,NA,Y,U,NA,NA,NA
1997,F,1997-10-29,JC,2,2,30,N,DIME,M,A,48,N,NA,NA,NA,NA,NA,NA
1997,F,1997-10-29,JC,2,2,32,Y,DIME,NA,NA,0,NA,NA,NA,NA,NA,NA,NA
1997,F,1997-10-29,JC,2,2,33,N,CHPE,M,A,13,N,NA,NA,NA,NA,NA,NA
1997,F,1997-10-29,JC,2,2,35,N,CHPE,F,A,14,N,NA,NA,NA,NA,NA,NA
1997,F,1997-10-29,JC,2,2,36,N,DIME,F,A,39,N,NA,NA,NA,NA,NA,NA
1997,F,1997-10-29,JC,2,2,37,Y,DIME,NA,NA,0,NA,NA,NA,NA,NA,NA,NA
1997,F,1997-10-29,JC,2,2,39,Y,DIME,NA,NA,0,NA,NA,NA,NA,NA,NA,NA
1997,F,1997-10-29,JC,2,2,41,Y,DIME,NA,NA,0,NA,NA,NA,NA,NA,NA,NA
1997,F,1997-10-29,JC,2,2,42,Y,DIME,NA,NA,0,NA,NA,NA,NA,NA,NA,NA
1997,F,1997-10-29,JC,2,2,45,Y,DIME,NA,NA,0,NA,NA,NA,NA,NA,NA,NA
1997,F,1997-10-29,JC,2,2,47,N,SIHI,M,A,63,N,NA,NA,NA,NA,NA,NA
1997,F,1997-10-29,JC,2,2,53,NA,DIME,NA,NA,0,NA,NA,Y,U,NA,NA,NA
1997,F,1997-10-29,JC,2,2,55,NA,DIME,NA,NA,0,NA,NA,Y,U,NA,NA,NA
1997,F,1997-10-29,JC,2,2,57,N,SIHI,NA,NA,0,NA,NA,Y,U,NA,NA,NA
1997,F,1997-10-29,JC,2,2,58,Y,DIME,NA,NA,0,NA,NA,NA,NA,NA,NA,NA
1997,F,1997-10-29,JC,2,2,59,Y,DIME,NA,NA,0,NA,NA,NA,NA,NA,NA,NA
1997,F,1997-10-29,JC,2,2,64,Y,ONAR,NA,NA,0,NA,NA,NA,NA,NA,NA,NA
1997,F,1997-10-29,JC,2,2,67,N,CHPE,F,A,16,N,NA,NA,NA,NA,NA,NA
1997,F,1997-10-29,JC,2,2,72,N,DIME,M,A,38,N,NA,NA,NA,NA,NA,NA
1997,F,1997-10-29,JC,2,2,85,Y,DIME,NA,NA,0,NA,NA,NA,NA,NA,NA,NA
1997,F,1997-10-29,JC,2,2,86,N,ONAR,NA,J,16,N,NA,NA,NA,NA,NA,NA
1997,F,1997-10-29,JC,2,2,88,N,ONAR,M,A,21,N,NA,NA,NA,NA,NA,NA
1997,F,1997-10-29,JC,2,2,92,N,DIME,M,A,39,N,NA,NA,NA,NA,NA,NA
1997,F,1997-10-29,JC,2,2,92,Y,DIME,NA,NA,0,NA,NA,NA,NA,NA,NA,NA
1997,F,1997-10-29,JC,2,2,93,Y,DIME,NA,NA,0,NA,NA,NA,NA,NA,NA,NA
1997,F,1997-10-29,JC,2,2,94,Y,DIME,NA,NA,0,NA,NA,NA,NA,NA,NA,NA
1997,F,1997-10-29,JC,2,2,95,Y,DIME,NA,NA,0,NA,NA,NA,NA,NA,NA,NA
1997,F,1997-10-29,JC,2,2,97,N,PELE,M,A,22,N,NA,NA,NA,NA,NA,NA
1997,F,1997-10-29,JC,2,2,100,Y,ONAR,NA,NA,0,NA,NA,NA,NA,NA,NA,NA
1997,F,1997-10-29,JC,2,2,102,Y,DIME,NA,NA,0,NA,NA,NA,NA,NA,NA,NA
1997,F,1997-10-29,JC,2,2,104,N,CHPE,M,A,12,N,NA,NA,NA,NA,NA,NA
1997,F,1997-10-29,JC,2,2,105,Y,DIME,NA,NA,0,NA,NA,NA,NA,NA,NA,NA
1997,F,1997-10-29,JC,2,2,106,N,NEAL,NA,J,95,N,NA,NA,NA,NA,NA,NA
1997,F,1997-10-29,JC,2,2,110,N,CHPE,F,A,13,N,NA,NA,NA,NA,NA,NA
1997,F,1997-10-29,JC,2,2,112,Y,DIME,NA,NA,0,NA,NA,NA,NA,NA,NA,NA
1997,F,1997-10-29,JC,2,2,115,Y,PELE,NA,NA,0,NA,NA,NA,NA,NA,NA,NA
1997,F,1997-10-29,JC,2,2,119,N,NEAL,NA,J,162,N,NA,NA,NA,NA,NA,NA
1997,F,1997-10-29,JC,2,2,124,Y,DIME,NA,NA,0,NA,NA,NA,NA,NA,NA,NA
1997,F,1997-10-29,JC,2,2,125,Y,DIME,NA,NA,0,NA,NA,NA,NA,NA,NA,NA
1997,F,1997-10-29,JC,2,2,128,N,DIME,F,A,40,N,NA,NA,NA,NA,NA,NA
1997,F,1997-10-29,JC,2,2,130,Y,DIME,NA,NA,0,NA,NA,NA,NA,NA,NA,NA
1997,F,1997-10-29,JC,2,2,132,Y,DIME,NA,NA,0,NA,NA,NA,NA,NA,NA,NA
1997,F,1997-10-29,JC,2,2,135,N,DIME,M,A,42,N,NA,NA,NA,NA,NA,NA
1997,F,1997-10-29,JC,2,2,137,Y,DIME,NA,NA,0,NA,NA,NA,NA,NA,NA,NA
1997,F,1997-10-29,JC,2,2,141,Y,DIME,NA,NA,0,NA,NA,NA,NA,NA,NA,NA
1997,F,1997-10-29,JC,2,2,143,Y,DIME,NA,NA,0,NA,NA,NA,NA,NA,NA,NA
1997,F,1997-10-29,JC,2,2,144,NA,SIHI,NA,NA,0,NA,NA,Y,U,NA,NA,NA
1997,F,1997-10-29,JC,2,2,145,Y,DIME,NA,NA,0,NA,NA,NA,NA,NA,NA,NA
1997,F,1997-10-29,JC,2,3,4,Y,CHPE,NA,NA,0,NA,NA,NA,NA,NA,NA,NA
1997,F,1997-10-29,JC,2,3,5,Y,DIME,NA,NA,0,NA,NA,NA,NA,NA,NA,NA
1997,F,1997-10-29,JC,2,3,7,N,DIME,M,A,0,N,NA,Y,M,NA,NA,NA
1997,F,1997-10-29,JC,2,3,8,Y,CHPE,NA,NA,0,NA,NA,NA,NA,NA,NA,NA
1997,F,1997-10-29,JC,2,3,9,Y,NEAL,NA,NA,0,NA,NA,NA,NA,NA,NA,NA
1997,F,1997-10-29,JC,2,3,11,Y,DIME,NA,NA,0,NA,NA,NA,NA,NA,NA,NA
1997,F,1997-10-29,JC,2,3,12,Y,DIME,NA,NA,0,NA,NA,NA,NA,NA,NA,NA
1997,F,1997-10-29,JC,2,3,13,Y,DIME,NA,NA,0,NA,NA,NA,NA,NA,NA,NA
1997,F,1997-10-29,JC,2,3,14,Y,DIME,NA,NA,0,NA,NA,NA,NA,NA,NA,NA
1997,F,1997-10-29,JC,2,3,18,N,ONAR,NA,J,19,N,NA,NA,NA,NA,NA,NA
1997,F,1997-10-29,JC,2,3,21,N,ONAR,M,A,22,N,NA,NA,NA,NA,NA,NA
1997,F,1997-10-29,JC,2,3,22,N,DIME,M,A,41,N,NA,NA,NA,NA,NA,NA
1997,F,1997-10-29,JC,2,3,23,Y,DIME,NA,NA,0,NA,NA,NA,NA,NA,NA,NA
1997,F,1997-10-29,JC,2,3,20,N,DIME,M,A,32,N,NA,NA,NA,NA,NA,NA
1997,F,1997-10-29,JC,2,3,30,Y,DIME,NA,NA,0,NA,NA,NA,NA,NA,NA,NA
1997,F,1997-10-29,JC,2,3,33,Y,PELE,NA,NA,0,NA,NA,NA,NA,NA,NA,NA
1997,F,1997-10-29,JC,2,3,39,Y,DIME,NA,NA,0,NA,NA,NA,NA,NA,NA,NA
1997,F,1997-10-29,JC,2,3,41,Y,DIME,NA,NA,0,NA,NA,NA,NA,NA,NA,NA
1997,F,1997-10-29,JC,2,3,42,Y,ONAR,NA,NA,0,NA,NA,NA,NA,NA,NA,NA
1997,F,1997-10-29,JC,2,3,44,N,SPSP,M,A,89,N,NA,NA,NA,NA,NA,NA
1997,F,1997-10-29,JC,2,3,45,N,DIME,F,A,36,N,NA,NA,NA,NA,NA,NA
1997,F,1997-10-29,JC,2,3,47,N,DIME,M,A,40,N,NA,NA,NA,NA,NA,NA
1997,F,1997-10-29,JC,2,3,49,N,DIME,NA,NA,0,NA,NA,Y,U,NA,NA,NA
1997,F,1997-10-29,JC,2,3,52,N,DIME,F,A,41,N,NA,NA,NA,NA,NA,NA
1997,F,1997-10-29,JC,2,3,53,N,DIME,F,A,40,N,NA,NA,NA,NA,NA,NA
1997,F,1997-10-29,JC,2,3,54,Y,DIME,NA,NA,0,NA,NA,NA,NA,NA,NA,NA
1997,F,1997-10-29,JC,2,3,55,N,DIME,NA,NA,0,NA,NA,Y,U,NA,NA,NA
1997,F,1997-10-29,JC,2,3,56,N,DIME,M,A,39,N,NA,NA,NA,NA,NA,NA
1997,F,1997-10-29,JC,2,3,57,N,NEAL,M,A,190,N,NA,NA,NA,NA,NA,NA
1997,F,1997-10-29,JC,2,3,58,N,DIME,M,A,42,N,NA,NA,NA,NA,NA,NA
1997,F,1997-10-29,JC,2,3,60,N,DIME,F,A,38,N,NA,NA,NA,NA,NA,NA
1997,F,1997-10-29,JC,2,3,61,Y,PELE,NA,NA,0,NA,NA,NA,NA,NA,NA,NA
1997,F,1997-10-29,JC,2,3,63,Y,DIME,NA,NA,0,NA,NA,NA,NA,NA,NA,NA
1997,F,1997-10-29,JC,2,3,64,Y,DIME,NA,NA,0,NA,NA,NA,NA,NA,NA,NA
1997,F,1997-10-29,JC,2,3,65,N,DIME,NA,J,21,N,NA,NA,NA,NA,NA,NA
1997,F,1997-10-29,JC,2,3,66,Y,DIME,NA,NA,0,NA,NA,NA,NA,NA,NA,NA
1997,F,1997-10-29,JC,2,3,67,Y,DIME,NA,NA,0,NA,NA,NA,NA,NA,NA,NA
1997,F,1997-10-29,JC,2,3,68,N,SIHI,F,A,80,N,NA,NA,NA,NA,NA,NA
1997,F,1997-10-29,JC,2,3,70,N,DIME,NA,NA,0,NA,NA,Y,U,NA,NA,NA
1997,F,1997-10-29,JC,2,3,86,Y,DIME,NA,NA,0,NA,NA,NA,NA,NA,NA,NA
1997,F,1997-10-29,JC,2,3,87,Y,DIME,NA,NA,0,NA,NA,NA,NA,NA,NA,NA
1997,F,1997-10-29,JC,2,3,89,Y,ONAR,NA,NA,0,NA,NA,NA,NA,NA,NA,NA
1997,F,1997-10-29,JC,2,3,90,Y,DIME,NA,NA,0,NA,NA,NA,NA,NA,NA,NA
1997,F,1997-10-29,JC,2,3,92,Y,SIHI,NA,NA,0,NA,NA,NA,NA,NA,NA,NA
1997,F,1997-10-29,JC,2,3,94,Y,DIME,NA,NA,0,NA,NA,NA,NA,NA,NA,NA
1997,F,1997-10-29,JC,2,3,95,Y,DIME,NA,NA,0,NA,NA,NA,NA,NA,NA,NA
1997,F,1997-10-29,JC,2,3,100,N,DIME,M,A,39,N,NA,NA,NA,NA,NA,NA
1997,F,1997-10-29,JC,2,3,101,N,PELE,M,A,17,N,NA,NA,NA,NA,NA,NA
1997,F,1997-10-29,JC,2,3,102,N,DIME,F,A,40,N,NA,NA,NA,NA,NA,NA
1997,F,1997-10-29,JC,2,3,104,Y,DIME,NA,NA,0,NA,NA,NA,NA,NA,NA,NA
1997,F,1997-10-29,JC,2,3,105,N,PGFL,F,A,6,N,NA,NA,NA,NA,NA,NA
1997,F,1997-10-29,JC,2,3,106,N,SIHI,M,A,62,N,NA,NA,NA,NA,NA,NA
1997,F,1997-10-29,JC,2,3,107,N,SIHI,M,A,80,N,NA,NA,NA,NA,NA,NA
1997,F,1997-10-29,JC,2,3,108,N,NEAL,F,A,220,N,NA,NA,NA,NA,NA,NA
1997,F,1997-10-29,JC,2,3,109,Y,NEAL,NA,NA,0,NA,NA,NA,NA,NA,NA,NA
1997,F,1997-10-29,JC,2,3,112,N,ONAR,F,A,19,N,NA,NA,NA,NA,NA,NA
1997,F,1997-10-29,JC,2,3,118,N,DIME,M,A,43,N,NA,NA,NA,NA,NA,NA
1997,F,1997-10-29,JC,2,3,120,N,DIME,M,A,0,N,NA,Y,M,NA,NA,NA
1997,F,1997-10-29,JC,2,3,125,N,PELE,NA,J,14,N,NA,NA,NA,NA,NA,NA
1997,F,1997-10-29,JC,2,3,127,N,CHPE,M,A,12,N,NA,NA,NA,NA,NA,NA
1997,F,1997-10-29,JC,2,3,130,N,DIME,NA,NA,0,NA,NA,Y,U,NA,NA,NA
1997,F,1997-10-29,JC,2,3,137,NA,PELE,NA,NA,0,NA,NA,Y,U,NA,NA,NA
1997,F,1997-10-29,JC,2,3,140,Y,DIME,NA,NA,0,NA,NA,NA,NA,NA,NA,NA
1997,F,1997-10-29,JC,2,3,143,N,DIME,F,A,38,N,NA,NA,NA,NA,NA,NA
1997,F,1997-10-29,JC,2,3,144,Y,DIME,NA,NA,0,NA,NA,NA,NA,NA,NA,NA
1997,F,1997-10-30,JC,3,1,7,Y,DIME,NA,NA,0,NA,NA,NA,NA,NA,NA,NA
1997,F,1997-10-30,JC,3,1,10,Y,NEAL,NA,NA,0,NA,NA,NA,NA,NA,NA,NA
1997,F,1997-10-30,JC,3,1,17,Y,DIME,NA,NA,0,NA,NA,NA,NA,NA,NA,NA
1997,F,1997-10-30,JC,3,1,20,Y,DIME,NA,NA,0,NA,NA,NA,NA,NA,NA,NA
1997,F,1997-10-30,JC,3,1,21,Y,DIME,NA,NA,0,NA,NA,NA,NA,NA,NA,NA
1997,F,1997-10-30,JC,3,1,22,Y,ONAR,NA,NA,0,NA,NA,NA,NA,NA,NA,NA
1997,F,1997-10-30,JC,3,1,23,NA,DIME,NA,NA,0,NA,NA,Y,U,NA,NA,NA
1997,F,1997-10-30,JC,3,1,30,Y,DIME,NA,NA,0,NA,NA,NA,NA,NA,NA,NA
1997,F,1997-10-30,JC,3,1,31,N,DIME,F,A,42,N,NA,NA,NA,NA,NA,NA
1997,F,1997-10-30,JC,3,1,33,Y,DIME,NA,NA,0,NA,NA,NA,NA,NA,NA,NA
1997,F,1997-10-30,JC,3,1,36,Y,DIME,NA,NA,0,NA,NA,NA,NA,NA,NA,NA
1997,F,1997-10-30,JC,3,1,37,Y,DIME,NA,NA,0,NA,NA,NA,NA,NA,NA,NA
1997,F,1997-10-30,JC,3,1,40,N,NEAL,M,A,250,N,NA,NA,NA,NA,NA,NA
1997,F,1997-10-30,JC,3,1,42,Y,DIME,NA,NA,0,NA,NA,NA,NA,NA,NA,NA
1997,F,1997-10-30,JC,3,1,45,N,DIME,F,A,36,N,NA,NA,NA,NA,NA,NA
1997,F,1997-10-30,JC,3,1,46,Y,ONAR,NA,NA,0,NA,NA,NA,NA,NA,NA,NA
1997,F,1997-10-30,JC,3,1,48,Y,NEAL,NA,NA,0,NA,NA,NA,NA,NA,NA,NA
1997,F,1997-10-30,JC,3,1,50,N,PELE,M,A,20,N,NA,NA,NA,NA,NA,NA
1997,F,1997-10-30,JC,3,1,51,Y,DIME,NA,NA,0,NA,NA,NA,NA,NA,NA,NA
1997,F,1997-10-30,JC,3,1,58,Y,DIME,NA,NA,0,NA,NA,NA,NA,NA,NA,NA
1997,F,1997-10-30,JC,3,1,59,Y,DIME,NA,NA,0,NA,NA,NA,NA,NA,NA,NA
1997,F,1997-10-30,JC,3,1,60,N,SIHI,M,A,60,N,NA,NA,NA,NA,NA,NA
1997,F,1997-10-30,JC,3,1,61,Y,DIME,NA,NA,0,NA,NA,NA,NA,NA,NA,NA
1997,F,1997-10-30,JC,3,1,64,Y,DIME,NA,NA,0,NA,NA,NA,NA,NA,NA,NA
1997,F,1997-10-30,JC,3,1,70,NA,PELE,NA,NA,0,NA,NA,Y,U,NA,NA,NA
1997,F,1997-10-30,JC,3,1,72,Y,DIME,NA,NA,0,NA,NA,NA,NA,NA,NA,NA
1997,F,1997-10-30,JC,3,1,75,N,PELE,NA,NA,0,NA,NA,Y,U,NA,NA,NA
1997,F,1997-10-30,JC,3,1,76,Y,DIME,NA,NA,0,NA,NA,NA,NA,NA,NA,NA
1997,F,1997-10-30,JC,3,1,77,N,SIHI,M,A,36,N,NA,NA,NA,NA,NA,NA
1997,F,1997-10-30,JC,3,1,82,Y,NEAL,NA,NA,0,NA,NA,NA,NA,NA,NA,NA
1997,F,1997-10-30,JC,3,1,83,N,PGFL,F,A,8,N,NA,NA,NA,NA,NA,NA
1997,F,1997-10-30,JC,3,1,84,Y,DIME,NA,NA,0,NA,NA,NA,NA,NA,NA,NA
1997,F,1997-10-30,JC,3,1,85,NA,CHPE,NA,NA,0,NA,NA,Y,U,NA,NA,NA
1997,F,1997-10-30,JC,3,1,86,N,DIME,M,A,38,N,NA,NA,NA,NA,NA,NA
1997,F,1997-10-30,JC,3,1,88,Y,ONLE,NA,NA,0,NA,NA,NA,NA,NA,NA,NA
1997,F,1997-10-30,JC,3,1,91,N,DIME,F,A,35,N,NA,NA,NA,NA,NA,NA
1997,F,1997-10-30,JC,3,1,93,Y,DIME,NA,NA,0,NA,NA,NA,NA,NA,NA,NA
1997,F,1997-10-30,JC,3,1,94,Y,NEAL,NA,NA,0,NA,NA,NA,NA,NA,NA,NA
1997,F,1997-10-30,JC,3,1,96,Y,DIME,NA,NA,0,NA,NA,NA,NA,NA,NA,NA
1997,F,1997-10-30,JC,3,1,105,Y,DIME,NA,NA,0,NA,NA,NA,NA,NA,NA,NA
1997,F,1997-10-30,JC,3,1,106,N,NEAL,F,A,210,N,NA,NA,NA,NA,NA,NA
1997,F,1997-10-30,JC,3,1,108,N,ONAR,F,A,22,N,NA,NA,NA,NA,NA,NA
1997,F,1997-10-30,JC,3,1,110,Y,PELE,NA,NA,0,NA,NA,NA,NA,NA,NA,NA
1997,F,1997-10-30,JC,3,1,111,Y,PELE,NA,NA,0,NA,NA,NA,NA,NA,NA,NA
1997,F,1997-10-30,JC,3,1,112,N,DIME,M,A,38,N,NA,NA,NA,NA,NA,NA
1997,F,1997-10-30,JC,3,1,113,Y,DIME,NA,NA,0,NA,NA,NA,NA,NA,NA,NA
1997,F,1997-10-30,JC,3,1,115,Y,DIME,NA,NA,0,NA,NA,NA,NA,NA,NA,NA
1997,F,1997-10-30,JC,3,1,116,N,SIHI,F,A,90,N,NA,NA,NA,NA,NA,NA
1997,F,1997-10-30,JC,3,1,117,Y,NEAL,NA,NA,0,NA,NA,NA,NA,NA,NA,NA
1997,F,1997-10-30,JC,3,1,136,NA,DIME,NA,NA,0,NA,NA,Y,U,NA,NA,NA
1997,F,1997-10-30,JC,3,1,138,NA,SIHI,NA,NA,0,NA,NA,Y,U,NA,NA,NA
1997,F,1997-10-30,JC,3,1,139,Y,DIME,NA,NA,0,NA,NA,NA,NA,NA,NA,NA
1997,F,1997-10-30,JC,3,1,140,Y,ONAR,NA,NA,0,NA,NA,NA,NA,NA,NA,NA
1997,F,1997-10-30,JC,3,1,141,N,DIME,NA,NA,0,NA,NA,Y,U,NA,NA,NA
1997,F,1997-10-30,JC,3,1,142,Y,DIME,NA,NA,0,NA,NA,NA,NA,NA,NA,NA
1997,F,1997-10-30,JC,3,1,143,Y,DIME,NA,NA,0,NA,NA,NA,NA,NA,NA,NA
1997,F,1997-10-30,JC,3,1,144,N,DIME,M,A,42,N,NA,NA,NA,NA,NA,NA
1997,F,1997-10-30,JC,3,1,145,Y,DIME,NA,NA,0,NA,NA,NA,NA,NA,NA,NA
1997,F,1997-10-30,JC,3,2,6,Y,DIME,NA,NA,0,NA,NA,NA,NA,NA,NA,NA
1997,F,1997-10-30,JC,3,2,7,Y,DIME,NA,NA,0,NA,NA,NA,NA,NA,NA,NA
1997,F,1997-10-30,JC,3,2,9,Y,DIME,NA,NA,0,NA,NA,NA,NA,NA,NA,NA
1997,F,1997-10-30,JC,3,2,13,Y,DIME,NA,NA,0,NA,NA,NA,NA,NA,NA,NA
1997,F,1997-10-30,JC,3,2,16,Y,DIME,NA,NA,0,NA,NA,NA,NA,NA,NA,NA
1997,F,1997-10-30,JC,3,2,18,Y,DIME,NA,NA,0,NA,NA,NA,NA,NA,NA,NA
1997,F,1997-10-30,JC,3,2,27,Y,DIME,NA,NA,0,NA,NA,NA,NA,NA,NA,NA
1997,F,1997-10-30,JC,3,2,29,N,NEAL,F,A,165,N,NA,NA,NA,NA,NA,NA
1997,F,1997-10-30,JC,3,2,30,Y,DIME,NA,NA,0,NA,NA,NA,NA,NA,NA,NA
1997,F,1997-10-30,JC,3,2,32,Y,DIME,NA,NA,0,NA,NA,NA,NA,NA,NA,NA
1997,F,1997-10-30,JC,3,2,33,N,DIME,NA,J,25,N,NA,NA,NA,NA,NA,NA
1997,F,1997-10-30,JC,3,2,34,Y,DIME,NA,NA,0,NA,NA,NA,NA,NA,NA,NA
1997,F,1997-10-30,JC,3,2,35,Y,DIME,NA,NA,0,NA,NA,NA,NA,NA,NA,NA
1997,F,1997-10-30,JC,3,2,37,Y,DIME,NA,NA,0,NA,NA,NA,NA,NA,NA,NA
1997,F,1997-10-30,JC,3,2,39,N,ONAR,NA,NA,0,NA,NA,Y,U,NA,NA,NA
1997,F,1997-10-30,JC,3,2,42,Y,DIME,NA,NA,0,NA,NA,NA,NA,NA,NA,NA
1997,F,1997-10-30,JC,3,2,45,N,DIME,M,A,40,N,NA,NA,NA,NA,NA,NA
1997,F,1997-10-30,JC,3,2,47,N,PGFL,M,A,6,N,NA,NA,NA,NA,NA,NA
1997,F,1997-10-30,JC,3,2,48,N,PELE,NA,J,16,N,NA,NA,NA,NA,NA,NA
1997,F,1997-10-30,JC,3,2,48,Y,SIHI,NA,NA,0,NA,NA,NA,NA,NA,NA,NA
1997,F,1997-10-30,JC,3,2,49,Y,CHPE,NA,NA,0,NA,NA,NA,NA,NA,NA,NA
1997,F,1997-10-30,JC,3,2,51,Y,DIME,NA,NA,0,NA,NA,NA,NA,NA,NA,NA
1997,F,1997-10-30,JC,3,2,53,Y,DIME,NA,NA,0,NA,NA,NA,NA,NA,NA,NA
1997,F,1997-10-30,JC,3,2,55,Y,DIME,NA,NA,0,NA,NA,NA,NA,NA,NA,NA
1997,F,1997-10-30,JC,3,2,56,N,NEAL,F,A,205,N,NA,NA,NA,NA,NA,NA
1997,F,1997-10-30,JC,3,2,57,Y,DIME,NA,NA,0,NA,NA,NA,NA,NA,NA,NA
1997,F,1997-10-30,JC,3,2,58,Y,DIME,NA,NA,0,NA,NA,NA,NA,NA,NA,NA
1997,F,1997-10-30,JC,3,2,59,Y,DIME,NA,NA,0,NA,NA,NA,NA,NA,NA,NA
1997,F,1997-10-30,JC,3,2,60,N,NEAL,M,A,230,N,NA,NA,NA,NA,NA,NA
1997,F,1997-10-30,JC,3,2,61,Y,ONAR,NA,NA,0,NA,NA,NA,NA,NA,NA,NA
1997,F,1997-10-30,JC,3,2,67,N,ONAR,F,A,27,N,NA,NA,NA,NA,NA,NA
1997,F,1997-10-30,JC,3,2,72,N,NEAL,M,A,200,N,NA,NA,NA,NA,NA,NA
1997,F,1997-10-30,JC,3,2,74,Y,DIME,NA,NA,0,NA,NA,NA,NA,NA,NA,NA
1997,F,1997-10-30,JC,3,2,76,N,DIME,M,A,40,N,NA,NA,NA,NA,NA,NA
1997,F,1997-10-30,JC,3,2,77,N,SPSP,F,A,0,NA,NA,Y,U,NA,NA,NA
1997,F,1997-10-30,JC,3,2,78,Y,DIME,NA,NA,0,NA,NA,NA,NA,NA,NA,NA
1997,F,1997-10-30,JC,3,2,79,Y,DIME,NA,NA,0,NA,NA,NA,NA,NA,NA,NA
1997,F,1997-10-30,JC,3,2,81,N,NEAL,NA,J,36,N,NA,NA,NA,NA,NA,NA
1997,F,1997-10-30,JC,3,2,87,Y,CHPE,NA,NA,0,NA,NA,NA,NA,NA,NA,NA
1997,F,1997-10-30,JC,3,2,88,NA,DIME,NA,NA,0,NA,NA,Y,U,NA,NA,NA
1997,F,1997-10-30,JC,3,2,89,Y,DIME,NA,NA,0,NA,NA,NA,NA,NA,NA,NA
1997,F,1997-10-30,JC,3,2,91,N,CHPE,F,A,15,N,NA,NA,NA,NA,NA,NA
1997,F,1997-10-30,JC,3,2,92,Y,DIME,NA,NA,0,NA,NA,NA,NA,NA,NA,NA
1997,F,1997-10-30,JC,3,2,93,Y,DIME,NA,NA,0,NA,NA,NA,NA,NA,NA,NA
1997,F,1997-10-30,JC,3,2,95,Y,DIME,NA,NA,0,NA,NA,NA,NA,NA,NA,NA
1997,F,1997-10-30,JC,3,2,96,Y,DIME,NA,NA,0,NA,NA,NA,NA,NA,NA,NA
1997,F,1997-10-30,JC,3,2,97,Y,PELE,NA,NA,0,NA,NA,NA,NA,NA,NA,NA
1997,F,1997-10-30,JC,3,2,99,Y,DIME,NA,NA,0,NA,NA,NA,NA,NA,NA,NA
1997,F,1997-10-30,JC,3,2,100,Y,PELE,NA,NA,0,NA,NA,NA,NA,NA,NA,NA
1997,F,1997-10-30,JC,3,2,102,Y,ONLE,NA,NA,0,NA,NA,NA,NA,NA,NA,NA
1997,F,1997-10-30,JC,3,2,103,Y,DIME,NA,NA,0,NA,NA,NA,NA,NA,NA,NA
1997,F,1997-10-30,JC,3,2,105,Y,NEAL,NA,NA,0,NA,NA,NA,NA,NA,NA,NA
1997,F,1997-10-30,JC,3,2,106,Y,DIME,NA,NA,0,NA,NA,NA,NA,NA,NA,NA
1997,F,1997-10-30,JC,3,2,108,Y,DIME,NA,NA,0,NA,NA,NA,NA,NA,NA,NA
1997,F,1997-10-30,JC,3,2,110,Y,ONAR,NA,NA,0,NA,NA,NA,NA,NA,NA,NA
1997,F,1997-10-30,JC,3,2,115,Y,DIME,NA,NA,0,NA,NA,NA,NA,NA,NA,NA
1997,F,1997-10-30,JC,3,2,118,N,SIHI,F,A,59,N,NA,NA,NA,NA,NA,NA
1997,F,1997-10-30,JC,3,2,123,Y,NEAL,NA,NA,0,NA,NA,NA,NA,NA,NA,NA
1997,F,1997-10-30,JC,3,2,128,Y,DIME,NA,NA,0,NA,NA,NA,NA,NA,NA,NA
1997,F,1997-10-30,JC,3,2,129,Y,DIME,NA,NA,0,NA,NA,NA,NA,NA,NA,NA
1997,F,1997-10-30,JC,3,2,130,Y,DIME,NA,NA,0,NA,NA,NA,NA,NA,NA,NA
1997,F,1997-10-30,JC,3,2,132,Y,DIME,NA,NA,0,NA,NA,NA,NA,NA,NA,NA
1997,F,1997-10-30,JC,3,2,135,N,NEAL,M,A,230,N,NA,NA,NA,NA,NA,NA
1997,F,1997-10-30,JC,3,2,137,Y,DIOR,NA,NA,0,NA,NA,NA,NA,NA,NA,NA
1997,F,1997-10-30,JC,3,2,139,N,ONAR,M,A,19,N,NA,NA,NA,NA,NA,NA
1997,F,1997-10-30,JC,3,2,141,Y,DIME,NA,NA,0,NA,NA,NA,NA,NA,NA,NA
1997,F,1997-10-30,JC,3,2,143,Y,NEAL,NA,NA,0,NA,NA,NA,NA,NA,NA,NA
1997,F,1997-10-30,JC,3,2,144,N,SIHI,M,A,60,N,NA,NA,NA,NA,NA,NA
1997,F,1997-10-30,JC,3,2,145,NA,DIME,NA,NA,0,NA,NA,Y,U,NA,NA,NA
1997,F,1997-10-30,JC,3,3,4,Y,ONAR,NA,NA,0,NA,NA,NA,NA,NA,NA,NA
1997,F,1997-10-30,JC,3,3,5,Y,PELE,NA,NA,0,NA,NA,NA,NA,NA,NA,NA
1997,F,1997-10-30,JC,3,3,8,Y,ONAR,NA,NA,0,NA,NA,NA,NA,NA,NA,NA
1997,F,1997-10-30,JC,3,3,9,Y,NEAL,NA,NA,0,NA,NA,NA,NA,NA,NA,NA
1997,F,1997-10-30,JC,3,3,10,N,NEAL,F,A,160,N,NA,NA,NA,NA,NA,NA
1997,F,1997-10-30,JC,3,3,11,Y,PELE,NA,NA,0,NA,NA,NA,NA,NA,NA,NA
1997,F,1997-10-30,JC,3,3,12,N,DIME,M,A,31,N,NA,NA,NA,NA,NA,NA
1997,F,1997-10-30,JC,3,3,13,Y,CHPE,NA,NA,0,NA,NA,NA,NA,NA,NA,NA
1997,F,1997-10-30,JC,3,3,15,Y,DIME,NA,NA,0,NA,NA,NA,NA,NA,NA,NA
1997,F,1997-10-30,JC,3,3,17,Y,DIME,NA,NA,0,NA,NA,NA,NA,NA,NA,NA
1997,F,1997-10-30,JC,3,3,18,Y,DIME,NA,NA,0,NA,NA,NA,NA,NA,NA,NA
1997,F,1997-10-30,JC,3,3,19,Y,DIME,NA,NA,0,NA,NA,NA,NA,NA,NA,NA
1997,F,1997-10-30,JC,3,3,20,Y,PELE,NA,NA,0,NA,NA,NA,NA,NA,NA,NA
1997,F,1997-10-30,JC,3,3,22,Y,DIME,NA,NA,0,NA,NA,NA,NA,NA,NA,NA
1997,F,1997-10-30,JC,3,3,23,Y,DIME,NA,NA,0,NA,NA,NA,NA,NA,NA,NA
1997,F,1997-10-30,JC,3,3,27,Y,DIME,NA,NA,0,NA,NA,NA,NA,NA,NA,NA
1997,F,1997-10-30,JC,3,3,30,Y,DIME,NA,NA,0,NA,NA,NA,NA,NA,NA,NA
1997,F,1997-10-30,JC,3,3,34,Y,DIME,NA,NA,0,NA,NA,NA,NA,NA,NA,NA
1997,F,1997-10-30,JC,3,3,39,Y,DIME,NA,NA,0,NA,NA,NA,NA,NA,NA,NA
1997,F,1997-10-30,JC,3,3,40,Y,DIME,NA,NA,0,NA,NA,NA,NA,NA,NA,NA
1997,F,1997-10-30,JC,3,3,42,Y,DIME,NA,NA,0,NA,NA,NA,NA,NA,NA,NA
1997,F,1997-10-30,JC,3,3,43,Y,CHPE,NA,NA,0,NA,NA,NA,NA,NA,NA,NA
1997,F,1997-10-30,JC,3,3,44,Y,PGFL,NA,NA,0,NA,NA,NA,NA,NA,NA,NA
1997,F,1997-10-30,JC,3,3,48,Y,DIME,NA,NA,0,NA,NA,NA,NA,NA,NA,NA
1997,F,1997-10-30,JC,3,3,52,N,DISP,F,A,120,N,NA,NA,NA,NA,NA,NA
1997,F,1997-10-30,JC,3,3,54,N,DIME,M,A,38,N,NA,NA,NA,NA,NA,NA
1997,F,1997-10-30,JC,3,3,60,N,DIME,M,A,42,N,NA,NA,NA,NA,NA,NA
1997,F,1997-10-30,JC,3,3,61,Y,DIME,NA,NA,0,NA,NA,NA,NA,NA,NA,NA
1997,F,1997-10-30,JC,3,3,64,Y,DIME,NA,NA,0,NA,NA,NA,NA,NA,NA,NA
1997,F,1997-10-30,JC,3,3,66,N,DIME,F,A,48,N,NA,NA,NA,NA,NA,NA
1997,F,1997-10-30,JC,3,3,67,Y,DIME,NA,NA,0,NA,NA,NA,NA,NA,NA,NA
1997,F,1997-10-30,JC,3,3,68,Y,SIHI,NA,NA,0,NA,NA,NA,NA,NA,NA,NA
1997,F,1997-10-30,JC,3,3,70,Y,DIME,NA,NA,0,NA,NA,NA,NA,NA,NA,NA
1997,F,1997-10-30,JC,3,3,72,Y,DIME,NA,NA,0,NA,NA,NA,NA,NA,NA,NA
1997,F,1997-10-30,JC,3,3,74,Y,DIME,NA,NA,0,NA,NA,NA,NA,NA,NA,NA
1997,F,1997-10-30,JC,3,3,76,N,DIME,M,A,40,N,NA,NA,NA,NA,NA,NA
1997,F,1997-10-30,JC,3,3,78,Y,DIME,NA,NA,0,NA,NA,NA,NA,NA,NA,NA
1997,F,1997-10-30,JC,3,3,82,Y,DIME,NA,NA,0,NA,NA,NA,NA,NA,NA,NA
1997,F,1997-10-30,JC,3,3,83,Y,DIME,NA,NA,0,NA,NA,NA,NA,NA,NA,NA
1997,F,1997-10-30,JC,3,3,85,N,DIME,M,A,42,N,NA,NA,NA,NA,NA,NA
1997,F,1997-10-30,JC,3,3,87,Y,DIME,NA,NA,0,NA,NA,NA,NA,NA,NA,NA
1997,F,1997-10-30,JC,3,3,89,Y,DIME,NA,NA,0,NA,NA,NA,NA,NA,NA,NA
1997,F,1997-10-30,JC,3,3,90,Y,DIME,NA,NA,0,NA,NA,NA,NA,NA,NA,NA
1997,F,1997-10-30,JC,3,3,94,Y,DIME,NA,NA,0,NA,NA,NA,NA,NA,NA,NA
1997,F,1997-10-30,JC,3,3,97,N,DIME,M,A,39,N,NA,NA,NA,NA,NA,NA
1997,F,1997-10-30,JC,3,3,102,Y,ONAR,NA,NA,0,NA,NA,NA,NA,NA,NA,NA
1997,F,1997-10-30,JC,3,3,104,Y,DIME,NA,NA,0,NA,NA,NA,NA,NA,NA,NA
1997,F,1997-10-30,JC,3,3,106,Y,SIHI,NA,NA,0,NA,NA,NA,NA,NA,NA,NA
1997,F,1997-10-30,JC,3,3,107,Y,SIHI,NA,NA,0,NA,NA,NA,NA,NA,NA,NA
1997,F,1997-10-30,JC,3,3,108,Y,NEAL,NA,NA,0,NA,NA,NA,NA,NA,NA,NA
1997,F,1997-10-30,JC,3,3,114,Y,DIME,NA,NA,0,NA,NA,NA,NA,NA,NA,NA
1997,F,1997-10-30,JC,3,3,118,Y,PELE,NA,NA,0,NA,NA,NA,NA,NA,NA,NA
1997,F,1997-10-30,JC,3,3,119,N,NEAL,F,A,235,N,NA,NA,NA,NA,NA,NA
1997,F,1997-10-30,JC,3,3,120,N,DIME,NA,NA,0,NA,NA,Y,U,NA,NA,NA
1997,F,1997-10-30,JC,3,3,121,Y,DIME,NA,NA,0,NA,NA,NA,NA,NA,NA,NA
1997,F,1997-10-30,JC,3,3,122,Y,NEAL,NA,NA,0,NA,NA,NA,NA,NA,NA,NA
1997,F,1997-10-30,JC,3,3,125,Y,DIME,NA,NA,0,NA,NA,NA,NA,NA,NA,NA
1997,F,1997-10-30,JC,3,3,130,Y,DIME,NA,NA,0,NA,NA,NA,NA,NA,NA,NA
1997,F,1997-10-30,JC,3,3,137,Y,PELE,NA,NA,0,NA,NA,NA,NA,NA,NA,NA
1997,F,1997-10-30,JC,3,3,138,N,DIME,M,A,42,N,NA,NA,NA,NA,NA,NA
1997,F,1997-10-30,JC,3,3,140,Y,DIME,NA,NA,0,NA,NA,NA,NA,NA,NA,NA
1997,F,1997-10-30,JC,3,3,141,Y,DIME,NA,NA,0,NA,NA,NA,NA,NA,NA,NA
1997,F,1997-10-30,JC,3,3,144,N,NEAL,M,A,120,N,NA,NA,NA,NA,NA,NA
1998,F,1998-10-29,JC,1,1,10,N,DIME,M,A,37,N,NA,NA,NA,NA,NA,NA
1998,F,1998-10-29,JC,1,1,24,N,DIME,NA,NA,0,NA,NA,Y,U,NA,NA,NA
1998,F,1998-10-29,JC,1,1,35,N,DIME,F,A,41,N,NA,NA,NA,NA,NA,NA
1998,F,1998-10-29,JC,1,1,43,N,DIME,M,A,48,N,NA,NA,NA,NA,NA,NA
1998,F,1998-10-29,JC,1,1,46,N,DIME,F,A,42,N,NA,NA,NA,NA,NA,NA
1998,F,1998-10-29,JC,1,1,48,N,NEAL,F,A,120,N,NA,NA,NA,NA,NA,NA
1998,F,1998-10-29,JC,1,1,67,N,DIME,M,A,41,N,NA,NA,NA,NA,NA,NA
1998,F,1998-10-29,JC,1,1,70,N,DIME,F,A,42,N,NA,NA,NA,NA,NA,NA
1998,F,1998-10-29,JC,1,1,72,N,DIME,M,A,36,N,NA,NA,NA,NA,NA,NA
1998,F,1998-10-29,JC,1,1,75,N,NEAL,M,A,139,N,NA,NA,NA,NA,NA,NA
1998,F,1998-10-29,JC,1,1,84,N,DIME,F,A,40,N,NA,NA,NA,NA,NA,NA
1998,F,1998-10-29,JC,1,1,90,N,SPSP,M,A,0,N,NA,Y,M,NA,NA,NA
1998,F,1998-10-29,JC,1,1,108,N,DIME,F,A,39,N,NA,NA,NA,NA,NA,NA
1998,F,1998-10-29,JC,1,1,120,N,DIME,F,A,41,N,NA,NA,NA,NA,NA,NA
1998,F,1998-10-29,JC,1,1,140,N,NEAL,F,A,245,N,NA,NA,NA,NA,NA,NA
1998,F,1998-10-29,JC,1,1,142,N,DIME,M,A,39,N,NA,NA,NA,NA,NA,NA
1998,F,1998-10-29,JC,1,2,11,N,DIME,M,A,38,N,NA,NA,NA,NA,NA,NA
1998,F,1998-10-29,JC,1,2,22,N,DIME,M,A,38,N,NA,NA,NA,NA,NA,NA
1998,F,1998-10-29,JC,1,2,35,N,DIME,M,A,38,N,NA,NA,NA,NA,NA,NA
1998,F,1998-10-29,JC,1,2,36,N,DIME,F,A,40,N,NA,NA,NA,NA,NA,NA
1998,F,1998-10-29,JC,1,2,45,N,DIME,M,A,40,N,NA,NA,NA,NA,NA,NA
1998,F,1998-10-29,JC,1,2,47,N,NEAL,F,A,185,N,NA,NA,NA,NA,NA,NA
1998,F,1998-10-29,JC,1,2,48,N,DIME,M,A,39,N,NA,NA,NA,NA,NA,NA
1998,F,1998-10-29,JC,1,2,55,N,ONAR,NA,J,15,N,NA,NA,NA,NA,NA,NA
1998,F,1998-10-29,JC,1,2,60,N,DIME,M,A,44,N,NA,NA,NA,NA,NA,NA
1998,F,1998-10-29,JC,1,2,70,N,DIME,F,A,36,N,NA,NA,NA,NA,NA,NA
1998,F,1998-10-29,JC,1,2,76,N,DIME,M,A,41,N,NA,NA,NA,NA,NA,NA
1998,F,1998-10-29,JC,1,2,81,N,DIME,M,A,39,N,NA,NA,NA,NA,NA,NA
1998,F,1998-10-29,JC,1,2,83,N,CHPE,M,A,15,N,NA,NA,NA,NA,NA,NA
1998,F,1998-10-29,JC,1,2,84,N,DIME,M,A,39,N,NA,NA,NA,NA,NA,NA
1998,F,1998-10-29,JC,1,2,89,N,DIME,F,A,38,N,NA,NA,NA,NA,NA,NA
1998,F,1998-10-29,JC,1,2,91,N,DIME,M,A,43,N,NA,NA,NA,NA,NA,NA
1998,F,1998-10-29,JC,1,2,93,N,DIME,M,A,42,N,NA,NA,NA,NA,NA,NA
1998,F,1998-10-29,JC,1,2,94,N,NEAL,F,A,135,N,NA,NA,NA,NA,NA,NA
1998,F,1998-10-29,JC,1,2,95,N,DIME,M,A,42,N,NA,NA,NA,NA,NA,NA
1998,F,1998-10-29,JC,1,2,110,N,ONAR,F,A,21,N,NA,NA,NA,NA,NA,NA
1998,F,1998-10-29,JC,1,2,113,N,DIME,F,A,39,N,NA,NA,NA,NA,NA,NA
1998,F,1998-10-29,JC,1,2,114,N,DIME,M,A,42,N,NA,NA,NA,NA,NA,NA
1998,F,1998-10-29,JC,1,2,116,N,DIME,F,A,38,N,NA,NA,NA,NA,NA,NA
1998,F,1998-10-29,JC,1,2,141,N,REME,M,A,11,N,NA,NA,NA,NA,NA,NA
1998,F,1998-10-29,JC,1,2,143,N,DIME,M,A,42,N,NA,NA,NA,NA,NA,NA
1998,F,1998-10-29,JC,1,3,8,N,NEAL,F,A,165,N,NA,NA,NA,NA,NA,NA
1998,F,1998-10-29,JC,1,3,17,N,CHPE,M,A,12,N,NA,NA,NA,NA,NA,NA
1998,F,1998-10-29,JC,1,3,23,N,DIME,M,A,41,N,NA,NA,NA,NA,NA,NA
1998,F,1998-10-29,JC,1,3,34,N,DIME,F,A,41,N,NA,NA,NA,NA,NA,NA
1998,F,1998-10-29,JC,1,3,36,N,DIME,F,A,37,N,NA,NA,NA,NA,NA,NA
1998,F,1998-10-29,JC,1,3,41,N,DIME,F,A,37,N,NA,NA,NA,NA,NA,NA
1998,F,1998-10-29,JC,1,3,45,N,DIME,F,A,41,N,NA,NA,NA,NA,NA,NA
1998,F,1998-10-29,JC,1,3,55,N,DIME,M,A,44,N,NA,NA,NA,NA,NA,NA
1998,F,1998-10-29,JC,1,3,57,N,DIME,F,A,38,N,NA,NA,NA,NA,NA,NA
1998,F,1998-10-29,JC,1,3,59,N,DIME,F,A,42,N,NA,NA,NA,NA,NA,NA
1998,F,1998-10-29,JC,1,3,60,N,DIME,F,A,41,N,NA,NA,NA,NA,NA,NA
1998,F,1998-10-29,JC,1,3,67,N,DIME,F,A,43,N,NA,NA,NA,NA,NA,NA
1998,F,1998-10-29,JC,1,3,68,N,DIME,F,A,42,N,NA,NA,NA,NA,NA,NA
1998,F,1998-10-29,JC,1,3,70,N,DIME,F,A,40,N,NA,NA,NA,NA,NA,NA
1998,F,1998-10-29,JC,1,3,84,N,DIME,M,A,42,N,NA,NA,NA,NA,NA,NA
1998,F,1998-10-29,JC,1,3,94,N,DIME,M,A,43,N,NA,NA,NA,NA,NA,NA
1998,F,1998-10-29,JC,1,3,95,N,DIME,M,A,47,N,NA,NA,NA,NA,NA,NA
1998,F,1998-10-29,JC,1,3,105,N,DIME,M,A,42,N,NA,NA,NA,NA,NA,NA
1998,F,1998-10-29,JC,1,3,107,N,DIME,M,A,39,N,NA,NA,NA,NA,NA,NA
1998,F,1998-10-29,JC,1,3,108,N,SIHI,M,A,49,N,NA,NA,NA,NA,NA,NA
1998,F,1998-10-29,JC,1,3,131,N,DIME,M,A,41,N,NA,NA,NA,NA,NA,NA
1998,F,1998-10-29,JC,1,3,136,N,NEAL,M,A,192,N,NA,NA,NA,NA,NA,NA
1998,F,1998-10-29,JC,1,3,143,N,DIME,F,A,39,N,NA,NA,NA,NA,NA,NA
1998,F,1998-10-29,JC,1,3,144,N,DIME,M,A,48,N,NA,NA,NA,NA,NA,NA
1998,F,1998-10-30,JC,2,1,10,Y,DIME,NA,NA,0,NA,NA,NA,NA,NA,NA,NA
1998,F,1998-10-30,JC,2,1,24,Y,DIME,NA,NA,0,NA,NA,NA,NA,NA,NA,NA
1998,F,1998-10-30,JC,2,1,36,Y,DIME,NA,NA,0,NA,NA,NA,NA,NA,NA,NA
1998,F,1998-10-30,JC,2,1,48,Y,NEAL,NA,NA,0,NA,NA,NA,NA,NA,NA,NA
1998,F,1998-10-30,JC,2,1,55,Y,DIME,NA,NA,0,NA,NA,NA,NA,NA,NA,NA
1998,F,1998-10-30,JC,2,1,59,Y,DIME,NA,NA,0,NA,NA,NA,NA,NA,NA,NA
1998,F,1998-10-30,JC,2,1,70,Y,DIME,NA,NA,0,NA,NA,NA,NA,NA,NA,NA
1998,F,1998-10-30,JC,2,1,75,Y,NEAL,NA,NA,0,NA,NA,NA,NA,NA,NA,NA
1998,F,1998-10-30,JC,2,1,83,Y,SPSP,NA,NA,0,NA,NA,NA,NA,NA,NA,NA
1998,F,1998-10-30,JC,2,1,85,N,DIME,M,A,45,N,NA,NA,NA,NA,NA,NA
1998,F,1998-10-30,JC,2,1,88,Y,DIME,NA,NA,0,NA,NA,NA,NA,NA,NA,NA
1998,F,1998-10-30,JC,2,1,93,N,DIME,F,A,36,N,NA,NA,NA,NA,NA,NA
1998,F,1998-10-30,JC,2,1,94,N,DIME,M,A,42,N,NA,NA,NA,NA,NA,NA
1998,F,1998-10-30,JC,2,1,96,Y,DIME,NA,NA,0,NA,NA,NA,NA,NA,NA,NA
1998,F,1998-10-30,JC,2,1,97,Y,DIME,NA,NA,0,NA,NA,NA,NA,NA,NA,NA
1998,F,1998-10-30,JC,2,1,103,Y,DIME,NA,NA,0,NA,NA,NA,NA,NA,NA,NA
1998,F,1998-10-30,JC,2,1,118,Y,DIME,NA,NA,0,NA,NA,NA,NA,NA,NA,NA
1998,F,1998-10-30,JC,2,1,120,N,SPSP,NA,J,72,N,NA,NA,NA,NA,NA,NA
1998,F,1998-10-30,JC,2,1,144,Y,NEAL,NA,NA,0,NA,NA,NA,NA,NA,NA,NA
1998,F,1998-10-30,JC,2,1,142,Y,DIME,NA,NA,0,NA,NA,NA,NA,NA,NA,NA
1998,F,1998-10-30,JC,2,2,11,Y,DIME,NA,NA,0,NA,NA,NA,NA,NA,NA,NA
1998,F,1998-10-30,JC,2,2,22,Y,DIME,NA,NA,0,NA,NA,NA,NA,NA,NA,NA
1998,F,1998-10-30,JC,2,2,33,N,DIME,M,A,43,N,NA,NA,NA,NA,NA,NA
1998,F,1998-10-30,JC,2,2,34,Y,DIME,NA,NA,0,NA,NA,NA,NA,NA,NA,NA
1998,F,1998-10-30,JC,2,2,36,Y,DIME,NA,NA,0,NA,NA,NA,NA,NA,NA,NA
1998,F,1998-10-30,JC,2,2,41,Y,DIME,NA,NA,0,NA,NA,NA,NA,NA,NA,NA
1998,F,1998-10-30,JC,2,2,44,Y,DIME,NA,NA,0,NA,NA,NA,NA,NA,NA,NA
1998,F,1998-10-30,JC,2,2,45,Y,NEAL,NA,NA,0,NA,NA,NA,NA,NA,NA,NA
1998,F,1998-10-30,JC,2,2,47,Y,DIME,NA,NA,0,NA,NA,NA,NA,NA,NA,NA
1998,F,1998-10-30,JC,2,2,48,N,DIME,M,A,45,N,NA,NA,NA,NA,NA,NA
1998,F,1998-10-30,JC,2,2,53,N,CHPE,M,A,11,N,NA,NA,NA,NA,NA,NA
1998,F,1998-10-30,JC,2,2,54,N,DIME,F,A,44,N,NA,NA,NA,NA,NA,NA
1998,F,1998-10-30,JC,2,2,55,Y,ONAR,NA,NA,0,NA,NA,NA,NA,NA,NA,NA
1998,F,1998-10-30,JC,2,2,58,Y,DIME,NA,NA,0,NA,NA,NA,NA,NA,NA,NA
1998,F,1998-10-30,JC,2,2,59,Y,DIME,NA,NA,0,NA,NA,NA,NA,NA,NA,NA
1998,F,1998-10-30,JC,2,2,60,N,DIME,F,A,41,N,NA,NA,NA,NA,NA,NA
1998,F,1998-10-30,JC,2,2,79,Y,CHPE,NA,NA,0,NA,NA,NA,NA,NA,NA,NA
1998,F,1998-10-30,JC,2,2,80,Y,DIME,NA,NA,0,NA,NA,NA,NA,NA,NA,NA
1998,F,1998-10-30,JC,2,2,81,N,NEAL,F,A,120,N,NA,NA,NA,NA,NA,NA
1998,F,1998-10-30,JC,2,2,83,Y,DIME,NA,NA,0,NA,NA,NA,NA,NA,NA,NA
1998,F,1998-10-30,JC,2,2,84,N,DIME,F,A,42,N,NA,NA,NA,NA,NA,NA
1998,F,1998-10-30,JC,2,2,89,Y,DIME,NA,NA,0,NA,NA,NA,NA,NA,NA,NA
1998,F,1998-10-30,JC,2,2,90,Y,DIME,NA,NA,0,NA,NA,NA,NA,NA,NA,NA
1998,F,1998-10-30,JC,2,2,91,Y,DIME,NA,NA,0,NA,NA,NA,NA,NA,NA,NA
1998,F,1998-10-30,JC,2,2,93,Y,DIME,NA,NA,0,NA,NA,NA,NA,NA,NA,NA
1998,F,1998-10-30,JC,2,2,94,Y,DIME,NA,NA,0,NA,NA,NA,NA,NA,NA,NA
1998,F,1998-10-30,JC,2,2,95,Y,NEAL,NA,NA,0,NA,NA,NA,NA,NA,NA,NA
1998,F,1998-10-30,JC,2,2,105,N,DIME,M,A,44,N,NA,NA,NA,NA,NA,NA
1998,F,1998-10-30,JC,2,2,106,Y,DIME,NA,NA,0,NA,NA,NA,NA,NA,NA,NA
1998,F,1998-10-30,JC,2,2,115,Y,DIME,NA,NA,0,NA,NA,NA,NA,NA,NA,NA
1998,F,1998-10-30,JC,2,2,116,Y,DIME,NA,NA,0,NA,NA,NA,NA,NA,NA,NA
1998,F,1998-10-30,JC,2,2,122,N,NEAL,M,A,168,N,NA,NA,NA,NA,NA,NA
1998,F,1998-10-30,JC,2,2,130,N,REME,M,A,11,N,NA,NA,NA,NA,NA,NA
1998,F,1998-10-30,JC,2,2,143,Y,DIME,NA,NA,0,NA,NA,NA,NA,NA,NA,NA
1998,F,1998-10-30,JC,2,2,144,N,NEAL,F,A,220,N,NA,NA,NA,NA,NA,NA
1998,F,1998-10-30,JC,2,3,8,Y,NEAL,NA,NA,0,NA,NA,NA,NA,NA,NA,NA
1998,F,1998-10-30,JC,2,3,10,N,DIME,M,A,41,N,NA,NA,NA,NA,NA,NA
1998,F,1998-10-30,JC,2,3,11,N,DIME,M,A,43,N,NA,NA,NA,NA,NA,NA
1998,F,1998-10-30,JC,2,3,22,Y,DIME,NA,NA,0,NA,NA,NA,NA,NA,NA,NA
1998,F,1998-10-30,JC,2,3,23,N,NEAL,M,A,164,N,NA,NA,NA,NA,NA,NA
1998,F,1998-10-30,JC,2,3,34,Y,DIME,NA,NA,0,NA,NA,NA,NA,NA,NA,NA
1998,F,1998-10-30,JC,2,3,36,Y,DIME,NA,NA,0,NA,NA,NA,NA,NA,NA,NA
1998,F,1998-10-30,JC,2,3,39,Y,DIME,NA,NA,0,NA,NA,NA,NA,NA,NA,NA
1998,F,1998-10-30,JC,2,3,41,Y,DIME,NA,NA,0,NA,NA,NA,NA,NA,NA,NA
1998,F,1998-10-30,JC,2,3,42,Y,DIME,NA,NA,0,NA,NA,NA,NA,NA,NA,NA
1998,F,1998-10-30,JC,2,3,47,N,DIME,M,A,42,N,NA,NA,NA,NA,NA,NA
1998,F,1998-10-30,JC,2,3,48,Y,DIME,NA,NA,0,NA,NA,NA,NA,NA,NA,NA
1998,F,1998-10-30,JC,2,3,57,N,NEAL,M,A,148,N,NA,NA,NA,NA,NA,NA
1998,F,1998-10-30,JC,2,3,59,Y,DIME,NA,NA,0,NA,NA,NA,NA,NA,NA,NA
1998,F,1998-10-30,JC,2,3,60,Y,DIME,NA,NA,0,NA,NA,NA,NA,NA,NA,NA
1998,F,1998-10-30,JC,2,3,68,Y,DIME,NA,NA,0,NA,NA,NA,NA,NA,NA,NA
1998,F,1998-10-30,JC,2,3,70,Y,DIME,NA,NA,0,NA,NA,NA,NA,NA,NA,NA
1998,F,1998-10-30,JC,2,3,78,Y,DIME,NA,NA,0,NA,NA,NA,NA,NA,NA,NA
1998,F,1998-10-30,JC,2,3,84,Y,DIME,NA,NA,0,NA,NA,NA,NA,NA,NA,NA
1998,F,1998-10-30,JC,2,3,89,N,CHPE,F,A,10,N,NA,NA,NA,NA,NA,NA
1998,F,1998-10-30,JC,2,3,90,Y,DIME,NA,NA,0,NA,NA,NA,NA,NA,NA,NA
1998,F,1998-10-30,JC,2,3,92,Y,DIME,NA,NA,0,NA,NA,NA,NA,NA,NA,NA
1998,F,1998-10-30,JC,2,3,95,Y,DIME,NA,NA,0,NA,NA,NA,NA,NA,NA,NA
1998,F,1998-10-30,JC,2,3,96,N,DIME,M,A,39,N,NA,NA,NA,NA,NA,NA
1998,F,1998-10-30,JC,2,3,98,Y,DIME,NA,NA,0,NA,NA,NA,NA,NA,NA,NA
1998,F,1998-10-30,JC,2,3,104,Y,DIME,NA,NA,0,NA,NA,NA,NA,NA,NA,NA
1998,F,1998-10-30,JC,2,3,105,N,SIHI,F,A,41,N,NA,NA,NA,NA,NA,NA
1998,F,1998-10-30,JC,2,3,106,N,SIHI,M,A,48,N,NA,NA,NA,NA,NA,NA
1998,F,1998-10-30,JC,2,3,107,Y,DIME,NA,NA,0,NA,NA,NA,NA,NA,NA,NA
1998,F,1998-10-30,JC,2,3,108,N,DIME,M,A,45,N,NA,NA,NA,NA,NA,NA
1998,F,1998-10-30,JC,2,3,134,NA,NEAL,NA,NA,0,NA,NA,Y,U,NA,NA,NA
1998,F,1998-10-30,JC,2,3,140,Y,DIME,NA,NA,0,NA,NA,NA,NA,NA,NA,NA
1998,F,1998-10-30,JC,2,3,143,N,DIME,F,A,42,N,NA,NA,NA,NA,NA,NA
1998,F,1998-10-30,JC,2,3,144,Y,DIME,NA,NA,0,NA,NA,NA,NA,NA,NA,NA
1998,F,1998-10-30,JC,2,3,145,Y,NEAL,NA,NA,0,NA,NA,NA,NA,NA,NA,NA
1996,F,1996-10-16,JC,1,1,12,N,DIME,NA,NA,0,NA,NA,Y,U,NA,NA,NA
1996,F,1996-10-16,JC,1,1,15,N,DIME,NA,J,23,N,NA,NA,NA,NA,NA,NA
1996,F,1996-10-16,JC,1,1,32,N,DIME,M,A,43,Y,S,NA,NA,NA,NA,NA
1996,F,1996-10-16,JC,1,1,36,N,DIME,F,A,54,Y,L,NA,NA,NA,NA,NA
1996,F,1996-10-16,JC,1,1,41,N,DIME,M,A,47,Y,S,NA,NA,NA,NA,NA
1996,F,1996-10-16,JC,1,1,42,N,DIME,F,A,42,N,NA,NA,NA,NA,NA,NA
1996,F,1996-10-16,JC,1,1,45,N,ONAR,M,A,19,N,NA,NA,NA,NA,NA,NA
1996,F,1996-10-16,JC,1,1,48,N,NEAL,F,A,152,N,NA,NA,NA,NA,NA,NA
1996,F,1996-10-16,JC,1,1,70,N,NEAL,NA,J,81,N,NA,NA,NA,NA,NA,NA
1996,F,1996-10-16,JC,1,1,77,N,DIME,NA,J,26,N,NA,NA,NA,NA,NA,NA
1996,F,1996-10-16,JC,1,1,84,N,DIME,F,A,45,N,NA,NA,NA,NA,NA,NA
1996,F,1996-10-16,JC,1,1,86,N,PELE,M,A,21,Y,S,NA,NA,NA,NA,NA
1996,F,1996-10-16,JC,1,1,96,N,DIME,F,A,46,N,NA,NA,NA,NA,NA,NA
1996,F,1996-10-16,JC,1,1,103,N,ONAR,NA,J,16,N,NA,NA,NA,NA,NA,NA
1996,F,1996-10-16,JC,1,1,106,N,NEAL,NA,J,89,N,NA,NA,NA,NA,NA,NA
1996,F,1996-10-16,JC,1,1,108,N,DIME,NA,J,29,N,NA,NA,NA,NA,NA,NA
1996,F,1996-10-16,JC,1,1,120,N,DIME,F,A,42,N,NA,NA,NA,NA,NA,NA
1996,F,1996-10-16,JC,1,1,123,N,DIME,F,A,47,Y,P,NA,NA,NA,NA,NA
1996,F,1996-10-16,JC,1,1,129,N,DIME,M,A,54,Y,S,NA,NA,NA,NA,NA
1996,F,1996-10-16,JC,1,1,141,N,DIME,M,A,47,N,NA,NA,NA,NA,NA,NA
1996,F,1996-10-16,JC,1,1,144,N,NEAL,F,A,204,N,NA,NA,NA,NA,NA,NA
1996,F,1996-10-16,JC,1,2,5,N,NEAL,M,A,220,N,NA,NA,NA,NA,NA,NA
1996,F,1996-10-16,JC,1,2,11,N,DIME,M,A,45,N,NA,NA,NA,NA,NA,NA
1996,F,1996-10-16,JC,1,2,20,N,DIME,M,A,43,Y,S,NA,NA,NA,NA,NA
1996,F,1996-10-16,JC,1,2,24,N,DIME,NA,J,47,N,NA,NA,NA,NA,NA,NA
1996,F,1996-10-16,JC,1,2,30,N,NEAL,F,A,160,N,NA,NA,NA,NA,NA,NA
1996,F,1996-10-16,JC,1,2,33,N,DIME,F,A,49,N,NA,NA,NA,NA,NA,NA
1996,F,1996-10-16,JC,1,2,36,N,DIME,NA,J,42,N,NA,NA,NA,NA,NA,NA
1996,F,1996-10-16,JC,1,2,48,N,DIME,M,A,48,N,NA,NA,NA,NA,NA,NA
1996,F,1996-10-16,JC,1,2,53,N,DIME,F,A,50,N,NA,NA,NA,NA,NA,NA
1996,F,1996-10-16,JC,1,2,60,N,NEAL,M,A,185,N,NA,NA,NA,NA,NA,NA
1996,F,1996-10-16,JC,1,2,63,N,NEAL,NA,J,98,N,NA,NA,NA,NA,NA,NA
1996,F,1996-10-16,JC,1,2,64,N,DIME,NA,J,40,N,NA,NA,NA,NA,NA,NA
1996,F,1996-10-16,JC,1,2,67,N,DIME,NA,J,40,N,NA,NA,NA,NA,NA,NA
1996,F,1996-10-16,JC,1,2,68,N,ONAR,M,A,21,N,NA,NA,NA,NA,NA,NA
1996,F,1996-10-16,JC,1,2,72,N,DIME,NA,J,40,N,NA,NA,NA,NA,NA,NA
1996,F,1996-10-16,JC,1,2,79,N,DIME,M,A,51,Y,S,NA,NA,NA,NA,NA
1996,F,1996-10-16,JC,1,2,83,N,NEAL,F,A,180,Y,L,NA,NA,NA,NA,NA
1996,F,1996-10-16,JC,1,2,91,N,DIME,M,A,49,Y,S,NA,NA,NA,NA,NA
1996,F,1996-10-16,JC,1,2,100,N,ONAR,F,A,22,N,NA,NA,NA,NA,NA,NA
1996,F,1996-10-16,JC,1,2,104,N,DIME,F,A,50,Y,L,NA,NA,NA,NA,NA
1996,F,1996-10-16,JC,1,2,116,N,DIME,M,A,52,Y,S,NA,NA,NA,NA,NA
1996,F,1996-10-16,JC,1,2,118,N,NEAL,M,A,194,N,NA,NA,NA,NA,NA,NA
1996,F,1996-10-16,JC,1,2,120,N,DIME,M,A,43,N,NA,NA,NA,NA,NA,NA
1996,F,1996-10-16,JC,1,2,124,N,DIME,M,A,56,Y,S,NA,NA,NA,NA,NA
1996,F,1996-10-16,JC,1,2,128,N,DIME,NA,J,24,N,NA,NA,NA,NA,NA,NA
1996,F,1996-10-16,JC,1,2,133,N,DIME,F,A,52,N,NA,NA,NA,NA,NA,NA
1996,F,1996-10-16,JC,1,2,134,N,NEAL,NA,J,92,N,NA,NA,NA,NA,NA,NA
1996,F,1996-10-16,JC,1,2,139,N,ONAR,M,A,15,N,NA,NA,NA,NA,NA,NA
1996,F,1996-10-16,JC,1,2,141,N,ONAR,NA,J,0,N,NA,Y,U,NA,NA,NA
1996,F,1996-10-16,JC,1,2,143,N,DIME,NA,J,35,N,NA,NA,NA,NA,NA,NA
1996,F,1996-10-16,JC,1,3,4,N,NEAL,M,A,180,NA,NA,Y,M,NA,NA,NA
1996,F,1996-10-16,JC,1,3,10,N,DIME,M,A,43,N,NA,NA,NA,NA,NA,NA
1996,F,1996-10-16,JC,1,3,11,N,NEAL,F,A,160,N,NA,NA,NA,NA,NA,NA
1996,F,1996-10-16,JC,1,3,12,N,CHPE,F,A,14,N,NA,NA,NA,NA,NA,NA
1996,F,1996-10-16,JC,1,3,20,N,DIME,M,A,53,Y,S,NA,NA,NA,NA,NA
1996,F,1996-10-16,JC,1,3,21,N,PELE,M,A,22,Y,S,NA,NA,NA,NA,NA
1996,F,1996-10-16,JC,1,3,22,N,ONAR,NA,J,16,N,NA,NA,NA,NA,NA,NA
1996,F,1996-10-16,JC,1,3,23,N,DIME,M,A,52,Y,S,NA,NA,NA,NA,NA
1996,F,1996-10-16,JC,1,3,27,N,DIME,NA,J,0,N,NA,Y,U,NA,NA,NA
1996,F,1996-10-16,JC,1,3,28,N,NEAL,M,A,169,N,NA,NA,NA,NA,NA,NA
1996,F,1996-10-16,JC,1,3,33,N,DIME,F,A,57,N,NA,NA,NA,NA,NA,NA
1996,F,1996-10-16,JC,1,3,39,N,DIME,F,A,44,N,NA,NA,NA,NA,NA,NA
1996,F,1996-10-16,JC,1,3,40,N,DIME,NA,J,25,N,NA,NA,NA,NA,NA,NA
1996,F,1996-10-16,JC,1,3,53,N,DIME,F,A,47,Y,L,NA,NA,NA,NA,NA
1996,F,1996-10-16,JC,1,3,56,N,DIME,NA,A,0,NA,NA,Y,U,NA,NA,NA
1996,F,1996-10-16,JC,1,3,58,N,NEAL,M,A,0,NA,NA,Y,U,NA,NA,NA
1996,F,1996-10-16,JC,1,3,67,N,DIME,M,A,56,Y,S,NA,NA,NA,NA,NA
1996,F,1996-10-16,JC,1,3,70,N,DIME,F,A,41,N,NA,NA,NA,NA,NA,NA
1996,F,1996-10-16,JC,1,3,84,N,DIME,M,A,47,Y,S,NA,NA,NA,NA,NA
1996,F,1996-10-16,JC,1,3,86,N,ONAR,M,A,42,N,NA,NA,NA,NA,NA,NA
1996,F,1996-10-16,JC,1,3,89,N,DIME,NA,J,23,N,NA,NA,NA,NA,NA,NA
1996,F,1996-10-16,JC,1,3,92,N,CHPE,M,A,11,N,NA,NA,NA,NA,NA,NA
1996,F,1996-10-16,JC,1,3,93,N,DIME,NA,NA,0,NA,NA,Y,N,NA,NA,NA
1996,F,1996-10-16,JC,1,3,94,N,DIME,M,A,44,Y,S,NA,NA,NA,NA,NA
1996,F,1996-10-16,JC,1,3,95,N,DIME,M,A,49,Y,S,NA,NA,NA,NA,NA
1996,F,1996-10-16,JC,1,3,96,N,DIME,F,A,46,N,NA,NA,NA,NA,NA,NA
1996,F,1996-10-16,JC,1,3,100,N,DIME,NA,J,23,N,NA,NA,NA,NA,NA,NA
1996,F,1996-10-16,JC,1,3,103,N,SPSP,F,A,96,N,NA,NA,NA,NA,NA,NA
1996,F,1996-10-16,JC,1,3,104,N,DIME,F,A,42,N,NA,NA,NA,NA,NA,NA
1996,F,1996-10-16,JC,1,3,117,N,DIME,M,A,56,Y,S,NA,NA,NA,NA,NA
1996,F,1996-10-16,JC,1,3,131,N,DIME,M,A,57,Y,S,NA,NA,NA,NA,NA
1996,F,1996-10-16,JC,1,3,137,N,DIME,NA,NA,0,NA,NA,Y,U,NA,NA,NA
1996,F,1996-10-16,JC,1,3,140,N,SPSP,M,A,135,N,NA,NA,NA,NA,NA,NA
1996,F,1996-10-16,JC,1,3,143,N,DIME,F,A,44,N,NA,NA,NA,NA,NA,NA
1999,F,1999-10-06,JC,1,1,72,N,DIME,F,A,52,Y,L,NA,NA,NA,NA,NA
1999,F,1999-10-06,JC,1,1,105,N,DIME,M,A,46,Y,PS,NA,NA,NA,NA,NA
1999,F,1999-10-06,JC,1,1,107,N,NEAL,NA,A,0,NA,NA,Y,N,NA,NA,NA
1999,F,1999-10-06,JC,1,1,120,N,DIME,NA,NA,0,NA,NA,Y,N,NA,NA,NA
1999,F,1999-10-06,JC,1,1,115,N,DIME,M,A,52,Y,PS,NA,NA,NA,NA,NA
1999,F,1999-10-06,JC,1,1,113,N,ONAR,M,A,20,Y,PS,NA,NA,NA,NA,NA
1999,F,1999-10-06,JC,1,1,109,N,DIME,NA,A,0,NA,NA,Y,N,NA,NA,NA
1999,F,1999-10-06,JC,1,1,125,N,DIME,M,A,58,Y,PS,NA,NA,NA,NA,NA
1999,F,1999-10-06,JC,1,1,130,N,DIME,F,A,52,Y,L,NA,NA,NA,NA,NA
1999,F,1999-10-06,JC,1,1,144,N,DIME,F,A,55,Y,L,NA,NA,NA,NA,NA
1999,F,1999-10-06,JC,1,1,143,N,NEAL,NA,J,128,N,NA,NA,NA,NA,NA,NA
1999,F,1999-10-06,JC,1,2,37,N,NEAL,NA,J,127,N,NA,NA,NA,NA,NA,NA
1999,F,1999-10-06,JC,1,2,47,N,NEAL,NA,J,122,N,NA,NA,NA,NA,NA,NA
1999,F,1999-10-06,JC,1,2,60,N,NEAL,NA,J,72,N,NA,NA,NA,NA,NA,NA
1999,F,1999-10-06,JC,1,2,59,N,NEAL,F,A,205,N,NA,NA,NA,NA,NA,NA
1999,F,1999-10-06,JC,1,2,57,N,DIME,NA,NA,0,NA,NA,Y,U,NA,NA,NA
1999,F,1999-10-06,JC,1,2,64,N,DIME,F,A,48,Y,L,NA,NA,NA,NA,NA
1999,F,1999-10-06,JC,1,2,66,N,ONAR,M,A,29,N,NA,NA,NA,NA,NA,NA
1999,F,1999-10-06,JC,1,2,70,N,NEAL,NA,J,78,N,NA,NA,NA,NA,NA,NA
1999,F,1999-10-06,JC,1,2,84,N,DIME,NA,J,34,N,NA,NA,NA,NA,NA,NA
1999,F,1999-10-06,JC,1,2,81,N,NEAL,M,A,224,N,NA,NA,NA,NA,NA,NA
1999,F,1999-10-06,JC,1,2,79,N,NEAL,NA,J,104,N,NA,NA,NA,NA,NA,NA
1999,F,1999-10-06,JC,1,2,98,N,DIME,M,A,54,Y,PS,NA,NA,NA,NA,NA
1999,F,1999-10-06,JC,1,3,134,N,NEAL,F,A,162,N,NA,NA,NA,NA,NA,NA
1999,F,1999-10-06,JC,1,3,137,N,DIME,F,A,50,Y,L,NA,NA,NA,NA,NA
1999,F,1999-10-06,JC,1,3,141,N,DIME,F,A,58,Y,L,NA,NA,NA,NA,NA
1999,F,1999-10-06,JC,1,3,12,N,DIME,M,A,46,Y,PS,NA,NA,NA,NA,NA
1999,F,1999-10-06,JC,1,3,9,N,ONAR,F,A,22,N,NA,NA,NA,NA,NA,NA
1999,F,1999-10-06,JC,1,3,49,N,DIME,M,A,53,Y,PS,NA,NA,NA,NA,NA
1999,F,1999-10-07,JC,2,1,77,N,NEAL,NA,J,80,N,NA,NA,NA,NA,NA,NA
1999,F,1999-10-07,JC,2,1,75,N,NEAL,NA,J,152,N,NA,NA,NA,NA,NA,NA
1999,F,1999-10-07,JC,2,1,110,N,DIME,M,A,46,N,NA,NA,NA,NA,NA,NA
1999,F,1999-10-07,JC,2,1,112,Y,DIME,NA,NA,0,NA,NA,NA,NA,NA,NA,NA
1999,F,1999-10-07,JC,2,1,113,N,SPSP,M,A,0,N,NA,Y,M,NA,NA,NA
1999,F,1999-10-07,JC,2,1,120,N,DIME,M,A,46,Y,PS,NA,NA,NA,NA,NA
1999,F,1999-10-07,JC,2,1,131,Y,DIME,NA,NA,0,NA,NA,NA,NA,NA,NA,NA
1999,F,1999-10-07,JC,2,1,129,Y,DIME,NA,NA,0,NA,NA,NA,NA,NA,NA,NA
1999,F,1999-10-07,JC,2,1,13,Y,DIME,NA,NA,0,NA,NA,NA,NA,NA,NA,NA
1999,F,1999-10-07,JC,2,1,14,Y,DIME,NA,NA,0,NA,NA,NA,NA,NA,NA,NA
1999,F,1999-10-07,JC,2,1,20,Y,DIME,NA,NA,0,NA,NA,NA,NA,NA,NA,NA
1999,F,1999-10-07,JC,2,1,36,N,DIME,M,A,52,Y,PS,NA,NA,NA,NA,NA
1999,F,1999-10-07,JC,2,1,35,Y,DIME,NA,NA,0,NA,NA,NA,NA,NA,NA,NA
1999,F,1999-10-07,JC,2,1,33,Y,DIME,NA,NA,0,NA,NA,NA,NA,NA,NA,NA
1999,F,1999-10-07,JC,2,2,132,N,NEAL,M,A,186,N,NA,NA,NA,NA,NA,NA
1999,F,1999-10-07,JC,2,2,130,Y,DIME,NA,NA,0,NA,NA,NA,NA,NA,NA,NA
1999,F,1999-10-07,JC,2,2,128,Y,DIME,NA,NA,0,NA,NA,NA,NA,NA,NA,NA
1999,F,1999-10-07,JC,2,2,5,N,NEAL,NA,J,105,N,NA,NA,NA,NA,NA,NA
1999,F,1999-10-07,JC,2,2,7,Y,DIME,NA,NA,0,NA,NA,NA,NA,NA,NA,NA
1999,F,1999-10-07,JC,2,2,11,N,DIME,F,A,54,Y,L,NA,NA,NA,NA,NA
1999,F,1999-10-07,JC,2,2,22,Y,DIME,NA,NA,0,NA,NA,NA,NA,NA,NA,NA
1999,F,1999-10-07,JC,2,2,20,Y,DIME,NA,NA,0,NA,NA,NA,NA,NA,NA,NA
1999,F,1999-10-07,JC,2,2,54,N,DIME,M,A,51,Y,PS,NA,NA,NA,NA,NA
1999,F,1999-10-07,JC,2,2,55,Y,DIME,NA,NA,0,NA,NA,NA,NA,NA,NA,NA
1999,F,1999-10-07,JC,2,2,60,Y,NEAL,NA,NA,0,NA,NA,NA,NA,NA,NA,NA
1999,F,1999-10-07,JC,2,2,71,N,NEAL,F,A,171,N,NA,NA,NA,NA,NA,NA
1999,F,1999-10-07,JC,2,2,66,N,DIME,F,A,47,Y,L,NA,NA,NA,NA,NA
1999,F,1999-10-07,JC,2,2,62,Y,DIME,NA,NA,0,NA,NA,NA,NA,NA,NA,NA
1999,F,1999-10-07,JC,2,3,12,N,NEAL,NA,NA,0,NA,NA,Y,U,NA,NA,NA
1999,F,1999-10-07,JC,2,3,10,Y,DIME,NA,NA,0,NA,NA,NA,NA,NA,NA,NA
1999,F,1999-10-07,JC,2,3,9,Y,ONAR,NA,NA,0,NA,NA,NA,NA,NA,NA,NA
1999,F,1999-10-07,JC,2,3,39,N,SPSP,M,A,0,NA,NA,Y,U,NA,NA,NA
1999,F,1999-10-07,JC,2,3,42,Y,DIME,NA,NA,0,NA,NA,NA,NA,NA,NA,NA
1999,F,1999-10-07,JC,2,3,68,N,NEAL,M,A,163,N,NA,NA,NA,NA,NA,NA
1999,F,1999-10-07,JC,2,3,56,N,DISP,NA,J,82,N,NA,NA,NA,NA,NA,NA
1999,F,1999-10-07,JC,2,3,52,Y,DIME,NA,NA,0,NA,NA,NA,NA,NA,NA,NA
1999,F,1999-10-07,JC,2,3,66,Y,DIME,NA,NA,0,NA,NA,NA,NA,NA,NA,NA
1999,F,1999-10-07,JC,2,3,68,N,DIME,F,A,54,Y,L,NA,NA,NA,NA,NA
1999,F,1999-10-07,JC,2,3,70,N,DIME,F,A,68,Y,L;P,NA,NA,NA,NA,NA
1999,F,1999-10-07,JC,2,3,79,N,DIME,F,A,44,Y,L,NA,NA,NA,NA,NA
1999,F,1999-10-07,JC,2,3,100,N,NEAL,NA,J,102,N,NA,NA,NA,NA,NA,NA
1999,F,1999-10-07,JC,2,3,102,Y,DIME,NA,NA,0,NA,NA,NA,NA,NA,NA,NA
1999,F,1999-10-07,JC,2,3,104,N,DIME,F,A,54,Y,L,NA,NA,NA,NA,NA
1999,F,1999-10-07,JC,2,3,107,N,SIHI,F,A,82,Y,L,NA,NA,NA,NA,NA
1999,F,1999-10-08,JC,3,1,70,Y,DIME,NA,NA,0,NA,NA,NA,NA,NA,NA,NA
1999,F,1999-10-08,JC,3,1,67,Y,DIME,NA,NA,0,NA,NA,NA,NA,NA,NA,NA
1999,F,1999-10-08,JC,3,1,113,N,SPSP,NA,J,42,N,NA,NA,NA,NA,NA,NA
1999,F,1999-10-08,JC,3,1,130,Y,DIME,NA,NA,0,NA,NA,NA,NA,NA,NA,NA
1999,F,1999-10-08,JC,3,1,131,Y,DIME,NA,NA,0,NA,NA,NA,NA,NA,NA,NA
1999,F,1999-10-08,JC,3,1,144,Y,NEAL,NA,NA,0,NA,NA,NA,NA,NA,NA,NA
1999,F,1999-10-08,JC,3,1,143,Y,DIME,NA,NA,0,NA,NA,NA,NA,NA,NA,NA
1999,F,1999-10-08,JC,3,1,141,N,DIME,M,A,48,Y,PS,NA,NA,NA,NA,NA
1999,F,1999-10-08,JC,3,1,134,Y,DIME,NA,NA,0,NA,NA,NA,NA,NA,NA,NA
1999,F,1999-10-08,JC,3,1,24,Y,DIME,NA,NA,0,NA,NA,NA,NA,NA,NA,NA
1999,F,1999-10-08,JC,3,1,23,Y,DIME,NA,NA,0,NA,NA,NA,NA,NA,NA,NA
1999,F,1999-10-08,JC,3,1,15,Y,DIME,NA,NA,0,NA,NA,NA,NA,NA,NA,NA
1999,F,1999-10-08,JC,3,1,49,Y,DIME,NA,NA,0,NA,NA,NA,NA,NA,NA,NA
1999,F,1999-10-08,JC,3,1,55,Y,DIME,NA,NA,0,NA,NA,NA,NA,NA,NA,NA
1999,F,1999-10-08,JC,3,2,130,Y,DIME,NA,NA,0,NA,NA,NA,NA,NA,NA,NA
1999,F,1999-10-08,JC,3,2,128,Y,DIME,NA,NA,0,NA,NA,NA,NA,NA,NA,NA
1999,F,1999-10-08,JC,3,2,141,Y,NEAL,NA,NA,0,NA,NA,NA,NA,NA,NA,NA
1999,F,1999-10-08,JC,3,2,10,Y,DIME,NA,NA,0,NA,NA,NA,NA,NA,NA,NA
1999,F,1999-10-08,JC,3,2,8,N,DIME,M,A,46,Y,PS,NA,NA,NA,NA,NA
1999,F,1999-10-08,JC,3,2,7,N,SPSP,M,A,92,N,NA,NA,NA,NA,NA,NA
1999,F,1999-10-08,JC,3,2,6,Y,NEAL,NA,NA,0,NA,NA,NA,NA,NA,NA,NA
1999,F,1999-10-08,JC,3,2,5,Y,NEAL,NA,NA,0,NA,NA,NA,NA,NA,NA,NA
1999,F,1999-10-08,JC,3,2,41,Y,DIME,NA,NA,0,NA,NA,NA,NA,NA,NA,NA
1999,F,1999-10-08,JC,3,2,45,Y,NEAL,NA,NA,0,NA,NA,NA,NA,NA,NA,NA
1999,F,1999-10-08,JC,3,2,47,Y,NEAL,NA,NA,0,NA,NA,NA,NA,NA,NA,NA
1999,F,1999-10-08,JC,3,2,60,Y,NEAL,NA,NA,0,NA,NA,NA,NA,NA,NA,NA
1999,F,1999-10-08,JC,3,2,55,Y,DIME,NA,NA,0,NA,NA,NA,NA,NA,NA,NA
1999,F,1999-10-08,JC,3,2,20,Y,DIME,NA,NA,0,NA,NA,NA,NA,NA,NA,NA
1999,F,1999-10-08,JC,3,2,22,Y,ONAR,NA,NA,0,NA,NA,NA,NA,NA,NA,NA
1999,F,1999-10-08,JC,3,3,134,Y,NEAL,NA,NA,0,NA,NA,NA,NA,NA,NA,NA
1999,F,1999-10-08,JC,3,3,27,Y,DIME,NA,NA,0,NA,NA,NA,NA,NA,NA,NA
1999,F,1999-10-08,JC,3,3,28,Y,DIME,NA,NA,0,NA,NA,NA,NA,NA,NA,NA
1999,F,1999-10-08,JC,3,3,29,N,DIME,F,A,48,Y,L,NA,NA,NA,NA,NA
1999,F,1999-10-08,JC,3,3,131,Y,DIME,NA,NA,0,NA,NA,NA,NA,NA,NA,NA
1999,F,1999-10-08,JC,3,3,132,Y,NEAL,NA,NA,0,NA,NA,NA,NA,NA,NA,NA
1999,F,1999-10-08,JC,3,3,144,Y,DIME,NA,NA,0,NA,NA,NA,NA,NA,NA,NA
1999,F,1999-10-08,JC,3,3,143,Y,DIME,NA,NA,0,NA,NA,NA,NA,NA,NA,NA
1999,F,1999-10-08,JC,3,3,4,N,SPSP,F,A,110,Y,L,NA,NA,NA,NA,NA
1999,F,1999-10-08,JC,3,3,9,N,SPSP,NA,J,102,N,NA,NA,NA,NA,NA,NA
1999,F,1999-10-08,JC,3,3,10,Y,DIME,NA,NA,0,NA,NA,NA,NA,NA,NA,NA
1999,F,1999-10-08,JC,3,3,12,N,NEAL,NA,J,86,N,NA,NA,NA,NA,NA,NA
1999,F,1999-10-08,JC,3,3,24,N,NEAL,F,A,128,N,NA,NA,NA,NA,NA,NA
1999,F,1999-10-08,JC,3,3,23,Y,NEAL,NA,NA,0,NA,NA,NA,NA,NA,NA,NA
1999,F,1999-10-08,JC,3,3,20,Y,DIME,NA,NA,0,NA,NA,NA,NA,NA,NA,NA
1999,F,1999-10-08,JC,3,3,19,N,DIME,NA,J,32,N,NA,NA,NA,NA,NA,NA
1999,F,1999-10-06,JC,1,1,62,N,DIME,NA,J,27,N,NA,Y,M,NA,NA,NA
1999,F,1999-10-06,JC,1,1,82,N,DIME,M,A,50,Y,S,NA,NA,NA,NA,NA
1999,F,1999-10-06,JC,1,1,93,N,DIME,F,A,58,N,NA,NA,NA,NA,NA,NA
1999,F,1999-10-06,JC,1,1,57,N,DIME,M,A,50,Y,S,NA,NA,NA,NA,NA
1999,F,1999-10-06,JC,1,1,59,N,ONAR,F,A,20,N,NA,NA,NA,NA,NA,NA
1999,F,1999-10-06,JC,1,1,45,N,DIME,M,A,45,N,NA,NA,NA,NA,NA,NA
1999,F,1999-10-06,JC,1,2,131,N,DIME,M,A,55,N,NA,NA,NA,NA,NA,NA
1999,F,1999-10-06,JC,1,2,128,N,DIME,F,A,50,N,NA,NA,NA,NA,NA,NA
1999,F,1999-10-06,JC,1,2,127,N,DIME,NA,J,35,N,NA,Y,M,NA,NA,NA
1999,F,1999-10-06,JC,1,2,108,N,DIME,M,A,61,Y,S,NA,NA,NA,NA,NA
1999,F,1999-10-06,JC,1,2,105,N,DIME,M,A,65,Y,S,NA,NA,NA,NA,NA
1999,F,1999-10-06,JC,1,2,103,N,DIME,NA,J,36,N,NA,Y,M,NA,NA,NA
1999,F,1999-10-06,JC,1,2,102,N,DIME,F,A,42,N,NA,NA,NA,NA,NA,NA
1999,F,1999-10-06,JC,1,2,100,N,DIME,NA,J,35,N,NA,Y,M,NA,NA,NA
1999,F,1999-10-06,JC,1,2,99,N,DIME,M,A,57,Y,S,NA,NA,NA,NA,NA
1999,F,1999-10-06,JC,1,3,87,N,ONAR,M,A,21,N,NA,NA,NA,NA,NA,NA
1999,F,1999-10-06,JC,1,3,76,N,DIME,F,A,48,N,NA,NA,NA,NA,NA,NA
1999,F,1999-10-06,JC,1,3,96,N,DIME,M,A,60,Y,S,NA,NA,NA,NA,NA
1999,F,1999-10-06,JC,1,3,107,N,NEAL,F,A,155,N,NA,NA,NA,NA,NA,NA
1999,F,1999-10-06,JC,1,3,102,N,NEAL,NA,J,0,N,NA,Y,U,NA,NA,NA
1999,F,1999-10-07,JC,2,1,96,Y,DIME,NA,NA,0,NA,NA,NA,NA,NA,NA,NA
1999,F,1999-10-07,JC,2,1,142,N,NEAL,NA,J,110,N,NA,NA,NA,NA,NA,NA
1999,F,1999-10-07,JC,2,1,11,N,DIME,NA,J,49,N,NA,Y,M,NA,NA,NA
1999,F,1999-10-07,JC,2,1,9,N,NEAL,F,A,230,N,NA,NA,NA,NA,NA,NA
1999,F,1999-10-07,JC,2,2,92,Y,DIME,NA,NA,0,NA,NA,NA,NA,NA,NA,NA
1999,F,1999-10-07,JC,2,2,96,N,NEAL,NA,A,0,NA,NA,Y,U,NA,NA,NA
1999,F,1999-10-07,JC,2,2,108,Y,DIME,NA,NA,0,NA,NA,NA,NA,NA,NA,NA
1999,F,1999-10-07,JC,2,2,105,Y,DIME,NA,NA,0,NA,NA,NA,NA,NA,NA,NA
1999,F,1999-10-07,JC,2,2,103,Y,DIME,NA,NA,0,NA,NA,NA,NA,NA,NA,NA
1999,F,1999-10-07,JC,2,2,102,N,ONAR,NA,J,20,N,NA,NA,NA,NA,NA,NA
1999,F,1999-10-07,JC,2,2,99,Y,DIME,NA,NA,0,NA,NA,NA,NA,NA,NA,NA
1999,F,1999-10-07,JC,2,3,18,N,DIME,M,A,55,Y,S,NA,NA,NA,NA,NA
1999,F,1999-10-07,JC,2,3,23,Y,NEAL,NA,NA,0,NA,NA,NA,NA,NA,NA,NA
1999,F,1999-10-07,JC,2,3,24,N,NEAL,F,A,225,N,NA,NA,NA,NA,NA,NA
1999,F,1999-10-07,JC,2,3,34,N,SPSP,M,A,89,N,NA,NA,NA,NA,NA,NA
1999,F,1999-10-07,JC,2,3,31,N,DIME,M,A,55,Y,S,NA,NA,NA,NA,NA
1999,F,1999-10-07,JC,2,3,92,N,NEAL,NA,NA,0,NA,NA,Y,U,NA,NA,NA
1999,F,1999-10-07,JC,2,3,94,Y,DIME,NA,NA,0,NA,NA,NA,NA,NA,NA,NA
1999,F,1999-10-07,JC,2,3,96,N,DIME,M,A,47,N,NA,NA,NA,NA,NA,NA
1999,F,1999-10-08,JC,3,1,42,Y,SPSP,NA,NA,0,NA,NA,NA,NA,NA,NA,NA
1999,F,1999-10-08,JC,3,1,46,N,NEAL,NA,J,105,N,NA,NA,NA,NA,NA,NA
1999,F,1999-10-08,JC,3,1,36,Y,DIME,NA,NA,0,NA,NA,NA,NA,NA,NA,NA
1999,F,1999-10-08,JC,3,1,35,Y,DIME,NA,NA,0,NA,NA,NA,NA,NA,NA,NA
1999,F,1999-10-08,JC,3,1,32,N,DIME,M,A,53,Y,S,NA,NA,NA,NA,NA
1999,F,1999-10-08,JC,3,2,26,Y,DIME,NA,NA,0,NA,NA,NA,NA,NA,NA,NA
1999,F,1999-10-08,JC,3,2,27,Y,DIME,NA,NA,0,NA,NA,NA,NA,NA,NA,NA
1999,F,1999-10-08,JC,3,2,28,N,DIME,M,A,55,Y,S,NA,NA,NA,NA,NA
1999,F,1999-10-08,JC,3,2,31,Y,DIME,NA,NA,0,NA,NA,NA,NA,NA,NA,NA
1999,F,1999-10-08,JC,3,2,35,N,NEAL,M,A,155,Y,S,NA,NA,NA,NA,NA
1999,F,1999-10-08,JC,3,3,58,Y,NEAL,NA,NA,0,NA,NA,NA,NA,NA,NA,NA
1999,F,1999-10-08,JC,3,3,28,Y,DIME,NA,NA,0,NA,NA,NA,NA,NA,NA,NA
1999,F,1999-10-08,JC,3,3,35,Y,DIME,NA,NA,0,NA,NA,NA,NA,NA,NA,NA
1999,F,1999-10-08,JC,3,3,36,N,DIME,NA,J,35,N,NA,NA,NA,NA,NA,NA
1999,F,1999-10-06,JC,1,1,31,N,DIME,M,A,52,N,NA,NA,NA,NA,NA,NA
1999,F,1999-10-06,JC,1,1,32,N,DIME,F,A,48,N,NA,NA,NA,NA,NA,NA
1999,F,1999-10-06,JC,1,1,33,N,DIME,F,A,49,N,NA,NA,NA,NA,NA,NA
1999,F,1999-10-06,JC,1,1,20,N,DIME,F,A,42,N,NA,NA,NA,NA,NA,NA
1999,F,1999-10-06,JC,1,1,19,N,DIME,F,A,49,N,NA,NA,NA,NA,NA,NA
1999,F,1999-10-06,JC,1,1,9,N,DIME,F,A,46,N,NA,NA,NA,NA,NA,NA
1999,F,1999-10-06,JC,1,2,30,N,DIME,F,A,56,Y,L,NA,NA,NA,NA,NA
1999,F,1999-10-06,JC,1,2,33,N,DIME,F,A,45,Y,L,NA,NA,NA,NA,NA
1999,F,1999-10-06,JC,1,2,19,N,DIME,M,A,47,Y,PS,NA,NA,NA,NA,NA
1999,F,1999-10-06,JC,1,2,9,N,DIME,M,A,46,Y,PS,NA,NA,NA,NA,NA
1999,F,1999-10-06,JC,1,2,91,N,DIME,M,A,48,Y,S,NA,NA,NA,NA,NA
1999,F,1999-10-06,JC,1,2,96,N,DIME,F,A,48,N,NA,NA,NA,NA,NA,NA
1999,F,1999-10-06,JC,1,3,17,N,DIME,NA,J,23,N,NA,NA,NA,NA,NA,NA
1999,F,1999-10-06,JC,1,3,19,N,DIME,F,A,46,Y,L,NA,NA,NA,NA,NA
1999,F,1999-10-06,JC,1,3,23,N,DIME,M,A,50,Y,PS,NA,NA,NA,NA,NA
1999,F,1999-10-06,JC,1,3,58,N,DIME,M,A,56,Y,PS,NA,NA,NA,NA,NA
1999,F,1999-10-06,JC,1,3,52,N,DIME,F,A,45,Y,L,NA,NA,NA,NA,NA
1999,F,1999-10-07,JC,2,1,67,Y,DIME,NA,NA,0,NA,NA,NA,NA,NA,NA,NA
1999,F,1999-10-07,JC,2,1,59,N,SIHI,M,A,38,N,NA,NA,NA,NA,NA,NA
1999,F,1999-10-07,JC,2,1,56,Y,DIME,NA,NA,0,NA,NA,NA,NA,NA,NA,NA
1999,F,1999-10-07,JC,2,1,52,Y,DIME,NA,NA,0,NA,NA,NA,NA,NA,NA,NA
1999,F,1999-10-07,JC,2,1,51,Y,DIME,NA,NA,0,NA,NA,NA,NA,NA,NA,NA
1999,F,1999-10-07,JC,2,1,42,N,DIME,F,A,42,N,NA,NA,NA,NA,NA,NA
1999,F,1999-10-07,JC,2,1,47,Y,DIME,NA,NA,0,NA,NA,NA,NA,NA,NA,NA
1999,F,1999-10-07,JC,2,2,142,N,DIME,M,A,52,Y,PS,NA,NA,NA,NA,NA
1999,F,1999-10-07,JC,2,2,28,N,DIME,NA,J,28,N,NA,NA,NA,NA,NA,NA
1999,F,1999-10-07,JC,2,2,42,N,DIME,M,A,40,N,NA,NA,NA,NA,NA,NA
1999,F,1999-10-07,JC,2,2,79,Y,NEAL,NA,NA,0,NA,NA,NA,NA,NA,NA,NA
1999,F,1999-10-07,JC,2,2,81,Y,NEAL,NA,NA,0,NA,NA,NA,NA,NA,NA,NA
1999,F,1999-10-07,JC,2,2,82,Y,DIME,NA,NA,0,NA,NA,NA,NA,NA,NA,NA
1999,F,1999-10-07,JC,2,2,77,Y,DIME,NA,NA,0,NA,NA,NA,NA,NA,NA,NA
1999,F,1999-10-07,JC,2,2,61,Y,DIME,NA,NA,0,NA,NA,NA,NA,NA,NA,NA
1999,F,1999-10-07,JC,2,3,134,Y,NEAL,NA,NA,0,NA,NA,NA,NA,NA,NA,NA
1999,F,1999-10-07,JC,2,3,135,N,NEAL,NA,J,92,N,NA,NA,NA,NA,NA,NA
1999,F,1999-10-07,JC,2,3,143,Y,DIME,NA,NA,0,NA,NA,NA,NA,NA,NA,NA
1999,F,1999-10-07,JC,2,3,131,N,DIME,M,A,50,N,NA,NA,NA,NA,NA,NA
1999,F,1999-10-07,JC,2,3,129,N,DIME,F,A,48,Y,L,NA,NA,NA,NA,NA
1999,F,1999-10-07,JC,2,3,128,N,DIME,M,A,54,Y,PS,NA,NA,NA,NA,NA
1999,F,1999-10-07,JC,2,3,127,N,DIME,M,A,43,Y,S,NA,NA,NA,NA,NA
1999,F,1999-10-08,JC,3,1,101,Y,DIME,NA,NA,0,NA,NA,NA,NA,NA,NA,NA
1999,F,1999-10-08,JC,3,1,105,Y,DIME,NA,NA,0,NA,NA,NA,NA,NA,NA,NA
1999,F,1999-10-08,JC,3,1,117,Y,DIME,NA,NA,0,NA,NA,NA,NA,NA,NA,NA
1999,F,1999-10-08,JC,3,1,114,N,DIME,F,A,42,Y,L,NA,NA,NA,NA,NA
1999,F,1999-10-08,JC,3,1,45,Y,NEAL,NA,NA,0,NA,NA,NA,NA,NA,NA,NA
1999,F,1999-10-08,JC,3,1,77,Y,NEAL,NA,NA,0,NA,NA,NA,NA,NA,NA,NA
1999,F,1999-10-08,JC,3,1,80,N,DIME,NA,J,29,N,NA,NA,NA,NA,NA,NA
1999,F,1999-10-08,JC,3,1,81,Y,DIME,NA,NA,0,NA,NA,NA,NA,NA,NA,NA
1999,F,1999-10-08,JC,3,1,82,N,DIME,M,A,47,Y,PS,NA,NA,NA,NA,NA
1999,F,1999-10-08,JC,3,1,96,N,DIME,M,A,47,Y,PS,NA,NA,NA,NA,NA
1999,F,1999-10-08,JC,3,1,89,N,DIME,F,A,40,Y,L,NA,NA,NA,NA,NA
1999,F,1999-10-08,JC,3,2,88,Y,DIME,NA,NA,0,NA,NA,NA,NA,NA,NA,NA
1999,F,1999-10-08,JC,3,2,91,Y,DIME,NA,NA,0,NA,NA,NA,NA,NA,NA,NA
1999,F,1999-10-08,JC,3,2,108,Y,DIME,NA,NA,0,NA,NA,NA,NA,NA,NA,NA
1999,F,1999-10-08,JC,3,2,105,Y,DIME,NA,NA,0,NA,NA,NA,NA,NA,NA,NA
1999,F,1999-10-08,JC,3,2,103,N,DIME,NA,J,31,N,NA,NA,NA,NA,NA,NA
1999,F,1999-10-08,JC,3,2,102,Y,DIME,NA,NA,0,NA,NA,NA,NA,NA,NA,NA
1999,F,1999-10-08,JC,3,2,100,Y,DIME,NA,NA,0,NA,NA,NA,NA,NA,NA,NA
1999,F,1999-10-08,JC,3,2,98,Y,NEAL,NA,NA,0,NA,NA,NA,NA,NA,NA,NA
1999,F,1999-10-08,JC,3,2,97,Y,DIME,NA,NA,0,NA,NA,NA,NA,NA,NA,NA
1999,F,1999-10-08,JC,3,2,61,Y,DIME,NA,NA,0,NA,NA,NA,NA,NA,NA,NA
1999,F,1999-10-08,JC,3,2,66,Y,DIME,NA,NA,0,NA,NA,NA,NA,NA,NA,NA
1999,F,1999-10-08,JC,3,2,70,Y,NEAL,NA,NA,0,NA,NA,NA,NA,NA,NA,NA
1999,F,1999-10-08,JC,3,2,82,Y,DIME,NA,NA,0,NA,NA,NA,NA,NA,NA,NA
1999,F,1999-10-08,JC,3,2,79,Y,NEAL,NA,NA,0,NA,NA,NA,NA,NA,NA,NA
1999,F,1999-10-08,JC,3,3,106,Y,SIHI,NA,NA,0,NA,NA,NA,NA,NA,NA,NA
1999,F,1999-10-08,JC,3,3,104,Y,DIME,NA,NA,0,NA,NA,NA,NA,NA,NA,NA
1999,F,1999-10-08,JC,3,3,101,Y,NEAL,NA,NA,0,NA,NA,NA,NA,NA,NA,NA
1999,F,1999-10-08,JC,3,3,97,Y,DIME,NA,NA,0,NA,NA,NA,NA,NA,NA,NA
1999,F,1999-10-08,JC,3,3,79,Y,DIME,NA,NA,0,NA,NA,NA,NA,NA,NA,NA
1999,F,1999-10-08,JC,3,3,65,Y,DIME,NA,NA,0,NA,NA,NA,NA,NA,NA,NA
1999,F,1999-10-08,JC,3,3,70,Y,DIME,NA,NA,0,NA,NA,NA,NA,NA,NA,NA
2000,F,2000-10-18,JC,1,1,77,N,DIME,F,A,46,N,NA,NA,NA,NA,NA,NA
2000,F,2000-10-18,JC,1,1,90,N,DIME,M,A,43,N,NA,NA,NA,NA,NA,NA
2000,F,2000-10-18,JC,1,1,93,N,DIME,M,A,48,N,NA,NA,NA,NA,NA,NA
2000,F,2000-10-18,JC,1,1,91,N,ONAR,M,A,18,N,NA,NA,NA,NA,NA,NA
2000,F,2000-10-18,JC,1,1,95,N,DIOR,M,A,44,N,NA,NA,NA,NA,NA,NA
2000,F,2000-10-18,JC,1,1,71,N,DIME,F,A,44,N,NA,NA,NA,NA,NA,NA
2000,F,2000-10-18,JC,1,1,70,N,DIME,F,A,42,N,NA,NA,NA,NA,NA,NA
2000,F,2000-10-18,JC,1,1,34,N,DIME,M,A,43,N,NA,NA,NA,NA,NA,NA
2000,F,2000-10-18,JC,1,1,35,N,DIME,F,A,42,N,NA,NA,NA,NA,NA,NA
2000,F,2000-10-18,JC,1,2,132,N,DIME,F,A,37,N,NA,NA,NA,NA,NA,NA
2000,F,2000-10-18,JC,1,2,128,N,DIME,F,A,41,N,NA,NA,NA,NA,NA,NA
2000,F,2000-10-18,JC,1,2,139,N,DIME,M,A,40,N,NA,NA,NA,NA,NA,NA
2000,F,2000-10-18,JC,1,2,141,N,DIME,F,A,38,N,NA,NA,NA,NA,NA,NA
2000,F,2000-10-18,JC,1,2,143,N,DIME,M,A,38,N,NA,NA,NA,NA,NA,NA
2000,F,2000-10-18,JC,1,2,144,N,NEAL,M,A,218,N,NA,NA,NA,NA,NA,NA
2000,F,2000-10-18,JC,1,2,7,N,DIME,F,A,41,N,NA,NA,NA,NA,NA,NA
2000,F,2000-10-18,JC,1,2,2,N,DIME,F,A,39,N,NA,NA,NA,NA,NA,NA
2000,F,2000-10-18,JC,1,2,39,N,DIME,M,A,40,N,NA,NA,NA,NA,NA,NA
2000,F,2000-10-18,JC,1,2,45,N,DIME,M,A,39,N,NA,NA,NA,NA,NA,NA
2000,F,2000-10-18,JC,1,2,47,N,SIHI,M,A,118,N,NA,NA,NA,NA,NA,NA
2000,F,2000-10-18,JC,1,2,48,N,NEAL,M,A,88,N,NA,NA,NA,NA,NA,NA
2000,F,2000-10-18,JC,1,2,58,N,DIME,M,A,38,N,NA,NA,NA,NA,NA,NA
2000,F,2000-10-18,JC,1,2,55,N,DIME,M,A,37,N,NA,NA,NA,NA,NA,NA
2000,F,2000-10-18,JC,1,2,50,N,DIME,M,A,45,N,NA,NA,NA,NA,NA,NA
2000,F,2000-10-18,JC,1,3,116,N,DIME,F,A,45,N,NA,NA,NA,NA,NA,NA
2000,F,2000-10-18,JC,1,3,113,N,CHPE,F,A,13,N,NA,NA,NA,NA,NA,NA
2000,F,2000-10-18,JC,1,3,145,N,NEAL,M,A,110,N,NA,NA,NA,NA,NA,NA
2000,F,2000-10-18,JC,1,3,127,N,DIME,M,A,39,N,NA,NA,NA,NA,NA,NA
2000,F,2000-10-18,JC,1,3,129,N,DIME,F,A,38,N,NA,NA,NA,NA,NA,NA
2000,F,2000-10-18,JC,1,3,131,N,DIME,F,A,43,N,NA,NA,NA,NA,NA,NA
2000,F,2000-10-18,JC,1,3,132,N,DIME,M,A,41,N,NA,NA,NA,NA,NA,NA
2000,F,2000-10-18,JC,1,3,143,N,DIME,M,A,38,N,NA,NA,NA,NA,NA,NA
2000,F,2000-10-18,JC,1,3,6,N,NEAL,NA,J,86,N,NA,NA,NA,NA,NA,NA
2000,F,2000-10-18,JC,1,3,8,N,DIME,M,A,43,N,NA,NA,NA,NA,NA,NA
2000,F,2000-10-18,JC,1,3,9,N,DIME,F,A,41,N,NA,NA,NA,NA,NA,NA
2000,F,2000-10-18,JC,1,3,23,N,DIME,M,A,43,N,NA,NA,NA,NA,NA,NA
2000,F,2000-10-18,JC,1,3,20,N,DIME,F,A,42,N,NA,NA,NA,NA,NA,NA
2000,F,2000-10-18,JC,1,3,18,N,NEAL,NA,J,98,N,NA,NA,NA,NA,NA,NA
2000,F,2000-10-18,JC,1,3,30,N,DIME,F,A,42,N,NA,NA,NA,NA,NA,NA
2000,F,2000-10-18,JC,1,3,33,N,DIME,F,A,43,N,NA,NA,NA,NA,NA,NA
2000,F,2000-10-19,JC,2,1,70,N,ONAR,F,A,22,N,NA,NA,NA,NA,NA,NA
2000,F,2000-10-19,JC,2,1,69,Y,DIME,NA,NA,0,NA,NA,NA,NA,NA,NA,NA
2000,F,2000-10-19,JC,2,1,64,Y,DIME,NA,NA,0,NA,NA,NA,NA,NA,NA,NA
2000,F,2000-10-19,JC,2,1,63,N,ONAR,F,A,18,N,NA,NA,NA,NA,NA,NA
2000,F,2000-10-19,JC,2,1,105,Y,DIME,NA,NA,0,NA,NA,NA,NA,NA,NA,NA
2000,F,2000-10-19,JC,2,1,108,N,ONAR,M,A,19,N,NA,NA,NA,NA,NA,NA
2000,F,2000-10-19,JC,2,1,120,Y,DIME,NA,NA,0,NA,NA,NA,NA,NA,NA,NA
2000,F,2000-10-19,JC,2,1,118,Y,DIME,NA,NA,0,NA,NA,NA,NA,NA,NA,NA
2000,F,2000-10-19,JC,2,1,111,Y,ONAR,NA,NA,0,NA,NA,NA,NA,NA,NA,NA
2000,F,2000-10-19,JC,2,1,7,N,PELE,M,A,20,N,NA,NA,NA,NA,NA,NA
2000,F,2000-10-19,JC,2,1,9,Y,DIME,NA,NA,0,NA,NA,NA,NA,NA,NA,NA
2000,F,2000-10-19,JC,2,1,121,N,REME,M,A,19,N,NA,NA,NA,NA,NA,NA
2000,F,2000-10-19,JC,2,2,132,N,ONAR,M,A,20,N,NA,NA,NA,NA,NA,NA
2000,F,2000-10-19,JC,2,2,130,Y,DIME,NA,NA,0,NA,NA,NA,NA,NA,NA,NA
2000,F,2000-10-19,JC,2,2,129,Y,DIME,NA,NA,0,NA,NA,NA,NA,NA,NA,NA
2000,F,2000-10-19,JC,2,2,128,Y,DIME,NA,NA,0,NA,NA,NA,NA,NA,NA,NA
2000,F,2000-10-19,JC,2,2,127,N,SPSP,NA,J,78,N,NA,NA,NA,NA,NA,NA
2000,F,2000-10-19,JC,2,2,2,Y,DIME,NA,NA,0,NA,NA,NA,NA,NA,NA,NA
2000,F,2000-10-19,JC,2,2,4,N,NEAL,F,A,75,N,NA,NA,NA,NA,NA,NA
2000,F,2000-10-19,JC,2,2,5,Y,DIME,NA,NA,0,NA,NA,NA,NA,NA,NA,NA
2000,F,2000-10-19,JC,2,2,7,Y,DIME,NA,NA,0,NA,NA,NA,NA,NA,NA,NA
2000,F,2000-10-19,JC,2,2,19,N,DIME,M,A,41,N,NA,NA,NA,NA,NA,NA
2000,F,2000-10-19,JC,2,2,51,Y,DIME,NA,NA,0,NA,NA,NA,NA,NA,NA,NA
2000,F,2000-10-19,JC,2,2,55,N,DIME,M,A,40,N,NA,NA,NA,NA,NA,NA
2000,F,2000-10-19,JC,2,2,57,Y,DIME,NA,NA,0,NA,NA,NA,NA,NA,NA,NA
2000,F,2000-10-19,JC,2,2,59,Y,DIME,NA,NA,0,NA,NA,NA,NA,NA,NA,NA
2000,F,2000-10-19,JC,2,2,70,N,NEAL,F,A,175,N,NA,NA,NA,NA,NA,NA
2000,F,2000-10-19,JC,2,3,144,N,DIME,M,A,42,N,NA,NA,NA,NA,NA,NA
2000,F,2000-10-19,JC,2,3,143,Y,DIME,NA,NA,0,NA,NA,NA,NA,NA,NA,NA
2000,F,2000-10-19,JC,2,3,142,Y,DIME,NA,NA,0,NA,NA,NA,NA,NA,NA,NA
2000,F,2000-10-19,JC,2,3,141,Y,DIME,NA,NA,0,NA,NA,NA,NA,NA,NA,NA
2000,F,2000-10-19,JC,2,3,138,Y,DIME,NA,NA,0,NA,NA,NA,NA,NA,NA,NA
2000,F,2000-10-19,JC,2,3,34,Y,DIME,NA,NA,0,NA,NA,NA,NA,NA,NA,NA
2000,F,2000-10-19,JC,2,3,35,Y,DIME,NA,NA,0,NA,NA,NA,NA,NA,NA,NA
2000,F,2000-10-19,JC,2,3,36,Y,DIME,NA,NA,0,NA,NA,NA,NA,NA,NA,NA
2000,F,2000-10-19,JC,2,3,43,Y,DIME,NA,NA,0,NA,NA,NA,NA,NA,NA,NA
2000,F,2000-10-19,JC,2,3,59,Y,NEAL,NA,NA,0,NA,NA,NA,NA,NA,NA,NA
2000,F,2000-10-19,JC,2,3,60,Y,DIME,NA,NA,0,NA,NA,NA,NA,NA,NA,NA
2000,F,2000-10-19,JC,2,3,70,Y,DIME,NA,NA,0,NA,NA,NA,NA,NA,NA,NA
2000,F,2000-10-19,JC,2,3,69,N,ONAR,F,A,19,N,NA,NA,NA,NA,NA,NA
2000,F,2000-10-19,JC,2,3,68,Y,DIME,NA,NA,0,NA,NA,NA,NA,NA,NA,NA
2000,F,2000-10-20,JC,3,1,71,N,PGFL,F,A,8,N,NA,NA,NA,NA,NA,NA
2000,F,2000-10-20,JC,3,1,70,Y,ONAR,NA,NA,0,NA,NA,NA,NA,NA,NA,NA
2000,F,2000-10-20,JC,3,1,68,N,SIHI,M,A,64,N,NA,NA,NA,NA,NA,NA
2000,F,2000-10-20,JC,3,1,76,N,DIME,M,A,46,N,NA,NA,NA,NA,NA,NA
2000,F,2000-10-20,JC,3,1,77,N,CHPE,F,A,12,N,NA,NA,NA,NA,NA,NA
2000,F,2000-10-20,JC,3,1,78,Y,DIME,NA,NA,0,NA,NA,NA,NA,NA,NA,NA
2000,F,2000-10-20,JC,3,1,79,Y,DIME,NA,NA,0,NA,NA,NA,NA,NA,NA,NA
2000,F,2000-10-20,JC,3,1,80,N,NEAL,M,A,189,N,NA,NA,NA,NA,NA,NA
2000,F,2000-10-20,JC,3,1,95,Y,DIME,NA,NA,0,NA,NA,NA,NA,NA,NA,NA
2000,F,2000-10-20,JC,3,1,93,Y,DIME,NA,NA,0,NA,NA,NA,NA,NA,NA,NA
2000,F,2000-10-20,JC,3,1,92,Y,DIME,NA,NA,0,NA,NA,NA,NA,NA,NA,NA
2000,F,2000-10-20,JC,3,1,91,Y,DIME,NA,NA,0,NA,NA,NA,NA,NA,NA,NA
2000,F,2000-10-20,JC,3,1,90,Y,ONAR,NA,NA,0,NA,NA,NA,NA,NA,NA,NA
2000,F,2000-10-20,JC,3,1,88,N,NEAL,NA,J,62,N,NA,NA,NA,NA,NA,NA
2000,F,2000-10-20,JC,3,1,105,Y,DIME,NA,NA,0,NA,NA,NA,NA,NA,NA,NA
2000,F,2000-10-20,JC,3,1,120,Y,DIME,NA,NA,0,NA,NA,NA,NA,NA,NA,NA
2000,F,2000-10-20,JC,3,1,117,N,SIHI,F,A,42,N,NA,NA,NA,NA,NA,NA
2000,F,2000-10-20,JC,3,1,113,N,NEAL,NA,J,65,N,NA,NA,NA,NA,NA,NA
2000,F,2000-10-20,JC,3,1,121,Y,ONAR,NA,NA,0,NA,NA,NA,NA,NA,NA,NA
2000,F,2000-10-20,JC,3,1,127,Y,DIME,NA,NA,0,NA,NA,NA,NA,NA,NA,NA
2000,F,2000-10-20,JC,3,1,130,Y,DIME,NA,NA,0,NA,NA,NA,NA,NA,NA,NA
2000,F,2000-10-20,JC,3,1,131,Y,DIME,NA,NA,0,NA,NA,NA,NA,NA,NA,NA
2000,F,2000-10-20,JC,3,2,70,Y,DIME,NA,NA,0,NA,NA,NA,NA,NA,NA,NA
2000,F,2000-10-20,JC,3,2,84,Y,DIME,NA,NA,0,NA,NA,NA,NA,NA,NA,NA
2000,F,2000-10-20,JC,3,2,82,Y,DIME,NA,NA,0,NA,NA,NA,NA,NA,NA,NA
2000,F,2000-10-20,JC,3,2,81,N,NEAL,NA,J,59,N,NA,NA,NA,NA,NA,NA
2000,F,2000-10-20,JC,3,2,80,Y,SIHI,NA,NA,0,NA,NA,NA,NA,NA,NA,NA
2000,F,2000-10-20,JC,3,2,26,N,NEAL,NA,J,38,N,NA,NA,NA,NA,NA,NA
2000,F,2000-10-20,JC,3,2,27,Y,DIME,NA,NA,0,NA,NA,NA,NA,NA,NA,NA
2000,F,2000-10-20,JC,3,2,29,Y,NEAL,NA,NA,0,NA,NA,NA,NA,NA,NA,NA
2000,F,2000-10-20,JC,3,2,30,Y,DIME,NA,NA,0,NA,NA,NA,NA,NA,NA,NA
2000,F,2000-10-20,JC,3,2,31,Y,DIME,NA,NA,0,NA,NA,NA,NA,NA,NA,NA
2000,F,2000-10-20,JC,3,2,32,Y,NEAL,NA,NA,0,NA,NA,NA,NA,NA,NA,NA
2000,F,2000-10-20,JC,3,2,33,Y,DIME,NA,NA,0,NA,NA,NA,NA,NA,NA,NA
2000,F,2000-10-20,JC,3,2,34,Y,NEAL,NA,NA,0,NA,NA,NA,NA,NA,NA,NA
2000,F,2000-10-20,JC,3,2,36,N,NEAL,NA,J,63,N,NA,NA,NA,NA,NA,NA
2000,F,2000-10-20,JC,3,2,19,Y,DIME,NA,NA,0,NA,NA,NA,NA,NA,NA,NA
2000,F,2000-10-20,JC,3,2,17,Y,ONAR,NA,NA,0,NA,NA,NA,NA,NA,NA,NA
2000,F,2000-10-20,JC,3,2,133,Y,NEAL,NA,NA,0,NA,NA,NA,NA,NA,NA,NA
2000,F,2000-10-20,JC,3,2,139,Y,DIME,NA,NA,0,NA,NA,NA,NA,NA,NA,NA
2000,F,2000-10-20,JC,3,2,140,N,NEAL,NA,J,64,N,NA,NA,NA,NA,NA,NA
2000,F,2000-10-20,JC,3,2,144,Y,NEAL,NA,NA,0,NA,NA,NA,NA,NA,NA,NA
2000,F,2000-10-20,JC,3,3,132,N,CHPE,F,A,12,N,NA,NA,NA,NA,NA,NA
2000,F,2000-10-20,JC,3,3,130,Y,DIME,NA,NA,0,NA,NA,NA,NA,NA,NA,NA
2000,F,2000-10-20,JC,3,3,129,Y,DIME,NA,NA,0,NA,NA,NA,NA,NA,NA,NA
2000,F,2000-10-20,JC,3,3,127,N,NEAL,M,A,122,N,NA,NA,NA,NA,NA,NA
2000,F,2000-10-20,JC,3,3,127,N,CHPE,M,A,13,N,NA,NA,NA,NA,NA,NA
2000,F,2000-10-20,JC,3,3,140,Y,DIME,NA,NA,0,NA,NA,NA,NA,NA,NA,NA
2000,F,2000-10-20,JC,3,3,141,Y,DIME,NA,NA,0,NA,NA,NA,NA,NA,NA,NA
2000,F,2000-10-20,JC,3,3,142,Y,DIME,NA,NA,0,NA,NA,NA,NA,NA,NA,NA
2000,F,2000-10-20,JC,3,3,143,Y,DIME,NA,NA,0,NA,NA,NA,NA,NA,NA,NA
2000,F,2000-10-20,JC,3,3,144,N,DIME,F,A,44,N,NA,NA,NA,NA,NA,NA
2000,F,2000-10-20,JC,3,3,30,Y,DIME,NA,NA,0,NA,NA,NA,NA,NA,NA,NA
2000,F,2000-10-20,JC,3,3,34,Y,ONAR,NA,NA,0,NA,NA,NA,NA,NA,NA,NA
2000,F,2000-10-20,JC,3,3,35,Y,DIME,NA,NA,0,NA,NA,NA,NA,NA,NA,NA
2000,F,2000-10-20,JC,3,3,36,Y,DIME,NA,NA,0,NA,NA,NA,NA,NA,NA,NA
2000,F,2000-10-20,JC,3,3,48,N,SPSP,M,A,124,N,NA,NA,NA,NA,NA,NA
2000,F,2000-10-20,JC,3,3,44,Y,DIME,NA,NA,0,NA,NA,NA,NA,NA,NA,NA
2000,F,2000-10-20,JC,3,3,41,Y,DIME,NA,NA,0,NA,NA,NA,NA,NA,NA,NA
2000,F,2000-10-20,JC,3,3,59,Y,NEAL,NA,NA,0,NA,NA,NA,NA,NA,NA,NA
2000,F,2000-10-20,JC,3,3,60,N,CHPE,M,A,12,N,NA,NA,NA,NA,NA,NA
2000,F,2000-10-20,JC,3,3,68,Y,DIME,NA,NA,0,NA,NA,NA,NA,NA,NA,NA
2000,F,2000-10-20,JC,3,3,66,Y,DIME,NA,NA,0,NA,NA,NA,NA,NA,NA,NA
2000,F,2000-10-18,JC,1,1,112,N,DIME,F,A,28,N,NA,NA,NA,NA,NA,NA
2000,F,2000-10-18,JC,1,1,120,N,DIME,F,A,42,N,NA,NA,NA,NA,NA,NA
2000,F,2000-10-18,JC,1,1,105,N,DIME,M,A,42,Y,PS,NA,NA,NA,NA,NA
2000,F,2000-10-18,JC,1,1,16,N,DIME,M,A,47,N,NA,NA,NA,NA,NA,NA
2000,F,2000-10-18,JC,1,1,22,N,DIME,M,A,45,N,NA,NA,NA,NA,NA,NA
2000,F,2000-10-18,JC,1,1,23,N,DIME,F,A,43,N,NA,NA,NA,NA,NA,NA
2000,F,2000-10-18,JC,1,1,11,N,DIME,M,A,48,N,NA,NA,NA,NA,NA,NA
2000,F,2000-10-18,JC,1,2,32,N,DIME,M,A,46,N,NA,NA,NA,NA,NA,NA
2000,F,2000-10-18,JC,1,2,33,N,DIME,F,A,40,N,NA,NA,NA,NA,NA,NA
2000,F,2000-10-18,JC,1,2,34,N,NEAL,M,A,160,N,NA,NA,NA,NA,NA,NA
2000,F,2000-10-18,JC,1,2,36,N,DIME,M,A,40,N,NA,NA,NA,NA,NA,NA
2000,F,2000-10-18,JC,1,2,19,N,DIME,M,A,40,N,NA,NA,NA,NA,NA,NA
2000,F,2000-10-18,JC,1,2,16,N,DIME,F,A,45,N,NA,NA,NA,NA,NA,NA
2000,F,2000-10-18,JC,1,2,81,N,DIME,M,A,41,N,NA,NA,NA,NA,NA,NA
2000,F,2000-10-18,JC,1,2,82,N,DIME,M,A,42,N,NA,NA,NA,NA,NA,NA
2000,F,2000-10-18,JC,1,3,97,N,DIME,M,A,36,N,NA,NA,NA,NA,NA,NA
2000,F,2000-10-18,JC,1,3,100,N,DIME,M,A,40,N,NA,NA,NA,NA,NA,NA
2000,F,2000-10-18,JC,1,3,107,N,DIME,F,A,45,N,NA,NA,NA,NA,NA,NA
2000,F,2000-10-18,JC,1,3,108,N,NEAL,F,A,210,N,NA,NA,NA,NA,NA,NA
2000,F,2000-10-18,JC,1,3,95,N,DIME,M,A,41,N,NA,NA,NA,NA,NA,NA
2000,F,2000-10-18,JC,1,3,94,N,ONAR,M,A,18,N,NA,NA,NA,NA,NA,NA
2000,F,2000-10-18,JC,1,3,87,N,ONAR,F,A,20,N,NA,NA,NA,NA,NA,NA
2000,F,2000-10-19,JC,2,1,80,N,DIME,F,A,40,N,NA,NA,NA,NA,NA,NA
2000,F,2000-10-19,JC,2,1,95,Y,DIME,NA,NA,0,NA,NA,NA,NA,NA,NA,NA
2000,F,2000-10-19,JC,2,1,93,Y,DIME,NA,NA,0,NA,NA,NA,NA,NA,NA,NA
2000,F,2000-10-19,JC,2,1,92,N,DIME,F,A,43,N,NA,NA,NA,NA,NA,NA
2000,F,2000-10-19,JC,2,1,91,Y,DIME,NA,NA,0,NA,NA,NA,NA,NA,NA,NA
2000,F,2000-10-19,JC,2,1,134,Y,DIME,NA,NA,0,NA,NA,NA,NA,NA,NA,NA
2000,F,2000-10-19,JC,2,1,143,Y,DIME,NA,NA,0,NA,NA,NA,NA,NA,NA,NA
2000,F,2000-10-19,JC,2,1,144,N,DIME,F,A,39,N,NA,NA,NA,NA,NA,NA
2000,F,2000-10-19,JC,2,1,131,Y,DIME,NA,NA,0,NA,NA,NA,NA,NA,NA,NA
2000,F,2000-10-19,JC,2,1,130,Y,DIME,NA,NA,0,NA,NA,NA,NA,NA,NA,NA
2000,F,2000-10-19,JC,2,2,144,N,NEAL,F,A,95,N,NA,NA,NA,NA,NA,NA
2000,F,2000-10-19,JC,2,2,141,Y,NEAL,NA,NA,0,NA,NA,NA,NA,NA,NA,NA
2000,F,2000-10-19,JC,2,2,139,N,PGFL,M,A,14,N,NA,NA,NA,NA,NA,NA
2000,F,2000-10-19,JC,2,2,28,N,NEAL,NA,J,82,N,NA,NA,NA,NA,NA,NA
2000,F,2000-10-19,JC,2,2,30,Y,DIME,NA,NA,0,NA,NA,NA,NA,NA,NA,NA
2000,F,2000-10-19,JC,2,2,31,Y,DIME,NA,NA,0,NA,NA,NA,NA,NA,NA,NA
2000,F,2000-10-19,JC,2,2,32,Y,DIME,NA,NA,0,NA,NA,NA,NA,NA,NA,NA
2000,F,2000-10-19,JC,2,2,34,Y,NEAL,NA,NA,0,NA,NA,NA,NA,NA,NA,NA
2000,F,2000-10-19,JC,2,2,35,N,NEAL,F,A,220,Y,L,NA,NA,NA,NA,NA
2000,F,2000-10-19,JC,2,2,36,N,NEAL,NA,NA,0,NA,NA,Y,U,NA,NA,NA
2000,F,2000-10-19,JC,2,2,46,Y,DIME,NA,NA,0,NA,NA,NA,NA,NA,NA,NA
2000,F,2000-10-19,JC,2,2,76,Y,DIME,NA,NA,0,NA,NA,NA,NA,NA,NA,NA
2000,F,2000-10-19,JC,2,2,80,N,SIHI,M,A,60,N,NA,NA,NA,NA,NA,NA
2000,F,2000-10-19,JC,2,3,19,Y,DIME,NA,NA,0,NA,NA,NA,NA,NA,NA,NA
2000,F,2000-10-19,JC,2,3,12,Y,DIME,NA,NA,0,NA,NA,NA,NA,NA,NA,NA
2000,F,2000-10-19,JC,2,3,10,N,DIME,M,A,39,N,NA,NA,NA,NA,NA,NA
2000,F,2000-10-19,JC,2,3,9,Y,DIME,NA,NA,0,NA,NA,NA,NA,NA,NA,NA
2000,F,2000-10-19,JC,2,3,7,Y,NEAL,NA,NA,0,NA,NA,NA,NA,NA,NA,NA
2000,F,2000-10-19,JC,2,3,6,Y,NEAL,NA,NA,0,NA,NA,NA,NA,NA,NA,NA
2000,F,2000-10-19,JC,2,3,1,Y,NEAL,NA,NA,0,NA,NA,NA,NA,NA,NA,NA
2000,F,2000-10-19,JC,2,3,81,Y,DIME,NA,NA,0,NA,NA,NA,NA,NA,NA,NA
2000,F,2000-10-19,JC,2,3,82,Y,DIME,NA,NA,0,NA,NA,NA,NA,NA,NA,NA
2000,F,2000-10-19,JC,2,3,84,N,DIME,M,A,46,N,NA,NA,NA,NA,NA,NA
2000,F,2000-10-20,JC,3,1,32,Y,DIME,NA,NA,0,NA,NA,NA,NA,NA,NA,NA
2000,F,2000-10-20,JC,3,1,22,Y,DIME,NA,NA,0,NA,NA,NA,NA,NA,NA,NA
2000,F,2000-10-20,JC,3,1,21,Y,DIME,NA,NA,0,NA,NA,NA,NA,NA,NA,NA
2000,F,2000-10-20,JC,3,1,15,Y,DIME,NA,NA,0,NA,NA,NA,NA,NA,NA,NA
2000,F,2000-10-20,JC,3,1,14,Y,DIME,NA,NA,0,NA,NA,NA,NA,NA,NA,NA
2000,F,2000-10-20,JC,3,2,51,N,DIME,F,A,54,N,NA,NA,NA,NA,NA,NA
2000,F,2000-10-20,JC,3,2,55,Y,DIME,NA,NA,0,NA,NA,NA,NA,NA,NA,NA
2000,F,2000-10-20,JC,3,2,59,Y,DIME,NA,NA,0,NA,NA,NA,NA,NA,NA,NA
2000,F,2000-10-20,JC,3,2,48,N,SIHI,M,A,79,N,NA,NA,NA,NA,NA,NA
2000,F,2000-10-20,JC,3,2,45,Y,DIME,NA,NA,0,NA,NA,NA,NA,NA,NA,NA
2000,F,2000-10-20,JC,3,2,43,N,ONAR,M,A,16,N,NA,NA,NA,NA,NA,NA
2000,F,2000-10-20,JC,3,2,41,Y,DIME,NA,NA,0,NA,NA,NA,NA,NA,NA,NA
2000,F,2000-10-20,JC,3,2,3,Y,DIME,NA,NA,0,NA,NA,NA,NA,NA,NA,NA
2000,F,2000-10-20,JC,3,2,5,N,SIHI,F,A,96,N,NA,NA,NA,NA,NA,NA
2000,F,2000-10-20,JC,3,2,37,Y,CHPE,NA,NA,0,NA,NA,NA,NA,NA,NA,NA
2000,F,2000-10-20,JC,3,2,7,N,DIME,M,A,40,N,NA,NA,NA,NA,NA,NA
2000,F,2000-10-20,JC,3,2,9,N,DIME,F,A,41,N,NA,NA,NA,NA,NA,NA
2000,F,2000-10-20,JC,3,3,18,Y,NEAL,NA,NA,0,NA,NA,NA,NA,NA,NA,NA
2000,F,2000-10-20,JC,3,3,22,Y,DIME,NA,NA,0,NA,NA,NA,NA,NA,NA,NA
2000,F,2000-10-20,JC,3,3,23,Y,DIME,NA,NA,0,NA,NA,NA,NA,NA,NA,NA
2000,F,2000-10-20,JC,3,3,12,Y,DIME,NA,NA,0,NA,NA,NA,NA,NA,NA,NA
2000,F,2000-10-20,JC,3,3,11,N,NEAL,M,A,160,N,NA,NA,NA,NA,NA,NA
2000,F,2000-10-20,JC,3,3,10,Y,DIME,NA,NA,0,NA,NA,NA,NA,NA,NA,NA
2000,F,2000-10-20,JC,3,3,9,Y,ONAR,NA,NA,0,NA,NA,NA,NA,NA,NA,NA
2000,F,2000-10-20,JC,3,3,6,Y,NEAL,NA,NA,0,NA,NA,NA,NA,NA,NA,NA
2000,F,2000-10-20,JC,3,3,94,N,DIME,M,A,45,N,NA,NA,NA,NA,NA,NA
2000,F,2000-10-20,JC,3,3,95,Y,DIME,NA,NA,0,NA,NA,NA,NA,NA,NA,NA
2000,F,2000-10-18,JC,1,1,142,N,DIME,F,A,46,N,NA,NA,NA,NA,NA,NA
2000,F,2000-10-18,JC,1,1,131,N,DIME,M,A,45,N,NA,NA,NA,NA,NA,NA
2000,F,2000-10-18,JC,1,1,130,N,DIME,M,A,45,N,NA,NA,NA,NA,NA,NA
2000,F,2000-10-18,JC,1,1,129,N,DIME,M,A,44,N,NA,NA,NA,NA,NA,NA
2000,F,2000-10-18,JC,1,1,59,N,DIME,M,A,47,N,NA,NA,NA,NA,NA,NA
2000,F,2000-10-18,JC,1,1,45,N,DIME,M,A,40,N,NA,NA,NA,NA,NA,NA
2000,F,2000-10-18,JC,1,1,43,N,DIME,F,A,48,Y,L,NA,NA,NA,NA,NA
2000,F,2000-10-18,JC,1,1,42,N,DIME,M,A,43,N,NA,NA,NA,NA,NA,NA
2000,F,2000-10-18,JC,1,1,109,N,PGFL,F,A,6,N,NA,NA,NA,NA,NA,NA
2000,F,2000-10-18,JC,1,2,44,N,DIME,M,A,46,N,NA,NA,NA,NA,NA,NA
2000,F,2000-10-18,JC,1,2,119,N,DIME,F,A,43,N,NA,NA,NA,NA,NA,NA
2000,F,2000-10-18,JC,1,2,120,N,DIME,M,A,47,N,NA,NA,NA,NA,NA,NA
2000,F,2000-10-18,JC,1,2,106,N,DIME,M,A,47,N,NA,NA,NA,NA,NA,NA
2000,F,2000-10-18,JC,1,2,105,N,DIME,F,A,39,N,NA,NA,NA,NA,NA,NA
2000,F,2000-10-18,JC,1,2,98,N,NEAL,NA,J,84,N,NA,NA,NA,NA,NA,NA
2000,F,2000-10-18,JC,1,2,88,N,DIME,F,A,45,N,NA,NA,NA,NA,NA,NA
2000,F,2000-10-18,JC,1,2,96,N,DIME,M,A,48,N,NA,NA,NA,NA,NA,NA
2000,F,2000-10-18,JC,1,2,84,N,DIME,F,A,45,N,NA,NA,NA,NA,NA,NA
2000,F,2000-10-18,JC,1,2,85,N,DIME,F,A,46,N,NA,NA,NA,NA,NA,NA
2000,F,2000-10-18,JC,1,3,79,N,DIME,F,A,45,N,NA,NA,NA,NA,NA,NA
2000,F,2000-10-18,JC,1,3,84,N,DIME,M,A,41,N,NA,NA,NA,NA,NA,NA
2000,F,2000-10-18,JC,1,3,70,N,DIME,M,A,44,N,NA,NA,NA,NA,NA,NA
2000,F,2000-10-18,JC,1,3,60,N,DIME,M,A,40,N,NA,NA,NA,NA,NA,NA
2000,F,2000-10-18,JC,1,3,59,N,DIME,M,A,41,N,NA,NA,NA,NA,NA,NA
2000,F,2000-10-18,JC,1,3,53,N,DIME,M,A,44,N,NA,NA,NA,NA,NA,NA
2000,F,2000-10-18,JC,1,3,43,N,DIME,M,A,42,N,NA,NA,NA,NA,NA,NA
2000,F,2000-10-18,JC,1,3,36,N,DIME,F,A,45,N,NA,NA,NA,NA,NA,NA
2000,F,2000-10-18,JC,1,3,35,N,DIME,M,A,44,N,NA,NA,NA,NA,NA,NA
2000,F,2000-10-19,JC,2,1,51,N,ONAR,M,A,29,N,NA,NA,NA,NA,NA,NA
2000,F,2000-10-19,JC,2,1,55,Y,DIME,NA,NA,0,NA,NA,NA,NA,NA,NA,NA
2000,F,2000-10-19,JC,2,1,57,Y,DIME,NA,NA,0,NA,NA,NA,NA,NA,NA,NA
2000,F,2000-10-19,JC,2,1,59,Y,DIME,NA,NA,0,NA,NA,NA,NA,NA,NA,NA
2000,F,2000-10-19,JC,2,1,46,N,NEAL,F,A,160,N,NA,NA,NA,NA,NA,NA
2000,F,2000-10-19,JC,2,1,43,Y,DIME,NA,NA,0,NA,NA,NA,NA,NA,NA,NA
2000,F,2000-10-19,JC,2,1,33,Y,DIME,NA,NA,0,NA,NA,NA,NA,NA,NA,NA
2000,F,2000-10-19,JC,2,1,34,Y,DIME,NA,NA,0,NA,NA,NA,NA,NA,NA,NA
2000,F,2000-10-19,JC,2,1,24,Y,DIME,NA,NA,0,NA,NA,NA,NA,NA,NA,NA
2000,F,2000-10-19,JC,2,1,21,Y,DIME,NA,NA,0,NA,NA,NA,NA,NA,NA,NA
2000,F,2000-10-19,JC,2,2,112,N,DIME,F,A,45,N,NA,NA,NA,NA,NA,NA
2000,F,2000-10-19,JC,2,2,114,N,ONAR,M,A,22,N,NA,NA,NA,NA,NA,NA
2000,F,2000-10-19,JC,2,2,115,Y,DIME,NA,NA,0,NA,NA,NA,NA,NA,NA,NA
2000,F,2000-10-19,JC,2,2,116,N,DIME,F,A,44,N,NA,NA,NA,NA,NA,NA
2000,F,2000-10-19,JC,2,2,118,N,CHPE,M,A,14,N,NA,NA,NA,NA,NA,NA
2000,F,2000-10-19,JC,2,2,119,N,NEAL,F,A,120,N,NA,N,N,NA,NA,NA
2000,F,2000-10-19,JC,2,2,120,Y,DIME,NA,NA,0,NA,NA,NA,NA,NA,NA,NA
2000,F,2000-10-19,JC,2,2,108,Y,DIME,NA,NA,0,NA,NA,NA,NA,NA,NA,NA
2000,F,2000-10-19,JC,2,2,106,Y,DIME,NA,NA,0,NA,NA,NA,NA,NA,NA,NA
2000,F,2000-10-19,JC,2,2,105,N,SPSP,F,A,98,N,NA,N,N,NA,NA,NA
2000,F,2000-10-19,JC,2,2,100,Y,DIME,NA,NA,0,NA,NA,NA,NA,NA,NA,NA
2000,F,2000-10-19,JC,2,2,97,Y,DIME,NA,NA,0,NA,NA,NA,NA,NA,NA,NA
2000,F,2000-10-19,JC,2,2,88,N,DIME,F,A,41,N,NA,NA,NA,NA,NA,NA
2000,F,2000-10-19,JC,2,2,91,N,DIME,M,A,45,N,NA,NA,NA,NA,NA,NA
2000,F,2000-10-19,JC,2,2,96,Y,DIME,NA,NA,0,NA,NA,NA,NA,NA,NA,NA
2000,F,2000-10-19,JC,2,2,84,Y,DIME,NA,NA,0,NA,NA,NA,NA,NA,NA,NA
2000,F,2000-10-19,JC,2,2,83,N,ONAR,M,A,21,N,NA,NA,NA,NA,NA,NA
2000,F,2000-10-19,JC,2,2,82,Y,DIME,NA,NA,0,NA,NA,NA,NA,NA,NA,NA
2000,F,2000-10-19,JC,2,2,81,N,NEAL,F,A,220,N,NA,NA,NA,NA,NA,NA
2000,F,2000-10-19,JC,2,3,130,Y,DIME,NA,NA,0,NA,NA,NA,NA,NA,NA,NA
2000,F,2000-10-19,JC,2,3,127,N,ONAR,M,A,19,N,NA,NA,NA,NA,NA,NA
2000,F,2000-10-19,JC,2,3,125,Y,ONAR,NA,NA,0,NA,NA,NA,NA,NA,NA,NA
2000,F,2000-10-19,JC,2,3,113,Y,CHPE,NA,NA,0,NA,NA,NA,NA,NA,NA,NA
2000,F,2000-10-19,JC,2,3,116,Y,DIME,NA,NA,0,NA,NA,NA,NA,NA,NA,NA
2000,F,2000-10-19,JC,2,3,108,Y,NEAL,NA,NA,0,NA,NA,NA,NA,NA,NA,NA
2000,F,2000-10-19,JC,2,3,106,N,SIHI,M,A,62,N,NA,NA,NA,NA,NA,NA
2000,F,2000-10-19,JC,2,3,104,Y,DIME,NA,NA,0,NA,NA,NA,NA,NA,NA,NA
2000,F,2000-10-19,JC,2,3,102,N,ONAR,M,A,20,N,NA,NA,NA,NA,NA,NA
2000,F,2000-10-19,JC,2,3,98,Y,DIME,NA,NA,0,NA,NA,NA,NA,NA,NA,NA
2000,F,2000-10-19,JC,2,3,97,NA,DIME,NA,NA,0,NA,NA,Y,U,NA,NA,NA
2000,F,2000-10-19,JC,2,3,81,Y,DIME,NA,NA,0,NA,NA,NA,NA,NA,NA,NA
2000,F,2000-10-19,JC,2,3,92,Y,DIME,NA,NA,0,NA,NA,NA,NA,NA,NA,NA
2000,F,2000-10-20,JC,3,1,59,Y,DIME,NA,NA,0,NA,NA,NA,NA,NA,NA,NA
2000,F,2000-10-20,JC,3,1,57,N,SIHI,M,A,75,N,NA,NA,NA,NA,NA,NA
2000,F,2000-10-20,JC,3,1,55,Y,DIME,NA,NA,0,NA,NA,NA,NA,NA,NA,NA
2000,F,2000-10-20,JC,3,1,51,Y,DIME,NA,NA,0,NA,NA,NA,NA,NA,NA,NA
2000,F,2000-10-20,JC,3,1,43,Y,DIME,NA,NA,0,NA,NA,NA,NA,NA,NA,NA
2000,F,2000-10-20,JC,3,1,42,Y,DIME,NA,NA,0,NA,NA,NA,NA,NA,NA,NA
2000,F,2000-10-20,JC,3,1,140,Y,DIME,NA,NA,0,NA,NA,NA,NA,NA,NA,NA
2000,F,2000-10-20,JC,3,1,142,Y,DIME,NA,NA,0,NA,NA,NA,NA,NA,NA,NA
2000,F,2000-10-20,JC,3,1,143,Y,DIME,NA,NA,0,NA,NA,NA,NA,NA,NA,NA
2000,F,2000-10-20,JC,3,1,144,Y,DIME,NA,NA,0,NA,NA,NA,NA,NA,NA,NA
2000,F,2000-10-20,JC,3,1,10,Y,DIME,NA,NA,0,NA,NA,NA,NA,NA,NA,NA
2000,F,2000-10-20,JC,3,1,9,Y,DIME,NA,NA,0,NA,NA,NA,NA,NA,NA,NA
2000,F,2000-10-20,JC,3,2,132,Y,DIME,NA,NA,0,NA,NA,NA,NA,NA,NA,NA
2000,F,2000-10-20,JC,3,2,130,N,ONAR,M,A,31,N,NA,NA,NA,NA,NA,NA
2000,F,2000-10-20,JC,3,2,129,Y,DIME,NA,NA,0,NA,NA,NA,NA,NA,NA,NA
2000,F,2000-10-20,JC,3,2,128,Y,DIME,NA,NA,0,NA,NA,NA,NA,NA,NA,NA
2000,F,2000-10-20,JC,3,2,127,Y,DIME,NA,NA,0,NA,NA,NA,NA,NA,NA,NA
2000,F,2000-10-20,JC,3,2,124,Y,DIME,NA,NA,0,NA,NA,NA,NA,NA,NA,NA
2000,F,2000-10-20,JC,3,2,122,N,DIME,M,A,48,N,NA,NA,NA,NA,NA,NA
2000,F,2000-10-20,JC,3,2,121,Y,DIME,NA,NA,0,NA,NA,NA,NA,NA,NA,NA
2000,F,2000-10-20,JC,3,2,114,Y,DIME,NA,NA,0,NA,NA,NA,NA,NA,NA,NA
2000,F,2000-10-20,JC,3,2,115,Y,DIME,NA,NA,0,NA,NA,NA,NA,NA,NA,NA
2000,F,2000-10-20,JC,3,2,120,Y,DIME,NA,NA,0,NA,NA,NA,NA,NA,NA,NA
2000,F,2000-10-20,JC,3,2,108,Y,DIME,NA,NA,0,NA,NA,NA,NA,NA,NA,NA
2000,F,2000-10-20,JC,3,2,106,Y,DIME,NA,NA,0,NA,NA,NA,NA,NA,NA,NA
2000,F,2000-10-20,JC,3,2,105,Y,DIME,NA,NA,0,NA,NA,NA,NA,NA,NA,NA
2000,F,2000-10-20,JC,3,2,103,N,DIME,M,A,46,N,NA,NA,NA,NA,NA,NA
2000,F,2000-10-20,JC,3,2,101,Y,DIME,NA,NA,0,NA,NA,NA,NA,NA,NA,NA
2000,F,2000-10-20,JC,3,2,100,N,CHPE,F,A,16,N,NA,NA,NA,NA,NA,NA
2000,F,2000-10-20,JC,3,2,99,Y,DIME,NA,NA,0,NA,NA,NA,NA,NA,NA,NA
2000,F,2000-10-20,JC,3,2,97,Y,DIME,NA,NA,0,NA,NA,NA,NA,NA,NA,NA
2000,F,2000-10-20,JC,3,3,109,N,NEAL,F,A,248,N,NA,NA,NA,NA,NA,NA
2000,F,2000-10-20,JC,3,3,113,Y,CHPE,NA,NA,0,NA,NA,NA,NA,NA,NA,NA
2000,F,2000-10-20,JC,3,3,115,Y,DIME,NA,NA,0,NA,NA,NA,NA,NA,NA,NA
2000,F,2000-10-20,JC,3,3,116,Y,DIME,NA,NA,0,NA,NA,NA,NA,NA,NA,NA
2000,F,2000-10-20,JC,3,3,117,Y,DIME,NA,NA,0,NA,NA,NA,NA,NA,NA,NA
2000,F,2000-10-20,JC,3,3,118,N,NEAL,NA,J,145,N,NA,NA,NA,NA,NA,NA
2000,F,2000-10-20,JC,3,3,106,N,SIHI,M,A,65,N,NA,NA,NA,NA,NA,NA
2000,F,2000-10-20,JC,3,3,105,Y,SIHI,NA,NA,0,NA,NA,NA,NA,NA,NA,NA
2000,F,2000-10-20,JC,3,3,98,Y,DIME,NA,NA,0,NA,NA,NA,NA,NA,NA,NA
2000,F,2000-10-20,JC,3,3,84,Y,DIME,NA,NA,0,NA,NA,NA,NA,NA,NA,NA
2000,F,2000-10-20,JC,3,3,70,Y,DIME,NA,NA,0,NA,NA,NA,NA,NA,NA,NA
2000,F,2000-10-20,JC,3,3,61,Y,DIME,NA,NA,0,NA,NA,NA,NA,NA,NA,NA
2001,F,2001-10-10,JC,2,1,31,N,DIME,F,A,43,N,NA,NA,NA,NA,NA,NA
2001,F,2001-10-10,JC,2,1,34,Y,DIME,NA,NA,0,NA,NA,NA,NA,NA,NA,NA
2001,F,2001-10-10,JC,2,1,36,N,DIME,M,A,51,Y,PS,NA,NA,NA,NA,NA
2001,F,2001-10-10,JC,2,1,17,Y,DIME,NA,NA,0,NA,NA,NA,NA,NA,NA,NA
2001,F,2001-10-10,JC,2,2,144,N,NEAL,M,A,160,N,NA,NA,NA,NA,NA,NA
2001,F,2001-10-10,JC,2,2,139,N,DIME,M,A,44,N,NA,NA,NA,NA,NA,NA
2001,F,2001-10-10,JC,2,2,3,Y,DIME,NA,NA,0,NA,NA,NA,NA,NA,NA,NA
2001,F,2001-10-10,JC,2,2,5,Y,NEAL,NA,NA,0,NA,NA,NA,NA,NA,NA,NA
2001,F,2001-10-10,JC,2,2,7,Y,DIME,NA,NA,0,NA,NA,NA,NA,NA,NA,NA
2001,F,2001-10-10,JC,2,2,9,Y,DIME,NA,NA,0,NA,NA,NA,NA,NA,NA,NA
2001,F,2001-10-10,JC,2,3,130,N,DIME,F,A,41,N,NA,NA,NA,NA,NA,NA
2001,F,2001-10-10,JC,2,3,129,N,DIME,M,A,44,Y,PS,NA,NA,NA,NA,NA
2001,F,2001-10-10,JC,2,3,116,N,DIME,M,A,52,Y,PS,NA,NA,NA,NA,NA
2001,F,2001-10-10,JC,2,3,117,N,NEAL,F,A,0,N,NA,Y,M,NA,NA,NA
2001,F,2001-10-10,JC,2,3,119,N,CHPE,F,A,15,N,NA,NA,NA,NA,NA,NA
2001,F,2001-10-11,JC,3,1,57,Y,DIME,NA,NA,0,NA,NA,NA,NA,NA,NA,NA
2001,F,2001-10-11,JC,3,1,54,Y,DIME,NA,NA,0,NA,NA,NA,NA,NA,NA,NA
2001,F,2001-10-11,JC,3,1,15,N,DIME,F,A,41,N,NA,NA,NA,NA,NA,NA
2001,F,2001-10-11,JC,3,1,17,Y,DIME,NA,NA,0,NA,NA,NA,NA,NA,NA,NA
2001,F,2001-10-11,JC,3,2,143,Y,NEAL,NA,NA,0,NA,NA,NA,NA,NA,NA,NA
2001,F,2001-10-11,JC,3,2,139,Y,DIME,NA,NA,0,NA,NA,NA,NA,NA,NA,NA
2001,F,2001-10-11,JC,3,2,116,Y,DIME,NA,NA,0,NA,NA,NA,NA,NA,NA,NA
2001,F,2001-10-11,JC,3,2,119,Y,NEAL,NA,NA,0,NA,NA,NA,NA,NA,NA,NA
2001,F,2001-10-11,JC,3,2,108,Y,DIME,NA,NA,0,NA,NA,NA,NA,NA,NA,NA
2001,F,2001-10-11,JC,3,2,105,Y,DIME,NA,NA,0,NA,NA,NA,NA,NA,NA,NA
2001,F,2001-10-11,JC,3,2,103,Y,DIME,NA,NA,0,NA,NA,NA,NA,NA,NA,NA
2001,F,2001-10-11,JC,3,2,132,Y,DIME,NA,NA,0,NA,NA,NA,NA,NA,NA,NA
2001,F,2001-10-11,JC,3,3,85,Y,DIME,NA,NA,0,NA,NA,NA,NA,NA,NA,NA
2001,F,2001-10-11,JC,3,3,87,Y,CHPE,NA,NA,0,NA,NA,NA,NA,NA,NA,NA
2001,F,2001-10-11,JC,3,3,89,Y,DIME,NA,NA,0,NA,NA,NA,NA,NA,NA,NA
2001,F,2001-10-11,JC,3,3,90,N,CHPE,F,A,12,N,NA,NA,NA,NA,NA,NA
2001,F,2001-10-11,JC,3,3,93,Y,DIME,NA,NA,0,NA,NA,NA,NA,NA,NA,NA
2001,F,2001-10-11,JC,3,3,94,Y,DIME,NA,NA,0,NA,NA,NA,NA,NA,NA,NA
2001,F,2001-10-11,JC,3,3,96,N,DIME,M,A,53,Y,PS,NA,NA,NA,NA,NA
2001,F,2001-10-09,JC,1,1,107,N,DIME,M,A,42,N,NA,NA,NA,NA,NA,NA
2001,F,2001-10-09,JC,1,1,117,N,DIME,M,A,45,N,NA,NA,NA,NA,NA,NA
2001,F,2001-10-09,JC,1,1,114,N,DIME,M,A,45,N,NA,NA,NA,NA,NA,NA
2001,F,2001-10-09,JC,1,1,34,N,DIME,M,A,45,N,NA,NA,NA,NA,NA,NA
2001,F,2001-10-09,JC,1,1,31,N,DIME,M,A,46,N,NA,NA,NA,NA,NA,NA
2001,F,2001-10-09,JC,1,1,30,N,DIME,M,A,44,N,NA,NA,NA,NA,NA,NA
2001,F,2001-10-09,JC,1,2,50,N,DIME,F,A,46,N,NA,NA,NA,NA,NA,NA
2001,F,2001-10-09,JC,1,2,56,N,NEMI,NA,NA,0,NA,NA,Y,N,NA,NA,NA
2001,F,2001-10-09,JC,1,2,58,N,DIME,M,A,46,N,NA,NA,NA,NA,NA,NA
2001,F,2001-10-09,JC,1,2,72,N,DIME,F,A,46,N,NA,NA,NA,NA,NA,NA
2001,F,2001-10-09,JC,1,2,61,N,ONAR,M,A,25,N,NA,NA,NA,NA,NA,NA
2001,F,2001-10-09,JC,1,2,30,N,DIME,M,A,41,N,NA,NA,NA,NA,NA,NA
2001,F,2001-10-09,JC,1,2,33,N,DIME,M,A,46,N,NA,NA,NA,NA,NA,NA
2001,F,2001-10-09,JC,1,2,34,N,DIME,M,A,46,N,NA,NA,NA,NA,NA,NA
2001,F,2001-10-09,JC,1,2,35,N,DIME,F,A,42,N,NA,NA,NA,NA,NA,NA
2001,F,2001-10-09,JC,1,2,36,N,SPSP,M,A,137,N,NA,NA,NA,NA,NA,NA
2001,F,2001-10-09,JC,1,3,43,N,NEAL,NA,NA,0,NA,NA,Y,N,NA,NA,NA
2001,F,2001-10-09,JC,1,3,44,N,NEAL,M,A,104,N,NA,NA,NA,NA,NA,NA
2001,F,2001-10-09,JC,1,3,58,N,DIME,M,A,40,N,NA,NA,NA,NA,NA,NA
2001,F,2001-10-09,JC,1,3,55,N,NEAL,M,A,218,N,NA,NA,NA,NA,NA,NA
2001,F,2001-10-09,JC,1,3,54,N,DIME,M,A,47,Y,PS,NA,NA,NA,NA,NA
2001,F,2001-10-09,JC,1,3,58,N,NEAL,M,A,110,N,NA,NA,NA,NA,NA,NA
2001,F,2001-10-10,JC,2,1,139,Y,DIME,NA,NA,0,NA,NA,NA,NA,NA,NA,NA
2001,F,2001-10-10,JC,2,1,141,Y,DIME,NA,NA,0,NA,NA,NA,NA,NA,NA,NA
2001,F,2001-10-10,JC,2,1,144,Y,NEAL,NA,NA,0,NA,NA,NA,NA,NA,NA,NA
2001,F,2001-10-10,JC,2,1,12,Y,DIME,NA,NA,0,NA,NA,NA,NA,NA,NA,NA
2001,F,2001-10-10,JC,2,2,56,Y,DIME,NA,NA,0,NA,NA,NA,NA,NA,NA,NA
2001,F,2001-10-10,JC,2,2,59,N,NEAL,M,A,182,N,NA,NA,NA,NA,NA,NA
2001,F,2001-10-10,JC,2,2,60,N,DIME,M,A,48,N,NA,NA,NA,NA,NA,NA
2001,F,2001-10-10,JC,2,2,72,N,DIME,M,A,47,Y,PS,NA,NA,NA,NA,NA
2001,F,2001-10-10,JC,2,2,64,Y,DIME,NA,NA,0,NA,NA,NA,NA,NA,NA,NA
2001,F,2001-10-10,JC,2,3,53,Y,DIME,NA,NA,0,NA,NA,NA,NA,NA,NA,NA
2001,F,2001-10-10,JC,2,3,42,Y,DIME,NA,NA,0,NA,NA,NA,NA,NA,NA,NA
2001,F,2001-10-10,JC,2,3,46,Y,NEAL,NA,NA,0,NA,NA,NA,NA,NA,NA,NA
2001,F,2001-10-10,JC,2,3,47,N,ONAR,M,A,21,N,NA,NA,NA,NA,NA,NA
2001,F,2001-10-10,JC,2,3,48,N,DIME,M,A,39,N,NA,NA,NA,NA,NA,NA
2001,F,2001-10-10,JC,2,3,84,Y,DIME,NA,NA,0,NA,NA,NA,NA,NA,NA,NA
2001,F,2001-10-10,JC,2,3,70,Y,DIME,NA,NA,0,NA,NA,NA,NA,NA,NA,NA
2001,F,2001-10-10,JC,2,3,83,N,NEAL,F,A,218,N,NA,NA,NA,NA,NA,NA
2001,F,2001-10-10,JC,2,3,68,Y,NEAL,NA,NA,0,NA,NA,NA,NA,NA,NA,NA
2001,F,2001-10-10,JC,2,3,102,Y,DIME,NA,NA,0,NA,NA,NA,NA,NA,NA,NA
2001,F,2001-10-10,JC,2,3,108,Y,NEAL,NA,NA,0,NA,NA,NA,NA,NA,NA,NA
2001,F,2001-10-11,JC,3,1,48,Y,DIME,NA,NA,0,NA,NA,NA,NA,NA,NA,NA
2001,F,2001-10-11,JC,3,1,34,Y,DIME,NA,NA,0,NA,NA,NA,NA,NA,NA,NA
2001,F,2001-10-11,JC,3,1,28,Y,DIME,NA,NA,0,NA,NA,NA,NA,NA,NA,NA
2001,F,2001-10-11,JC,3,1,127,Y,DIME,NA,NA,0,NA,NA,NA,NA,NA,NA,NA
2001,F,2001-10-11,JC,3,1,131,Y,DIME,NA,NA,0,NA,NA,NA,NA,NA,NA,NA
2001,F,2001-10-11,JC,3,1,50,Y,NEAL,NA,NA,0,NA,NA,NA,NA,NA,NA,NA
2001,F,2001-10-11,JC,3,2,55,Y,DIME,NA,NA,0,NA,NA,NA,NA,NA,NA,NA
2001,F,2001-10-11,JC,3,2,56,Y,DIME,NA,NA,0,NA,NA,NA,NA,NA,NA,NA
2001,F,2001-10-11,JC,3,2,59,Y,NEAL,NA,NA,0,NA,NA,NA,NA,NA,1,NA
2001,F,2001-10-11,JC,3,2,48,N,NEAL,M,A,252,N,NA,NA,NA,NA,NA,NA
2001,F,2001-10-11,JC,3,2,46,N,NEAL,F,A,202,N,NA,NA,NA,NA,NA,NA
2001,F,2001-10-11,JC,3,2,44,N,DIME,M,A,46,Y,PS,NA,NA,NA,NA,NA
2001,F,2001-10-11,JC,3,3,107,Y,NEAL,NA,NA,0,NA,NA,NA,NA,NA,NA,NA
2001,F,2001-10-11,JC,3,3,118,Y,NEAL,NA,NA,0,NA,NA,NA,NA,NA,NA,NA
2001,F,2001-10-11,JC,3,3,117,Y,CHPE,NA,NA,0,NA,NA,NA,NA,NA,NA,NA
2001,F,2001-10-11,JC,3,3,40,N,CHPE,M,A,14,N,NA,NA,NA,NA,NA,NA
2001,F,2001-10-11,JC,3,3,47,Y,DIME,NA,NA,0,NA,NA,NA,NA,NA,NA,NA
2001,F,2001-10-11,JC,3,3,48,Y,DIME,NA,NA,0,NA,NA,NA,NA,NA,NA,NA
2001,F,2001-10-09,JC,1,1,80,N,DIME,M,A,42,Y,PS,NA,NA,NA,NA,NA
2001,F,2001-10-09,JC,1,1,92,N,NEAL,F,A,155,N,NA,NA,NA,NA,NA,NA
2001,F,2001-10-09,JC,1,1,90,N,NEAL,F,A,142,N,NA,NA,NA,NA,NA,NA
2001,F,2001-10-09,JC,1,1,57,N,DIME,F,A,43,N,NA,NA,NA,NA,NA,NA
2001,F,2001-10-09,JC,1,1,56,N,SPSP,NA,A,0,NA,NA,Y,U,NA,NA,NA
2001,F,2001-10-09,JC,1,1,95,N,NEAL,NA,J,95,N,NA,NA,NA,NA,NA,NA
2001,F,2001-10-09,JC,1,2,9,N,DIME,F,A,44,N,NA,NA,NA,NA,NA,NA
2001,F,2001-10-09,JC,1,2,5,N,NEAL,F,A,135,N,NA,NA,NA,NA,NA,NA
2001,F,2001-10-09,JC,1,2,16,N,ONAR,NA,J,18,N,NA,NA,NA,NA,NA,NA
2001,F,2001-10-09,JC,1,2,22,N,DIME,F,A,43,N,NA,NA,NA,NA,NA,NA
2001,F,2001-10-09,JC,1,2,24,N,DIME,M,A,40,N,NA,NA,NA,NA,NA,NA
2001,F,2001-10-09,JC,1,3,4,N,DIME,F,A,41,N,NA,NA,NA,NA,NA,NA
2001,F,2001-10-09,JC,1,3,12,N,DIME,M,A,43,N,NA,NA,NA,NA,NA,NA
2001,F,2001-10-09,JC,1,3,23,N,DIME,F,A,44,N,NA,NA,NA,NA,NA,NA
2001,F,2001-10-09,JC,1,3,36,N,DIME,M,A,43,Y,S,NA,NA,NA,NA,NA
2001,F,2001-10-10,JC,2,1,109,N,ONAR,M,A,16,N,NA,NA,NA,NA,NA,NA
2001,F,2001-10-10,JC,2,1,115,Y,DIME,NA,NA,0,NA,NA,NA,NA,NA,NA,NA
2001,F,2001-10-10,JC,2,1,131,Y,DIME,NA,NA,0,NA,NA,NA,NA,NA,NA,NA
2001,F,2001-10-10,JC,2,1,127,Y,DIME,NA,NA,0,NA,NA,NA,NA,NA,NA,NA
2001,F,2001-10-10,JC,2,2,119,Y,NEAL,NA,NA,0,NA,NA,NA,NA,NA,NA,NA
2001,F,2001-10-10,JC,2,2,108,Y,DIME,NA,NA,0,NA,NA,NA,NA,NA,NA,NA
2001,F,2001-10-10,JC,2,2,106,N,DIME,F,A,38,N,NA,NA,NA,NA,NA,NA
2001,F,2001-10-10,JC,2,2,104,N,SPSP,M,A,108,N,NA,NA,NA,NA,NA,NA
2001,F,2001-10-10,JC,2,2,103,Y,DIME,NA,NA,0,NA,NA,NA,NA,NA,NA,NA
2001,F,2001-10-10,JC,2,2,19,Y,DIME,NA,NA,0,NA,NA,NA,NA,NA,NA,NA
2001,F,2001-10-10,JC,2,2,22,Y,DIME,NA,NA,0,NA,NA,NA,NA,NA,NA,NA
2001,F,2001-10-10,JC,2,2,24,N,DIME,M,A,44,N,NA,NA,NA,NA,NA,NA
2001,F,2001-10-10,JC,2,3,90,Y,DIME,NA,NA,0,NA,NA,NA,NA,NA,NA,NA
2001,F,2001-10-10,JC,2,3,93,N,ONAR,F,A,16,N,NA,NA,NA,NA,NA,NA
2001,F,2001-10-10,JC,2,3,94,Y,DIME,NA,NA,0,NA,NA,NA,NA,NA,NA,NA
2001,F,2001-10-10,JC,2,3,95,N,DIME,M,A,45,N,NA,NA,NA,NA,NA,NA
2001,F,2001-10-10,JC,2,3,96,N,DIME,M,A,40,N,NA,NA,NA,NA,NA,NA
2001,F,2001-10-10,JC,2,3,87,N,CHPE,M,A,15,N,NA,NA,NA,NA,NA,NA
2001,F,2001-10-11,JC,3,1,75,Y,ONAR,NA,NA,0,NA,NA,NA,NA,NA,NA,NA
2001,F,2001-10-11,JC,3,1,93,Y,DIME,NA,NA,0,NA,NA,NA,NA,NA,NA,NA
2001,F,2001-10-11,JC,3,1,92,Y,DIME,NA,NA,0,NA,NA,NA,NA,NA,NA,NA
2001,F,2001-10-11,JC,3,1,90,Y,NEAL,NA,NA,0,NA,NA,NA,NA,NA,NA,NA
2001,F,2001-10-11,JC,3,2,145,Y,DIME,NA,NA,0,NA,NA,NA,NA,NA,NA,NA
2001,F,2001-10-11,JC,3,2,83,Y,DIME,NA,NA,0,NA,NA,NA,NA,NA,NA,NA
2001,F,2001-10-11,JC,3,2,81,Y,NEAL,NA,NA,0,NA,NA,NA,NA,NA,NA,NA
2001,F,2001-10-11,JC,3,2,80,Y,DIME,NA,NA,0,NA,NA,NA,NA,NA,NA,NA
2001,F,2001-10-11,JC,3,2,5,Y,NEAL,NA,NA,0,NA,NA,NA,NA,NA,NA,NA
2001,F,2001-10-11,JC,3,2,12,N,NEAL,F,A,158,N,NA,NA,NA,NA,NA,NA
2001,F,2001-10-11,JC,3,3,61,Y,DIME,NA,NA,0,NA,NA,NA,NA,NA,NA,NA
2001,F,2001-10-11,JC,3,3,68,Y,DIME,NA,NA,0,NA,NA,NA,NA,NA,NA,NA
2002,F,2002-10-09,JC,1,1,51,N,DIME,M,A,34,Y,S,NA,NA,NA,NA,NA
2002,F,2002-10-09,JC,1,1,60,N,DIME,M,A,51,Y,S,NA,NA,NA,NA,NA
2002,F,2002-10-09,JC,1,1,72,N,DIME,M,A,51,Y,S,NA,NA,NA,NA,NA
2002,F,2002-10-09,JC,1,1,66,N,DIME,F,A,46,Y,L,NA,NA,NA,NA,NA
2002,F,2002-10-09,JC,1,1,65,N,DIME,M,A,52,Y,PS,NA,NA,NA,NA,NA
2002,F,2002-10-09,JC,1,2,60,N,NEAL,F,A,162,Y,L,NA,NA,NA,NA,NA
2002,F,2002-10-09,JC,1,2,70,N,DIME,F,A,37,Y,V,NA,NA,NA,NA,NA
2002,F,2002-10-09,JC,1,2,39,N,DIME,M,A,33,N,NA,NA,NA,NA,NA,NA
2002,F,2002-10-09,JC,1,2,30,N,DIOR,F,A,69,Y,V,NA,NA,NA,NA,NA
2002,F,2002-10-09,JC,1,2,35,N,DIME,M,A,55,Y,PS,NA,NA,NA,NA,NA
2002,F,2002-10-09,JC,1,3,68,N,DIME,M,A,52,Y,S,NA,NA,NA,NA,NA
2002,F,2002-10-09,JC,1,3,65,N,DIME,F,A,37,Y,V,NA,NA,NA,NA,NA
2002,F,2002-10-09,JC,1,3,23,N,DIME,NA,J,32,N,NA,NA,NA,NA,NA,NA
2002,F,2002-10-09,JC,1,3,24,N,DIME,NA,J,30,N,NA,NA,NA,NA,NA,NA
2002,F,2002-10-09,JC,1,3,0,N,DIME,F,A,40,N,NA,NA,NA,NA,NA,NA
2002,F,2002-10-09,JC,1,3,9,N,DIME,F,A,41,Y,V,NA,NA,NA,NA,NA
2002,F,2002-10-10,JC,2,1,70,Y,DIME,NA,NA,0,NA,NA,NA,NA,NA,NA,NA
2002,F,2002-10-10,JC,2,1,50,Y,DIME,NA,NA,0,NA,NA,NA,NA,NA,NA,NA
2002,F,2002-10-10,JC,2,1,59,Y,DIME,NA,NA,0,NA,NA,NA,NA,NA,NA,NA
2002,F,2002-10-10,JC,2,1,60,N,DIME,F,A,42,Y,V,NA,NA,NA,4,NA
2002,F,2002-10-10,JC,2,1,43,N,ONAR,M,A,22,Y,S,NA,NA,NA,NA,NA
2002,F,2002-10-10,JC,2,1,38,Y,DIME,NA,NA,0,NA,NA,NA,NA,NA,NA,NA
2002,F,2002-10-10,JC,2,2,67,Y,DIME,NA,NA,0,NA,NA,NA,NA,NA,NA,NA
2002,F,2002-10-10,JC,2,2,84,Y,DIME,NA,NA,0,NA,NA,NA,NA,NA,NA,NA
2002,F,2002-10-10,JC,2,2,83,N,DIME,F,A,35,Y,V,NA,NA,NA,NA,NA
2002,F,2002-10-10,JC,2,2,79,N,DIOR,M,A,62,Y,PS,NA,NA,NA,NA,NA
2002,F,2002-10-10,JC,2,2,51,Y,DIME,NA,NA,0,NA,NA,NA,NA,NA,NA,NA
2002,F,2002-10-10,JC,2,2,58,N,DIOR,M,A,60,Y,S,NA,NA,NA,NA,NA
2002,F,2002-10-10,JC,2,2,60,N,DIME,F,A,50,Y,L,NA,NA,NA,NA,NA
2002,F,2002-10-10,JC,2,2,34,N,DIME,M,A,51,Y,S,NA,NA,NA,NA,NA
2002,F,2002-10-10,JC,2,2,36,N,DIME,F,A,51,Y,L,NA,NA,NA,NA,NA
2002,F,2002-10-10,JC,2,3,70,N,DIME,F,A,40,N,NA,NA,NA,NA,NA,NA
2002,F,2002-10-10,JC,2,3,84,Y,DIME,NA,NA,0,NA,NA,NA,NA,NA,NA,NA
2002,F,2002-10-10,JC,2,3,83,Y,DIME,NA,NA,0,NA,NA,NA,NA,NA,NA,NA
2002,F,2002-10-10,JC,2,3,79,Y,DIME,NA,NA,0,NA,NA,NA,NA,NA,NA,NA
2002,F,2002-10-10,JC,2,3,48,N,SPSP,F,A,70,N,NA,NA,NA,NA,4,NA
2002,F,2002-10-10,JC,2,3,21,N,ONAR,M,A,18,N,NA,NA,NA,NA,NA,NA
2002,F,2002-10-10,JC,2,2,132,N,SPSP,F,A,70,N,NA,NA,NA,NA,NA,NA
2002,F,2002-10-11,JC,3,1,72,Y,DIME,NA,NA,0,NA,NA,NA,NA,NA,NA,NA
2002,F,2002-10-11,JC,3,1,65,Y,DIME,NA,NA,0,NA,NA,NA,NA,NA,NA,NA
2002,F,2002-10-11,JC,3,1,90,Y,DIME,NA,NA,0,NA,NA,NA,NA,NA,NA,NA
2002,F,2002-10-11,JC,3,1,109,Y,DIME,NA,NA,0,NA,NA,NA,NA,NA,NA,NA
2002,F,2002-10-11,JC,3,1,105,Y,DIME,NA,NA,0,NA,NA,NA,NA,NA,NA,NA
2002,F,2002-10-11,JC,3,1,120,N,DIME,NA,J,25,N,NA,NA,NA,NA,3,NA
2002,F,2002-10-11,JC,3,1,114,Y,DIME,NA,NA,0,NA,NA,NA,NA,NA,NA,NA
2002,F,2002-10-11,JC,3,1,144,Y,DIME,NA,NA,0,NA,NA,NA,NA,NA,NA,NA
2002,F,2002-10-11,JC,3,1,142,Y,DIME,NA,NA,0,NA,NA,NA,NA,NA,NA,NA
2002,F,2002-10-11,JC,3,1,138,Y,ONAR,NA,NA,0,NA,NA,NA,NA,NA,NA,NA
2002,F,2002-10-11,JC,3,2,144,Y,DIME,NA,NA,0,NA,NA,NA,NA,NA,NA,NA
2002,F,2002-10-11,JC,3,2,132,N,SPSP,M,A,83,N,NA,NA,NA,NA,NA,NA
2002,F,2002-10-11,JC,3,2,125,Y,DIME,NA,NA,0,NA,NA,NA,NA,NA,5,NA
2002,F,2002-10-11,JC,3,2,118,Y,DIME,NA,NA,0,NA,NA,NA,NA,NA,NA,NA
2002,F,2002-10-11,JC,3,2,108,Y,DIME,NA,NA,0,NA,NA,NA,NA,NA,NA,NA
2002,F,2002-10-11,JC,3,2,105,Y,DIME,NA,NA,0,NA,NA,NA,NA,NA,NA,NA
2002,F,2002-10-11,JC,3,2,103,Y,DIME,NA,NA,0,NA,NA,NA,NA,NA,NA,NA
2002,F,2002-10-11,JC,3,2,100,Y,ONAR,NA,NA,0,NA,NA,NA,NA,NA,NA,NA
2002,F,2002-10-11,JC,3,2,94,Y,SPSP,NA,NA,0,NA,NA,NA,NA,NA,NA,NA
2002,F,2002-10-11,JC,3,2,96,Y,DIME,NA,NA,0,NA,NA,NA,NA,NA,NA,NA
2002,F,2002-10-11,JC,3,2,84,N,DIME,F,A,47,Y,V,NA,NA,NA,NA,NA
2002,F,2002-10-11,JC,3,2,81,N,DIOR,M,A,49,Y,S,NA,NA,NA,NA,NA
2002,F,2002-10-11,JC,3,3,108,N,NEAL,M,A,190,Y,S,NA,NA,NA,NA,NA
2002,F,2002-10-11,JC,3,3,96,Y,DIME,NA,NA,0,NA,NA,NA,NA,NA,NA,NA
2002,F,2002-10-11,JC,3,3,92,N,SPSP,F,A,0,NA,NA,Y,U,NA,NA,NA
2002,F,2002-10-11,JC,3,3,82,N,DIME,M,A,48,Y,S,NA,NA,NA,3,NA
2002,F,2002-10-11,JC,3,3,84,Y,DIME,NA,NA,0,NA,NA,NA,NA,NA,NA,NA
2002,F,2002-10-11,JC,3,3,70,Y,DIME,NA,NA,0,NA,NA,NA,NA,NA,NA,NA
2002,F,2002-10-11,JC,3,3,66,Y,DIME,NA,NA,0,NA,NA,NA,NA,NA,NA,NA
2002,F,2002-10-11,JC,3,3,48,N,SPSP,F,A,73,N,NA,NA,NA,NA,NA,NA
2002,F,2002-10-11,JC,3,3,46,Y,DIME,NA,NA,0,NA,NA,NA,NA,NA,NA,NA
2002,F,2002-10-11,JC,3,3,42,Y,DIME,NA,NA,0,NA,NA,NA,NA,NA,NA,NA
2002,F,2002-10-11,JC,3,3,34,Y,DIME,NA,NA,0,NA,NA,NA,NA,NA,NA,NA
2002,F,2002-10-11,JC,3,3,35,Y,DIME,NA,NA,0,NA,NA,NA,NA,NA,NA,NA
2002,F,2002-10-09,JC,1,1,36,N,SPSP,NA,J,64,N,NA,NA,NA,NA,NA,NA
2002,F,2002-10-09,JC,1,1,38,N,DIME,F,A,49,N,NA,NA,NA,NA,NA,NA
2002,F,2002-10-09,JC,1,2,105,N,DIME,M,A,31,Y,PS,NA,NA,NA,NA,NA
2002,F,2002-10-09,JC,1,2,104,N,DIME,M,A,49,Y,PS,NA,NA,NA,NA,NA
2002,F,2002-10-09,JC,1,2,103,N,DIME,F,A,52,Y,L,NA,NA,NA,NA,2
2002,F,2002-10-09,JC,1,2,102,N,DIME,M,A,51,Y,S,NA,NA,NA,NA,NA
2002,F,2002-10-09,JC,1,2,98,N,DIME,M,A,57,Y,S,NA,NA,NA,NA,NA
2002,F,2002-10-09,JC,1,2,5,N,DIME,F,A,38,N,NA,NA,NA,NA,NA,NA
2002,F,2002-10-09,JC,1,3,34,N,DIME,NA,J,32,N,NA,NA,NA,NA,NA,NA
2002,F,2002-10-09,JC,1,3,35,N,DIME,M,A,50,Y,S,NA,NA,NA,NA,NA
2002,F,2002-10-09,JC,1,3,48,N,DIME,F,A,49,Y,P,NA,NA,NA,NA,NA
2002,F,2002-10-09,JC,1,3,47,N,DIME,M,A,67,Y,S,NA,NA,NA,NA,NA
2002,F,2002-10-09,JC,1,3,140,N,DIME,M,A,44,Y,PS,NA,NA,NA,1,NA
2002,F,2002-10-10,JC,2,1,128,Y,DIME,NA,NA,0,NA,NA,NA,NA,NA,NA,NA
2002,F,2002-10-10,JC,2,1,136,Y,DIME,NA,NA,0,NA,NA,NA,NA,NA,NA,NA
2002,F,2002-10-10,JC,2,1,140,Y,DIME,NA,NA,0,NA,NA,NA,NA,NA,NA,NA
2002,F,2002-10-10,JC,2,1,12,Y,DIME,NA,NA,0,NA,NA,NA,NA,NA,NA,NA
2002,F,2002-10-10,JC,2,2,145,Y,DIME,NA,NA,0,NA,NA,NA,NA,NA,NA,NA
2002,F,2002-10-10,JC,2,2,12,N,DIME,M,A,46,Y,PS,NA,NA,NA,NA,NA
2002,F,2002-10-10,JC,2,2,7,Y,DIME,NA,NA,0,NA,NA,NA,NA,NA,NA,NA
2002,F,2002-10-10,JC,2,2,5,Y,DIME,NA,NA,0,NA,NA,NA,NA,NA,NA,NA
2002,F,2002-10-10,JC,2,2,2,N,DIME,M,A,32,N,NA,NA,NA,NA,NA,NA
2002,F,2002-10-10,JC,2,2,15,N,CHPE,M,A,15,N,NA,NA,NA,NA,NA,NA
2002,F,2002-10-10,JC,2,2,24,N,DIME,NA,J,20,N,NA,NA,NA,NA,NA,NA
2002,F,2002-10-10,JC,2,2,24,Y,DIME,NA,NA,0,NA,NA,NA,NA,NA,NA,NA
2002,F,2002-10-10,JC,2,3,116,N,CHPE,M,A,15,N,NA,NA,NA,NA,NA,NA
2002,F,2002-10-10,JC,2,3,119,N,DIOR,M,A,63,Y,S,NA,NA,NA,NA,NA
2002,F,2002-10-10,JC,2,3,33,N,DIME,F,A,33,Y,V,NA,NA,NA,NA,NA
2002,F,2002-10-10,JC,2,3,24,N,DIME,F,A,48,Y,V,NA,NA,NA,NA,NA
2002,F,2002-10-11,JC,3,1,59,Y,DIME,NA,NA,0,NA,NA,NA,NA,NA,NA,NA
2002,F,2002-10-11,JC,3,1,45,Y,DIME,NA,NA,0,NA,NA,NA,NA,NA,NA,NA
2002,F,2002-10-11,JC,3,1,24,Y,DIME,NA,NA,0,NA,NA,NA,NA,NA,NA,NA
2002,F,2002-10-11,JC,3,1,19,Y,DIME,NA,NA,0,NA,NA,NA,NA,NA,NA,NA
2002,F,2002-10-11,JC,3,1,12,N,DIME,M,A,44,Y,S,NA,NA,NA,NA,NA
2002,F,2002-10-11,JC,3,2,7,Y,DIME,NA,NA,0,NA,NA,NA,NA,NA,NA,NA
2002,F,2002-10-11,JC,3,2,5,Y,NEAL,NA,NA,0,NA,NA,NA,NA,NA,NA,NA
2002,F,2002-10-11,JC,3,2,2,Y,DIME,NA,NA,0,NA,NA,NA,NA,NA,NA,NA
2002,F,2002-10-11,JC,3,2,16,Y,CHPE,NA,NA,0,NA,NA,NA,NA,NA,NA,NA
2002,F,2002-10-11,JC,3,2,24,Y,DIME,NA,NA,0,NA,NA,NA,NA,NA,NA,NA
2002,F,2002-10-11,JC,3,2,36,Y,DIME,NA,NA,0,NA,NA,NA,NA,NA,NA,NA
2002,F,2002-10-11,JC,3,2,34,Y,DIME,NA,NA,0,NA,NA,NA,NA,NA,NA,NA
2002,F,2002-10-11,JC,3,2,33,N,DIME,M,A,37,N,NA,NA,NA,NA,NA,NA
2002,F,2002-10-11,JC,3,2,30,Y,DIME,NA,NA,0,NA,NA,NA,NA,NA,NA,NA
2002,F,2002-10-11,JC,3,2,41,Y,DIME,NA,NA,0,NA,NA,NA,NA,NA,NA,NA
2002,F,2002-10-11,JC,3,2,60,N,DIME,M,A,35,N,NA,NA,NA,NA,NA,NA
2002,F,2002-10-11,JC,3,2,59,Y,DIOR,NA,NA,0,NA,NA,NA,NA,NA,NA,NA
2002,F,2002-10-11,JC,3,2,49,Y,DIME,NA,NA,0,NA,NA,NA,NA,NA,NA,NA
2002,F,2002-10-11,JC,3,2,65,Y,DIME,NA,NA,0,NA,NA,NA,NA,NA,NA,NA
2002,F,2002-10-11,JC,3,2,67,Y,DIME,NA,NA,0,NA,NA,NA,NA,NA,NA,NA
2002,F,2002-10-11,JC,3,2,72,Y,DIME,NA,NA,0,NA,NA,NA,NA,NA,NA,NA
2002,F,2002-10-11,JC,3,3,119,N,CHPE,F,A,17,N,NA,NA,NA,NA,NA,NA
2002,F,2002-10-11,JC,3,3,115,Y,DIME,NA,NA,0,NA,NA,NA,NA,NA,NA,NA
2002,F,2002-10-11,JC,3,3,144,Y,DIME,NA,NA,0,NA,NA,NA,NA,NA,NA,NA
2002,F,2002-10-11,JC,3,3,143,N,DIME,F,A,49,Y,L,NA,NA,NA,NA,NA
2002,F,2002-10-11,JC,3,3,142,Y,DIME,NA,NA,0,NA,NA,NA,NA,NA,NA,NA
2002,F,2002-10-11,JC,3,3,141,Y,DIME,NA,NA,0,NA,NA,NA,NA,NA,NA,NA
2002,F,2002-10-11,JC,3,3,140,N,DIME,M,A,30,N,NA,NA,NA,NA,NA,NA
2002,F,2002-10-11,JC,3,3,8,N,CHPE,M,A,15,N,NA,NA,NA,NA,NA,NA
2002,F,2002-10-11,JC,3,3,9,N,ONAR,M,A,15,N,NA,NA,NA,NA,NA,NA
2002,F,2002-10-11,JC,3,3,12,Y,DIME,NA,NA,0,NA,NA,NA,NA,NA,NA,NA
2002,F,2002-10-11,JC,3,3,24,Y,DIME,NA,NA,0,NA,NA,NA,NA,NA,NA,NA
2002,F,2002-10-11,JC,3,3,23,N,DIME,F,A,47,Y,L,NA,NA,NA,NA,NA
2002,F,2002-10-11,JC,3,3,22,Y,DIME,NA,NA,0,NA,NA,NA,NA,NA,NA,NA
2002,F,2002-10-11,JC,3,3,13,Y,DIME,NA,NA,0,NA,NA,NA,NA,NA,NA,NA
2002,F,2002-10-11,JC,3,3,31,N,DIME,F,A,54,Y,L,NA,NA,NA,NA,NA
2002,F,2002-10-09,JC,1,1,138,N,ONAR,F,A,11,N,NA,NA,NA,NA,NA,NA
2002,F,2002-10-09,JC,1,1,141,N,DIME,M,A,49,Y,S,NA,NA,NA,NA,NA
2002,F,2002-10-09,JC,1,1,142,N,DIME,F,A,46,N,NA,NA,NA,NA,NA,NA
2002,F,2002-10-09,JC,1,1,128,N,DIME,F,A,38,N,NA,NA,NA,NA,NA,NA
2002,F,2002-10-09,JC,1,2,84,N,DIME,M,A,58,Y,S,NA,NA,NA,NA,NA
2002,F,2002-10-09,JC,1,2,96,N,DIME,M,A,56,Y,S,NA,NA,NA,NA,NA
2002,F,2002-10-09,JC,1,2,132,N,DIME,F,A,41,N,NA,NA,NA,NA,NA,NA
2002,F,2002-10-09,JC,1,2,12,N,DIME,F,A,42,N,NA,NA,NA,NA,NA,NA
2002,F,2002-10-09,JC,1,2,7,N,DIME,NA,J,25,N,NA,NA,NA,NA,NA,NA
2002,F,2002-10-09,JC,1,2,6,N,NEAL,M,A,110,N,NA,NA,NA,NA,NA,NA
2002,F,2002-10-09,JC,1,3,91,N,DIME,M,A,57,Y,S,NA,NA,NA,NA,NA
2002,F,2002-10-09,JC,1,3,84,N,DIME,F,A,48,N,NA,NA,NA,NA,NA,NA
2002,F,2002-10-09,JC,1,3,83,N,DIME,NA,J,24,N,NA,NA,NA,NA,NA,NA
2002,F,2002-10-09,JC,1,3,119,N,DIOR,F,A,64,Y,P,NA,NA,NA,NA,NA
2002,F,2002-10-09,JC,1,3,116,N,DIME,NA,J,32,N,NA,NA,NA,NA,NA,NA
2002,F,2002-10-10,JC,2,1,85,Y,DIME,NA,NA,0,NA,NA,NA,NA,NA,NA,NA
2002,F,2002-10-10,JC,2,1,108,N,ONAR,F,A,24,N,NA,NA,NA,NA,NA,NA
2002,F,2002-10-10,JC,2,1,105,N,DIME,F,A,49,N,NA,NA,NA,NA,NA,NA
2002,F,2002-10-10,JC,2,1,18,N,DIME,M,A,32,N,NA,NA,NA,NA,NA,NA
2002,F,2002-10-10,JC,2,2,96,Y,DIME,NA,NA,0,NA,NA,NA,NA,NA,NA,NA
2002,F,2002-10-10,JC,2,2,108,N,DIME,M,A,42,N,NA,NA,NA,NA,NA,NA
2002,F,2002-10-10,JC,2,2,106,Y,DIME,NA,NA,0,NA,NA,NA,NA,NA,NA,NA
2002,F,2002-10-10,JC,2,2,105,Y,DIME,NA,NA,0,NA,NA,NA,NA,NA,NA,NA
2002,F,2002-10-10,JC,2,2,104,Y,DIME,NA,NA,0,NA,NA,NA,NA,NA,NA,NA
2002,F,2002-10-10,JC,2,2,100,Y,DIME,NA,NA,0,NA,NA,NA,NA,NA,NA,NA
2002,F,2002-10-10,JC,2,2,98,N,DIME,F,A,42,N,NA,NA,NA,NA,NA,NA
2002,F,2002-10-10,JC,2,3,12,N,DIME,M,A,44,Y,PS,NA,NA,NA,NA,NA
2002,F,2002-10-10,JC,2,3,144,N,DIME,NA,J,24,N,NA,NA,NA,NA,NA,NA
2002,F,2002-10-10,JC,2,3,141,N,DIME,M,A,44,Y,S,NA,NA,NA,NA,NA
2002,F,2002-10-10,JC,2,3,140,Y,DIME,NA,NA,0,NA,NA,NA,NA,NA,NA,NA
2002,F,2002-10-10,JC,2,3,138,Y,DIME,NA,NA,0,NA,NA,NA,NA,NA,NA,NA
2002,F,2002-10-10,JC,2,3,22,Y,DIME,NA,NA,0,NA,NA,NA,NA,NA,NA,NA
2002,F,2002-10-10,JC,2,3,23,Y,DIME,NA,NA,0,NA,NA,NA,NA,NA,NA,NA
2004,F,2004-10-19,JC,1,3,33,N,DIME,M,A,55,Y,PS,NA,NA,NA,NA,NA
2004,F,2004-10-19,JC,1,3,35,N,DIME,M,A,42,Y,PS,NA,NA,NA,NA,NA
2004,F,2004-10-19,JC,1,3,48,N,DIME,NA,J,28,N,NA,NA,NA,NA,NA,NA
2004,F,2004-10-19,JC,1,3,47,N,DIME,F,A,48,Y,L,NA,NA,NA,NA,NA
2004,F,2004-10-19,JC,1,3,44,N,DIME,M,A,49,Y,S,NA,NA,NA,NA,NA
2004,F,2004-10-19,JC,1,3,92,N,DIME,NA,NA,0,NA,NA,Y,N,NA,NA,NA
2004,F,2004-10-19,JC,1,3,94,N,DIME,M,A,41,N,NA,NA,NA,NA,3,NA
2004,F,2004-10-19,JC,1,3,96,N,DIME,F,A,50,Y,L,NA,NA,NA,NA,NA
2004,F,2004-10-19,JC,1,2,56,N,DIME,NA,J,26,N,NA,NA,NA,NA,NA,NA
2004,F,2004-10-19,JC,1,2,59,N,DIME,M,A,56,Y,S,NA,NA,NA,NA,NA
2004,F,2004-10-19,JC,1,2,72,N,DIME,F,A,41,N,NA,NA,NA,NA,1,NA
2004,F,2004-10-19,JC,1,2,81,N,DIME,NA,J,29,N,NA,NA,NA,NA,NA,NA
2004,F,2004-10-19,JC,1,2,83,N,DIME,M,A,58,Y,S,NA,NA,NA,NA,NA
2004,F,2004-10-19,JC,1,2,84,N,DIME,M,A,42,Y,PS,NA,NA,NA,NA,NA
2004,F,2004-10-19,JC,1,2,94,N,DIME,NA,J,29,N,NA,NA,NA,NA,NA,NA
2004,F,2004-10-19,JC,1,2,116,N,DIME,NA,J,28,N,NA,NA,NA,NA,NA,NA
2004,F,2004-10-19,JC,1,1,45,N,DIME,NA,J,30,N,NA,NA,NA,NA,NA,NA
2004,F,2004-10-19,JC,1,1,48,N,DIME,M,A,49,N,NA,NA,NA,NA,NA,NA
2004,F,2004-10-19,JC,1,1,60,N,SPSP,M,A,92,N,NA,NA,NA,NA,NA,NA
2004,F,2004-10-19,JC,1,1,58,N,DIME,M,A,50,Y,S,NA,NA,NA,NA,NA
2004,F,2004-10-19,JC,1,1,88,N,DIME,NA,J,23,N,NA,NA,NA,NA,NA,NA
2004,F,2004-10-19,JC,1,1,93,N,DIME,F,A,42,Y,L,NA,NA,NA,NA,NA
2004,F,2004-10-19,JC,1,1,96,N,DIME,M,A,49,Y,S,NA,NA,NA,NA,NA
2004,F,2004-10-19,JC,1,1,107,N,DIME,F,A,0,Y,L,Y,M,NA,NA,NA
2004,F,2004-10-19,JC,1,1,101,N,DIME,M,A,51,Y,S,NA,NA,NA,NA,NA
2004,F,2004-10-20,JC,2,3,145,N,CHPE,M,A,15,N,NA,NA,NA,NA,NA,NA
2004,F,2004-10-20,JC,2,3,32,N,CHPE,F,A,14,N,NA,NA,NA,NA,NA,NA
2004,F,2004-10-20,JC,2,3,33,N,SPSP,F,A,96,Y,L,NA,NA,NA,NA,NA
2004,F,2004-10-20,JC,2,3,34,Y,DIME,NA,NA,0,NA,NA,NA,NA,NA,NA,NA
2004,F,2004-10-20,JC,2,3,46,Y,DIME,NA,NA,0,NA,NA,NA,NA,NA,NA,NA
2004,F,2004-10-20,JC,2,3,44,Y,DIME,NA,NA,0,NA,NA,NA,NA,NA,NA,NA
2004,F,2004-10-20,JC,2,3,41,Y,CHPE,NA,NA,0,NA,NA,NA,NA,NA,NA,NA
2004,F,2004-10-20,JC,2,3,14,N,CHPE,M,A,14,N,NA,NA,NA,NA,NA,NA
2004,F,2004-10-20,JC,2,3,16,N,CHPE,M,A,14,N,NA,NA,NA,NA,NA,NA
2004,F,2004-10-20,JC,2,3,20,Y,DIME,NA,NA,0,NA,NA,NA,NA,NA,NA,NA
2004,F,2004-10-20,JC,2,3,22,N,CHPE,M,A,13,N,NA,NA,NA,NA,NA,NA
2004,F,2004-10-20,JC,2,3,24,Y,DIME,NA,NA,0,NA,NA,NA,NA,NA,NA,NA
2004,F,2004-10-20,JC,2,3,141,Y,DIME,NA,NA,0,NA,NA,NA,NA,NA,NA,NA
2004,F,2004-10-20,JC,2,2,97,N,CHPE,F,A,15,N,NA,NA,NA,NA,NA,NA
2004,F,2004-10-20,JC,2,2,99,Y,CHPE,NA,NA,0,NA,NA,NA,NA,NA,NA,NA
2004,F,2004-10-20,JC,2,2,102,N,ONAR,M,A,13,N,NA,NA,NA,NA,NA,NA
2004,F,2004-10-20,JC,2,2,103,Y,DIME,NA,NA,0,NA,NA,NA,NA,NA,NA,NA
2004,F,2004-10-20,JC,2,2,104,Y,DIME,NA,NA,0,NA,NA,NA,NA,NA,NA,NA
2004,F,2004-10-20,JC,2,2,1,Y,DIME,NA,NA,0,NA,NA,NA,NA,NA,NA,NA
2004,F,2004-10-20,JC,2,2,123,Y,ONAR,NA,NA,0,NA,NA,NA,NA,NA,NA,NA
2004,F,2004-10-20,JC,2,2,128,N,CHPE,F,A,14,N,NA,NA,NA,NA,NA,NA
2004,F,2004-10-20,JC,2,2,141,Y,CHPE,NA,NA,0,NA,NA,NA,NA,NA,NA,NA
2004,F,2004-10-20,JC,2,2,139,Y,DIME,NA,NA,0,NA,NA,NA,NA,NA,NA,NA
2004,F,2004-10-20,JC,2,1,59,Y,DIME,NA,NA,0,NA,NA,NA,NA,NA,2,NA
2004,F,2004-10-20,JC,2,1,57,Y,SPSP,NA,NA,0,NA,NA,NA,NA,NA,NA,NA
2004,F,2004-10-20,JC,2,1,69,Y,DIME,NA,NA,0,NA,NA,NA,NA,NA,NA,NA
2004,F,2004-10-20,JC,2,1,83,N,DIME,M,A,41,N,NA,NA,NA,NA,NA,NA
2004,F,2004-10-20,JC,2,1,80,Y,CHPE,NA,NA,0,NA,NA,NA,NA,NA,NA,NA
2004,F,2004-10-20,JC,2,1,89,Y,DIME,NA,NA,0,NA,NA,NA,NA,NA,NA,NA
2004,F,2004-10-20,JC,2,1,93,Y,DIME,NA,NA,0,NA,NA,NA,NA,NA,NA,NA
2004,F,2004-10-20,JC,2,1,96,Y,DIME,NA,NA,0,NA,NA,NA,NA,NA,NA,NA
2004,F,2004-10-20,JC,2,1,107,Y,DIME,NA,NA,0,NA,NA,NA,NA,NA,NA,NA
2004,F,2004-10-21,JC,3,3,145,Y,CHPE,NA,NA,0,NA,NA,NA,NA,NA,NA,NA
2004,F,2004-10-21,JC,3,3,29,Y,DIME,NA,NA,0,NA,NA,NA,NA,NA,NA,NA
2004,F,2004-10-21,JC,3,3,31,Y,DIME,NA,NA,0,NA,NA,NA,NA,NA,NA,NA
2004,F,2004-10-21,JC,3,3,32,Y,CHPE,NA,NA,0,NA,NA,NA,NA,NA,NA,NA
2004,F,2004-10-21,JC,3,3,35,Y,SPSP,NA,NA,0,NA,NA,NA,NA,NA,NA,NA
2004,F,2004-10-21,JC,3,3,46,Y,DIME,NA,NA,0,NA,NA,NA,NA,NA,4,NA
2004,F,2004-10-21,JC,3,3,37,Y,DIME,NA,NA,0,NA,NA,NA,NA,NA,NA,NA
2004,F,2004-10-21,JC,3,3,51,Y,CHPE,NA,NA,0,NA,NA,NA,NA,NA,NA,NA
2004,F,2004-10-21,JC,3,3,72,Y,DIME,NA,NA,0,NA,NA,NA,NA,NA,NA,NA
2004,F,2004-10-21,JC,3,3,71,Y,DIME,NA,NA,0,NA,NA,NA,NA,NA,NA,NA
2004,F,2004-10-21,JC,3,3,70,Y,DIME,NA,NA,0,NA,NA,NA,NA,NA,NA,NA
2004,F,2004-10-21,JC,3,3,68,Y,DIME,NA,NA,0,NA,NA,NA,NA,NA,NA,NA
2004,F,2004-10-21,JC,3,3,67,N,DIME,NA,J,28,N,NA,NA,NA,NA,NA,NA
2004,F,2004-10-21,JC,3,3,73,Y,CHPE,NA,NA,0,NA,NA,NA,NA,NA,NA,NA
2004,F,2004-10-21,JC,3,3,82,Y,DIME,NA,NA,0,NA,NA,NA,NA,NA,NA,NA
2004,F,2004-10-21,JC,3,3,83,Y,DIME,NA,NA,0,NA,NA,NA,NA,NA,NA,NA
2004,F,2004-10-21,JC,3,3,84,Y,DIME,NA,NA,0,NA,NA,NA,NA,NA,NA,NA
2004,F,2004-10-21,JC,3,3,16,Y,DIME,NA,NA,0,NA,NA,NA,NA,NA,NA,NA
2004,F,2004-10-21,JC,3,3,18,Y,DIME,NA,NA,0,NA,NA,NA,NA,NA,NA,NA
2004,F,2004-10-21,JC,3,3,21,Y,DIME,NA,NA,0,NA,NA,NA,NA,NA,NA,NA
2004,F,2004-10-21,JC,3,3,24,N,CHPE,F,A,13,N,NA,NA,NA,NA,NA,NA
2004,F,2004-10-21,JC,3,2,28,N,ONAR,F,A,23,N,NA,NA,NA,NA,NA,NA
2004,F,2004-10-21,JC,3,2,30,Y,CHPE,NA,NA,0,NA,NA,NA,NA,NA,NA,NA
2004,F,2004-10-21,JC,3,2,32,Y,DIME,NA,NA,0,NA,NA,NA,NA,NA,NA,NA
2004,F,2004-10-21,JC,3,2,34,Y,DIME,NA,NA,0,NA,NA,NA,NA,NA,NA,NA
2004,F,2004-10-21,JC,3,2,36,Y,CHPE,NA,NA,0,NA,NA,NA,NA,NA,5,NA
2004,F,2004-10-21,JC,3,2,48,Y,NEAL,NA,NA,0,NA,NA,NA,NA,NA,NA,NA
2004,F,2004-10-21,JC,3,2,50,Y,DIME,NA,NA,0,NA,NA,NA,NA,NA,NA,NA
2004,F,2004-10-21,JC,3,2,58,N,DIME,F,A,48,Y,L,NA,NA,NA,NA,NA
2004,F,2004-10-21,JC,3,2,72,Y,DIME,NA,NA,0,NA,NA,NA,NA,NA,NA,NA
2004,F,2004-10-21,JC,3,2,68,Y,CHPE,NA,NA,0,NA,NA,NA,NA,NA,NA,NA
2004,F,2004-10-21,JC,3,2,67,Y,DIME,NA,NA,0,NA,NA,NA,NA,NA,NA,NA
2004,F,2004-10-21,JC,3,2,84,Y,DIME,NA,NA,0,NA,NA,NA,NA,NA,NA,NA
2004,F,2004-10-21,JC,3,2,93,Y,DIME,NA,NA,0,NA,NA,NA,NA,NA,NA,NA
2004,F,2004-10-21,JC,3,1,48,Y,DIME,NA,NA,0,NA,NA,NA,NA,NA,NA,NA
2004,F,2004-10-21,JC,3,1,60,Y,SPSP,NA,NA,0,NA,NA,NA,NA,NA,NA,NA
2004,F,2004-10-21,JC,3,1,56,N,CHPE,M,A,14,N,NA,NA,NA,NA,NA,NA
2004,F,2004-10-21,JC,3,1,52,Y,DIME,NA,NA,0,NA,NA,NA,NA,NA,NA,NA
2004,F,2004-10-21,JC,3,1,66,Y,DIME,NA,NA,0,NA,NA,NA,NA,NA,NA,NA
2004,F,2004-10-21,JC,3,1,70,Y,DIME,NA,NA,0,NA,NA,NA,NA,NA,NA,NA
2004,F,2004-10-21,JC,3,1,80,Y,CHPE,NA,NA,0,NA,NA,NA,NA,NA,2,NA
2004,F,2004-10-21,JC,3,1,87,Y,DIME,NA,NA,0,NA,NA,NA,NA,NA,NA,NA
2004,F,2004-10-21,JC,3,1,93,Y,DIME,NA,NA,0,NA,NA,NA,NA,NA,NA,NA
2004,F,2004-10-21,JC,3,1,94,N,CHPE,M,A,14,N,NA,NA,NA,NA,NA,NA
2004,F,2004-10-21,JC,3,1,96,Y,DIME,NA,NA,0,NA,NA,NA,NA,NA,NA,NA
2004,F,2004-10-21,JC,3,1,98,Y,DIME,NA,NA,0,NA,NA,NA,NA,NA,NA,NA
2004,F,2004-10-19,JC,1,3,12,N,DIME,F,A,47,N,NA,NA,NA,NA,NA,NA
2004,F,2004-10-19,JC,1,3,61,N,DIME,F,A,47,N,NA,NA,NA,NA,NA,NA
2004,F,2004-10-19,JC,1,3,106,N,NEAL,NA,J,95,N,NA,NA,NA,NA,NA,NA
2004,F,2004-10-19,JC,1,2,24,N,DIME,F,A,47,N,NA,NA,NA,NA,NA,NA
2004,F,2004-10-19,JC,1,2,141,N,CHPE,F,A,15,N,NA,NA,NA,NA,NA,NA
2004,F,2004-10-19,JC,1,2,99,N,CHPE,M,A,14,N,NA,NA,NA,NA,NA,NA
2004,F,2004-10-19,JC,1,2,102,N,ONAR,M,A,14,N,NA,NA,NA,NA,NA,NA
2004,F,2004-10-19,JC,1,1,112,N,DIME,NA,J,23,N,NA,NA,NA,NA,NA,NA
2004,F,2004-10-19,JC,1,1,117,N,DIME,F,A,37,N,NA,NA,NA,NA,NA,NA
2004,F,2004-10-19,JC,1,1,132,N,CHPE,F,A,12,N,NA,NA,NA,NA,NA,NA
2004,F,2004-10-20,JC,2,3,51,N,CHPE,M,A,15,N,NA,NA,NA,NA,NA,NA
2004,F,2004-10-20,JC,2,3,54,N,CHPE,M,A,13,N,NA,NA,NA,NA,NA,NA
2004,F,2004-10-20,JC,2,2,20,N,DIME,NA,J,23,N,NA,NA,NA,NA,NA,NA
2004,F,2004-10-20,JC,2,2,84,N,DIME,NA,J,33,N,NA,NA,NA,NA,NA,NA
2004,F,2004-10-19,JC,1,3,19,N,DIME,F,A,47,Y,L,NA,NA,NA,NA,NA
2004,F,2004-10-19,JC,1,3,24,N,DIME,M,A,58,Y,PS,NA,NA,NA,NA,NA
2004,F,2004-10-19,JC,1,3,71,N,DIME,M,A,55,Y,PS,NA,NA,NA,NA,NA
2004,F,2004-10-19,JC,1,3,68,N,DIME,F,A,59,Y,L,NA,NA,NA,NA,NA
2004,F,2004-10-19,JC,1,3,73,N,CHPE,F,A,17,Y,L,NA,NA,NA,NA,NA
2004,F,2004-10-19,JC,1,2,12,N,DIME,M,A,47,Y,PS,NA,NA,NA,NA,NA
2004,F,2004-10-19,JC,1,2,22,N,DIME,M,A,54,Y,S,NA,NA,NA,NA,NA
2004,F,2004-10-19,JC,1,2,132,N,DIME,M,A,48,Y,S,NA,NA,NA,NA,NA
2004,F,2004-10-19,JC,1,2,105,N,DIME,F,A,51,Y,L,NA,NA,NA,NA,NA
2004,F,2004-10-19,JC,1,2,107,N,DIME,M,A,47,Y,S,NA,NA,NA,NA,NA
2004,F,2004-10-19,JC,1,1,69,N,DIME,M,A,54,Y,PS,NA,NA,NA,NA,NA
2004,F,2004-10-19,JC,1,1,80,N,CHPE,M,A,16,Y,PS,NA,NA,NA,6,NA
2004,F,2004-10-19,JC,1,1,119,N,DIME,M,A,51,Y,PS,NA,NA,NA,NA,NA
2004,F,2004-10-20,JC,2,3,72,N,DIME,M,A,50,Y,PS,NA,NA,NA,NA,NA
2004,F,2004-10-20,JC,2,3,93,N,DIME,M,A,55,Y,S,NA,NA,NA,NA,NA
2004,F,2004-10-20,JC,2,3,94,N,DIME,M,A,52,Y,S,NA,NA,NA,NA,NA
2004,F,2004-10-20,JC,2,3,75,N,DIME,M,A,54,Y,S,NA,NA,NA,NA,NA
2004,F,2004-10-19,JC,1,2,128,N,DIME,NA,NA,0,NA,NA,Y,U,NA,NA,NA
2004,F,2004-10-20,JC,2,3,71,Y,DIME,NA,NA,0,NA,NA,NA,NA,NA,NA,NA
2004,F,2004-10-20,JC,2,3,68,Y,DIME,NA,NA,0,NA,NA,NA,NA,NA,NA,NA
2004,F,2004-10-20,JC,2,3,95,Y,DIME,NA,NA,0,NA,NA,NA,NA,NA,NA,NA
2004,F,2004-10-20,JC,2,2,93,Y,DIME,NA,NA,0,NA,NA,NA,NA,NA,NA,NA
2004,F,2004-10-20,JC,2,2,54,Y,DIME,NA,NA,0,NA,NA,NA,NA,NA,NA,NA
2004,F,2004-10-20,JC,2,2,58,Y,DIME,NA,NA,0,NA,NA,NA,NA,NA,NA,NA
2004,F,2004-10-20,JC,2,2,72,Y,DIME,NA,NA,0,NA,NA,NA,NA,NA,NA,NA
2004,F,2004-10-20,JC,2,2,15,Y,CHPE,NA,NA,0,NA,NA,NA,NA,NA,NA,NA
2004,F,2004-10-20,JC,2,1,113,Y,DIME,NA,NA,0,NA,NA,NA,NA,NA,NA,NA
2004,F,2004-10-20,JC,2,1,118,Y,DIME,NA,NA,0,NA,NA,NA,NA,NA,NA,NA
2004,F,2004-10-20,JC,2,1,119,Y,DIME,NA,NA,0,NA,NA,NA,NA,NA,NA,NA
2004,F,2004-10-20,JC,2,1,127,Y,DIME,NA,NA,0,NA,NA,NA,NA,NA,NA,NA
2004,F,2004-10-20,JC,2,1,22,Y,DIME,NA,NA,0,NA,NA,NA,NA,NA,NA,NA
2004,F,2004-10-19,JC,1,3,127,N,DIME,F,A,42,N,NA,NA,NA,NA,NA,NA
2004,F,2004-10-19,JC,1,3,130,N,DIME,F,A,41,N,NA,NA,NA,NA,NA,NA
2004,F,2004-10-19,JC,1,3,144,N,DIME,M,A,47,Y,S,NA,NA,NA,NA,NA
2004,F,2004-10-19,JC,1,3,138,N,DIME,M,A,44,Y,S,NA,NA,NA,NA,NA
2004,F,2004-10-19,JC,1,2,30,N,DIME,M,A,48,Y,S,NA,NA,NA,NA,NA
2004,F,2004-10-19,JC,1,2,33,N,CHPE,F,A,13,N,NA,NA,NA,NA,NA,NA
2004,F,2004-10-19,JC,1,2,35,N,NEAL,NA,J,115,N,NA,NA,NA,NA,NA,NA
2004,F,2004-10-19,JC,1,2,48,N,NEAL,NA,A,192,NA,NA,Y,U,NA,NA,NA
2004,F,2004-10-19,JC,1,2,38,N,DIME,F,A,42,N,NA,NA,NA,NA,NA,NA
2004,F,2004-10-19,JC,1,2,37,N,CHPE,M,A,12,N,NA,NA,NA,NA,NA,NA
2004,F,2004-10-19,JC,1,1,21,N,DIME,M,A,48,Y,S,NA,NA,NA,NA,NA
2004,F,2004-10-19,JC,1,1,22,N,DIME,M,A,41,N,NA,NA,NA,NA,NA,NA
2004,F,2004-10-19,JC,1,1,143,N,DIME,F,A,39,N,NA,NA,NA,NA,NA,NA
2004,F,2004-10-20,JC,2,3,109,Y,DIME,NA,NA,0,NA,NA,NA,NA,NA,NA,NA
2004,F,2004-10-20,JC,2,3,116,Y,DIME,NA,NA,0,NA,NA,NA,NA,NA,NA,NA
2004,F,2004-10-20,JC,2,3,117,N,CHPE,M,A,15,N,NA,NA,NA,NA,NA,NA
2004,F,2004-10-20,JC,2,3,131,Y,DIME,NA,NA,0,NA,NA,NA,NA,NA,NA,NA
2004,F,2004-10-20,JC,2,3,129,N,CHPE,M,A,16,N,NA,NA,NA,NA,NA,NA
2004,F,2004-10-20,JC,2,3,127,Y,DIME,NA,NA,0,NA,NA,NA,NA,NA,NA,NA
2004,F,2004-10-20,JC,2,3,142,N,DIME,M,A,55,Y,S,NA,NA,NA,NA,NA
2004,F,2004-10-20,JC,2,3,143,Y,DIME,NA,NA,0,NA,NA,NA,NA,NA,NA,NA
2004,F,2004-10-20,JC,2,3,144,N,CHPE,M,A,14,NA,NA,Y,M,NA,NA,NA
2004,F,2004-10-20,JC,2,2,33,N,CHPE,M,A,14,N,NA,NA,NA,NA,NA,NA
2004,F,2004-10-20,JC,2,2,34,N,DIME,NA,J,30,N,NA,NA,NA,NA,NA,NA
2004,F,2004-10-20,JC,2,2,48,Y,NEAL,NA,NA,0,NA,NA,NA,NA,NA,NA,NA
2004,F,2004-10-20,JC,2,2,44,Y,DIME,NA,NA,0,NA,NA,NA,NA,NA,NA,NA
2004,F,2004-10-20,JC,2,2,7,N,DIME,M,A,37,Y,S,NA,NA,NA,NA,NA
2004,F,2004-10-20,JC,2,2,12,Y,DIME,NA,NA,0,NA,NA,NA,NA,NA,NA,NA
2004,F,2004-10-20,JC,2,2,24,Y,DIME,NA,NA,0,NA,NA,NA,NA,NA,NA,NA
2004,F,2004-10-20,JC,2,1,140,N,DIME,NA,J,29,N,NA,NA,NA,NA,NA,NA
2004,F,2004-10-20,JC,2,1,143,N,DIME,M,A,44,Y,PS,NA,NA,NA,NA,NA
2004,F,2004-10-20,JC,2,1,144,Y,DIME,NA,NA,0,NA,NA,NA,NA,NA,NA,NA
2004,F,2004-10-20,JC,2,1,12,N,DIME,NA,NA,0,NA,NA,Y,U,NA,NA,NA
2004,F,2004-10-20,JC,2,1,9,N,SPSP,NA,J,83,N,NA,NA,NA,NA,NA,NA
2004,F,2004-10-20,JC,2,1,7,N,CHPE,M,A,14,N,NA,NA,NA,NA,NA,NA
2004,F,2004-10-20,JC,2,1,43,Y,DIME,NA,NA,0,NA,NA,NA,NA,NA,NA,NA
2004,F,2004-10-21,JC,3,3,109,Y,DIME,NA,NA,0,NA,NA,NA,NA,NA,NA,NA
2004,F,2004-10-21,JC,3,3,115,Y,CHPE,NA,NA,0,NA,NA,NA,NA,NA,NA,NA
2004,F,2004-10-21,JC,3,3,129,Y,CHPE,NA,NA,0,NA,NA,NA,NA,NA,NA,NA
2004,F,2004-10-21,JC,3,3,138,N,DIME,NA,J,29,N,NA,NA,NA,NA,NA,NA
2004,F,2004-10-21,JC,3,3,140,Y,DIME,NA,NA,0,NA,NA,NA,NA,NA,NA,NA
2004,F,2004-10-21,JC,3,3,141,Y,DIME,NA,NA,0,NA,NA,NA,NA,NA,NA,NA
2004,F,2004-10-21,JC,3,3,142,Y,DIME,NA,NA,0,NA,NA,NA,NA,NA,NA,NA
2004,F,2004-10-21,JC,3,3,144,Y,CHPE,NA,NA,0,NA,NA,NA,NA,NA,NA,NA
2004,F,2004-10-21,JC,3,3,11,Y,CHPE,NA,NA,0,NA,NA,NA,NA,NA,NA,NA
2004,F,2004-10-21,JC,3,3,10,Y,DIME,NA,NA,0,NA,NA,NA,NA,NA,NA,NA
2004,F,2004-10-21,JC,3,3,90,NA,ONAR,NA,NA,0,NA,NA,Y,U,NA,NA,NA
2004,F,2004-10-21,JC,3,3,94,N,CHPE,M,A,33,Y,PS,NA,NA,NA,NA,NA
2004,F,2004-10-21,JC,3,3,22,Y,DIME,NA,NA,0,NA,NA,NA,NA,NA,NA,NA
2004,F,2004-10-21,JC,3,2,99,N,ONAR,M,A,0,Y,S,Y,M,NA,NA,NA
2004,F,2004-10-21,JC,3,2,102,Y,DIME,NA,NA,0,NA,NA,NA,NA,NA,NA,NA
2004,F,2004-10-21,JC,3,2,104,Y,DIME,NA,NA,0,NA,NA,NA,NA,NA,NA,NA
2004,F,2004-10-21,JC,3,2,105,N,CHPE,M,A,114,N,NA,NA,NA,NA,NA,NA
2004,F,2004-10-21,JC,3,2,106,Y,DIME,NA,NA,0,NA,NA,NA,NA,NA,NA,NA
2004,F,2004-10-21,JC,3,2,114,Y,CHPE,NA,NA,0,NA,NA,NA,NA,NA,NA,NA
2004,F,2004-10-21,JC,3,2,121,Y,DIME,NA,NA,0,NA,NA,NA,NA,NA,NA,NA
2004,F,2004-10-21,JC,3,2,123,Y,ONAR,NA,NA,0,NA,NA,NA,NA,NA,NA,NA
2004,F,2004-10-21,JC,3,2,124,Y,DIME,NA,NA,0,NA,NA,NA,NA,NA,NA,NA
2004,F,2004-10-21,JC,3,2,125,Y,DIME,NA,NA,0,NA,NA,NA,NA,NA,NA,NA
2004,F,2004-10-21,JC,3,2,129,Y,DIME,NA,NA,0,NA,NA,NA,NA,NA,NA,NA
2004,F,2004-10-21,JC,3,2,144,N,DIME,F,A,36,Y,L,NA,NA,NA,NA,NA
2004,F,2004-10-21,JC,3,2,141,Y,CHPE,NA,NA,0,NA,NA,NA,NA,NA,NA,NA
2004,F,2004-10-21,JC,3,2,10,NA,DIME,NA,NA,0,NA,NA,Y,U,NA,NA,NA
2004,F,2004-10-21,JC,3,2,12,Y,DIME,NA,NA,0,NA,NA,NA,NA,NA,NA,NA
2004,F,2004-10-21,JC,3,2,22,Y,DIME,NA,NA,0,NA,NA,NA,NA,NA,NA,NA
2004,F,2004-10-21,JC,3,1,22,N,CHPE,M,A,12,N,NA,NA,NA,NA,NA,NA
2004,F,2004-10-21,JC,3,1,143,Y,CHPE,NA,NA,0,NA,NA,NA,NA,NA,NA,NA
2004,F,2004-10-21,JC,3,1,144,Y,DIME,NA,NA,0,NA,NA,NA,NA,NA,NA,NA
2004,F,2004-10-21,JC,3,1,12,Y,DIME,NA,NA,0,NA,NA,NA,NA,NA,NA,NA
2004,F,2004-10-21,JC,3,1,9,Y,SPSP,NA,NA,0,NA,NA,NA,NA,NA,NA,NA
2004,F,2004-10-21,JC,3,1,2,N,CHPE,F,A,11,N,NA,NA,NA,NA,NA,NA
2004,F,2004-10-21,JC,3,1,113,Y,CHPE,NA,NA,0,NA,NA,NA,NA,NA,NA,NA
2004,F,2004-10-21,JC,3,1,114,Y,DIME,NA,NA,0,NA,NA,NA,NA,NA,NA,NA
2004,F,2004-10-21,JC,3,1,117,Y,DIME,NA,NA,0,NA,NA,NA,NA,NA,NA,NA
2004,F,2004-10-21,JC,3,1,119,Y,DIME,NA,NA,0,NA,NA,NA,NA,NA,NA,NA
2004,F,2004-10-21,JC,3,1,120,Y,DIME,NA,NA,0,NA,NA,NA,NA,NA,NA,NA
2005,F,2005-09-28,JC,1,1,85,N,DIME,M,A,47,Y,S,NA,NA,NA,NA,NA
2005,F,2005-09-28,JC,1,1,105,N,DIME,M,A,47,Y,S,NA,NA,NA,1,NA
2005,F,2005-09-28,JC,1,1,98,N,PELE,F,A,25,Y,L,NA,NA,NA,NA,NA
2005,F,2005-09-28,JC,1,1,66,N,DIME,M,A,35,N,NA,NA,NA,NA,NA,NA
2005,F,2005-09-28,JC,1,1,68,N,DIME,M,A,49,N,NA,NA,NA,NA,NA,NA
2005,F,2005-09-28,JC,1,1,17,N,PELE,M,A,22,N,NA,NA,NA,NA,NA,NA
2005,F,2005-09-28,JC,1,1,24,N,SPSP,NA,NA,0,NA,NA,Y,M,NA,NA,NA
2005,F,2005-09-28,JC,1,1,25,N,PGFL,M,A,7,N,NA,NA,NA,NA,NA,NA
2005,F,2005-09-28,JC,1,2,80,N,SIHI,F,A,75,N,NA,NA,NA,NA,NA,NA
2005,F,2005-09-28,JC,1,2,83,N,DIME,NA,J,24,N,NA,NA,NA,NA,2,NA
2005,F,2005-09-28,JC,1,2,96,N,DIME,M,A,53,Y,S,NA,NA,NA,NA,NA
2005,F,2005-09-28,JC,1,2,94,N,DIME,F,A,45,Y,L,NA,NA,NA,NA,NA
2005,F,2005-09-28,JC,1,2,5,N,DIME,F,A,32,N,NA,NA,NA,NA,NA,NA
2005,F,2005-09-28,JC,1,2,7,N,DIME,F,A,44,Y,L,NA,NA,NA,NA,NA
2005,F,2005-09-28,JC,1,2,24,N,DIME,M,A,48,N,NA,NA,NA,NA,NA,NA
2005,F,2005-09-28,JC,1,3,70,N,DIME,F,A,60,Y,L;P;V,NA,NA,NA,NA,NA
2005,F,2005-09-28,JC,1,3,62,N,PGFL,NA,NA,0,NA,NA,Y,U,NA,NA,NA
2005,F,2005-09-28,JC,1,3,23,N,SIHI,M,A,84,N,NA,NA,NA,NA,3,NA
2005,F,2005-09-28,JC,1,3,31,N,DIME,M,A,54,Y,S,NA,NA,NA,NA,NA
2005,F,2005-09-28,JC,1,3,15,N,DIME,F,A,41,N,NA,NA,NA,NA,NA,NA
2005,F,2005-09-29,JC,2,3,130,Y,DIME,NA,NA,0,NA,NA,NA,NA,NA,NA,NA
2005,F,2005-09-29,JC,2,3,144,N,DIME,M,A,54,Y,PS,NA,NA,NA,NA,NA
2005,F,2005-09-29,JC,2,3,142,N,PGFL,M,A,7,N,NA,NA,NA,NA,NA,NA
2005,F,2005-09-29,JC,2,3,140,Y,CHPE,NA,NA,0,NA,NA,NA,NA,NA,NA,NA
2005,F,2005-09-29,JC,2,3,139,Y,DIME,NA,NA,0,NA,NA,NA,NA,NA,NA,NA
2005,F,2005-09-29,JC,2,3,133,N,PGFL,F,A,8,Y,L,NA,NA,NA,NA,NA
2005,F,2005-09-29,JC,2,3,32,N,CHPE,M,A,16,N,NA,NA,NA,NA,NA,NA
2005,F,2005-09-29,JC,2,3,34,N,DIME,M,A,52,Y,S,NA,NA,NA,NA,NA
2005,F,2005-09-29,JC,2,3,45,N,CHPE,F,A,17,N,NA,NA,NA,NA,NA,NA
2005,F,2005-09-29,JC,2,3,41,N,PELE,F,A,23,N,NA,NA,NA,NA,NA,NA
2005,F,2005-09-29,JC,2,2,80,N,SIHI,M,A,110,Y,S,NA,NA,NA,NA,NA
2005,F,2005-09-29,JC,2,2,84,Y,DIME,NA,NA,0,NA,NA,NA,NA,NA,NA,NA
2005,F,2005-09-29,JC,2,2,94,Y,DIME,NA,NA,0,NA,NA,NA,NA,NA,NA,NA
2005,F,2005-09-29,JC,2,2,93,Y,DIME,NA,NA,0,NA,NA,NA,NA,NA,NA,NA
2005,F,2005-09-29,JC,2,2,88,N,NEAL,F,A,140,N,NA,NA,NA,NA,NA,NA
2005,F,2005-09-29,JC,2,2,124,Y,ONAR,NA,NA,0,NA,NA,NA,NA,NA,NA,NA
2005,F,2005-09-29,JC,2,2,125,N,DIME,M,A,61,Y,PS,NA,NA,NA,NA,NA
2005,F,2005-09-29,JC,2,2,126,N,ONAR,M,A,20,N,NA,NA,NA,NA,NA,NA
2005,F,2005-09-29,JC,2,2,129,N,PELE,NA,J,16,N,NA,NA,NA,NA,NA,NA
2005,F,2005-09-29,JC,2,2,132,Y,CHPE,NA,NA,0,NA,NA,NA,NA,NA,NA,NA
2005,F,2005-09-29,JC,2,1,63,N,CHPE,M,A,16,N,NA,NA,NA,NA,NA,NA
2005,F,2005-09-29,JC,2,1,66,Y,DIME,NA,NA,0,NA,NA,NA,NA,NA,NA,NA
2005,F,2005-09-29,JC,2,1,112,N,DIME,NA,J,33,N,NA,NA,NA,NA,NA,NA
2005,F,2005-09-29,JC,2,1,115,Y,DIME,NA,NA,0,NA,NA,NA,NA,NA,NA,NA
2005,F,2005-09-29,JC,2,1,120,NA,DIME,NA,NA,0,NA,NA,Y,U,NA,NA,NA
2005,F,2005-09-29,JC,2,1,86,Y,DIME,NA,NA,0,NA,NA,NA,NA,NA,NA,NA
2005,F,2005-09-30,JC,3,1,145,Y,DIME,NA,NA,0,NA,NA,NA,NA,NA,NA,NA
2005,F,2005-09-30,JC,3,1,105,Y,DIME,NA,NA,0,NA,NA,NA,NA,NA,NA,NA
2005,F,2005-09-30,JC,3,1,98,Y,DIME,NA,NA,0,NA,NA,NA,NA,NA,NA,NA
2005,F,2005-09-30,JC,3,1,109,Y,PGFL,NA,NA,0,NA,NA,NA,NA,NA,NA,NA
2005,F,2005-09-30,JC,3,1,132,N,DIME,F,A,47,Y,L,NA,NA,NA,NA,NA
2005,F,2005-09-30,JC,3,2,84,Y,DIME,NA,NA,0,NA,NA,NA,NA,NA,NA,NA
2005,F,2005-09-30,JC,3,2,94,Y,DIME,NA,NA,0,NA,NA,NA,NA,NA,NA,NA
2005,F,2005-09-30,JC,3,2,91,N,ONAR,M,A,20,N,NA,NA,NA,NA,NA,NA
2005,F,2005-09-30,JC,3,2,33,Y,DIME,NA,NA,0,NA,NA,NA,NA,NA,NA,NA
2005,F,2005-09-30,JC,3,2,34,Y,DIME,NA,NA,0,NA,NA,NA,NA,NA,NA,NA
2005,F,2005-09-30,JC,3,2,48,N,SIHI,NA,J,22,N,NA,NA,NA,NA,NA,NA
2005,F,2005-09-30,JC,3,2,41,Y,DIME,NA,NA,0,NA,NA,NA,NA,NA,NA,NA
2005,F,2005-09-30,JC,3,2,40,Y,CHPE,NA,NA,0,NA,NA,NA,NA,NA,NA,NA
2005,F,2005-09-30,JC,3,2,37,Y,DIME,NA,NA,0,NA,NA,NA,NA,NA,NA,NA
2005,F,2005-09-30,JC,3,2,139,Y,DIME,NA,NA,0,NA,NA,NA,NA,NA,NA,NA
2005,F,2005-09-30,JC,3,3,51,Y,CHPE,NA,NA,0,NA,NA,NA,NA,NA,NA,NA
2005,F,2005-09-30,JC,3,3,54,Y,DIME,NA,NA,0,NA,NA,NA,NA,NA,NA,NA
2005,F,2005-09-30,JC,3,3,60,N,DIME,F,A,38,N,NA,NA,NA,NA,NA,NA
2005,F,2005-09-30,JC,3,3,70,N,PGFL,F,A,12,N,NA,NA,NA,NA,NA,NA
2005,F,2005-09-30,JC,3,3,67,N,DIME,M,A,38,N,NA,NA,NA,NA,NA,NA
2005,F,2005-09-30,JC,3,3,1,N,DIME,M,A,48,Y,S,NA,NA,NA,NA,NA
2005,F,2005-09-30,JC,3,3,6,N,ONAR,F,A,19,N,NA,NA,NA,NA,NA,NA
2005,F,2005-09-30,JC,3,3,8,N,NEAL,F,A,185,N,NA,NA,NA,NA,NA,NA
2005,F,2005-09-30,JC,3,3,9,N,PGFL,F,A,8,Y,L,NA,NA,NA,NA,NA
2005,F,2005-09-30,JC,3,3,23,Y,DIME,NA,NA,0,NA,NA,NA,NA,NA,NA,NA
2005,F,2005-09-28,JC,1,1,37,N,DIME,M,A,30,N,NA,NA,NA,NA,NA,NA
2005,F,2005-09-28,JC,1,1,43,N,PGFL,M,A,6,N,NA,NA,NA,NA,NA,NA
2005,F,2005-09-28,JC,1,1,58,N,DIME,M,A,53,N,NA,NA,NA,NA,NA,NA
2005,F,2005-09-28,JC,1,1,56,N,PGFL,M,A,6,N,NA,NA,NA,NA,NA,NA
2005,F,2005-09-28,JC,1,1,54,N,DIME,M,A,42,N,NA,NA,NA,NA,NA,NA
2005,F,2005-09-28,JC,1,1,50,N,PELE,M,A,21,N,NA,NA,NA,NA,NA,NA
2005,F,2005-09-28,JC,1,2,50,N,DIME,M,A,42,N,NA,NA,NA,NA,NA,NA
2005,F,2005-09-28,JC,1,2,70,N,DIME,M,A,39,N,NA,NA,NA,NA,NA,NA
2005,F,2005-09-28,JC,1,2,69,N,DIME,F,A,51,N,NA,NA,NA,NA,NA,NA
2005,F,2005-09-28,JC,1,2,28,N,PELE,NA,J,15,N,NA,NA,NA,NA,NA,NA
2005,F,2005-09-28,JC,1,2,31,N,DIME,F,A,49,N,NA,NA,NA,NA,NA,NA
2005,F,2005-09-28,JC,1,2,48,N,SIHI,F,A,85,N,NA,NA,NA,NA,NA,NA
2005,F,2005-09-28,JC,1,2,42,N,DIME,M,A,49,Y,S,NA,NA,NA,NA,NA
2005,F,2005-09-28,JC,1,2,39,N,DIME,NA,NA,0,NA,NA,Y,N,NA,NA,NA
2005,F,2005-09-28,JC,1,3,94,N,DIME,M,A,47,Y,S,NA,NA,NA,NA,NA
2005,F,2005-09-28,JC,1,3,129,N,DIME,M,A,40,N,NA,NA,NA,NA,NA,NA
2005,F,2005-09-28,JC,1,3,130,N,DIME,M,A,42,N,NA,NA,NA,NA,NA,NA
2005,F,2005-09-28,JC,1,3,143,N,DIME,M,A,44,Y,S,NA,NA,NA,NA,NA
2005,F,2005-09-28,JC,1,3,140,N,CHPE,M,A,14,N,NA,NA,NA,NA,NA,NA
2005,F,2005-09-28,JC,1,3,139,N,DIME,F,A,47,N,NA,NA,NA,NA,NA,NA
2005,F,2005-09-28,JC,1,3,135,N,NEAL,M,A,155,Y,S,NA,NA,NA,NA,NA
2005,F,2005-09-29,JC,2,3,23,N,DIME,M,A,48,Y,S,NA,NA,NA,3,NA
2005,F,2005-09-29,JC,2,3,75,N,CHPE,M,A,12,N,NA,NA,NA,NA,NA,NA
2005,F,2005-09-29,JC,2,3,79,Y,DIME,NA,NA,0,NA,NA,NA,NA,NA,NA,NA
2005,F,2005-09-29,JC,2,3,82,N,CHPE,M,A,12,N,NA,NA,NA,NA,NA,NA
2005,F,2005-09-29,JC,2,3,83,N,DIME,M,A,40,Y,S,NA,NA,NA,NA,NA
2005,F,2005-09-29,JC,2,3,92,N,SIHI,NA,NA,0,NA,NA,Y,N,NA,NA,NA
2005,F,2005-09-29,JC,2,3,37,N,DIME,M,A,38,N,NA,NA,NA,NA,NA,NA
2005,F,2005-09-29,JC,2,2,28,Y,CHPE,NA,NA,0,NA,NA,NA,NA,NA,NA,NA
2005,F,2005-09-29,JC,2,2,31,Y,DIME,NA,NA,0,NA,NA,NA,NA,NA,NA,NA
2005,F,2005-09-29,JC,2,2,32,N,CHPE,M,A,11,N,NA,NA,NA,NA,NA,NA
2005,F,2005-09-29,JC,2,2,97,N,PGFL,F,A,8,Y,L,NA,NA,NA,NA,NA
2005,F,2005-09-29,JC,2,2,104,Y,DIME,NA,NA,0,NA,NA,NA,NA,NA,NA,NA
2005,F,2005-09-29,JC,2,2,106,N,PGFL,F,A,7,Y,L,NA,NA,NA,NA,NA
2005,F,2005-09-29,JC,2,2,118,N,DIME,F,A,50,Y,L,NA,NA,NA,NA,NA
2005,F,2005-09-29,JC,2,2,116,Y,CHPE,NA,NA,0,NA,NA,NA,NA,NA,NA,NA
2005,F,2005-09-29,JC,2,2,109,N,PGFL,M,A,6,Y,S,NA,NA,NA,NA,NA
2005,F,2005-09-29,JC,2,2,138,N,PGFL,M,A,7,N,NA,NA,NA,NA,NA,NA
2005,F,2005-09-29,JC,2,2,139,Y,DIME,NA,NA,0,NA,NA,NA,NA,NA,NA,NA
2005,F,2005-09-29,JC,2,2,15,N,DIME,M,A,39,N,NA,NA,NA,NA,NA,NA
2005,F,2005-09-29,JC,2,1,14,Y,DIME,NA,NA,0,NA,NA,NA,NA,NA,NA,NA
2005,F,2005-09-29,JC,2,1,15,Y,DIME,NA,NA,0,NA,NA,NA,NA,NA,3,NA
2005,F,2005-09-29,JC,2,1,21,N,SIHI,M,A,80,N,NA,NA,NA,NA,NA,NA
2005,F,2005-09-29,JC,2,1,34,N,DIME,M,A,49,Y,S,NA,NA,NA,NA,NA
2005,F,2005-09-29,JC,2,1,32,N,DIME,M,A,38,Y,PS,NA,NA,NA,NA,NA
2005,F,2005-09-29,JC,2,1,135,N,CHPE,NA,J,5,N,NA,NA,NA,NA,NA,NA
2005,F,2005-09-29,JC,2,1,138,N,SIHI,NA,NA,0,NA,NA,Y,N,NA,NA,NA
2005,F,2005-09-29,JC,2,1,141,Y,DIME,NA,NA,0,NA,NA,NA,NA,NA,NA,NA
2005,F,2005-09-30,JC,3,1,38,N,ONAR,F,A,29,Y,P,NA,NA,NA,NA,NA
2005,F,2005-09-30,JC,3,1,41,N,PGFL,M,A,7,N,NA,NA,NA,NA,NA,NA
2005,F,2005-09-30,JC,3,1,45,N,DIME,NA,NA,0,NA,NA,Y,N,NA,NA,NA
2005,F,2005-09-30,JC,3,1,48,N,DIME,M,A,40,Y,S,NA,NA,NA,NA,NA
2005,F,2005-09-30,JC,3,1,56,Y,DIME,NA,NA,0,NA,NA,NA,NA,NA,NA,NA
2005,F,2005-09-30,JC,3,1,55,Y,DIME,NA,NA,0,NA,NA,NA,NA,NA,NA,NA
2005,F,2005-09-30,JC,3,1,52,Y,DIME,NA,NA,0,NA,NA,NA,NA,NA,NA,NA
2005,F,2005-09-30,JC,3,1,17,Y,DIME,NA,NA,0,NA,NA,NA,NA,NA,NA,NA
2005,F,2005-09-30,JC,3,1,20,N,PGFL,M,A,8,N,NA,NA,NA,NA,NA,NA
2005,F,2005-09-30,JC,3,1,21,Y,DIME,NA,NA,0,NA,NA,NA,NA,NA,NA,NA
2005,F,2005-09-30,JC,3,2,49,Y,DIME,NA,NA,0,NA,NA,NA,NA,NA,NA,NA
2005,F,2005-09-30,JC,3,2,51,Y,DIME,NA,NA,0,NA,NA,NA,NA,NA,NA,NA
2005,F,2005-09-30,JC,3,2,54,N,DIME,NA,NA,0,NA,NA,Y,N,NA,NA,NA
2005,F,2005-09-30,JC,3,2,60,Y,DIME,NA,NA,0,NA,NA,NA,NA,NA,NA,NA
2005,F,2005-09-30,JC,3,2,70,N,DIME,M,A,49,Y,S,NA,NA,NA,NA,NA
2005,F,2005-09-30,JC,3,2,10,Y,CHPE,NA,NA,0,NA,NA,NA,NA,NA,NA,NA
2005,F,2005-09-30,JC,3,2,12,Y,DIME,NA,NA,0,NA,NA,NA,NA,NA,NA,NA
2005,F,2005-09-30,JC,3,2,24,Y,DIME,NA,NA,0,NA,NA,NA,NA,NA,NA,NA
2005,F,2005-09-30,JC,3,2,15,Y,PGFL,NA,NA,0,NA,NA,NA,NA,NA,NA,NA
2005,F,2005-09-30,JC,3,3,82,Y,CHPE,NA,NA,0,NA,NA,NA,NA,NA,NA,NA
2005,F,2005-09-30,JC,3,3,84,Y,DIME,NA,NA,0,NA,NA,NA,NA,NA,NA,NA
2005,F,2005-09-30,JC,3,3,93,N,DIME,NA,J,22,N,NA,NA,NA,NA,NA,NA
2005,F,2005-09-30,JC,3,3,92,Y,DIME,NA,NA,0,NA,NA,NA,NA,NA,NA,NA
2005,F,2005-09-30,JC,3,3,144,Y,DIME,NA,NA,0,NA,NA,NA,NA,NA,NA,NA
2005,F,2005-09-30,JC,3,3,142,Y,DIME,NA,NA,0,NA,NA,NA,NA,NA,NA,NA
2005,F,2005-09-30,JC,3,3,140,Y,CHPE,NA,NA,0,NA,NA,NA,NA,NA,4,NA
2005,F,2005-09-30,JC,3,3,136,N,NEAL,M,A,140,Y,S,NA,NA,NA,NA,NA
2005,F,2005-09-30,JC,3,3,133,Y,DIME,NA,NA,0,NA,NA,NA,NA,NA,NA,NA
2005,F,2005-09-30,JC,3,3,37,NA,PGFL,NA,NA,0,NA,NA,Y,U,NA,NA,NA
2005,F,2005-09-28,JC,1,1,115,N,DIME,F,A,45,Y,L,NA,NA,NA,NA,NA
2005,F,2005-09-28,JC,1,1,132,N,PGFL,F,A,6,N,NA,NA,NA,NA,NA,NA
2005,F,2005-09-28,JC,1,1,122,N,DIME,M,A,49,Y,S,NA,NA,NA,NA,NA
2005,F,2005-09-28,JC,1,1,138,N,SIHI,NA,NA,0,NA,NA,Y,U,NA,NA,NA
2005,F,2005-09-28,JC,1,1,140,N,DIME,F,A,44,N,NA,NA,NA,NA,NA,NA
2005,F,2005-09-28,JC,1,1,53,N,DIME,M,A,49,Y,S,NA,NA,NA,NA,NA
2005,F,2005-09-28,JC,1,2,99,N,CHPE,M,A,15,N,NA,NA,NA,NA,NA,NA
2005,F,2005-09-28,JC,1,2,100,N,DIME,M,A,51,Y,S,NA,NA,NA,NA,NA
2005,F,2005-09-28,JC,1,2,105,N,DIME,F,A,50,Y,L,NA,NA,NA,NA,NA
2005,F,2005-09-28,JC,1,2,112,N,ONAR,F,A,30,N,NA,NA,NA,NA,NA,NA
2005,F,2005-09-28,JC,1,2,110,N,DIME,M,A,0,NA,NA,Y,M,NA,NA,NA
2005,F,2005-09-28,JC,1,3,0,N,SIHI,NA,NA,0,NA,NA,Y,M,NA,NA,NA
2005,F,2005-09-28,JC,1,3,0,N,SIHI,NA,NA,0,NA,NA,Y,M,NA,NA,NA
2005,F,2005-09-28,JC,1,3,0,N,SIHI,NA,NA,0,NA,NA,Y,M,NA,NA,NA
2005,F,2005-09-28,JC,1,3,0,N,CHPE,NA,NA,0,NA,NA,Y,M,NA,NA,NA
2005,F,2005-09-28,JC,1,3,0,N,DIME,NA,NA,0,NA,NA,Y,M,NA,NA,NA
2005,F,2005-09-29,JC,2,3,102,N,SIHI,M,A,0,Y,S,Y,M,NA,NA,NA
2005,F,2005-09-29,JC,2,3,105,N,SIHI,NA,NA,0,NA,NA,Y,U,NA,NA,NA
2005,F,2005-09-29,JC,2,3,108,N,SIHI,M,A,120,Y,S,NA,NA,NA,NA,NA
2005,F,2005-09-29,JC,2,3,118,Y,DIME,NA,NA,0,NA,NA,NA,NA,NA,NA,NA
2005,F,2005-09-29,JC,2,3,54,N,CHPE,M,A,12,N,NA,NA,NA,NA,NA,NA
2005,F,2005-09-29,JC,2,3,70,Y,DIME,NA,NA,0,NA,NA,NA,NA,NA,NA,NA
2005,F,2005-09-29,JC,2,2,49,Y,DIME,NA,NA,0,NA,NA,NA,NA,NA,NA,NA
2005,F,2005-09-29,JC,2,2,52,Y,DIME,NA,NA,0,NA,NA,NA,NA,NA,NA,NA
2005,F,2005-09-29,JC,2,2,56,N,PGFL,M,A,5,N,NA,NA,NA,NA,NA,NA
2005,F,2005-09-29,JC,2,2,60,Y,DIME,NA,NA,0,NA,NA,NA,NA,NA,2,NA
2005,F,2005-09-29,JC,2,2,68,N,CHPE,M,A,15,Y,S,NA,NA,NA,NA,NA
2005,F,2005-09-29,JC,2,2,67,Y,DIME,NA,NA,0,NA,NA,NA,NA,NA,NA,NA
2005,F,2005-09-29,JC,2,2,10,N,CHPE,M,A,12,N,NA,NA,NA,NA,NA,NA
2005,F,2005-09-29,JC,2,2,12,Y,DIME,NA,NA,0,NA,NA,NA,NA,NA,NA,NA
2005,F,2005-09-29,JC,2,2,24,Y,CHPE,NA,NA,0,NA,NA,NA,NA,NA,NA,NA
2005,F,2005-09-29,JC,2,2,16,N,PGFL,F,A,6,Y,L,NA,NA,NA,NA,NA
2005,F,2005-09-29,JC,2,1,90,N,NEAL,M,A,124,N,NA,NA,NA,NA,NA,NA
2005,F,2005-09-29,JC,2,1,91,N,PGFL,M,A,5,N,NA,NA,NA,NA,NA,NA
2005,F,2005-09-29,JC,2,1,96,N,CHPE,M,A,14,N,NA,NA,NA,NA,NA,NA
2005,F,2005-09-29,JC,2,1,105,Y,DIME,NA,NA,0,NA,NA,NA,NA,NA,NA,NA
2005,F,2005-09-29,JC,2,1,49,Y,DIME,NA,NA,0,NA,NA,NA,NA,NA,NA,NA
2005,F,2005-09-30,JC,3,1,62,N,CHPE,M,A,14,Y,S,NA,NA,NA,NA,NA
2005,F,2005-09-30,JC,3,1,66,N,DIOR,M,A,54,Y,S,NA,NA,NA,NA,NA
2005,F,2005-09-30,JC,3,1,68,Y,DIME,NA,NA,0,NA,NA,NA,NA,NA,NA,NA
2005,F,2005-09-30,JC,3,1,136,Y,DIME,NA,NA,0,NA,NA,NA,NA,NA,NA,NA
2005,F,2005-09-30,JC,3,1,138,N,SIHI,NA,J,64,N,NA,NA,NA,NA,NA,NA
2005,F,2005-09-30,JC,3,1,143,Y,DIME,NA,NA,0,NA,NA,NA,NA,NA,NA,NA
2005,F,2005-09-30,JC,3,1,8,N,DIME,M,A,34,N,NA,NA,NA,NA,NA,NA
2005,F,2005-09-30,JC,3,2,145,Y,DIME,NA,NA,0,NA,NA,NA,NA,NA,NA,NA
2005,F,2005-09-30,JC,3,2,102,N,PGFL,F,A,8,Y,L,NA,NA,NA,NA,NA
2005,F,2005-09-30,JC,3,2,104,Y,CHPE,NA,NA,0,NA,NA,NA,NA,NA,NA,NA
2005,F,2005-09-30,JC,3,2,105,Y,DIME,NA,NA,0,NA,NA,NA,NA,NA,NA,NA
2005,F,2005-09-30,JC,3,2,106,Y,DIME,NA,NA,0,NA,NA,NA,NA,NA,NA,NA
2005,F,2005-09-30,JC,3,2,118,Y,DIME,NA,NA,0,NA,NA,NA,NA,NA,NA,NA
2005,F,2005-09-30,JC,3,2,124,N,ONAR,NA,J,11,N,NA,NA,NA,NA,NA,NA
2005,F,2005-09-30,JC,3,2,36,N,SPSP,F,A,108,Y,L,NA,NA,NA,NA,NA
2005,F,2005-09-30,JC,3,2,129,N,SIHI,NA,J,42,N,NA,NA,NA,NA,NA,NA
2005,F,2005-09-30,JC,3,2,132,N,DIME,M,A,42,N,NA,NA,NA,NA,NA,NA
2005,F,2005-09-30,JC,3,2,140,Y,DIME,NA,NA,0,NA,NA,NA,NA,NA,NA,NA
2005,F,2005-09-30,JC,3,3,104,N,SIHI,M,A,126,Y,S,NA,NA,NA,NA,NA
2005,F,2005-09-30,JC,3,3,105,N,SIHI,M,A,128,Y,S,NA,NA,NA,NA,NA
2005,F,2005-09-30,JC,3,3,107,N,SIHI,M,A,76,Y,S,NA,NA,NA,NA,NA
2005,F,2005-09-30,JC,3,3,108,N,SIHI,F,A,108,Y,L,NA,NA,NA,NA,NA
2005,F,2005-09-30,JC,3,3,126,N,DIME,M,A,50,Y,S,NA,NA,NA,NA,NA
2005,F,2005-09-30,JC,3,3,115,N,PGFL,M,A,9,Y,S,NA,NA,NA,NA,NA
2005,F,2005-09-30,JC,3,3,32,Y,CHPE,NA,NA,0,NA,NA,NA,NA,NA,NA,NA
2005,F,2005-09-30,JC,3,3,34,Y,DIME,NA,NA,0,NA,NA,NA,NA,NA,NA,NA
2005,F,2005-09-30,JC,3,3,36,N,DIME,M,A,42,N,NA,NA,NA,NA,NA,NA
2005,F,2005-09-30,JC,3,3,46,N,SPSP,M,A,105,Y,S,NA,NA,NA,NA,NA
2005,F,2005-09-30,JC,3,3,145,Y,PGFL,NA,NA,0,NA,NA,NA,NA,NA,NA,NA
2003,F,2003-10-24,JC,3,3,119,Y,DIME,NA,NA,0,NA,NA,NA,NA,NA,NA,NA
2003,F,2003-10-24,JC,3,3,118,Y,DIME,NA,NA,0,NA,NA,NA,NA,NA,NA,NA
2003,F,2003-10-24,JC,3,3,104,N,PGFL,M,A,11,Y,PS,NA,NA,NA,NA,NA
2003,F,2003-10-24,JC,3,3,106,N,DIME,M,A,40,N,NA,NA,NA,NA,2,NA
2003,F,2003-10-24,JC,3,3,107,Y,DIME,NA,NA,0,NA,NA,NA,NA,NA,NA,NA
2003,F,2003-10-24,JC,3,3,92,N,PGFL,M,A,6,N,NA,NA,NA,NA,NA,NA
2003,F,2003-10-24,JC,3,3,90,N,PGFL,M,A,10,N,NA,NA,NA,NA,NA,NA
2003,F,2003-10-24,JC,3,2,31,Y,PGFL,NA,NA,0,NA,NA,NA,NA,NA,2,NA
2003,F,2003-10-24,JC,3,2,32,N,DIME,M,A,36,Y,S,NA,NA,NA,NA,NA
2003,F,2003-10-24,JC,3,2,33,Y,DIME,NA,NA,0,NA,NA,NA,NA,NA,NA,NA
2003,F,2003-10-24,JC,3,2,34,Y,DIME,NA,NA,0,NA,NA,NA,NA,NA,NA,NA
2003,F,2003-10-24,JC,3,2,36,Y,DIME,NA,NA,0,NA,NA,NA,NA,NA,NA,NA
2003,F,2003-10-22,JC,1,1,70,N,DIME,M,A,42,N,NA,NA,NA,NA,NA,NA
2003,F,2003-10-22,JC,1,1,53,N,DIME,M,A,41,N,NA,NA,NA,NA,NA,NA
2003,F,2003-10-22,JC,1,1,24,N,DIME,F,A,44,N,NA,NA,NA,NA,NA,NA
2003,F,2003-10-22,JC,1,1,36,N,DIME,M,A,42,N,NA,NA,NA,NA,NA,NA
2003,F,2003-10-22,JC,1,1,8,N,DIME,M,A,38,N,NA,NA,NA,NA,NA,NA
2003,F,2003-10-22,JC,1,2,16,N,DIME,F,A,40,N,NA,NA,NA,NA,NA,NA
2003,F,2003-10-22,JC,1,2,134,N,DIME,F,A,39,N,NA,NA,NA,NA,NA,NA
2003,F,2003-10-22,JC,1,2,9,N,DIME,F,A,43,N,NA,NA,NA,NA,NA,NA
2003,F,2003-10-22,JC,1,2,72,N,DIME,F,A,43,N,NA,NA,NA,NA,NA,NA
2003,F,2003-10-22,JC,1,2,84,N,DIME,M,A,37,N,NA,NA,NA,NA,NA,NA
2003,F,2003-10-22,JC,1,2,83,N,DIME,M,A,43,N,NA,NA,NA,NA,NA,NA
2003,F,2003-10-22,JC,1,2,18,N,DIME,F,A,43,N,NA,NA,NA,NA,NA,NA
2003,F,2003-10-22,JC,1,2,79,N,PELE,F,A,12,N,NA,NA,NA,NA,NA,NA
2003,F,2003-10-22,JC,1,3,106,N,DIME,M,A,45,N,NA,NA,NA,NA,NA,NA
2003,F,2003-10-22,JC,1,3,102,N,PGFL,F,A,6,N,NA,NA,NA,NA,NA,NA
2003,F,2003-10-22,JC,1,3,23,N,DIME,F,A,35,N,NA,NA,NA,NA,5,NA
2003,F,2003-10-22,JC,1,3,19,N,DIME,F,A,40,N,NA,NA,NA,NA,NA,NA
2003,F,2003-10-22,JC,1,3,72,N,DIME,M,A,47,N,NA,NA,NA,NA,NA,NA
2003,F,2003-10-22,JC,1,1,83,N,DIME,M,A,45,N,NA,NA,NA,NA,NA,NA
2003,F,2003-10-22,JC,1,1,82,N,DIME,M,A,40,N,NA,NA,NA,NA,NA,NA
2003,F,2003-10-22,JC,1,1,95,N,DIME,M,A,43,N,NA,NA,NA,NA,NA,NA
2003,F,2003-10-22,JC,1,1,103,N,DIME,F,A,42,N,NA,NA,NA,NA,NA,NA
2003,F,2003-10-22,JC,1,1,102,N,DIME,M,A,45,Y,PS,NA,NA,NA,NA,NA
2003,F,2003-10-22,JC,1,1,119,N,DIME,M,A,39,N,NA,NA,NA,NA,4,NA
2003,F,2003-10-22,JC,1,1,120,N,DIME,F,A,39,N,NA,NA,NA,NA,NA,NA
2003,F,2003-10-22,JC,1,1,132,N,DIME,F,A,42,N,NA,NA,NA,NA,NA,NA
2003,F,2003-10-22,JC,1,1,142,N,DIME,F,A,33,N,NA,NA,NA,NA,NA,NA
2003,F,2003-10-22,JC,1,2,34,N,DIME,M,A,44,N,NA,NA,NA,NA,NA,NA
2003,F,2003-10-22,JC,1,2,33,N,DIME,M,A,40,N,NA,NA,NA,NA,NA,NA
2003,F,2003-10-22,JC,1,2,32,N,DIME,M,A,40,N,NA,NA,NA,NA,NA,NA
2003,F,2003-10-22,JC,1,2,131,N,DIME,F,A,37,N,NA,NA,NA,NA,NA,NA
2003,F,2003-10-22,JC,1,2,132,N,DIME,F,A,40,N,NA,NA,NA,NA,NA,NA
2003,F,2003-10-22,JC,1,2,102,N,CHPE,M,A,15,N,NA,NA,NA,NA,NA,NA
2003,F,2003-10-22,JC,1,2,106,N,DIME,F,A,39,N,NA,NA,NA,NA,4,NA
2003,F,2003-10-22,JC,1,2,48,N,DIME,F,A,40,N,NA,NA,NA,NA,NA,NA
2003,F,2003-10-22,JC,1,2,47,N,DIOR,F,A,44,N,NA,NA,NA,NA,NA,NA
2003,F,2003-10-22,JC,1,2,42,N,DIME,M,A,44,Y,PS,NA,NA,NA,NA,NA
2003,F,2003-10-22,JC,1,2,40,N,CHPE,M,A,16,N,NA,NA,NA,NA,NA,NA
2003,F,2003-10-22,JC,1,2,75,N,DIME,M,A,38,N,NA,NA,NA,NA,NA,NA
2003,F,2003-10-22,JC,1,2,78,N,DIME,M,A,39,Y,PS,NA,NA,NA,NA,NA
2003,F,2003-10-22,JC,1,3,119,N,DIME,F,A,34,N,NA,NA,NA,NA,NA,NA
2003,F,2003-10-22,JC,1,3,128,N,DIME,M,A,41,N,NA,NA,NA,NA,NA,NA
2003,F,2003-10-22,JC,1,3,131,N,DIME,M,A,38,N,NA,NA,NA,NA,NA,NA
2003,F,2003-10-22,JC,1,3,143,N,DIME,F,A,40,N,NA,NA,NA,NA,NA,NA
2003,F,2003-10-22,JC,1,3,142,N,DIME,F,A,35,N,NA,NA,NA,NA,NA,NA
2003,F,2003-10-22,JC,1,3,141,N,DIME,M,A,45,N,NA,NA,NA,NA,NA,NA
2003,F,2003-10-22,JC,1,3,137,N,DIME,M,A,45,N,NA,NA,NA,NA,NA,NA
2003,F,2003-10-22,JC,1,3,34,N,DIME,M,A,41,N,NA,NA,NA,NA,NA,NA
2003,F,2003-10-22,JC,1,3,43,N,DIME,M,A,41,N,NA,NA,NA,NA,NA,NA
2003,F,2003-10-22,JC,1,3,59,N,DIME,M,A,39,N,NA,NA,NA,NA,NA,NA
2003,F,2003-10-22,JC,1,3,92,N,DIME,F,A,42,N,NA,NA,NA,NA,NA,NA
2003,F,2003-10-22,JC,1,3,90,N,DIME,M,A,39,N,NA,NA,NA,NA,NA,NA
2003,F,2003-10-23,JC,2,1,70,N,DIME,F,A,37,N,NA,NA,NA,NA,NA,NA
2003,F,2003-10-23,JC,2,1,69,Y,DIME,NA,NA,0,NA,NA,NA,NA,NA,NA,NA
2003,F,2003-10-23,JC,2,1,79,Y,DIME,NA,NA,0,NA,NA,NA,NA,NA,NA,NA
2003,F,2003-10-23,JC,2,1,83,Y,DIME,NA,NA,0,NA,NA,NA,NA,NA,NA,NA
2003,F,2003-10-23,JC,2,1,96,N,DIME,M,A,42,NA,NA,Y,M,NA,NA,NA
2003,F,2003-10-23,JC,2,1,95,Y,DIME,NA,NA,0,NA,NA,NA,NA,NA,NA,NA
2003,F,2003-10-23,JC,2,1,94,Y,DIME,NA,NA,0,NA,NA,NA,NA,NA,NA,NA
2003,F,2003-10-23,JC,2,1,103,Y,DIME,NA,NA,0,NA,NA,NA,NA,NA,NA,NA
2003,F,2003-10-23,JC,2,1,105,N,DIME,M,A,34,N,NA,NA,NA,NA,NA,NA
2003,F,2003-10-23,JC,2,1,120,Y,DIME,NA,NA,0,NA,NA,NA,NA,NA,NA,NA
2003,F,2003-10-23,JC,2,1,132,Y,DIME,NA,NA,0,NA,NA,NA,NA,NA,NA,NA
2003,F,2003-10-23,JC,2,1,142,Y,DIME,NA,NA,0,NA,NA,NA,NA,NA,NA,NA
2003,F,2003-10-23,JC,2,1,140,Y,DIME,NA,NA,0,NA,NA,NA,NA,NA,NA,NA
2003,F,2003-10-23,JC,2,1,8,Y,DIME,NA,NA,0,NA,NA,NA,NA,NA,NA,NA
2003,F,2003-10-23,JC,2,1,24,N,ONAR,F,A,16,N,NA,NA,NA,NA,NA,NA
2003,F,2003-10-23,JC,2,1,22,N,PGFL,M,A,9,N,NA,NA,NA,NA,NA,NA
2003,F,2003-10-23,JC,2,1,21,Y,DIME,NA,NA,0,NA,NA,NA,NA,NA,NA,NA
2003,F,2003-10-23,JC,2,1,32,N,DIME,F,A,55,N,NA,NA,NA,NA,NA,NA
2003,F,2003-10-23,JC,2,1,33,Y,DIME,NA,NA,0,NA,NA,NA,NA,NA,NA,NA
2003,F,2003-10-23,JC,2,1,46,N,DIME,F,A,41,N,NA,NA,NA,NA,NA,NA
2003,F,2003-10-23,JC,2,1,44,N,DIME,F,A,36,N,NA,NA,NA,NA,NA,NA
2003,F,2003-10-23,JC,2,1,43,N,PGFL,M,A,8,N,NA,NA,NA,NA,NA,NA
2003,F,2003-10-23,JC,2,1,53,Y,DIME,NA,NA,0,NA,NA,NA,NA,NA,NA,NA
2003,F,2003-10-23,JC,2,2,132,Y,DIME,NA,NA,0,NA,NA,NA,NA,NA,NA,NA
2003,F,2003-10-23,JC,2,2,128,Y,DIME,NA,NA,0,NA,NA,NA,NA,NA,NA,NA
2003,F,2003-10-23,JC,2,2,12,N,DIME,M,A,36,N,NA,NA,NA,NA,NA,NA
2003,F,2003-10-23,JC,2,2,11,Y,DIME,NA,NA,0,NA,NA,NA,NA,NA,NA,NA
2003,F,2003-10-23,JC,2,2,10,Y,DIME,NA,NA,0,NA,NA,NA,NA,NA,NA,NA
2003,F,2003-10-23,JC,2,2,7,N,DIME,M,A,40,N,NA,NA,NA,NA,NA,NA
2003,F,2003-10-23,JC,2,2,33,Y,DIME,NA,NA,0,NA,NA,NA,NA,NA,NA,NA
2003,F,2003-10-23,JC,2,2,32,Y,DIME,NA,NA,0,NA,NA,NA,NA,NA,NA,NA
2003,F,2003-10-23,JC,2,2,40,Y,DIME,NA,NA,0,NA,NA,NA,NA,NA,NA,NA
2003,F,2003-10-23,JC,2,2,47,Y,DIOR,NA,NA,0,NA,NA,NA,NA,NA,NA,NA
2003,F,2003-10-23,JC,2,2,48,N,DIME,M,A,50,N,NA,NA,NA,NA,NA,NA
2003,F,2003-10-23,JC,2,2,59,Y,DIME,NA,NA,0,NA,NA,NA,NA,NA,NA,NA
2003,F,2003-10-23,JC,2,2,57,N,DIME,M,A,47,N,NA,NA,NA,NA,NA,NA
2003,F,2003-10-23,JC,2,2,54,Y,DIME,NA,NA,0,NA,NA,NA,NA,NA,NA,NA
2003,F,2003-10-23,JC,2,2,72,Y,DIME,NA,NA,0,NA,NA,NA,NA,NA,NA,NA
2003,F,2003-10-23,JC,2,2,84,Y,DIME,NA,NA,0,NA,NA,NA,NA,NA,NA,NA
2003,F,2003-10-23,JC,2,2,83,Y,DIME,NA,NA,0,NA,NA,NA,NA,NA,NA,NA
2003,F,2003-10-23,JC,2,2,81,Y,DIME,NA,NA,0,NA,NA,NA,NA,NA,NA,NA
2003,F,2003-10-23,JC,2,2,79,Y,DIME,NA,NA,0,NA,NA,NA,NA,NA,NA,NA
2003,F,2003-10-23,JC,2,2,93,N,CHPE,M,A,14,N,NA,NA,NA,NA,NA,NA
2003,F,2003-10-23,JC,2,2,96,N,DIME,M,A,46,N,NA,NA,NA,NA,NA,NA
2003,F,2003-10-23,JC,2,2,105,Y,DIME,NA,NA,0,NA,NA,NA,NA,NA,NA,NA
2003,F,2003-10-23,JC,2,2,103,N,DIME,M,A,46,N,NA,NA,NA,NA,NA,NA
2003,F,2003-10-23,JC,2,2,102,Y,CHPE,NA,NA,0,NA,NA,NA,NA,NA,NA,NA
2003,F,2003-10-23,JC,2,2,117,Y,DIME,NA,NA,0,NA,NA,NA,NA,NA,NA,NA
2003,F,2003-10-23,JC,2,2,120,N,DIME,F,A,40,N,NA,NA,NA,NA,NA,NA
2003,F,2003-10-23,JC,2,3,106,Y,DIME,NA,NA,0,NA,NA,NA,NA,NA,NA,NA
2003,F,2003-10-23,JC,2,3,117,Y,DIME,NA,NA,0,NA,NA,NA,NA,NA,NA,NA
2003,F,2003-10-23,JC,2,3,128,Y,DIME,NA,NA,0,NA,NA,NA,NA,NA,NA,NA
2003,F,2003-10-23,JC,2,3,122,N,CHPE,M,A,16,Y,S,NA,NA,NA,NA,NA
2003,F,2003-10-23,JC,2,3,137,Y,DIME,NA,NA,0,NA,NA,NA,NA,NA,NA,NA
2003,F,2003-10-23,JC,2,3,141,Y,DIME,NA,NA,0,NA,NA,NA,NA,NA,NA,NA
2003,F,2003-10-23,JC,2,3,142,Y,DIME,NA,NA,0,NA,NA,NA,NA,NA,NA,NA
2003,F,2003-10-23,JC,2,3,143,Y,DIME,NA,NA,0,NA,NA,NA,NA,NA,NA,NA
2003,F,2003-10-23,JC,2,3,144,Y,DIME,NA,NA,0,NA,NA,NA,NA,NA,NA,NA
2003,F,2003-10-23,JC,2,3,11,N,DIME,M,A,41,N,NA,NA,NA,NA,NA,NA
2003,F,2003-10-23,JC,2,3,23,Y,DIME,NA,NA,0,NA,NA,NA,NA,NA,NA,NA
2003,F,2003-10-23,JC,2,3,35,N,DIME,M,A,40,N,NA,NA,NA,NA,NA,NA
2003,F,2003-10-23,JC,2,3,43,Y,DIME,NA,NA,0,NA,NA,NA,NA,NA,NA,NA
2003,F,2003-10-23,JC,2,3,47,Y,DIME,NA,NA,0,NA,NA,NA,NA,NA,NA,NA
2003,F,2003-10-23,JC,2,3,48,Y,DIME,NA,NA,0,NA,NA,NA,NA,NA,NA,NA
2003,F,2003-10-23,JC,2,3,68,Y,DIME,NA,NA,0,NA,NA,NA,NA,NA,NA,NA
2003,F,2003-10-23,JC,2,3,70,N,DIME,F,A,42,N,NA,NA,NA,NA,NA,NA
2003,F,2003-10-23,JC,2,3,72,Y,DIME,NA,NA,0,NA,NA,NA,NA,NA,NA,NA
2003,F,2003-10-23,JC,2,3,84,Y,DIME,NA,NA,0,NA,NA,NA,NA,NA,NA,NA
2003,F,2003-10-23,JC,2,3,82,N,DIME,F,A,43,N,NA,NA,NA,NA,NA,NA
2003,F,2003-10-23,JC,2,3,86,Y,DIME,NA,NA,0,NA,NA,NA,NA,NA,NA,NA
2003,F,2003-10-23,JC,2,3,90,N,PELE,M,A,15,N,NA,NA,NA,NA,NA,NA
2003,F,2003-10-24,JC,3,3,120,N,DIME,M,A,43,N,NA,NA,NA,NA,NA,NA
2003,F,2003-10-24,JC,3,3,128,Y,PGFL,NA,NA,0,NA,NA,NA,NA,NA,NA,NA
2003,F,2003-10-24,JC,3,3,137,Y,DIME,NA,NA,0,NA,NA,NA,NA,NA,NA,NA
2003,F,2003-10-24,JC,3,3,141,Y,DIME,NA,NA,0,NA,NA,NA,NA,NA,NA,NA
2003,F,2003-10-24,JC,3,3,142,Y,DIME,NA,NA,0,NA,NA,NA,NA,NA,NA,NA
2003,F,2003-10-24,JC,3,3,11,Y,DIME,NA,NA,0,NA,NA,NA,NA,NA,NA,NA
2003,F,2003-10-24,JC,3,3,61,Y,DIME,NA,NA,0,NA,NA,NA,NA,NA,NA,NA
2003,F,2003-10-24,JC,3,3,69,N,DIME,F,A,37,N,NA,NA,NA,NA,NA,NA
2003,F,2003-10-24,JC,3,3,70,Y,DIME,NA,NA,0,NA,NA,NA,NA,NA,NA,NA
2003,F,2003-10-24,JC,3,3,60,Y,DIME,NA,NA,0,NA,NA,NA,NA,NA,NA,NA
2003,F,2003-10-24,JC,3,3,83,Y,DIME,NA,NA,0,NA,NA,NA,NA,NA,NA,NA
2003,F,2003-10-24,JC,3,3,84,Y,DIME,NA,NA,0,NA,NA,NA,NA,NA,NA,NA
2003,F,2003-10-24,JC,3,3,40,Y,DIME,NA,NA,0,NA,NA,NA,NA,NA,NA,NA
2003,F,2003-10-24,JC,3,3,47,Y,DIME,NA,NA,0,NA,NA,NA,NA,NA,NA,NA
2003,F,2003-10-24,JC,3,3,48,Y,DIME,NA,NA,0,NA,NA,NA,NA,NA,NA,NA
2003,F,2003-10-24,JC,3,3,34,N,DIME,M,A,44,N,NA,NA,NA,NA,NA,NA
2003,F,2003-10-24,JC,3,3,33,Y,DIME,NA,NA,0,NA,NA,NA,NA,NA,NA,NA
2003,F,2003-10-24,JC,3,3,21,Y,DIME,NA,NA,0,NA,NA,NA,NA,NA,NA,NA
2003,F,2003-10-24,JC,3,3,23,Y,DIME,NA,NA,0,NA,NA,NA,NA,NA,NA,NA
2003,F,2003-10-24,JC,3,2,62,Y,DIME,NA,NA,0,NA,NA,NA,NA,NA,NA,NA
2003,F,2003-10-24,JC,3,2,70,N,PGFL,M,A,15,N,NA,NA,NA,NA,NA,NA
2003,F,2003-10-24,JC,3,2,59,Y,DIME,NA,NA,0,NA,NA,NA,NA,NA,NA,NA
2003,F,2003-10-24,JC,3,2,58,Y,DIME,NA,NA,0,NA,NA,NA,NA,NA,NA,NA
2003,F,2003-10-24,JC,3,2,54,Y,DIME,NA,NA,0,NA,NA,NA,NA,NA,NA,NA
2003,F,2003-10-24,JC,3,2,75,Y,DIME,NA,NA,0,NA,NA,NA,NA,NA,NA,NA
2003,F,2003-10-24,JC,3,2,79,Y,PGFL,NA,NA,0,NA,NA,NA,NA,NA,NA,NA
2003,F,2003-10-24,JC,3,2,83,Y,DIME,NA,NA,0,NA,NA,NA,NA,NA,NA,NA
2003,F,2003-10-24,JC,3,2,84,Y,DIOR,NA,NA,0,NA,NA,NA,NA,NA,NA,NA
2003,F,2003-10-24,JC,3,2,94,Y,DIME,NA,NA,0,NA,NA,NA,NA,NA,NA,NA
2003,F,2003-10-24,JC,3,2,89,Y,DIME,NA,NA,0,NA,NA,NA,NA,NA,NA,NA
2003,F,2003-10-24,JC,3,2,102,Y,PGFL,NA,NA,0,NA,NA,NA,NA,NA,NA,NA
2003,F,2003-10-24,JC,3,2,105,Y,DIME,NA,NA,0,NA,NA,NA,NA,NA,NA,NA
2003,F,2003-10-24,JC,3,2,106,Y,DIME,NA,NA,0,NA,NA,NA,NA,NA,NA,NA
2003,F,2003-10-24,JC,3,2,119,Y,DIME,NA,NA,0,NA,NA,NA,NA,NA,NA,NA
2003,F,2003-10-24,JC,3,2,128,Y,DIME,NA,NA,0,NA,NA,NA,NA,NA,NA,NA
2003,F,2003-10-24,JC,3,2,131,Y,DIME,NA,NA,0,NA,NA,NA,NA,NA,NA,NA
2003,F,2003-10-24,JC,3,2,132,Y,DIME,NA,NA,0,NA,NA,NA,NA,NA,NA,NA
2003,F,2003-10-24,JC,3,2,139,N,DIME,M,A,43,N,NA,NA,NA,NA,NA,NA
2003,F,2003-10-24,JC,3,2,5,Y,DIME,NA,NA,0,NA,NA,NA,NA,NA,NA,NA
2003,F,2003-10-24,JC,3,2,7,Y,DIME,NA,NA,0,NA,NA,NA,NA,NA,NA,NA
2003,F,2003-10-24,JC,3,2,9,Y,DIME,NA,NA,0,NA,NA,NA,NA,NA,NA,NA
2003,F,2003-10-24,JC,3,2,12,Y,DIME,NA,NA,0,NA,NA,NA,NA,NA,NA,NA
2003,F,2003-10-24,JC,3,2,40,Y,DIME,NA,NA,0,NA,NA,NA,NA,NA,NA,NA
2003,F,2003-10-24,JC,3,2,43,N,CHPE,F,A,14,N,NA,NA,NA,NA,NA,NA
2003,F,2003-10-24,JC,3,2,47,N,DIME,M,A,46,N,NA,NA,NA,NA,NA,NA
2003,F,2003-10-24,JC,3,2,48,Y,DIOR,NA,NA,0,NA,NA,NA,NA,NA,NA,NA
2003,F,2003-10-24,JC,3,1,71,Y,DIME,NA,NA,0,NA,NA,NA,NA,NA,NA,NA
2003,F,2003-10-24,JC,3,1,70,Y,DIME,NA,NA,0,NA,NA,NA,NA,NA,NA,NA
2003,F,2003-10-24,JC,3,1,55,Y,DIME,NA,NA,0,NA,NA,NA,NA,NA,NA,NA
2003,F,2003-10-24,JC,3,1,58,Y,DIME,NA,NA,0,NA,NA,NA,NA,NA,NA,NA
2003,F,2003-10-24,JC,3,1,45,Y,DIME,NA,NA,0,NA,NA,NA,NA,NA,NA,NA
2003,F,2003-10-24,JC,3,1,34,Y,DIME,NA,NA,0,NA,NA,NA,NA,NA,NA,NA
2003,F,2003-10-24,JC,3,1,21,Y,DIME,NA,NA,0,NA,NA,NA,NA,NA,NA,NA
2003,F,2003-10-24,JC,3,1,18,Y,DIME,NA,NA,0,NA,NA,NA,NA,NA,NA,NA
2003,F,2003-10-24,JC,3,1,16,Y,DIME,NA,NA,0,NA,NA,NA,NA,NA,NA,NA
2003,F,2003-10-24,JC,3,1,12,Y,DIME,NA,NA,0,NA,NA,NA,NA,NA,NA,NA
2003,F,2003-10-24,JC,3,1,143,N,DIME,F,A,36,N,NA,NA,NA,NA,NA,NA
2003,F,2003-10-24,JC,3,1,142,Y,DIME,NA,NA,0,NA,NA,NA,NA,NA,NA,NA
2003,F,2003-10-24,JC,3,1,139,N,DIME,M,A,50,Y,PS,NA,NA,NA,NA,NA
2003,F,2003-10-24,JC,3,1,132,Y,DIME,NA,NA,0,NA,NA,NA,NA,NA,NA,NA
2003,F,2003-10-24,JC,3,1,117,Y,DIME,NA,NA,0,NA,NA,NA,NA,NA,NA,NA
2003,F,2003-10-24,JC,3,1,116,Y,DIME,NA,NA,0,NA,NA,NA,NA,NA,NA,NA
2003,F,2003-10-24,JC,3,1,114,Y,DIME,NA,NA,0,NA,NA,NA,NA,NA,NA,NA
2003,F,2003-10-24,JC,3,1,98,Y,DIME,NA,NA,0,NA,NA,NA,NA,NA,NA,NA
2003,F,2003-10-24,JC,3,1,102,Y,DIME,NA,NA,0,NA,NA,NA,NA,NA,NA,NA
2003,F,2003-10-24,JC,3,1,103,Y,DIME,NA,NA,0,NA,NA,NA,NA,NA,NA,NA
2003,F,2003-10-24,JC,3,1,96,Y,DIME,NA,NA,0,NA,NA,NA,NA,NA,NA,NA
2003,F,2003-10-24,JC,3,1,82,N,DIME,M,A,46,Y,PS,NA,NA,NA,NA,NA
2003,F,2003-10-24,JC,3,1,83,Y,DIME,NA,NA,0,NA,NA,NA,NA,NA,2,NA
1995,S,1995-04-04,JC,1,1,69,N,DIME,M,A,59,N,NA,NA,NA,NA,NA,NA
1995,S,1995-04-04,JC,1,1,7,N,REME,F,A,16,Y,P,NA,NA,NA,NA,NA
1995,S,1995-04-04,JC,1,1,31,N,REME,M,A,15,N,NA,NA,NA,NA,NA,NA
1995,S,1995-04-04,JC,1,1,53,N,DIME,NA,NA,0,NA,NA,Y,U,NA,NA,NA
1995,S,1995-04-04,JC,1,1,96,N,DIME,M,A,45,N,NA,NA,NA,NA,NA,NA
1995,S,1995-04-04,JC,1,1,115,N,REME,F,A,15,N,NA,NA,NA,NA,NA,NA
1995,S,1995-04-04,JC,1,1,117,N,DIME,F,A,56,N,NA,NA,NA,NA,NA,NA
1995,S,1995-04-04,JC,1,2,22,N,REME,F,A,15,Y,P,NA,NA,NA,NA,NA
1995,S,1995-04-04,JC,1,2,30,N,NEAL,M,A,261,N,NA,NA,NA,NA,NA,NA
1995,S,1995-04-04,JC,1,2,36,N,ONAR,F,A,31,Y,P,NA,NA,NA,NA,NA
1995,S,1995-04-04,JC,1,2,40,N,DIME,F,A,52,N,NA,NA,NA,NA,NA,NA
1995,S,1995-04-04,JC,1,2,78,N,DIME,M,A,46,N,NA,NA,NA,NA,NA,NA
1995,S,1995-04-04,JC,1,2,79,N,REME,M,A,16,N,NA,NA,NA,NA,NA,NA
1995,S,1995-04-04,JC,1,2,92,N,DIME,F,A,42,N,NA,NA,NA,NA,NA,NA
1995,S,1995-04-04,JC,1,2,96,N,DIME,F,A,45,N,NA,NA,NA,NA,NA,NA
1995,S,1995-04-04,JC,1,2,136,N,REME,F,A,15,Y,P,NA,NA,NA,NA,NA
1995,S,1995-04-04,JC,1,2,141,N,DIME,M,A,50,N,NA,NA,NA,NA,NA,NA
1995,S,1995-04-04,JC,1,2,145,N,DIME,M,A,54,Y,S,NA,NA,NA,NA,NA
1995,S,1995-04-04,JC,1,3,24,N,REME,M,A,13,N,NA,NA,NA,NA,NA,NA
1995,S,1995-04-04,JC,1,3,44,N,SIHI,F,A,113,Y,P,NA,NA,NA,6,NA
1995,S,1995-04-04,JC,1,3,112,N,DIME,M,A,45,N,NA,NA,NA,NA,NA,NA
1995,S,1995-04-04,JC,1,3,117,NA,NA,NA,NA,0,NA,NA,Y,N,NA,NA,NA
1995,S,1995-04-05,JC,2,1,23,N,REME,F,A,12,Y,P,NA,NA,NA,NA,NA
1995,S,1995-04-05,JC,2,1,31,N,PELE,F,A,23,Y,P,NA,NA,NA,NA,NA
1995,S,1995-04-05,JC,2,1,44,N,DIME,F,A,43,N,NA,NA,NA,NA,NA,NA
1995,S,1995-04-05,JC,2,1,51,N,PELE,F,A,20,Y,P,NA,NA,NA,NA,NA
1995,S,1995-04-05,JC,2,1,77,Y,DIME,NA,NA,0,NA,NA,NA,NA,NA,NA,NA
1995,S,1995-04-05,JC,2,1,87,N,DIME,F,A,40,N,NA,NA,NA,NA,NA,NA
1995,S,1995-04-05,JC,2,1,108,Y,DIME,NA,NA,0,NA,NA,NA,NA,NA,NA,NA
1995,S,1995-04-05,JC,2,1,112,N,DIME,F,A,48,N,NA,NA,NA,NA,NA,NA
1995,S,1995-04-05,JC,2,1,138,N,REME,F,A,11,Y,P,NA,NA,NA,NA,NA
1995,S,1995-04-05,JC,2,2,6,N,NEAL,F,A,246,Y,P,NA,NA,NA,NA,NA
1995,S,1995-04-05,JC,2,2,11,Y,REME,NA,NA,0,NA,NA,NA,NA,NA,NA,NA
1995,S,1995-04-05,JC,2,2,13,Y,DIME,NA,NA,0,NA,NA,NA,NA,NA,NA,NA
1995,S,1995-04-05,JC,2,2,15,N,DIME,M,A,52,N,NA,NA,NA,NA,NA,NA
1995,S,1995-04-05,JC,2,2,24,N,DIME,M,A,48,N,NA,NA,NA,NA,NA,NA
1995,S,1995-04-05,JC,2,2,35,Y,ONAR,NA,NA,0,NA,NA,NA,NA,NA,NA,NA
1995,S,1995-04-05,JC,2,2,40,N,DIME,M,A,52,N,NA,NA,NA,NA,NA,NA
1995,S,1995-04-05,JC,2,2,56,N,PELE,F,A,36,Y,P,NA,NA,NA,NA,NA
1995,S,1995-04-05,JC,2,2,78,Y,DIME,NA,NA,0,NA,NA,NA,NA,NA,NA,NA
1995,S,1995-04-05,JC,2,2,79,Y,DIME,NA,NA,0,NA,NA,NA,NA,NA,NA,NA
1995,S,1995-04-05,JC,2,2,82,N,NEAL,NA,J,61,N,NA,NA,NA,NA,NA,NA
1995,S,1995-04-05,JC,2,2,99,Y,DIME,NA,NA,0,NA,NA,NA,NA,NA,NA,NA
1995,S,1995-04-05,JC,2,2,101,N,DIME,M,A,49,N,NA,NA,NA,NA,NA,NA
1995,S,1995-04-05,JC,2,3,16,N,DIME,NA,J,29,N,NA,NA,NA,NA,NA,NA
1995,S,1995-04-05,JC,2,3,23,Y,DIME,NA,NA,0,NA,NA,NA,NA,NA,NA,NA
1995,S,1995-04-05,JC,2,3,39,N,REME,M,A,12,N,NA,NA,NA,NA,NA,NA
1995,S,1995-04-05,JC,2,3,83,N,ONAR,F,A,27,Y,P,NA,NA,NA,NA,NA
1995,S,1995-04-05,JC,2,3,120,N,SIHI,M,A,135,N,NA,NA,NA,NA,NA,NA
1995,S,1995-04-05,JC,2,3,135,N,NEAL,F,A,153,Y,L,NA,NA,NA,NA,NA
1995,S,1995-04-06,JC,3,1,33,NA,REME,NA,NA,0,NA,NA,Y,U,NA,NA,NA
1995,S,1995-04-06,JC,3,1,45,N,REME,M,A,14,N,NA,NA,NA,NA,NA,NA
1995,S,1995-04-06,JC,3,1,93,Y,DIME,NA,NA,0,NA,NA,NA,NA,NA,NA,NA
1995,S,1995-04-06,JC,3,1,96,N,DIME,F,A,0,N,NA,Y,M,NA,NA,NA
1995,S,1995-04-06,JC,3,1,106,Y,DIME,NA,NA,0,NA,NA,NA,NA,NA,NA,NA
1995,S,1995-04-06,JC,3,1,107,Y,DIME,NA,NA,0,NA,NA,NA,NA,NA,NA,NA
1995,S,1995-04-06,JC,3,2,5,Y,NEAL,NA,NA,0,NA,NA,NA,NA,NA,NA,NA
1995,S,1995-04-06,JC,3,2,19,Y,DIME,NA,NA,0,NA,NA,NA,NA,NA,NA,NA
1995,S,1995-04-06,JC,3,2,57,Y,PELE,NA,NA,0,NA,NA,NA,NA,NA,NA,NA
1995,S,1995-04-06,JC,3,2,59,Y,ONAR,NA,NA,0,NA,NA,NA,NA,NA,NA,NA
1995,S,1995-04-06,JC,3,2,79,Y,DIME,NA,NA,0,NA,NA,NA,NA,NA,NA,NA
1995,S,1995-04-06,JC,3,2,82,N,NEAL,NA,J,71,N,NA,NA,NA,NA,NA,NA
1995,S,1995-04-06,JC,3,2,95,Y,DIME,NA,NA,0,NA,NA,NA,NA,NA,NA,NA
1995,S,1995-04-06,JC,3,2,102,Y,DIME,NA,NA,0,NA,NA,NA,NA,NA,NA,NA
1995,S,1995-04-06,JC,3,2,104,Y,DIME,NA,NA,0,NA,NA,NA,NA,NA,NA,NA
1995,S,1995-04-06,JC,3,2,107,N,REME,F,A,15,Y,P,NA,NA,NA,NA,NA
1995,S,1995-04-06,JC,3,2,115,N,ONAR,F,A,27,Y,P,NA,NA,NA,NA,NA
1995,S,1995-04-06,JC,3,2,133,Y,DIME,NA,NA,0,NA,NA,NA,NA,NA,NA,NA
1995,S,1995-04-06,JC,3,3,2,Y,DIME,NA,NA,0,NA,NA,NA,NA,NA,NA,NA
1995,S,1995-04-06,JC,3,3,36,N,SIHI,F,A,100,N,NA,NA,NA,NA,NA,NA
1995,S,1995-04-06,JC,3,3,49,Y,REME,NA,NA,0,NA,NA,NA,NA,NA,NA,NA
1995,S,1995-04-06,JC,3,3,66,N,DIME,M,A,43,N,NA,NA,NA,NA,NA,NA
1995,S,1995-04-06,JC,3,3,81,N,REME,NA,J,5,N,NA,NA,NA,NA,NA,NA
1995,S,1995-04-06,JC,3,3,84,Y,ONAR,NA,NA,0,NA,NA,NA,NA,NA,NA,NA
1995,S,1995-04-06,JC,3,3,106,N,REME,F,A,15,Y,P,NA,NA,NA,NA,NA
1995,S,1995-04-06,JC,3,3,119,N,NEAL,F,A,215,Y,P,NA,NA,NA,NA,NA
1995,S,1995-04-06,JC,3,3,128,N,DIME,M,A,50,N,NA,NA,NA,NA,NA,NA
1995,S,1995-04-06,JC,3,3,135,Y,NEAL,NA,NA,0,NA,NA,NA,NA,NA,NA,NA
1996,S,1996-04-09,JC,1,1,7,N,DIME,F,A,36,N,NA,NA,NA,NA,NA,NA
1996,S,1996-04-09,JC,1,1,19,N,DIME,F,A,40,N,NA,NA,NA,NA,NA,NA
1996,S,1996-04-09,JC,1,1,31,N,NEAL,NA,J,120,N,NA,NA,NA,NA,NA,NA
1996,S,1996-04-09,JC,1,1,50,N,REME,F,A,9,N,NA,NA,NA,NA,NA,NA
1996,S,1996-04-09,JC,1,1,52,N,DIME,F,A,39,N,NA,NA,NA,NA,NA,NA
1996,S,1996-04-09,JC,1,1,53,N,ONAR,F,A,16,N,NA,NA,NA,NA,NA,NA
1996,S,1996-04-09,JC,1,1,71,N,ONAR,M,A,20,N,NA,NA,NA,NA,NA,NA
1996,S,1996-04-09,JC,1,1,83,N,DIME,F,A,41,N,NA,NA,NA,NA,NA,NA
1996,S,1996-04-09,JC,1,1,84,N,DIME,F,A,41,N,NA,NA,NA,NA,NA,NA
1996,S,1996-04-09,JC,1,1,100,N,ONAR,M,A,18,N,NA,NA,NA,NA,NA,NA
1996,S,1996-04-09,JC,1,1,106,N,DIME,M,A,44,N,NA,NA,NA,NA,NA,NA
1996,S,1996-04-09,JC,1,1,129,N,DIME,M,A,46,N,NA,NA,NA,NA,NA,NA
1996,S,1996-04-09,JC,1,1,132,N,DIME,M,A,40,N,NA,NA,NA,NA,NA,NA
1996,S,1996-04-09,JC,1,2,3,N,NEAL,F,A,140,N,NA,NA,NA,NA,NA,NA
1996,S,1996-04-09,JC,1,2,4,N,NEAL,NA,J,51,N,NA,NA,NA,NA,NA,NA
1996,S,1996-04-09,JC,1,2,6,N,NEAL,M,A,185,N,NA,NA,NA,NA,NA,NA
1996,S,1996-04-09,JC,1,2,14,N,PELE,M,A,23,Y,S,NA,NA,NA,NA,NA
1996,S,1996-04-09,JC,1,2,22,N,DIME,M,A,50,N,NA,NA,NA,NA,NA,NA
1996,S,1996-04-09,JC,1,2,44,N,DIME,M,A,46,N,NA,NA,NA,NA,NA,NA
1996,S,1996-04-09,JC,1,2,47,N,DIME,F,A,38,N,NA,NA,NA,NA,NA,NA
1996,S,1996-04-09,JC,1,2,48,N,DIME,M,A,46,N,NA,NA,NA,NA,NA,NA
1996,S,1996-04-09,JC,1,2,56,N,DIME,F,A,39,N,NA,NA,NA,NA,NA,NA
1996,S,1996-04-09,JC,1,2,60,N,DIME,M,A,42,N,NA,NA,NA,NA,NA,NA
1996,S,1996-04-09,JC,1,2,66,N,ONAR,F,A,20,N,NA,NA,NA,NA,NA,NA
1996,S,1996-04-09,JC,1,2,69,N,DIME,F,A,41,N,NA,NA,NA,NA,NA,NA
1996,S,1996-04-09,JC,1,2,72,N,ONAR,F,A,15,N,NA,NA,NA,NA,NA,NA
1996,S,1996-04-09,JC,1,2,83,N,ONAR,M,A,22,N,NA,NA,NA,NA,NA,NA
1996,S,1996-04-09,JC,1,2,95,N,DIME,F,A,42,N,NA,NA,NA,NA,NA,NA
1996,S,1996-04-09,JC,1,2,96,N,DIME,M,A,48,N,NA,NA,NA,NA,NA,NA
1996,S,1996-04-09,JC,1,2,99,N,NEAL,NA,J,45,N,NA,NA,NA,NA,NA,NA
1996,S,1996-04-09,JC,1,2,100,N,ONAR,F,A,18,N,NA,NA,NA,NA,NA,NA
1996,S,1996-04-09,JC,1,2,101,N,PELE,F,A,25,N,NA,NA,NA,NA,NA,NA
1996,S,1996-04-09,JC,1,2,102,N,PELE,F,A,17,N,NA,NA,NA,NA,NA,NA
1996,S,1996-04-09,JC,1,2,116,N,PELE,F,A,18,N,NA,NA,NA,NA,NA,NA
1996,S,1996-04-09,JC,1,2,120,N,NEAL,M,A,142,N,NA,NA,NA,NA,NA,NA
1996,S,1996-04-09,JC,1,2,125,N,DIME,F,A,38,N,NA,NA,NA,NA,NA,NA
1996,S,1996-04-09,JC,1,2,132,N,DIME,F,A,39,N,NA,NA,NA,NA,NA,NA
1996,S,1996-04-09,JC,1,2,137,N,DIME,M,A,47,N,NA,NA,NA,NA,NA,NA
1996,S,1996-04-09,JC,1,2,138,N,ONAR,M,A,15,N,NA,NA,NA,NA,NA,NA
1996,S,1996-04-09,JC,1,3,4,N,ONAR,F,A,0,N,NA,Y,M,NA,NA,NA
1996,S,1996-04-09,JC,1,3,5,N,ONAR,M,A,20,N,NA,NA,NA,NA,NA,NA
1996,S,1996-04-09,JC,1,3,9,N,DIME,M,A,40,N,NA,NA,NA,NA,NA,NA
1996,S,1996-04-09,JC,1,3,11,N,NEAL,F,A,148,N,NA,NA,NA,NA,NA,NA
1996,S,1996-04-09,JC,1,3,12,N,DIME,M,A,43,N,NA,NA,NA,NA,NA,NA
1996,S,1996-04-09,JC,1,3,17,N,DIME,M,A,46,N,NA,NA,NA,NA,NA,NA
1996,S,1996-04-09,JC,1,3,22,N,DIME,M,A,46,N,NA,NA,NA,NA,NA,NA
1996,S,1996-04-09,JC,1,3,23,N,DIME,M,A,43,N,NA,NA,NA,NA,NA,NA
1996,S,1996-04-09,JC,1,3,35,N,DIME,M,A,43,N,NA,NA,NA,NA,NA,NA
1996,S,1996-04-09,JC,1,3,45,N,DIOR,M,A,44,N,NA,NA,NA,NA,NA,NA
1996,S,1996-04-09,JC,1,3,48,N,DIME,M,A,46,N,NA,NA,NA,NA,NA,NA
1996,S,1996-04-09,JC,1,3,54,N,DIME,M,A,41,N,NA,NA,NA,NA,NA,NA
1996,S,1996-04-09,JC,1,3,57,N,NEAL,NA,J,130,N,NA,NA,NA,NA,NA,NA
1996,S,1996-04-09,JC,1,3,59,N,DIME,M,A,38,N,NA,NA,NA,NA,NA,NA
1996,S,1996-04-09,JC,1,3,60,N,DIME,M,A,42,N,NA,NA,NA,NA,NA,NA
1996,S,1996-04-09,JC,1,3,61,N,ONAR,M,A,18,N,NA,NA,NA,NA,NA,NA
1996,S,1996-04-09,JC,1,3,70,N,DIME,M,A,47,N,NA,NA,NA,NA,NA,NA
1996,S,1996-04-09,JC,1,3,72,N,DIME,F,A,37,N,NA,NA,NA,NA,NA,NA
1996,S,1996-04-09,JC,1,3,75,N,DIME,M,A,36,N,NA,NA,NA,NA,NA,NA
1996,S,1996-04-09,JC,1,3,84,N,DIME,F,A,34,N,NA,NA,NA,NA,NA,NA
1996,S,1996-04-09,JC,1,3,96,N,DIME,M,A,39,N,NA,NA,NA,NA,NA,NA
1996,S,1996-04-09,JC,1,3,99,N,REME,F,A,10,N,NA,NA,NA,NA,NA,NA
1996,S,1996-04-09,JC,1,3,104,N,DIME,M,A,45,N,NA,NA,NA,NA,NA,NA
1996,S,1996-04-09,JC,1,3,107,N,NEAL,F,A,182,N,NA,NA,NA,NA,NA,NA
1996,S,1996-04-09,JC,1,3,128,N,DIME,M,A,40,N,NA,NA,NA,NA,NA,NA
1996,S,1996-04-09,JC,1,3,130,N,CHPE,M,A,15,N,NA,NA,NA,NA,NA,NA
1996,S,1996-04-09,JC,1,3,132,N,DIME,F,A,41,N,NA,NA,NA,NA,NA,NA
1996,S,1996-04-09,JC,1,3,135,N,NEAL,NA,J,132,N,NA,NA,NA,NA,NA,NA
1996,S,1996-04-09,JC,1,3,137,N,ONAR,F,A,20,N,NA,NA,NA,NA,NA,NA
1996,S,1996-04-09,JC,1,3,144,N,DIME,M,A,44,N,NA,NA,NA,NA,NA,NA
1996,S,1996-04-10,JC,2,1,19,Y,NEAL,NA,NA,0,NA,NA,NA,NA,NA,NA,NA
1996,S,1996-04-10,JC,2,1,21,Y,DIME,NA,NA,0,NA,NA,NA,NA,NA,NA,NA
1996,S,1996-04-10,JC,2,1,41,Y,DIME,NA,NA,0,NA,NA,NA,NA,NA,NA,NA
1996,S,1996-04-10,JC,2,1,53,Y,ONAR,NA,NA,0,NA,NA,NA,NA,NA,NA,NA
1996,S,1996-04-10,JC,2,1,82,Y,DIME,NA,NA,0,NA,NA,NA,NA,NA,NA,NA
1996,S,1996-04-10,JC,2,1,83,N,ONAR,F,A,23,Y,P,NA,NA,NA,NA,NA
1996,S,1996-04-10,JC,2,1,84,N,DIME,M,A,47,N,NA,NA,NA,NA,NA,NA
1996,S,1996-04-10,JC,2,1,88,Y,ONAR,NA,NA,0,NA,NA,NA,NA,NA,NA,NA
1996,S,1996-04-10,JC,2,1,96,Y,DIME,NA,NA,0,NA,NA,NA,NA,NA,NA,NA
1996,S,1996-04-10,JC,2,1,107,Y,DIME,NA,NA,0,NA,NA,NA,NA,NA,NA,NA
1996,S,1996-04-10,JC,2,1,129,Y,DIME,NA,NA,0,NA,NA,NA,NA,NA,NA,NA
1996,S,1996-04-10,JC,2,1,132,Y,DIME,NA,NA,0,NA,NA,NA,NA,NA,NA,NA
1996,S,1996-04-10,JC,2,1,143,Y,DIME,NA,NA,0,NA,NA,NA,NA,NA,NA,NA
1996,S,1996-04-10,JC,2,2,3,Y,NEAL,NA,NA,0,NA,NA,NA,NA,NA,NA,NA
1996,S,1996-04-10,JC,2,2,14,Y,PELE,NA,NA,0,NA,NA,NA,NA,NA,NA,NA
1996,S,1996-04-10,JC,2,2,20,Y,DIME,NA,NA,0,NA,NA,NA,NA,NA,NA,NA
1996,S,1996-04-10,JC,2,2,24,N,ONAR,F,A,22,N,NA,NA,NA,NA,NA,NA
1996,S,1996-04-10,JC,2,2,34,N,DIME,M,A,47,Y,S,NA,NA,NA,NA,NA
1996,S,1996-04-10,JC,2,2,35,Y,ONAR,NA,NA,0,NA,NA,NA,NA,NA,NA,NA
1996,S,1996-04-10,JC,2,2,44,Y,ONAR,NA,NA,0,NA,NA,NA,NA,NA,NA,NA
1996,S,1996-04-10,JC,2,2,45,Y,NEAL,NA,NA,0,NA,NA,NA,NA,NA,NA,NA
1996,S,1996-04-10,JC,2,2,47,Y,DIME,NA,NA,0,NA,NA,NA,NA,NA,NA,NA
1996,S,1996-04-10,JC,2,2,48,Y,DIME,NA,NA,0,NA,NA,NA,NA,NA,NA,NA
1996,S,1996-04-10,JC,2,2,50,Y,DIME,NA,NA,0,NA,NA,NA,NA,NA,NA,NA
1996,S,1996-04-10,JC,2,2,58,N,DIME,F,A,39,N,NA,NA,NA,NA,NA,NA
1996,S,1996-04-10,JC,2,2,59,Y,DIME,NA,NA,0,NA,NA,NA,NA,NA,NA,NA
1996,S,1996-04-10,JC,2,2,60,Y,DIME,NA,NA,0,NA,NA,NA,NA,NA,NA,NA
1996,S,1996-04-10,JC,2,2,70,Y,DIME,NA,NA,0,NA,NA,NA,NA,NA,NA,NA
1996,S,1996-04-10,JC,2,2,72,Y,DIME,NA,NA,0,NA,NA,NA,NA,NA,NA,NA
1996,S,1996-04-10,JC,2,2,82,N,NEAL,F,A,160,N,NA,NA,NA,NA,NA,NA
1996,S,1996-04-10,JC,2,2,84,Y,DIME,NA,NA,0,NA,NA,NA,NA,NA,NA,NA
1996,S,1996-04-10,JC,2,2,89,Y,ONAR,NA,NA,0,NA,NA,NA,NA,NA,NA,NA
1996,S,1996-04-10,JC,2,2,92,Y,ONAR,NA,NA,0,NA,NA,NA,NA,NA,NA,NA
1996,S,1996-04-10,JC,2,2,94,N,DIME,F,A,43,N,NA,NA,NA,NA,NA,NA
1996,S,1996-04-10,JC,2,2,95,Y,DIME,NA,NA,0,NA,NA,NA,NA,NA,NA,NA
1996,S,1996-04-10,JC,2,2,103,N,CHPE,M,A,15,N,NA,NA,NA,NA,NA,NA
1996,S,1996-04-10,JC,2,2,106,N,PELE,F,A,19,Y,P,NA,NA,NA,NA,NA
1996,S,1996-04-10,JC,2,2,113,Y,ONAR,NA,NA,0,NA,NA,NA,NA,NA,NA,NA
1996,S,1996-04-10,JC,2,2,116,Y,PELE,NA,NA,0,NA,NA,NA,NA,NA,NA,NA
1996,S,1996-04-10,JC,2,2,120,Y,NEAL,NA,NA,0,NA,NA,NA,NA,NA,NA,NA
1996,S,1996-04-10,JC,2,2,130,Y,DIME,NA,NA,0,NA,NA,NA,NA,NA,NA,NA
1996,S,1996-04-10,JC,2,2,132,Y,DIME,NA,NA,0,NA,NA,NA,NA,NA,NA,NA
1996,S,1996-04-10,JC,2,2,134,Y,NEAL,NA,NA,0,NA,NA,NA,NA,NA,NA,NA
1996,S,1996-04-10,JC,2,2,138,N,PGFL,F,A,5,N,NA,NA,NA,NA,NA,NA
1996,S,1996-04-10,JC,2,2,139,Y,DIME,NA,NA,0,NA,NA,NA,NA,NA,NA,NA
1996,S,1996-04-10,JC,2,3,8,Y,ONAR,NA,NA,0,NA,NA,NA,NA,NA,NA,NA
1996,S,1996-04-10,JC,2,3,9,Y,DIME,NA,NA,0,NA,NA,NA,NA,NA,NA,NA
1996,S,1996-04-10,JC,2,3,11,Y,NEAL,NA,NA,0,NA,NA,NA,NA,NA,NA,NA
1996,S,1996-04-10,JC,2,3,12,N,DIME,M,A,36,N,NA,NA,NA,NA,NA,NA
1996,S,1996-04-10,JC,2,3,20,Y,DIME,NA,NA,0,NA,NA,NA,NA,NA,NA,NA
1996,S,1996-04-10,JC,2,3,23,Y,DIME,NA,NA,0,NA,NA,NA,NA,NA,NA,NA
1996,S,1996-04-10,JC,2,3,33,N,CHPE,M,A,15,N,NA,NA,NA,NA,NA,NA
1996,S,1996-04-10,JC,2,3,34,Y,DIME,NA,NA,0,NA,NA,NA,NA,NA,NA,NA
1996,S,1996-04-10,JC,2,3,35,Y,DIME,NA,NA,0,NA,NA,NA,NA,NA,NA,NA
1996,S,1996-04-10,JC,2,3,36,N,ONAR,F,A,18,N,NA,NA,NA,NA,NA,NA
1996,S,1996-04-10,JC,2,3,45,N,PELE,F,A,17,N,NA,NA,NA,NA,NA,NA
1996,S,1996-04-10,JC,2,3,47,Y,DIME,NA,NA,0,NA,NA,NA,NA,NA,NA,NA
1996,S,1996-04-10,JC,2,3,54,Y,DIME,NA,NA,0,NA,NA,NA,NA,NA,NA,NA
1996,S,1996-04-10,JC,2,3,56,N,NEAL,NA,J,92,N,NA,NA,NA,NA,NA,NA
1996,S,1996-04-10,JC,2,3,59,Y,DIME,NA,NA,0,NA,NA,NA,NA,NA,NA,NA
1996,S,1996-04-10,JC,2,3,60,Y,DIME,NA,NA,0,NA,NA,NA,NA,NA,NA,NA
1996,S,1996-04-10,JC,2,3,62,Y,ONAR,NA,NA,0,NA,NA,NA,NA,NA,NA,NA
1996,S,1996-04-10,JC,2,3,65,Y,DIME,NA,NA,0,NA,NA,NA,NA,NA,NA,NA
1996,S,1996-04-10,JC,2,3,67,Y,NEAL,NA,NA,0,NA,NA,NA,NA,NA,NA,NA
1996,S,1996-04-10,JC,2,3,72,Y,DIME,NA,NA,0,NA,NA,NA,NA,NA,NA,NA
1996,S,1996-04-10,JC,2,3,77,Y,ONAR,NA,NA,0,NA,NA,NA,NA,NA,NA,NA
1996,S,1996-04-10,JC,2,3,79,Y,DIME,NA,NA,0,NA,NA,NA,NA,NA,NA,NA
1996,S,1996-04-10,JC,2,3,83,Y,DIME,NA,NA,0,NA,NA,NA,NA,NA,NA,NA
1996,S,1996-04-10,JC,2,3,84,Y,DIME,NA,NA,0,NA,NA,NA,NA,NA,NA,NA
1996,S,1996-04-10,JC,2,3,108,N,DIME,NA,NA,0,NA,NA,Y,U,NA,NA,NA
1996,S,1996-04-10,JC,2,3,116,Y,DIME,NA,NA,0,NA,NA,NA,NA,NA,NA,NA
1996,S,1996-04-10,JC,2,3,118,N,DIME,M,A,46,N,NA,NA,NA,NA,NA,NA
1996,S,1996-04-10,JC,2,3,122,Y,DIME,NA,NA,0,NA,NA,NA,NA,NA,NA,NA
1996,S,1996-04-10,JC,2,3,128,Y,DIME,NA,NA,0,NA,NA,NA,NA,NA,NA,NA
1996,S,1996-04-10,JC,2,3,135,Y,NEAL,NA,NA,0,NA,NA,NA,NA,NA,NA,NA
1996,S,1996-04-10,JC,2,3,143,Y,DIME,NA,NA,0,NA,NA,NA,NA,NA,NA,NA
1996,S,1996-04-11,JC,3,1,7,N,SPSP,M,A,93,N,NA,NA,NA,NA,NA,NA
1996,S,1996-04-11,JC,3,1,8,Y,DIME,NA,NA,0,NA,NA,NA,NA,NA,NA,NA
1996,S,1996-04-11,JC,3,1,9,N,NEAL,NA,J,65,N,NA,NA,NA,NA,NA,NA
1996,S,1996-04-11,JC,3,1,22,Y,ONAR,NA,NA,0,NA,NA,NA,NA,NA,NA,NA
1996,S,1996-04-11,JC,3,1,24,Y,DIME,NA,NA,0,NA,NA,NA,NA,NA,NA,NA
1996,S,1996-04-11,JC,3,1,28,Y,ONAR,NA,NA,0,NA,NA,NA,NA,NA,NA,NA
1996,S,1996-04-11,JC,3,1,35,Y,DIME,NA,NA,0,NA,NA,NA,NA,NA,NA,NA
1996,S,1996-04-11,JC,3,1,36,Y,DIME,NA,NA,0,NA,NA,NA,NA,NA,NA,NA
1996,S,1996-04-11,JC,3,1,39,N,PELE,M,A,20,N,NA,NA,NA,NA,NA,NA
1996,S,1996-04-11,JC,3,1,40,Y,DIME,NA,NA,0,NA,NA,NA,NA,NA,NA,NA
1996,S,1996-04-11,JC,3,1,42,Y,DIME,NA,NA,0,NA,NA,NA,NA,NA,NA,NA
1996,S,1996-04-11,JC,3,1,43,Y,NEAL,NA,NA,0,NA,NA,NA,NA,NA,NA,NA
1996,S,1996-04-11,JC,3,1,45,N,PELE,F,A,19,N,NA,NA,NA,NA,NA,NA
1996,S,1996-04-11,JC,3,1,47,Y,ONAR,NA,NA,0,NA,NA,NA,NA,NA,NA,NA
1996,S,1996-04-11,JC,3,1,48,N,NEAL,F,A,175,N,NA,NA,NA,NA,NA,NA
1996,S,1996-04-11,JC,3,1,54,Y,DIME,NA,NA,0,NA,NA,NA,NA,NA,NA,NA
1996,S,1996-04-11,JC,3,1,59,Y,NEAL,NA,NA,0,NA,NA,NA,NA,NA,NA,NA
1996,S,1996-04-11,JC,3,1,60,Y,DIME,NA,NA,0,NA,NA,NA,NA,NA,NA,NA
1996,S,1996-04-11,JC,3,1,61,Y,ONAR,NA,NA,0,NA,NA,NA,NA,NA,NA,NA
1996,S,1996-04-11,JC,3,1,68,Y,DIME,NA,NA,0,NA,NA,NA,NA,NA,NA,NA
1996,S,1996-04-11,JC,3,1,70,Y,DIME,NA,NA,0,NA,NA,NA,NA,NA,NA,NA
1996,S,1996-04-11,JC,3,1,72,Y,DIME,NA,NA,0,NA,NA,NA,NA,NA,NA,NA
1996,S,1996-04-11,JC,3,1,74,Y,PELE,NA,NA,0,NA,NA,NA,NA,NA,NA,NA
1996,S,1996-04-11,JC,3,1,75,Y,DIME,NA,NA,0,NA,NA,NA,NA,NA,NA,NA
1996,S,1996-04-11,JC,3,1,82,Y,DIME,NA,NA,0,NA,NA,NA,NA,NA,NA,NA
1996,S,1996-04-11,JC,3,1,84,N,DIME,F,A,43,N,NA,NA,NA,NA,NA,NA
1996,S,1996-04-11,JC,3,1,90,Y,DIME,NA,NA,0,NA,NA,NA,NA,NA,NA,NA
1996,S,1996-04-11,JC,3,1,92,N,PELE,M,A,18,Y,S,NA,NA,NA,NA,NA
1996,S,1996-04-11,JC,3,1,96,Y,DIME,NA,NA,0,NA,NA,NA,NA,NA,NA,NA
1996,S,1996-04-11,JC,3,1,105,Y,DIME,NA,NA,0,NA,NA,NA,NA,NA,NA,NA
1996,S,1996-04-11,JC,3,1,119,N,NEAL,F,A,146,N,NA,NA,NA,NA,NA,NA
1996,S,1996-04-11,JC,3,1,124,N,NEAL,M,A,205,N,NA,NA,NA,NA,NA,NA
1996,S,1996-04-11,JC,3,1,127,Y,DIME,NA,NA,0,NA,NA,NA,NA,NA,NA,NA
1996,S,1996-04-11,JC,3,1,128,Y,CHPE,NA,NA,0,NA,NA,NA,NA,NA,NA,NA
1996,S,1996-04-11,JC,3,1,129,Y,DIME,NA,NA,0,NA,NA,NA,NA,NA,NA,NA
1996,S,1996-04-11,JC,3,1,130,Y,DIME,NA,NA,0,NA,NA,NA,NA,NA,NA,NA
1996,S,1996-04-11,JC,3,1,132,Y,DIME,NA,NA,0,NA,NA,NA,NA,NA,NA,NA
1996,S,1996-04-11,JC,3,1,135,Y,NEAL,NA,NA,0,NA,NA,NA,NA,NA,NA,NA
1996,S,1996-04-11,JC,3,1,140,Y,ONAR,NA,NA,0,NA,NA,NA,NA,NA,NA,NA
1996,S,1996-04-11,JC,3,1,142,Y,DIME,NA,NA,0,NA,NA,NA,NA,NA,NA,NA
1996,S,1996-04-11,JC,3,2,3,Y,NEAL,NA,NA,0,NA,NA,NA,NA,NA,NA,NA
1996,S,1996-04-11,JC,3,2,7,Y,DIME,NA,NA,0,NA,NA,NA,NA,NA,NA,NA
1996,S,1996-04-11,JC,3,2,9,Y,DIME,NA,NA,0,NA,NA,NA,NA,NA,NA,NA
1996,S,1996-04-11,JC,3,2,20,Y,ONAR,NA,NA,0,NA,NA,NA,NA,NA,NA,NA
1996,S,1996-04-11,JC,3,2,26,Y,NEAL,NA,NA,0,NA,NA,NA,NA,NA,NA,NA
1996,S,1996-04-11,JC,3,2,30,N,ONAR,F,A,19,N,NA,NA,NA,NA,NA,NA
1996,S,1996-04-11,JC,3,2,34,Y,ONAR,NA,NA,0,NA,NA,NA,NA,NA,NA,NA
1996,S,1996-04-11,JC,3,2,35,N,NEAL,NA,J,82,N,NA,NA,NA,NA,NA,NA
1996,S,1996-04-11,JC,3,2,36,Y,DIME,NA,NA,0,NA,NA,NA,NA,NA,NA,NA
1996,S,1996-04-11,JC,3,2,42,Y,DIME,NA,NA,0,NA,NA,NA,NA,NA,NA,NA
1996,S,1996-04-11,JC,3,2,57,Y,DIME,NA,NA,0,NA,NA,NA,NA,NA,NA,NA
1996,S,1996-04-11,JC,3,2,59,Y,DIME,NA,NA,0,NA,NA,NA,NA,NA,NA,NA
1996,S,1996-04-11,JC,3,2,60,Y,DIME,NA,NA,0,NA,NA,NA,NA,NA,NA,NA
1996,S,1996-04-11,JC,3,2,64,Y,NEAL,NA,NA,0,NA,NA,NA,NA,NA,NA,NA
1996,S,1996-04-11,JC,3,2,48,Y,DIME,NA,NA,0,NA,NA,NA,NA,NA,NA,NA
1996,S,1996-04-11,JC,3,2,70,Y,DIME,NA,NA,0,NA,NA,NA,NA,NA,NA,NA
1996,S,1996-04-11,JC,3,2,71,Y,DIME,NA,NA,0,NA,NA,NA,NA,NA,NA,NA
1996,S,1996-04-11,JC,3,2,72,Y,ONAR,NA,NA,0,NA,NA,NA,NA,NA,NA,NA
1996,S,1996-04-11,JC,3,2,79,Y,ONAR,NA,NA,0,NA,NA,NA,NA,NA,NA,NA
1996,S,1996-04-11,JC,3,2,82,Y,NEAL,NA,NA,0,NA,NA,NA,NA,NA,NA,NA
1996,S,1996-04-11,JC,3,2,83,N,DIME,F,A,41,N,NA,NA,NA,NA,NA,NA
1996,S,1996-04-11,JC,3,2,84,Y,DIME,NA,NA,0,NA,NA,NA,NA,NA,NA,NA
1996,S,1996-04-11,JC,3,2,93,Y,DIME,NA,NA,0,NA,NA,NA,NA,NA,NA,NA
1996,S,1996-04-11,JC,3,2,95,Y,DIME,NA,NA,0,NA,NA,NA,NA,NA,NA,NA
1996,S,1996-04-11,JC,3,2,100,Y,ONAR,NA,NA,0,NA,NA,NA,NA,NA,NA,NA
1996,S,1996-04-11,JC,3,2,103,Y,PELE,NA,NA,0,NA,NA,NA,NA,NA,NA,NA
1996,S,1996-04-11,JC,3,2,106,Y,NEAL,NA,NA,0,NA,NA,NA,NA,NA,NA,NA
1996,S,1996-04-11,JC,3,2,113,Y,ONAR,NA,NA,0,NA,NA,NA,NA,NA,NA,NA
1996,S,1996-04-11,JC,3,2,118,Y,DIME,NA,NA,0,NA,NA,NA,NA,NA,NA,NA
1996,S,1996-04-11,JC,3,2,138,Y,DIME,NA,NA,0,NA,NA,NA,NA,NA,NA,NA
1996,S,1996-04-11,JC,3,3,19,Y,NEAL,NA,NA,0,NA,NA,NA,NA,NA,NA,NA
1996,S,1996-04-11,JC,3,3,22,N,DIME,M,A,42,N,NA,NA,NA,NA,NA,NA
1996,S,1996-04-11,JC,3,3,24,N,DIME,NA,NA,46,N,NA,Y,M,NA,NA,NA
1996,S,1996-04-11,JC,3,3,32,Y,DIME,NA,NA,0,NA,NA,NA,NA,NA,NA,NA
1996,S,1996-04-11,JC,3,3,40,Y,DIME,NA,NA,0,NA,NA,NA,NA,NA,NA,NA
1996,S,1996-04-11,JC,3,3,50,N,PELE,F,A,15,N,NA,NA,NA,NA,NA,NA
1996,S,1996-04-11,JC,3,3,53,Y,ONAR,NA,NA,0,NA,NA,NA,NA,NA,NA,NA
1996,S,1996-04-11,JC,3,3,72,N,REME,F,A,9,N,NA,NA,NA,NA,NA,NA
1996,S,1996-04-11,JC,3,3,80,Y,DIME,NA,NA,0,NA,NA,NA,NA,NA,NA,NA
1996,S,1996-04-11,JC,3,3,83,Y,ONAR,NA,NA,0,NA,NA,NA,NA,NA,NA,NA
1996,S,1996-04-11,JC,3,3,84,Y,DIME,NA,NA,0,NA,NA,NA,NA,NA,NA,NA
1996,S,1996-04-11,JC,3,3,95,Y,DIME,NA,NA,0,NA,NA,NA,NA,NA,NA,NA
1996,S,1996-04-11,JC,3,3,108,N,DIME,F,A,40,N,NA,NA,NA,NA,NA,NA
1996,S,1996-04-11,JC,3,3,116,Y,DIME,NA,NA,0,NA,NA,NA,NA,NA,NA,NA
1996,S,1996-04-11,JC,3,3,122,N,PELE,M,A,17,N,NA,NA,NA,NA,NA,NA
1996,S,1996-04-11,JC,3,3,129,Y,DIME,NA,NA,0,NA,NA,NA,NA,NA,NA,NA
1996,S,1996-04-11,JC,3,3,132,Y,DIME,NA,NA,0,NA,NA,NA,NA,NA,NA,NA
1996,S,1996-04-11,JC,3,3,141,Y,DIME,NA,NA,0,NA,NA,NA,NA,NA,NA,NA
1996,S,1996-04-11,JC,3,3,143,N,ONAR,M,A,22,N,NA,NA,NA,NA,NA,NA
1997,S,1997-04-15,JC,1,1,5,N,PELE,F,A,19,N,NA,NA,NA,NA,NA,NA
1997,S,1997-04-15,JC,1,1,10,N,DIME,M,A,39,Y,S,NA,NA,NA,NA,NA
1997,S,1997-04-15,JC,1,1,15,N,DIME,M,A,39,Y,S,NA,NA,NA,NA,NA
1997,S,1997-04-15,JC,1,1,22,N,DIME,F,A,40,Y,L,NA,NA,NA,NA,NA
1997,S,1997-04-15,JC,1,1,24,N,DIME,M,A,51,Y,PS,NA,NA,NA,NA,NA
1997,S,1997-04-15,JC,1,1,31,N,DIME,M,A,49,Y,PS,NA,NA,NA,NA,NA
1997,S,1997-04-15,JC,1,1,33,N,DIME,M,A,46,Y,PS,NA,NA,NA,NA,NA
1997,S,1997-04-15,JC,1,1,36,N,DIME,F,A,49,Y,PL,NA,NA,NA,NA,NA
1997,S,1997-04-15,JC,1,1,40,N,DIME,NA,J,28,N,NA,NA,NA,NA,NA,NA
1997,S,1997-04-15,JC,1,1,44,N,DIME,F,A,42,Y,PL,NA,NA,NA,NA,NA
1997,S,1997-04-15,JC,1,1,50,N,PELE,F,A,18,Y,L,NA,NA,NA,NA,NA
1997,S,1997-04-15,JC,1,1,57,N,ONAR,M,A,19,N,NA,NA,NA,NA,NA,NA
1997,S,1997-04-15,JC,1,1,59,N,DIME,F,A,54,Y,P,NA,NA,NA,NA,NA
1997,S,1997-04-15,JC,1,1,60,N,DIME,M,A,43,Y,PS,NA,NA,NA,NA,NA
1997,S,1997-04-15,JC,1,1,68,N,DIME,M,A,38,N,NA,NA,NA,NA,NA,NA
1997,S,1997-04-15,JC,1,1,70,N,DIME,F,A,36,Y,L,NA,NA,NA,NA,NA
1997,S,1997-04-15,JC,1,1,72,N,PGFL,F,A,8,Y,L,NA,NA,NA,NA,NA
1997,S,1997-04-15,JC,1,1,74,N,DIME,F,A,41,Y,L,NA,NA,NA,NA,NA
1997,S,1997-04-15,JC,1,1,78,N,DIME,M,A,42,Y,PS,NA,NA,NA,NA,NA
1997,S,1997-04-15,JC,1,1,82,N,DIME,F,A,40,Y,L,NA,NA,NA,NA,NA
1997,S,1997-04-15,JC,1,1,84,N,DIME,M,A,44,Y,S,NA,NA,NA,NA,NA
1997,S,1997-04-15,JC,1,1,88,N,DIME,M,A,36,N,NA,NA,NA,NA,NA,NA
1997,S,1997-04-15,JC,1,1,90,N,NEAL,NA,J,64,N,NA,NA,NA,NA,NA,NA
1997,S,1997-04-15,JC,1,1,92,N,REME,M,A,11,N,NA,NA,NA,NA,NA,NA
1997,S,1997-04-15,JC,1,1,100,N,PELE,M,A,21,N,NA,NA,NA,NA,NA,NA
1997,S,1997-04-15,JC,1,1,103,N,DIME,F,A,46,Y,L,NA,NA,NA,NA,NA
1997,S,1997-04-15,JC,1,1,104,N,DIME,M,A,44,N,NA,NA,NA,NA,NA,NA
1997,S,1997-04-15,JC,1,1,105,N,DIME,NA,J,35,N,NA,NA,NA,NA,NA,NA
1997,S,1997-04-15,JC,1,1,113,N,DIME,F,A,47,Y,PL,NA,NA,NA,NA,NA
1997,S,1997-04-15,JC,1,1,119,N,DIME,F,A,41,Y,L,NA,NA,NA,NA,NA
1997,S,1997-04-15,JC,1,1,125,N,PELE,M,A,21,N,NA,NA,NA,NA,NA,NA
1997,S,1997-04-15,JC,1,1,132,N,DIME,M,A,41,N,NA,NA,NA,NA,NA,NA
1997,S,1997-04-15,JC,1,1,141,N,DIME,F,A,36,N,NA,NA,NA,NA,NA,NA
1997,S,1997-04-15,JC,1,1,144,N,ONAR,M,A,19,N,NA,NA,NA,NA,NA,NA
1997,S,1997-04-15,JC,1,1,144,N,ONAR,F,A,20,N,NA,NA,NA,NA,NA,NA
1997,S,1997-04-15,JC,1,1,145,N,DIME,NA,J,34,N,NA,NA,NA,NA,NA,NA
1997,S,1997-04-15,JC,1,2,5,N,NEAL,F,A,194,Y,L,NA,NA,NA,NA,NA
1997,S,1997-04-15,JC,1,2,9,N,DIME,M,A,55,Y,PS,NA,NA,NA,NA,NA
1997,S,1997-04-15,JC,1,2,11,N,DIME,M,A,42,Y,PS,NA,NA,NA,NA,NA
1997,S,1997-04-15,JC,1,2,12,N,DIME,F,A,38,N,NA,NA,NA,NA,NA,NA
1997,S,1997-04-15,JC,1,2,16,N,DIME,M,A,45,N,NA,NA,NA,NA,NA,NA
1997,S,1997-04-15,JC,1,2,21,N,DIME,F,A,37,N,NA,NA,NA,NA,NA,NA
1997,S,1997-04-15,JC,1,2,24,N,REME,M,A,9,N,NA,NA,NA,NA,NA,NA
1997,S,1997-04-15,JC,1,2,32,N,DIME,F,A,48,N,NA,NA,NA,NA,NA,NA
1997,S,1997-04-15,JC,1,2,33,N,DIME,M,A,47,Y,S,NA,NA,NA,NA,NA
1997,S,1997-04-15,JC,1,2,35,N,NEAL,NA,J,79,N,NA,NA,NA,NA,NA,NA
1997,S,1997-04-15,JC,1,2,36,N,NEAL,M,A,205,N,NA,NA,NA,NA,NA,NA
1997,S,1997-04-15,JC,1,2,47,N,DIME,M,A,45,Y,PS,NA,NA,NA,NA,NA
1997,S,1997-04-15,JC,1,2,48,N,DIME,M,A,45,Y,S,NA,NA,NA,NA,NA
1997,S,1997-04-15,JC,1,2,58,N,DIME,F,A,37,N,NA,NA,NA,NA,NA,NA
1997,S,1997-04-15,JC,1,2,61,N,REME,F,A,11,N,NA,NA,NA,NA,NA,NA
1997,S,1997-04-15,JC,1,2,67,N,DIME,F,A,48,Y,V,NA,NA,NA,NA,NA
1997,S,1997-04-15,JC,1,2,69,N,DIME,M,A,45,Y,S,NA,NA,NA,NA,NA
1997,S,1997-04-15,JC,1,2,70,N,DIME,F,A,39,N,NA,NA,NA,NA,NA,NA
1997,S,1997-04-15,JC,1,2,71,N,DIME,F,A,43,N,NA,NA,NA,NA,NA,NA
1997,S,1997-04-15,JC,1,2,72,N,DIME,M,A,42,Y,PS,NA,NA,NA,NA,NA
1997,S,1997-04-15,JC,1,2,76,N,DIME,M,A,48,Y,S,NA,NA,NA,NA,NA
1997,S,1997-04-15,JC,1,2,82,N,NEAL,F,A,178,Y,L,NA,NA,NA,NA,NA
1997,S,1997-04-15,JC,1,2,83,N,DIME,M,A,45,N,NA,NA,NA,NA,NA,NA
1997,S,1997-04-15,JC,1,2,84,N,DIME,M,A,49,N,NA,NA,NA,NA,NA,NA
1997,S,1997-04-15,JC,1,2,96,N,DIME,F,A,43,Y,L,NA,NA,NA,NA,NA
1997,S,1997-04-15,JC,1,2,97,N,PELE,F,A,26,Y,P,NA,NA,NA,NA,NA
1997,S,1997-04-15,JC,1,2,102,N,DIME,M,A,37,Y,PS,NA,NA,NA,NA,NA
1997,S,1997-04-15,JC,1,2,104,N,DIME,M,A,50,Y,PS,NA,NA,NA,NA,NA
1997,S,1997-04-15,JC,1,2,105,N,DIME,M,A,51,N,NA,NA,NA,NA,NA,NA
1997,S,1997-04-15,JC,1,2,106,N,DIME,F,A,41,N,NA,NA,NA,NA,NA,NA
1997,S,1997-04-15,JC,1,2,114,N,ONAR,M,A,19,N,NA,NA,NA,NA,NA,NA
1997,S,1997-04-15,JC,1,2,116,N,DIME,M,A,53,Y,S,NA,NA,NA,NA,NA
1997,S,1997-04-15,JC,1,2,117,N,DIME,NA,NA,0,NA,NA,Y,U,NA,NA,NA
1997,S,1997-04-15,JC,1,2,120,N,DIME,F,A,38,Y,V,NA,NA,NA,NA,NA
1997,S,1997-04-15,JC,1,2,126,N,DIME,F,A,48,Y,P,NA,NA,NA,NA,NA
1997,S,1997-04-15,JC,1,2,127,N,DIME,NA,NA,0,NA,NA,Y,U,NA,NA,NA
1997,S,1997-04-15,JC,1,2,132,N,DIME,F,A,0,N,NA,Y,M,NA,NA,NA
1997,S,1997-04-15,JC,1,2,135,N,NEAL,M,A,134,N,NA,NA,NA,NA,NA,NA
1997,S,1997-04-15,JC,1,2,138,N,DIME,F,A,60,Y,P,NA,NA,NA,NA,NA
1997,S,1997-04-15,JC,1,2,140,N,DIME,M,A,46,Y,S,NA,NA,NA,NA,NA
1997,S,1997-04-15,JC,1,2,144,N,DIME,M,A,50,Y,S,NA,NA,NA,NA,NA
1997,S,1997-04-15,JC,1,3,5,N,CHPE,M,A,12,N,NA,NA,NA,NA,NA,NA
1997,S,1997-04-15,JC,1,3,10,N,ONAR,M,A,20,Y,S,NA,NA,NA,NA,NA
1997,S,1997-04-15,JC,1,3,14,N,DIME,NA,J,24,N,NA,NA,NA,NA,NA,NA
1997,S,1997-04-15,JC,1,3,16,N,DIME,M,A,45,Y,S,NA,NA,NA,NA,NA
1997,S,1997-04-15,JC,1,3,18,N,ONAR,F,A,22,N,NA,NA,NA,NA,NA,NA
1997,S,1997-04-15,JC,1,3,19,N,PELE,M,A,16,N,NA,NA,NA,NA,NA,NA
1997,S,1997-04-15,JC,1,3,20,N,DIME,F,A,41,Y,PL,NA,NA,NA,NA,NA
1997,S,1997-04-15,JC,1,3,21,N,DIME,M,A,40,Y,S,NA,NA,NA,NA,NA
1997,S,1997-04-15,JC,1,3,22,N,PELE,M,A,19,Y,S,NA,NA,NA,NA,NA
1997,S,1997-04-15,JC,1,3,23,N,NEAL,F,A,158,Y,L,NA,NA,NA,NA,NA
1997,S,1997-04-15,JC,1,3,27,N,DIME,F,A,43,Y,L,NA,NA,NA,NA,NA
1997,S,1997-04-15,JC,1,3,31,N,DIME,M,A,38,Y,S,NA,NA,NA,NA,NA
1997,S,1997-04-15,JC,1,3,33,N,DIME,NA,J,20,N,NA,NA,NA,NA,NA,NA
1997,S,1997-04-15,JC,1,3,34,N,DIME,M,A,40,Y,S,NA,NA,NA,NA,NA
1997,S,1997-04-15,JC,1,3,36,N,ONAR,M,A,18,N,NA,NA,NA,NA,NA,NA
1997,S,1997-04-15,JC,1,3,41,N,DIME,F,A,40,Y,L,NA,NA,NA,NA,NA
1997,S,1997-04-15,JC,1,3,44,N,PGFL,F,A,6,Y,L,NA,NA,NA,NA,NA
1997,S,1997-04-15,JC,1,3,46,N,DIME,F,A,36,N,NA,NA,NA,NA,NA,NA
1997,S,1997-04-15,JC,1,3,47,N,DIME,F,A,42,Y,L,NA,NA,NA,NA,NA
1997,S,1997-04-15,JC,1,3,48,N,REME,M,A,10,N,NA,NA,NA,NA,NA,NA
1997,S,1997-04-15,JC,1,3,49,N,CHPE,M,A,12,N,NA,NA,NA,NA,NA,NA
1997,S,1997-04-15,JC,1,3,54,N,DIME,M,A,43,Y,S,NA,NA,NA,NA,NA
1997,S,1997-04-15,JC,1,3,56,N,NEAL,F,A,172,Y,L,NA,NA,NA,NA,NA
1997,S,1997-04-15,JC,1,3,60,N,DIME,F,A,42,Y,L,NA,NA,NA,NA,NA
1997,S,1997-04-15,JC,1,3,61,N,DIME,F,A,39,Y,PL,NA,NA,NA,NA,NA
1997,S,1997-04-15,JC,1,3,65,N,DIME,M,A,48,Y,S,NA,NA,NA,NA,NA
1997,S,1997-04-15,JC,1,3,66,N,DIME,NA,J,31,N,NA,NA,NA,NA,NA,NA
1997,S,1997-04-15,JC,1,3,68,N,DIME,F,A,37,Y,L,NA,NA,NA,NA,NA
1997,S,1997-04-15,JC,1,3,70,N,DIME,M,A,49,Y,S,NA,NA,NA,NA,NA
1997,S,1997-04-15,JC,1,3,72,N,DIME,NA,NA,0,NA,NA,Y,U,NA,NA,NA
1997,S,1997-04-15,JC,1,3,82,N,PELE,M,A,20,Y,S,NA,NA,NA,NA,NA
1997,S,1997-04-15,JC,1,3,83,N,DIME,M,A,41,Y,S,NA,NA,NA,NA,NA
1997,S,1997-04-15,JC,1,3,84,N,DIME,M,A,42,Y,S,NA,NA,NA,NA,NA
1997,S,1997-04-15,JC,1,3,86,N,DIME,M,A,46,N,NA,NA,NA,NA,NA,NA
1997,S,1997-04-15,JC,1,3,87,N,ONAR,M,A,17,N,NA,NA,NA,NA,NA,NA
1997,S,1997-04-15,JC,1,3,90,N,DIME,M,A,44,Y,S,NA,NA,NA,NA,NA
1997,S,1997-04-15,JC,1,3,92,N,DIME,F,A,40,Y,L,NA,NA,NA,NA,NA
1997,S,1997-04-15,JC,1,3,95,N,DIME,M,A,50,Y,S,NA,NA,NA,NA,NA
1997,S,1997-04-15,JC,1,3,96,N,DIME,M,A,43,Y,S,NA,NA,NA,NA,NA
1997,S,1997-04-15,JC,1,3,100,N,PELE,M,A,24,N,NA,NA,NA,NA,NA,NA
1997,S,1997-04-15,JC,1,3,102,N,PELE,F,A,26,Y,P,NA,NA,NA,NA,NA
1997,S,1997-04-15,JC,1,3,103,N,PELE,NA,NA,0,NA,NA,Y,U,NA,NA,NA
1997,S,1997-04-15,JC,1,3,104,N,DIME,M,A,38,N,NA,NA,NA,NA,NA,NA
1997,S,1997-04-15,JC,1,3,108,N,DIME,F,A,45,Y,L,NA,NA,NA,NA,NA
1997,S,1997-04-15,JC,1,3,114,N,DIME,NA,J,29,N,NA,NA,NA,NA,NA,NA
1997,S,1997-04-15,JC,1,3,117,N,DIME,F,A,48,Y,L,NA,NA,NA,NA,NA
1997,S,1997-04-15,JC,1,3,119,N,DIME,F,A,30,N,NA,NA,NA,NA,NA,NA
1997,S,1997-04-15,JC,1,3,120,N,DIME,M,A,46,Y,S,NA,NA,NA,NA,NA
1997,S,1997-04-15,JC,1,3,127,N,DIME,F,A,45,Y,L,NA,NA,NA,NA,NA
1997,S,1997-04-15,JC,1,3,130,N,DIME,F,A,54,Y,P,NA,NA,NA,NA,NA
1997,S,1997-04-15,JC,1,3,131,N,DIME,M,A,53,Y,S,NA,NA,NA,NA,NA
1997,S,1997-04-15,JC,1,3,132,N,NEAL,M,A,280,Y,S,NA,NA,NA,NA,NA
1997,S,1997-04-16,JC,2,1,5,Y,DIME,NA,NA,0,NA,NA,NA,NA,NA,NA,NA
1997,S,1997-04-16,JC,2,1,7,Y,PELE,NA,NA,0,NA,NA,NA,NA,NA,NA,NA
1997,S,1997-04-16,JC,2,1,11,Y,DIME,NA,NA,0,NA,NA,NA,NA,NA,NA,NA
1997,S,1997-04-16,JC,2,1,19,N,DIME,F,A,53,Y,L,NA,NA,NA,NA,NA
1997,S,1997-04-16,JC,2,1,20,Y,DIME,NA,NA,0,NA,NA,NA,NA,NA,NA,NA
1997,S,1997-04-16,JC,2,1,24,N,ONAR,M,A,19,N,NA,NA,NA,NA,NA,NA
1997,S,1997-04-16,JC,2,1,31,N,REME,M,A,9,N,NA,NA,NA,NA,NA,NA
1997,S,1997-04-16,JC,2,1,32,N,DIME,NA,J,30,N,NA,NA,NA,NA,NA,NA
1997,S,1997-04-16,JC,2,1,33,N,REME,F,A,11,Y,P,NA,NA,NA,NA,NA
1997,S,1997-04-16,JC,2,1,35,Y,DIME,NA,NA,0,NA,NA,NA,NA,NA,NA,NA
1997,S,1997-04-16,JC,2,1,36,Y,DIME,NA,NA,0,NA,NA,NA,NA,NA,NA,NA
1997,S,1997-04-16,JC,2,1,41,Y,DIME,NA,NA,0,NA,NA,NA,NA,NA,NA,NA
1997,S,1997-04-16,JC,2,1,43,N,PGFL,F,A,7,N,NA,NA,NA,NA,NA,NA
1997,S,1997-04-16,JC,2,1,45,Y,DIME,NA,NA,0,NA,NA,NA,NA,NA,NA,NA
1997,S,1997-04-16,JC,2,1,59,N,DIME,F,A,32,N,NA,NA,NA,NA,NA,NA
1997,S,1997-04-16,JC,2,1,60,N,DIME,F,A,46,Y,L,NA,NA,NA,NA,NA
1997,S,1997-04-16,JC,2,1,62,Y,DIME,NA,NA,0,NA,NA,NA,NA,NA,NA,NA
1997,S,1997-04-16,JC,2,1,68,Y,DIME,NA,NA,0,NA,NA,NA,NA,NA,NA,NA
1997,S,1997-04-16,JC,2,1,70,N,PELE,F,A,24,N,NA,NA,NA,NA,NA,NA
1997,S,1997-04-16,JC,2,1,72,N,PGFL,M,A,9,Y,S,NA,NA,NA,NA,NA
1997,S,1997-04-16,JC,2,1,75,Y,DIME,NA,NA,0,NA,NA,NA,NA,NA,NA,NA
1997,S,1997-04-16,JC,2,1,82,Y,DIME,NA,NA,0,NA,NA,NA,NA,NA,NA,NA
1997,S,1997-04-16,JC,2,1,85,Y,DIME,NA,NA,0,NA,NA,NA,NA,NA,NA,NA
1997,S,1997-04-16,JC,2,1,92,Y,NEAL,NA,NA,0,NA,NA,NA,NA,NA,NA,NA
1997,S,1997-04-16,JC,2,1,93,Y,DIME,NA,NA,0,NA,NA,NA,NA,NA,NA,NA
1997,S,1997-04-16,JC,2,1,95,N,NEAL,F,A,165,Y,L,NA,NA,NA,NA,NA
1997,S,1997-04-16,JC,2,1,100,Y,PELE,NA,NA,0,NA,NA,NA,NA,NA,NA,NA
1997,S,1997-04-16,JC,2,1,103,N,REME,F,A,15,Y,P,NA,NA,NA,NA,NA
1997,S,1997-04-16,JC,2,1,105,Y,DIME,NA,NA,0,NA,NA,NA,NA,NA,NA,NA
1997,S,1997-04-16,JC,2,1,113,Y,DIME,NA,NA,0,NA,NA,NA,NA,NA,NA,NA
1997,S,1997-04-16,JC,2,1,120,N,PELE,F,A,21,Y,P,NA,NA,NA,NA,NA
1997,S,1997-04-16,JC,2,1,131,Y,DIME,NA,NA,0,NA,NA,NA,NA,NA,NA,NA
1997,S,1997-04-16,JC,2,1,134,Y,DIME,NA,NA,0,NA,NA,NA,NA,NA,NA,NA
1997,S,1997-04-16,JC,2,1,139,N,DIME,F,A,54,Y,P,NA,NA,NA,NA,NA
1997,S,1997-04-16,JC,2,2,5,Y,NEAL,NA,NA,0,NA,NA,NA,NA,NA,NA,NA
1997,S,1997-04-16,JC,2,2,11,N,ONAR,M,A,21,N,NA,NA,NA,NA,NA,NA
1997,S,1997-04-16,JC,2,2,12,Y,DIME,NA,NA,0,NA,NA,NA,NA,NA,NA,NA
1997,S,1997-04-16,JC,2,2,20,N,DIME,M,A,41,N,NA,NA,NA,NA,NA,NA
1997,S,1997-04-16,JC,2,2,30,Y,DIME,NA,NA,0,NA,NA,NA,NA,NA,NA,NA
1997,S,1997-04-16,JC,2,2,33,Y,DIME,NA,NA,0,NA,NA,NA,NA,NA,NA,NA
1997,S,1997-04-16,JC,2,2,36,N,ONAR,M,A,17,N,NA,NA,NA,NA,NA,NA
1997,S,1997-04-16,JC,2,2,39,Y,DIME,NA,NA,0,NA,NA,NA,NA,NA,NA,NA
1997,S,1997-04-16,JC,2,2,42,Y,DIME,NA,NA,0,NA,NA,NA,NA,NA,NA,NA
1997,S,1997-04-16,JC,2,2,47,N,DIME,NA,J,32,N,NA,NA,NA,NA,NA,NA
1997,S,1997-04-16,JC,2,2,48,N,DIME,M,A,58,Y,PS,NA,NA,NA,NA,NA
1997,S,1997-04-16,JC,2,2,49,Y,PELE,NA,NA,0,NA,NA,NA,NA,NA,NA,NA
1997,S,1997-04-16,JC,2,2,52,NA,DIME,NA,NA,0,NA,NA,Y,U,NA,NA,NA
1997,S,1997-04-16,JC,2,2,53,N,DIME,NA,J,33,N,NA,NA,NA,NA,NA,NA
1997,S,1997-04-16,JC,2,2,59,Y,DIME,NA,NA,0,NA,NA,NA,NA,NA,NA,NA
1997,S,1997-04-16,JC,2,2,60,N,DIME,M,A,42,N,NA,NA,NA,NA,NA,NA
1997,S,1997-04-16,JC,2,2,64,N,PGFL,F,A,8,N,NA,NA,NA,NA,NA,NA
1997,S,1997-04-16,JC,2,2,65,Y,DIME,NA,NA,0,NA,NA,NA,NA,NA,NA,NA
1997,S,1997-04-16,JC,2,2,67,Y,ONAR,NA,NA,0,NA,NA,NA,NA,NA,NA,NA
1997,S,1997-04-16,JC,2,2,71,N,DIME,M,A,46,Y,PS,NA,NA,NA,NA,NA
1997,S,1997-04-16,JC,2,2,72,Y,DIME,NA,NA,0,NA,NA,NA,NA,NA,NA,NA
1997,S,1997-04-16,JC,2,2,81,Y,DIME,NA,NA,0,NA,NA,NA,NA,NA,NA,NA
1997,S,1997-04-16,JC,2,2,82,Y,NEAL,NA,NA,0,NA,NA,NA,NA,NA,NA,NA
1997,S,1997-04-16,JC,2,2,83,Y,DIME,NA,NA,0,NA,NA,NA,NA,NA,NA,NA
1997,S,1997-04-16,JC,2,2,84,Y,DIME,NA,NA,0,NA,NA,NA,NA,NA,NA,NA
1997,S,1997-04-16,JC,2,2,96,Y,DIME,NA,NA,0,NA,NA,NA,NA,NA,NA,NA
1997,S,1997-04-16,JC,2,2,100,Y,DIME,NA,NA,0,NA,NA,NA,NA,NA,NA,NA
1997,S,1997-04-16,JC,2,2,106,Y,DIME,NA,NA,0,NA,NA,NA,NA,NA,NA,NA
1997,S,1997-04-16,JC,2,2,108,Y,DIME,NA,NA,0,NA,NA,NA,NA,NA,NA,NA
1997,S,1997-04-16,JC,2,2,115,Y,DIME,NA,NA,0,NA,NA,NA,NA,NA,NA,NA
1997,S,1997-04-16,JC,2,2,118,N,DIME,F,A,46,Y,V,NA,NA,NA,NA,NA
1997,S,1997-04-16,JC,2,2,120,N,DIME,M,A,51,Y,S,NA,NA,NA,NA,NA
1997,S,1997-04-16,JC,2,2,128,Y,DIME,NA,NA,0,NA,NA,NA,NA,NA,NA,NA
1997,S,1997-04-16,JC,2,2,132,N,DIME,M,A,38,Y,S,NA,NA,NA,NA,NA
1997,S,1997-04-16,JC,2,2,135,Y,NEAL,NA,NA,0,NA,NA,NA,NA,NA,NA,NA
1997,S,1997-04-16,JC,2,2,141,Y,DIME,NA,NA,0,NA,NA,NA,NA,NA,NA,NA
1997,S,1997-04-16,JC,2,2,144,N,DIME,F,A,50,Y,P,NA,NA,NA,NA,NA
1997,S,1997-04-16,JC,2,3,4,Y,ONAR,NA,NA,0,NA,NA,NA,NA,NA,NA,NA
1997,S,1997-04-16,JC,2,3,8,N,PELE,F,A,21,N,NA,NA,NA,NA,NA,NA
1997,S,1997-04-16,JC,2,3,11,N,NEAL,F,A,185,Y,L,NA,NA,NA,NA,NA
1997,S,1997-04-16,JC,2,3,18,Y,DIME,NA,NA,0,NA,NA,NA,NA,NA,NA,NA
1997,S,1997-04-16,JC,2,3,20,Y,DIME,NA,NA,0,NA,NA,NA,NA,NA,NA,NA
1997,S,1997-04-16,JC,2,3,21,Y,DIME,NA,NA,0,NA,NA,NA,NA,NA,NA,NA
1997,S,1997-04-16,JC,2,3,23,Y,NEAL,NA,NA,0,NA,NA,NA,NA,NA,NA,NA
1997,S,1997-04-16,JC,2,3,24,N,DIME,F,A,45,N,NA,NA,NA,NA,NA,NA
1997,S,1997-04-16,JC,2,3,31,Y,DIME,NA,NA,0,NA,NA,NA,NA,NA,NA,NA
1997,S,1997-04-16,JC,2,3,33,N,ONAR,M,A,21,N,NA,NA,NA,NA,NA,NA
1997,S,1997-04-16,JC,2,3,34,N,DIME,F,A,42,N,NA,NA,NA,NA,NA,NA
1997,S,1997-04-16,JC,2,3,36,N,DIME,NA,J,22,N,NA,NA,NA,NA,NA,NA
1997,S,1997-04-16,JC,2,3,41,Y,DIME,NA,NA,0,NA,NA,NA,NA,NA,NA,NA
1997,S,1997-04-16,JC,2,3,44,Y,DIME,NA,NA,0,NA,NA,NA,NA,NA,NA,NA
1997,S,1997-04-16,JC,2,3,47,Y,DIME,NA,NA,0,NA,NA,NA,NA,NA,NA,NA
1997,S,1997-04-16,JC,2,3,56,Y,NEAL,NA,NA,0,NA,NA,NA,NA,NA,NA,NA
1997,S,1997-04-16,JC,2,3,60,Y,DIME,NA,NA,0,NA,NA,NA,NA,NA,NA,NA
1997,S,1997-04-16,JC,2,3,66,Y,DIME,NA,NA,0,NA,NA,NA,NA,NA,NA,NA
1997,S,1997-04-16,JC,2,3,67,Y,DIME,NA,NA,0,NA,NA,NA,NA,NA,NA,NA
1997,S,1997-04-16,JC,2,3,68,Y,DIME,NA,NA,0,NA,NA,NA,NA,NA,NA,NA
1997,S,1997-04-16,JC,2,3,70,Y,DIME,NA,NA,0,NA,NA,NA,NA,NA,NA,NA
1997,S,1997-04-16,JC,2,3,72,Y,DIME,NA,NA,0,NA,NA,NA,NA,NA,NA,NA
1997,S,1997-04-16,JC,2,3,74,Y,DIME,NA,NA,0,NA,NA,NA,NA,NA,NA,NA
1997,S,1997-04-16,JC,2,3,82,Y,PELE,NA,NA,0,NA,NA,NA,NA,NA,NA,NA
1997,S,1997-04-16,JC,2,3,83,N,DIME,F,A,38,Y,V,NA,NA,NA,NA,NA
1997,S,1997-04-16,JC,2,3,84,N,ONAR,F,A,17,N,NA,NA,NA,NA,NA,NA
1997,S,1997-04-16,JC,2,3,89,Y,DIME,NA,NA,0,NA,NA,NA,NA,NA,NA,NA
1997,S,1997-04-16,JC,2,3,90,Y,DIME,NA,NA,0,NA,NA,NA,NA,NA,NA,NA
1997,S,1997-04-16,JC,2,3,92,Y,DIME,NA,NA,0,NA,NA,NA,NA,NA,NA,NA
1997,S,1997-04-16,JC,2,3,96,Y,DIME,NA,NA,0,NA,NA,NA,NA,NA,NA,NA
1997,S,1997-04-16,JC,2,3,97,N,DIME,F,A,37,N,NA,NA,NA,NA,NA,NA
1997,S,1997-04-16,JC,2,3,100,Y,DIME,NA,NA,0,NA,NA,NA,NA,NA,NA,NA
1997,S,1997-04-16,JC,2,3,102,N,PELE,F,A,29,Y,P,NA,NA,NA,NA,NA
1997,S,1997-04-16,JC,2,3,103,N,REME,F,A,12,Y,P,NA,NA,NA,NA,NA
1997,S,1997-04-16,JC,2,3,107,N,DIME,F,A,42,Y,L,NA,NA,NA,NA,NA
1997,S,1997-04-16,JC,2,3,108,N,DIME,NA,J,29,N,NA,NA,NA,NA,NA,NA
1997,S,1997-04-16,JC,2,3,113,Y,DIME,NA,NA,0,NA,NA,NA,NA,NA,NA,NA
1997,S,1997-04-16,JC,2,3,114,N,NEAL,F,A,175,N,NA,NA,NA,NA,NA,NA
1997,S,1997-04-16,JC,2,3,115,Y,DIME,NA,NA,0,NA,NA,NA,NA,NA,NA,NA
1997,S,1997-04-16,JC,2,3,119,N,CHPE,M,A,18,N,NA,NA,NA,NA,NA,NA
1997,S,1997-04-16,JC,2,3,125,Y,DIME,NA,NA,0,NA,NA,NA,NA,NA,NA,NA
1997,S,1997-04-16,JC,2,3,130,N,DIME,M,A,48,N,NA,NA,NA,NA,NA,NA
1997,S,1997-04-16,JC,2,3,131,Y,DIME,NA,NA,0,NA,NA,NA,NA,NA,NA,NA
1997,S,1997-04-16,JC,2,3,132,Y,NEAL,NA,NA,0,NA,NA,NA,NA,NA,NA,NA
1997,S,1997-04-16,JC,2,3,135,N,NEAL,M,A,185,Y,S,NA,NA,NA,NA,NA
1997,S,1997-04-16,JC,2,3,137,N,CHPE,M,A,18,Y,S,NA,NA,NA,NA,NA
1997,S,1997-04-16,JC,2,3,140,N,ONAR,M,A,20,N,NA,NA,NA,NA,NA,NA
1997,S,1997-04-16,JC,2,3,143,N,DIME,M,A,33,N,NA,NA,NA,NA,NA,NA
1997,S,1997-04-16,JC,2,3,144,N,DIME,F,A,39,Y,L,NA,NA,NA,NA,NA
1997,S,1997-04-17,JC,3,1,2,Y,DIME,NA,NA,0,NA,NA,NA,NA,NA,NA,NA
1997,S,1997-04-17,JC,3,1,3,Y,DIME,NA,NA,0,NA,NA,NA,NA,NA,NA,NA
1997,S,1997-04-17,JC,3,1,7,Y,PELE,NA,NA,0,NA,NA,NA,NA,NA,NA,NA
1997,S,1997-04-17,JC,3,1,16,Y,DIME,NA,NA,0,NA,NA,NA,NA,NA,NA,NA
1997,S,1997-04-17,JC,3,1,21,Y,DIME,NA,NA,0,NA,NA,NA,NA,NA,NA,NA
1997,S,1997-04-17,JC,3,1,22,Y,DIME,NA,NA,0,NA,NA,NA,NA,NA,NA,NA
1997,S,1997-04-17,JC,3,1,24,N,DIME,F,A,49,N,NA,NA,NA,NA,NA,NA
1997,S,1997-04-17,JC,3,1,26,N,DIME,M,A,49,Y,S,NA,NA,NA,NA,NA
1997,S,1997-04-17,JC,3,1,33,Y,DIME,NA,NA,0,NA,NA,NA,NA,NA,NA,NA
1997,S,1997-04-17,JC,3,1,35,N,PELE,F,A,28,Y,P,NA,NA,NA,NA,NA
1997,S,1997-04-17,JC,3,1,36,Y,DIME,NA,NA,0,NA,NA,NA,NA,NA,NA,NA
1997,S,1997-04-17,JC,3,1,41,N,ONAR,M,A,19,N,NA,NA,NA,NA,NA,NA
1997,S,1997-04-17,JC,3,1,45,Y,DIME,NA,NA,0,NA,NA,NA,NA,NA,NA,NA
1997,S,1997-04-17,JC,3,1,46,N,DIME,NA,J,32,N,NA,NA,NA,NA,NA,NA
1997,S,1997-04-17,JC,3,1,53,Y,PELE,NA,NA,0,NA,NA,NA,NA,NA,NA,NA
1997,S,1997-04-17,JC,3,1,55,N,DIME,M,A,37,N,NA,NA,NA,NA,NA,NA
1997,S,1997-04-17,JC,3,1,57,Y,DIME,NA,NA,0,NA,NA,NA,NA,NA,NA,NA
1997,S,1997-04-17,JC,3,1,59,Y,DIME,NA,NA,0,NA,NA,NA,NA,NA,NA,NA
1997,S,1997-04-17,JC,3,1,60,Y,DIME,NA,NA,0,NA,NA,NA,NA,NA,NA,NA
1997,S,1997-04-17,JC,3,1,62,Y,DIME,NA,NA,0,NA,NA,NA,NA,NA,NA,NA
1997,S,1997-04-17,JC,3,1,70,N,DIME,NA,J,35,N,NA,NA,NA,NA,NA,NA
1997,S,1997-04-17,JC,3,1,72,Y,DIME,NA,NA,0,NA,NA,NA,NA,NA,NA,NA
1997,S,1997-04-17,JC,3,1,73,Y,DIME,NA,NA,0,NA,NA,NA,NA,NA,NA,NA
1997,S,1997-04-17,JC,3,1,82,Y,DIME,NA,NA,0,NA,NA,NA,NA,NA,NA,NA
1997,S,1997-04-17,JC,3,1,84,N,DIME,M,A,43,Y,PS,NA,NA,NA,NA,NA
1997,S,1997-04-17,JC,3,1,88,N,CHPE,M,A,16,N,NA,NA,NA,NA,NA,NA
1997,S,1997-04-17,JC,3,1,89,Y,DIME,NA,NA,0,NA,NA,NA,NA,NA,NA,NA
1997,S,1997-04-17,JC,3,1,91,Y,NEAL,NA,NA,0,NA,NA,NA,NA,NA,NA,NA
1997,S,1997-04-17,JC,3,1,92,N,ONAR,M,A,21,N,NA,NA,NA,NA,NA,NA
1997,S,1997-04-17,JC,3,1,100,Y,PELE,NA,NA,0,NA,NA,NA,NA,NA,NA,NA
1997,S,1997-04-17,JC,3,1,103,Y,DIME,NA,NA,0,NA,NA,NA,NA,NA,NA,NA
1997,S,1997-04-17,JC,3,1,105,Y,DIME,NA,NA,0,NA,NA,NA,NA,NA,NA,NA
1997,S,1997-04-17,JC,3,1,108,N,DIME,M,A,43,Y,S,NA,NA,NA,NA,NA
1997,S,1997-04-17,JC,3,1,112,Y,DIME,NA,NA,0,NA,NA,NA,NA,NA,NA,NA
1997,S,1997-04-17,JC,3,1,117,N,DIME,NA,J,34,N,NA,NA,NA,NA,NA,NA
1997,S,1997-04-17,JC,3,1,120,N,PELE,M,A,20,N,NA,NA,NA,NA,NA,NA
1997,S,1997-04-17,JC,3,1,123,Y,PELE,NA,NA,0,NA,NA,NA,NA,NA,NA,NA
1997,S,1997-04-17,JC,3,1,129,Y,DIME,NA,NA,0,NA,NA,NA,NA,NA,NA,NA
1997,S,1997-04-17,JC,3,1,131,Y,DIME,NA,NA,0,NA,NA,NA,NA,NA,NA,NA
1997,S,1997-04-17,JC,3,1,132,Y,PELE,NA,NA,0,NA,NA,NA,NA,NA,NA,NA
1997,S,1997-04-17,JC,3,1,133,N,PGFL,M,A,7,Y,S,NA,NA,NA,NA,NA
1997,S,1997-04-17,JC,3,1,144,Y,DIME,NA,NA,0,NA,NA,NA,NA,NA,NA,NA
1997,S,1997-04-17,JC,3,2,5,Y,NEAL,NA,NA,0,NA,NA,NA,NA,NA,NA,NA
1997,S,1997-04-17,JC,3,2,9,Y,DIME,NA,NA,0,NA,NA,NA,NA,NA,NA,NA
1997,S,1997-04-17,JC,3,2,11,N,ONAR,M,A,16,N,NA,NA,NA,NA,NA,NA
1997,S,1997-04-17,JC,3,2,12,Y,DIME,NA,NA,0,NA,NA,NA,NA,NA,NA,NA
1997,S,1997-04-17,JC,3,2,15,N,PELE,F,A,24,Y,P,NA,NA,NA,NA,NA
1997,S,1997-04-17,JC,3,2,16,Y,ONAR,NA,NA,0,NA,NA,NA,NA,NA,NA,NA
1997,S,1997-04-17,JC,3,2,18,N,PELE,F,A,20,N,NA,NA,NA,NA,NA,NA
1997,S,1997-04-17,JC,3,2,20,Y,DIME,NA,NA,0,NA,NA,NA,NA,NA,NA,NA
1997,S,1997-04-17,JC,3,2,23,N,DIME,M,A,49,Y,S,NA,NA,NA,NA,NA
1997,S,1997-04-17,JC,3,2,24,Y,ONAR,NA,NA,0,NA,NA,NA,NA,NA,NA,NA
1997,S,1997-04-17,JC,3,2,28,Y,DIME,NA,NA,0,NA,NA,NA,NA,NA,NA,NA
1997,S,1997-04-17,JC,3,2,30,N,CHPE,M,A,16,Y,S,NA,NA,NA,NA,NA
1997,S,1997-04-17,JC,3,2,32,Y,DIME,NA,NA,0,NA,NA,NA,NA,NA,NA,NA
1997,S,1997-04-17,JC,3,2,33,N,NEAL,M,A,190,N,NA,NA,NA,NA,NA,NA
1997,S,1997-04-17,JC,3,2,34,N,PELE,M,A,23,N,NA,NA,NA,NA,NA,NA
1997,S,1997-04-17,JC,3,2,35,N,NEAL,F,A,210,N,NA,NA,NA,NA,NA,NA
1997,S,1997-04-17,JC,3,2,36,Y,NEAL,NA,NA,0,NA,NA,NA,NA,NA,NA,NA
1997,S,1997-04-17,JC,3,2,39,Y,DIME,NA,NA,0,NA,NA,NA,NA,NA,NA,NA
1997,S,1997-04-17,JC,3,2,42,Y,DIME,NA,NA,0,NA,NA,NA,NA,NA,NA,NA
1997,S,1997-04-17,JC,3,2,47,Y,DIME,NA,NA,0,NA,NA,NA,NA,NA,NA,NA
1997,S,1997-04-17,JC,3,2,48,Y,DIME,NA,NA,0,NA,NA,NA,NA,NA,NA,NA
1997,S,1997-04-17,JC,3,2,58,Y,DIME,NA,NA,0,NA,NA,NA,NA,NA,NA,NA
1997,S,1997-04-17,JC,3,2,59,N,DIME,F,A,49,Y,L,NA,NA,NA,NA,NA
1997,S,1997-04-17,JC,3,2,60,Y,DIME,NA,NA,0,NA,NA,NA,NA,NA,NA,NA
1997,S,1997-04-17,JC,3,2,63,Y,DIME,NA,NA,0,NA,NA,NA,NA,NA,NA,NA
1997,S,1997-04-17,JC,3,2,67,N,ONAR,F,A,22,N,NA,NA,NA,NA,NA,NA
1997,S,1997-04-17,JC,3,2,68,Y,DIME,NA,NA,0,NA,NA,NA,NA,NA,NA,NA
1997,S,1997-04-17,JC,3,2,70,Y,DIME,NA,NA,0,NA,NA,NA,NA,NA,NA,NA
1997,S,1997-04-17,JC,3,2,71,N,NEAL,F,A,165,N,NA,NA,NA,NA,NA,NA
1997,S,1997-04-17,JC,3,2,72,Y,DIME,NA,NA,0,NA,NA,NA,NA,NA,NA,NA
1997,S,1997-04-17,JC,3,2,76,N,PELE,F,A,16,N,NA,NA,NA,NA,NA,NA
1997,S,1997-04-17,JC,3,2,79,Y,DIME,NA,NA,0,NA,NA,NA,NA,NA,NA,NA
1997,S,1997-04-17,JC,3,2,82,Y,NEAL,NA,NA,0,NA,NA,NA,NA,NA,NA,NA
1997,S,1997-04-17,JC,3,2,84,Y,DIME,NA,NA,0,NA,NA,NA,NA,NA,NA,NA
1997,S,1997-04-17,JC,3,2,91,N,PGFL,M,A,9,Y,S,NA,NA,NA,NA,NA
1997,S,1997-04-17,JC,3,2,93,N,DIME,M,A,45,Y,S,NA,NA,NA,NA,NA
1997,S,1997-04-17,JC,3,2,94,Y,DIME,NA,NA,0,NA,NA,NA,NA,NA,NA,NA
1997,S,1997-04-17,JC,3,2,95,Y,DIME,NA,NA,0,NA,NA,NA,NA,NA,NA,NA
1997,S,1997-04-17,JC,3,2,97,Y,PELE,NA,NA,0,NA,NA,NA,NA,NA,NA,NA
1997,S,1997-04-17,JC,3,2,100,N,PGFL,M,A,9,Y,S,NA,NA,NA,NA,NA
1997,S,1997-04-17,JC,3,2,102,Y,DIME,NA,NA,0,NA,NA,NA,NA,NA,NA,NA
1997,S,1997-04-17,JC,3,2,103,Y,DIME,NA,NA,0,NA,NA,NA,NA,NA,NA,NA
1997,S,1997-04-17,JC,3,2,106,Y,DIME,NA,NA,0,NA,NA,NA,NA,NA,NA,NA
1997,S,1997-04-17,JC,3,2,117,Y,DIME,NA,NA,0,NA,NA,NA,NA,NA,NA,NA
1997,S,1997-04-17,JC,3,2,118,Y,DIME,NA,NA,0,NA,NA,NA,NA,NA,NA,NA
1997,S,1997-04-17,JC,3,2,120,N,DIOR,F,A,35,Y,V,NA,NA,NA,NA,NA
1997,S,1997-04-17,JC,3,2,132,N,ONAR,F,A,18,N,NA,NA,NA,NA,NA,NA
1997,S,1997-04-17,JC,3,2,135,Y,NEAL,NA,NA,0,NA,NA,NA,NA,NA,NA,NA
1997,S,1997-04-17,JC,3,2,141,Y,DIME,NA,NA,0,NA,NA,NA,NA,NA,NA,NA
1997,S,1997-04-17,JC,3,2,144,Y,DIME,NA,NA,0,NA,NA,NA,NA,NA,NA,NA
1997,S,1997-04-17,JC,3,3,4,N,DIME,NA,J,25,N,NA,NA,NA,NA,NA,NA
1997,S,1997-04-17,JC,3,3,8,Y,PELE,NA,NA,0,NA,NA,NA,NA,NA,NA,NA
1997,S,1997-04-17,JC,3,3,9,Y,NEAL,NA,NA,0,NA,NA,NA,NA,NA,NA,NA
1997,S,1997-04-17,JC,3,3,12,Y,DIME,NA,NA,0,NA,NA,NA,NA,NA,NA,NA
1997,S,1997-04-17,JC,3,3,13,Y,CHPE,NA,NA,0,NA,NA,NA,NA,NA,NA,NA
1997,S,1997-04-17,JC,3,3,20,Y,DIME,NA,NA,0,NA,NA,NA,NA,NA,NA,NA
1997,S,1997-04-17,JC,3,3,21,Y,ONAR,NA,NA,0,NA,NA,NA,NA,NA,NA,NA
1997,S,1997-04-17,JC,3,3,22,Y,DIME,NA,NA,0,NA,NA,NA,NA,NA,NA,NA
1997,S,1997-04-17,JC,3,3,24,Y,NEAL,NA,NA,0,NA,NA,NA,NA,NA,NA,NA
1997,S,1997-04-17,JC,3,3,30,Y,DIME,NA,NA,0,NA,NA,NA,NA,NA,NA,NA
1997,S,1997-04-17,JC,3,3,33,Y,DIME,NA,NA,0,NA,NA,NA,NA,NA,NA,NA
1997,S,1997-04-17,JC,3,3,34,Y,DIME,NA,NA,0,NA,NA,NA,NA,NA,NA,NA
1997,S,1997-04-17,JC,3,3,36,N,DIME,M,A,41,Y,S,NA,NA,NA,NA,NA
1997,S,1997-04-17,JC,3,3,41,Y,DIME,NA,NA,0,NA,NA,NA,NA,NA,NA,NA
1997,S,1997-04-17,JC,3,3,44,Y,DIME,NA,NA,0,NA,NA,NA,NA,NA,NA,NA
1997,S,1997-04-17,JC,3,3,47,Y,DIME,NA,NA,0,NA,NA,NA,NA,NA,NA,NA
1997,S,1997-04-17,JC,3,3,48,N,NEAL,M,A,195,Y,S,NA,NA,NA,NA,NA
1997,S,1997-04-17,JC,3,3,54,N,PELE,F,A,21,Y,P,NA,NA,NA,NA,NA
1997,S,1997-04-17,JC,3,3,56,N,NEAL,M,A,210,Y,S,NA,NA,NA,NA,NA
1997,S,1997-04-17,JC,3,3,60,Y,DIME,NA,NA,0,NA,NA,NA,NA,NA,NA,NA
1997,S,1997-04-17,JC,3,3,67,N,DIME,M,A,49,Y,S,NA,NA,NA,NA,NA
1997,S,1997-04-17,JC,3,3,72,N,DIME,F,A,42,Y,L,NA,NA,NA,NA,NA
1997,S,1997-04-17,JC,3,3,74,N,CHPE,M,A,16,Y,S,NA,NA,NA,NA,NA
1997,S,1997-04-17,JC,3,3,76,Y,PELE,NA,NA,0,NA,NA,NA,NA,NA,NA,NA
1997,S,1997-04-17,JC,3,3,87,Y,PELE,NA,NA,0,NA,NA,NA,NA,NA,NA,NA
1997,S,1997-04-17,JC,3,3,90,Y,DIME,NA,NA,0,NA,NA,NA,NA,NA,NA,NA
1997,S,1997-04-17,JC,3,3,92,N,DIME,F,A,45,Y,L,NA,NA,NA,NA,NA
1997,S,1997-04-17,JC,3,3,96,Y,DIME,NA,NA,0,NA,NA,NA,NA,NA,NA,NA
1997,S,1997-04-17,JC,3,3,100,Y,DIME,NA,NA,0,NA,NA,NA,NA,NA,NA,NA
1997,S,1997-04-17,JC,3,3,102,Y,DIME,NA,NA,0,NA,NA,NA,NA,NA,NA,NA
1997,S,1997-04-17,JC,3,3,103,Y,PELE,NA,NA,0,NA,NA,NA,NA,NA,NA,NA
1997,S,1997-04-17,JC,3,3,104,Y,ONAR,NA,NA,0,NA,NA,NA,NA,NA,NA,NA
1997,S,1997-04-17,JC,3,3,105,N,PGFL,M,A,7,Y,S,NA,NA,NA,NA,NA
1997,S,1997-04-17,JC,3,3,106,Y,DIME,NA,NA,0,NA,NA,NA,NA,NA,NA,NA
1997,S,1997-04-17,JC,3,3,108,Y,DIME,NA,NA,0,NA,NA,NA,NA,NA,NA,NA
1997,S,1997-04-17,JC,3,3,115,Y,DIME,NA,NA,0,NA,NA,NA,NA,NA,NA,NA
1997,S,1997-04-17,JC,3,3,119,Y,PELE,NA,NA,0,NA,NA,NA,NA,NA,NA,NA
1997,S,1997-04-17,JC,3,3,120,N,REME,F,A,14,Y,P,NA,NA,NA,NA,NA
1997,S,1997-04-17,JC,3,3,127,Y,NEAL,NA,NA,0,NA,NA,NA,NA,NA,NA,NA
1997,S,1997-04-17,JC,3,3,127,Y,ONAR,NA,NA,0,NA,NA,NA,NA,NA,NA,NA
1997,S,1997-04-17,JC,3,3,130,Y,CHPE,NA,NA,0,NA,NA,NA,NA,NA,NA,NA
1997,S,1997-04-17,JC,3,3,131,Y,DIME,NA,NA,0,NA,NA,NA,NA,NA,NA,NA
1997,S,1997-04-17,JC,3,3,139,Y,ONAR,NA,NA,0,NA,NA,NA,NA,NA,NA,NA
1997,S,1997-04-17,JC,3,3,140,Y,DIME,NA,NA,0,NA,NA,NA,NA,NA,NA,NA
1997,S,1997-04-17,JC,3,3,143,N,NEAL,F,A,192,N,NA,NA,NA,NA,NA,NA
1997,S,1997-04-17,JC,3,3,144,Y,DIME,NA,NA,0,NA,NA,NA,NA,NA,NA,NA
1998,S,1998-04-18,JC,1,1,4,N,DIME,M,A,39,N,NA,NA,NA,NA,NA,NA
1998,S,1998-04-18,JC,1,1,10,N,DIME,F,A,38,N,NA,NA,NA,NA,NA,NA
1998,S,1998-04-18,JC,1,1,11,N,DIME,M,A,39,N,NA,NA,NA,NA,NA,NA
1998,S,1998-04-18,JC,1,1,12,N,DIME,F,A,34,N,NA,NA,NA,NA,NA,NA
1998,S,1998-04-18,JC,1,1,21,N,DIME,M,A,45,N,NA,NA,NA,NA,NA,NA
1998,S,1998-04-18,JC,1,1,36,N,DIME,F,A,39,N,NA,NA,NA,NA,NA,NA
1998,S,1998-04-18,JC,1,1,46,N,DIME,M,A,46,Y,S,NA,NA,NA,NA,NA
1998,S,1998-04-18,JC,1,1,56,N,DIME,M,A,40,N,NA,NA,NA,NA,NA,NA
1998,S,1998-04-18,JC,1,1,60,N,DIME,F,A,36,N,NA,NA,NA,NA,NA,NA
1998,S,1998-04-18,JC,1,1,72,N,DIME,F,A,35,N,NA,NA,NA,NA,NA,NA
1998,S,1998-04-18,JC,1,1,76,N,DIME,F,A,37,N,NA,NA,NA,NA,NA,NA
1998,S,1998-04-18,JC,1,1,84,N,DIME,M,A,41,N,NA,NA,NA,NA,NA,NA
1998,S,1998-04-18,JC,1,1,93,N,DIME,F,A,36,N,NA,NA,NA,NA,NA,NA
1998,S,1998-04-18,JC,1,1,96,N,DIME,F,A,38,N,NA,NA,NA,NA,NA,NA
1998,S,1998-04-18,JC,1,1,100,N,CHPE,M,A,14,N,NA,NA,NA,NA,NA,NA
1998,S,1998-04-18,JC,1,1,110,N,ONAR,F,A,21,N,NA,NA,NA,NA,NA,NA
1998,S,1998-04-18,JC,1,1,115,N,DIME,M,A,36,N,NA,NA,NA,NA,NA,NA
1998,S,1998-04-18,JC,1,1,116,N,NEAL,F,A,162,N,NA,NA,NA,NA,NA,NA
1998,S,1998-04-18,JC,1,1,117,N,DIME,M,A,42,N,NA,NA,NA,NA,NA,NA
1998,S,1998-04-18,JC,1,1,120,N,DIME,M,A,31,N,NA,NA,NA,NA,NA,NA
1998,S,1998-04-18,JC,1,1,127,N,DIME,F,A,37,N,NA,NA,NA,NA,NA,NA
1998,S,1998-04-18,JC,1,1,128,N,DIME,M,A,41,N,NA,NA,NA,NA,NA,NA
1998,S,1998-04-18,JC,1,1,131,N,DIME,F,A,37,N,NA,NA,NA,NA,NA,NA
1998,S,1998-04-18,JC,1,1,132,N,NEAL,M,A,228,N,NA,NA,NA,NA,NA,NA
1998,S,1998-04-18,JC,1,1,143,N,DIME,M,A,38,N,NA,NA,NA,NA,NA,NA
1998,S,1998-04-18,JC,1,2,3,N,NEAL,M,A,210,N,NA,NA,NA,NA,NA,NA
1998,S,1998-04-18,JC,1,2,5,N,NEAL,F,A,194,N,NA,NA,NA,NA,NA,NA
1998,S,1998-04-18,JC,1,2,7,N,DIME,M,A,35,N,NA,NA,NA,NA,NA,NA
1998,S,1998-04-18,JC,1,2,19,N,DIME,F,A,39,N,NA,NA,NA,NA,NA,NA
1998,S,1998-04-18,JC,1,2,20,N,DIME,F,A,36,N,NA,NA,NA,NA,NA,NA
1998,S,1998-04-18,JC,1,2,21,N,DIME,M,A,42,N,NA,NA,NA,NA,NA,NA
1998,S,1998-04-18,JC,1,2,35,N,DIME,F,A,35,N,NA,NA,NA,NA,NA,NA
1998,S,1998-04-18,JC,1,2,36,N,DIME,M,A,44,N,NA,NA,NA,NA,NA,NA
1998,S,1998-04-18,JC,1,2,45,N,DIME,NA,J,32,N,NA,NA,NA,NA,NA,NA
1998,S,1998-04-18,JC,1,2,46,N,DIME,M,A,42,N,NA,NA,NA,NA,NA,NA
1998,S,1998-04-18,JC,1,2,47,N,DIME,F,A,38,N,NA,NA,NA,NA,NA,NA
1998,S,1998-04-18,JC,1,2,48,N,DIME,F,A,40,N,NA,NA,NA,NA,NA,NA
1998,S,1998-04-18,JC,1,2,54,N,ONAR,M,A,20,N,NA,NA,NA,NA,NA,NA
1998,S,1998-04-18,JC,1,2,55,N,PELE,F,A,21,N,NA,NA,NA,NA,NA,NA
1998,S,1998-04-18,JC,1,2,58,N,DIME,M,A,41,N,NA,NA,NA,NA,NA,NA
1998,S,1998-04-18,JC,1,2,59,N,DIME,F,A,41,N,NA,NA,NA,NA,NA,NA
1998,S,1998-04-18,JC,1,2,60,N,DIME,M,A,42,N,NA,NA,NA,NA,NA,NA
1998,S,1998-04-18,JC,1,2,63,N,CHPE,M,A,15,N,NA,NA,NA,NA,NA,NA
1998,S,1998-04-18,JC,1,2,67,N,DIME,M,A,41,N,NA,NA,NA,NA,NA,NA
1998,S,1998-04-18,JC,1,2,79,N,ONAR,M,A,22,N,NA,NA,NA,NA,NA,NA
1998,S,1998-04-18,JC,1,2,83,N,DIME,F,A,36,N,NA,NA,NA,NA,NA,NA
1998,S,1998-04-18,JC,1,2,84,N,DIME,M,A,39,N,NA,NA,NA,NA,NA,NA
1998,S,1998-04-18,JC,1,2,88,N,DIME,M,A,42,N,NA,NA,NA,NA,NA,NA
1998,S,1998-04-18,JC,1,2,95,N,DIME,M,A,49,N,NA,NA,NA,NA,NA,NA
1998,S,1998-04-18,JC,1,2,96,N,DIME,F,A,40,N,NA,NA,NA,NA,NA,NA
1998,S,1998-04-18,JC,1,2,102,N,DIME,M,A,39,N,NA,NA,NA,NA,NA,NA
1998,S,1998-04-18,JC,1,2,103,N,DIME,M,A,47,N,NA,NA,NA,NA,NA,NA
1998,S,1998-04-18,JC,1,2,113,N,PELE,NA,J,8,N,NA,NA,NA,NA,NA,NA
1998,S,1998-04-18,JC,1,2,114,N,DIME,F,A,38,N,NA,NA,NA,NA,NA,NA
1998,S,1998-04-18,JC,1,2,115,N,ONAR,M,A,18,N,NA,NA,NA,NA,NA,NA
1998,S,1998-04-18,JC,1,2,117,N,SPSP,M,A,110,N,NA,NA,NA,NA,NA,NA
1998,S,1998-04-18,JC,1,2,118,N,DIME,M,A,44,N,NA,NA,NA,NA,NA,NA
1998,S,1998-04-18,JC,1,2,119,N,DIME,M,A,41,Y,S,NA,NA,NA,NA,NA
1998,S,1998-04-18,JC,1,2,120,N,DIME,F,A,34,N,NA,NA,NA,NA,NA,NA
1998,S,1998-04-18,JC,1,2,141,N,DIME,F,A,39,N,NA,NA,NA,NA,NA,NA
1998,S,1998-04-18,JC,1,2,143,N,DIME,M,A,43,Y,S,NA,NA,NA,NA,NA
1998,S,1998-04-18,JC,1,3,5,N,DIME,F,A,37,N,NA,NA,NA,NA,NA,NA
1998,S,1998-04-18,JC,1,3,6,N,DIME,M,A,44,Y,S,NA,NA,NA,NA,NA
1998,S,1998-04-18,JC,1,3,7,N,DIME,F,A,36,N,NA,NA,NA,NA,NA,NA
1998,S,1998-04-18,JC,1,3,8,N,NEAL,F,A,140,N,NA,NA,NA,NA,NA,NA
1998,S,1998-04-18,JC,1,3,9,N,ONAR,F,A,17,N,NA,NA,NA,NA,NA,NA
1998,S,1998-04-18,JC,1,3,10,N,DIME,M,A,39,N,NA,NA,NA,NA,NA,NA
1998,S,1998-04-18,JC,1,3,11,N,DIME,F,A,39,N,NA,NA,NA,NA,NA,NA
1998,S,1998-04-18,JC,1,3,12,N,DIME,M,A,48,Y,S,NA,NA,NA,NA,NA
1998,S,1998-04-18,JC,1,3,22,N,DIME,M,A,46,Y,S,NA,NA,NA,NA,NA
1998,S,1998-04-18,JC,1,3,44,N,DIME,M,A,36,N,NA,NA,NA,NA,NA,NA
1998,S,1998-04-18,JC,1,3,48,N,CHPE,M,A,14,N,NA,NA,NA,NA,NA,NA
1998,S,1998-04-18,JC,1,3,48,N,DIME,M,A,41,Y,S,NA,NA,NA,NA,NA
1998,S,1998-04-18,JC,1,3,54,N,DIME,F,A,40,N,NA,NA,NA,NA,NA,NA
1998,S,1998-04-18,JC,1,3,55,N,DIME,F,A,37,N,NA,NA,NA,NA,NA,NA
1998,S,1998-04-18,JC,1,3,57,N,DIME,F,A,42,N,NA,NA,NA,NA,NA,NA
1998,S,1998-04-18,JC,1,3,58,N,DIME,F,A,38,N,NA,NA,NA,NA,NA,NA
1998,S,1998-04-18,JC,1,3,59,N,ONAR,F,A,15,N,NA,NA,NA,NA,NA,NA
1998,S,1998-04-18,JC,1,3,60,N,PELE,F,A,21,N,NA,NA,NA,NA,NA,NA
1998,S,1998-04-18,JC,1,3,72,N,DIME,F,A,39,N,NA,NA,NA,NA,NA,NA
1998,S,1998-04-18,JC,1,3,78,N,DIME,M,A,45,N,NA,NA,NA,NA,NA,NA
1998,S,1998-04-18,JC,1,3,82,N,DIME,F,A,40,N,NA,NA,NA,NA,NA,NA
1998,S,1998-04-18,JC,1,3,90,N,DIME,M,A,43,N,NA,NA,NA,NA,NA,NA
1998,S,1998-04-18,JC,1,3,92,N,DIME,M,A,45,N,NA,NA,NA,NA,NA,NA
1998,S,1998-04-18,JC,1,3,95,N,DIME,M,A,45,Y,S,NA,NA,NA,NA,NA
1998,S,1998-04-18,JC,1,3,96,N,DIME,M,A,46,N,NA,NA,NA,NA,NA,NA
1998,S,1998-04-18,JC,1,3,106,N,DIME,M,A,46,N,NA,NA,NA,NA,NA,NA
1998,S,1998-04-18,JC,1,3,107,N,DIME,F,A,44,N,NA,NA,NA,NA,NA,NA
1998,S,1998-04-18,JC,1,3,108,N,SIHI,NA,NA,0,NA,NA,Y,U,NA,NA,NA
1998,S,1998-04-18,JC,1,3,118,N,DIME,F,A,42,N,NA,NA,NA,NA,NA,NA
1998,S,1998-04-18,JC,1,3,120,N,DIME,M,A,42,N,NA,NA,NA,NA,NA,NA
1998,S,1998-04-18,JC,1,3,121,N,NEAL,F,A,0,N,NA,Y,M,NA,NA,NA
1998,S,1998-04-18,JC,1,3,127,N,DIME,M,A,35,N,NA,NA,NA,NA,NA,NA
1998,S,1998-04-18,JC,1,3,129,N,DIME,F,A,38,N,NA,NA,NA,NA,NA,NA
1998,S,1998-04-18,JC,1,3,139,N,DIME,M,A,34,N,NA,NA,NA,NA,NA,NA
1998,S,1998-04-19,JC,2,1,4,Y,DIME,NA,NA,0,NA,NA,NA,NA,NA,NA,NA
1998,S,1998-04-19,JC,2,1,10,Y,DIME,NA,NA,0,NA,NA,NA,NA,NA,NA,NA
1998,S,1998-04-19,JC,2,1,11,N,ONAR,F,A,19,N,NA,NA,NA,NA,NA,NA
1998,S,1998-04-19,JC,2,1,12,Y,DIME,NA,NA,0,NA,NA,NA,NA,NA,NA,NA
1998,S,1998-04-19,JC,2,1,23,N,DIME,F,A,37,N,NA,NA,NA,NA,NA,NA
1998,S,1998-04-19,JC,2,1,24,Y,DIME,NA,NA,0,NA,NA,NA,NA,NA,NA,NA
1998,S,1998-04-19,JC,2,1,31,N,PELE,F,A,0,Y,P,Y,M,NA,NA,NA
1998,S,1998-04-19,JC,2,1,33,N,NEAL,M,A,245,N,NA,NA,NA,NA,NA,NA
1998,S,1998-04-19,JC,2,1,36,Y,DIME,NA,NA,0,NA,NA,NA,NA,NA,NA,NA
1998,S,1998-04-19,JC,2,1,38,N,ONAR,M,A,18,N,NA,NA,NA,NA,NA,NA
1998,S,1998-04-19,JC,2,1,41,N,DIME,M,A,52,N,NA,NA,NA,NA,NA,NA
1998,S,1998-04-19,JC,2,1,42,N,SPSP,M,A,98,N,NA,NA,NA,NA,NA,NA
1998,S,1998-04-19,JC,2,1,46,Y,DIME,NA,NA,0,NA,NA,NA,NA,NA,NA,NA
1998,S,1998-04-19,JC,2,1,48,N,DIME,F,A,40,N,NA,NA,NA,NA,NA,NA
1998,S,1998-04-19,JC,2,1,50,N,PELE,F,A,24,Y,P,NA,NA,NA,NA,NA
1998,S,1998-04-19,JC,2,1,55,Y,DIME,NA,NA,0,NA,NA,NA,NA,NA,NA,NA
1998,S,1998-04-19,JC,2,1,58,N,DIME,M,A,34,N,NA,NA,NA,NA,NA,NA
1998,S,1998-04-19,JC,2,1,59,N,DIME,M,A,43,N,NA,NA,NA,NA,NA,NA
1998,S,1998-04-19,JC,2,1,60,Y,DIME,NA,NA,0,NA,NA,NA,NA,NA,NA,NA
1998,S,1998-04-19,JC,2,1,72,N,REME,NA,J,11,N,NA,NA,NA,NA,NA,NA
1998,S,1998-04-19,JC,2,1,76,Y,DIME,NA,NA,0,NA,NA,NA,NA,NA,NA,NA
1998,S,1998-04-19,JC,2,1,82,N,DIME,M,A,42,N,NA,NA,NA,NA,NA,NA
1998,S,1998-04-19,JC,2,1,83,N,DIME,M,A,41,N,NA,NA,NA,NA,NA,NA
1998,S,1998-04-19,JC,2,1,84,Y,DIME,NA,NA,0,NA,NA,NA,NA,NA,NA,NA
1998,S,1998-04-19,JC,2,1,92,Y,CHPE,NA,NA,0,NA,NA,NA,NA,NA,NA,NA
1998,S,1998-04-19,JC,2,1,93,Y,DIME,NA,NA,0,NA,NA,NA,NA,NA,NA,NA
1998,S,1998-04-19,JC,2,1,96,Y,DIME,NA,NA,0,NA,NA,NA,NA,NA,NA,NA
1998,S,1998-04-19,JC,2,1,103,N,REME,M,A,10,N,NA,NA,NA,NA,NA,NA
1998,S,1998-04-19,JC,2,1,106,N,ONAR,M,A,18,N,NA,NA,NA,NA,NA,NA
1998,S,1998-04-19,JC,2,1,107,N,DIME,M,A,32,N,NA,NA,NA,NA,NA,NA
1998,S,1998-04-19,JC,2,1,110,NA,ONAR,NA,NA,0,NA,NA,Y,U,NA,NA,NA
1998,S,1998-04-19,JC,2,1,114,Y,NEAL,NA,NA,0,NA,NA,NA,NA,NA,NA,NA
1998,S,1998-04-19,JC,2,1,115,Y,DIME,NA,NA,0,NA,NA,NA,NA,NA,NA,NA
1998,S,1998-04-19,JC,2,1,117,Y,DIME,NA,NA,0,NA,NA,NA,NA,NA,NA,NA
1998,S,1998-04-19,JC,2,1,120,Y,DIME,NA,NA,0,NA,NA,NA,NA,NA,NA,NA
1998,S,1998-04-19,JC,2,1,127,Y,DIME,NA,NA,0,NA,NA,NA,NA,NA,NA,NA
1998,S,1998-04-19,JC,2,1,140,Y,DIME,NA,NA,0,NA,NA,NA,NA,NA,NA,NA
1998,S,1998-04-19,JC,2,1,142,Y,DIME,NA,NA,0,NA,NA,NA,NA,NA,NA,NA
1998,S,1998-04-19,JC,2,1,143,Y,DIME,NA,NA,0,NA,NA,NA,NA,NA,NA,NA
1998,S,1998-04-19,JC,2,2,7,Y,DIME,NA,NA,0,NA,NA,NA,NA,NA,NA,NA
1998,S,1998-04-19,JC,2,2,11,N,DIME,F,A,38,N,NA,NA,NA,NA,NA,NA
1998,S,1998-04-19,JC,2,2,12,Y,DIME,NA,NA,0,NA,NA,NA,NA,NA,NA,NA
1998,S,1998-04-19,JC,2,2,19,Y,DIME,NA,NA,0,NA,NA,NA,NA,NA,NA,NA
1998,S,1998-04-19,JC,2,2,20,N,DIME,M,A,43,N,NA,NA,NA,NA,NA,NA
1998,S,1998-04-19,JC,2,2,21,Y,DIME,NA,NA,0,NA,NA,NA,NA,NA,NA,NA
1998,S,1998-04-19,JC,2,2,33,Y,DIME,NA,NA,0,NA,NA,NA,NA,NA,NA,NA
1998,S,1998-04-19,JC,2,2,35,Y,DIME,NA,NA,0,NA,NA,NA,NA,NA,NA,NA
1998,S,1998-04-19,JC,2,2,36,N,DIME,M,A,42,N,NA,NA,NA,NA,NA,NA
1998,S,1998-04-19,JC,2,2,46,Y,DIME,NA,NA,0,NA,NA,NA,NA,NA,NA,NA
1998,S,1998-04-19,JC,2,2,47,Y,DIME,NA,NA,0,NA,NA,NA,NA,NA,NA,NA
1998,S,1998-04-19,JC,2,2,48,Y,DIME,NA,NA,0,NA,NA,NA,NA,NA,NA,NA
1998,S,1998-04-19,JC,2,2,55,Y,PELE,NA,NA,0,NA,NA,NA,NA,NA,NA,NA
1998,S,1998-04-19,JC,2,2,58,Y,DIME,NA,NA,0,NA,NA,NA,NA,NA,NA,NA
1998,S,1998-04-19,JC,2,2,60,Y,DIME,NA,NA,0,NA,NA,NA,NA,NA,NA,NA
1998,S,1998-04-19,JC,2,2,67,Y,CHPE,NA,NA,0,NA,NA,NA,NA,NA,NA,NA
1998,S,1998-04-19,JC,2,2,70,Y,DIME,NA,NA,0,NA,NA,NA,NA,NA,NA,NA
1998,S,1998-04-19,JC,2,2,72,Y,DIME,NA,NA,0,NA,NA,NA,NA,NA,NA,NA
1998,S,1998-04-19,JC,2,2,79,Y,SPSP,NA,NA,0,NA,NA,NA,NA,NA,NA,NA
1998,S,1998-04-19,JC,2,2,81,N,NEAL,F,A,220,N,NA,NA,NA,NA,NA,NA
1998,S,1998-04-19,JC,2,2,82,Y,ONAR,NA,NA,0,NA,NA,NA,NA,NA,NA,NA
1998,S,1998-04-19,JC,2,2,94,N,NEAL,NA,J,78,N,NA,NA,NA,NA,NA,NA
1998,S,1998-04-19,JC,2,2,95,N,DIME,M,A,45,Y,S,NA,NA,NA,NA,NA
1998,S,1998-04-19,JC,2,2,96,Y,DIME,NA,NA,0,NA,NA,NA,NA,NA,NA,NA
1998,S,1998-04-19,JC,2,2,102,Y,DIME,NA,NA,0,NA,NA,NA,NA,NA,NA,NA
1998,S,1998-04-19,JC,2,2,105,N,DIME,M,A,44,N,NA,NA,NA,NA,NA,NA
1998,S,1998-04-19,JC,2,2,106,N,DIME,NA,NA,0,NA,NA,Y,U,NA,NA,NA
1998,S,1998-04-19,JC,2,2,110,Y,ONAR,NA,NA,0,NA,NA,NA,NA,NA,NA,NA
1998,S,1998-04-19,JC,2,2,113,Y,DIME,NA,NA,0,NA,NA,NA,NA,NA,NA,NA
1998,S,1998-04-19,JC,2,2,115,N,ONAR,F,A,22,N,NA,NA,NA,NA,NA,NA
1998,S,1998-04-19,JC,2,2,116,Y,DIME,NA,NA,0,NA,NA,NA,NA,NA,NA,NA
1998,S,1998-04-19,JC,2,2,118,N,NEAL,F,A,160,N,NA,NA,NA,NA,NA,NA
1998,S,1998-04-19,JC,2,2,119,N,DIME,F,A,50,N,NA,NA,NA,NA,NA,NA
1998,S,1998-04-19,JC,2,2,122,Y,DIME,NA,NA,0,NA,NA,NA,NA,NA,NA,NA
1998,S,1998-04-19,JC,2,2,129,Y,DIME,NA,NA,0,NA,NA,NA,NA,NA,NA,NA
1998,S,1998-04-19,JC,2,2,132,N,DIME,F,A,34,N,NA,NA,NA,NA,NA,NA
1998,S,1998-04-19,JC,2,2,134,Y,NEAL,NA,NA,0,NA,NA,NA,NA,NA,NA,NA
1998,S,1998-04-19,JC,2,2,141,N,DIME,F,A,39,N,NA,NA,NA,NA,NA,NA
1998,S,1998-04-19,JC,2,2,143,Y,DIME,NA,NA,0,NA,NA,NA,NA,NA,NA,NA
1998,S,1998-04-19,JC,2,2,144,Y,DIME,NA,NA,0,NA,NA,NA,NA,NA,NA,NA
1998,S,1998-04-19,JC,2,3,6,Y,DIME,NA,NA,0,NA,NA,NA,NA,NA,NA,NA
1998,S,1998-04-19,JC,2,3,7,N,DIME,F,A,36,N,NA,NA,NA,NA,NA,NA
1998,S,1998-04-19,JC,2,3,8,N,DIME,F,A,40,N,NA,NA,NA,NA,NA,NA
1998,S,1998-04-19,JC,2,3,9,Y,NEAL,NA,NA,0,NA,NA,NA,NA,NA,NA,NA
1998,S,1998-04-19,JC,2,3,10,Y,DIME,NA,NA,0,NA,NA,NA,NA,NA,NA,NA
1998,S,1998-04-19,JC,2,3,11,Y,DIME,NA,NA,0,NA,NA,NA,NA,NA,NA,NA
1998,S,1998-04-19,JC,2,3,18,Y,DIME,NA,NA,0,NA,NA,NA,NA,NA,NA,NA
1998,S,1998-04-19,JC,2,3,20,N,DIME,F,A,36,N,NA,NA,NA,NA,NA,NA
1998,S,1998-04-19,JC,2,3,22,N,PELE,NA,J,10,N,NA,NA,NA,NA,NA,NA
1998,S,1998-04-19,JC,2,3,24,Y,DIME,NA,NA,0,NA,NA,NA,NA,NA,NA,NA
1998,S,1998-04-19,JC,2,3,30,Y,DIME,NA,NA,0,NA,NA,NA,NA,NA,NA,NA
1998,S,1998-04-19,JC,2,3,33,N,DIME,M,A,41,Y,S,NA,NA,NA,NA,NA
1998,S,1998-04-19,JC,2,3,34,N,DIME,F,A,38,N,NA,NA,NA,NA,NA,NA
1998,S,1998-04-19,JC,2,3,39,Y,ONAR,NA,NA,0,NA,NA,NA,NA,NA,NA,NA
1998,S,1998-04-19,JC,2,3,41,Y,DIME,NA,NA,0,NA,NA,NA,NA,NA,NA,NA
1998,S,1998-04-19,JC,2,3,42,N,DIME,NA,NA,0,NA,NA,Y,U,NA,NA,NA
1998,S,1998-04-19,JC,2,3,47,Y,DIME,NA,NA,0,NA,NA,NA,NA,NA,NA,NA
1998,S,1998-04-19,JC,2,3,48,N,DIME,F,A,42,N,NA,NA,NA,NA,NA,NA
1998,S,1998-04-19,JC,2,3,54,N,CHPE,F,A,13,N,NA,NA,NA,NA,NA,NA
1998,S,1998-04-19,JC,2,3,55,Y,DIME,NA,NA,0,NA,NA,NA,NA,NA,NA,NA
1998,S,1998-04-19,JC,2,3,58,Y,DIME,NA,NA,0,NA,NA,NA,NA,NA,NA,NA
1998,S,1998-04-19,JC,2,3,59,N,ONAR,F,A,18,N,NA,NA,NA,NA,NA,NA
1998,S,1998-04-19,JC,2,3,60,Y,DIME,NA,NA,0,NA,NA,NA,NA,NA,NA,NA
1998,S,1998-04-19,JC,2,3,64,N,DIME,F,A,39,N,NA,NA,NA,NA,NA,NA
1998,S,1998-04-19,JC,2,3,65,Y,DIME,NA,NA,0,NA,NA,NA,NA,NA,NA,NA
1998,S,1998-04-19,JC,2,3,67,Y,PELE,NA,NA,0,NA,NA,NA,NA,NA,NA,NA
1998,S,1998-04-19,JC,2,3,70,N,DIME,M,A,37,N,NA,NA,NA,NA,NA,NA
1998,S,1998-04-19,JC,2,3,72,Y,DIME,NA,NA,0,NA,NA,NA,NA,NA,NA,NA
1998,S,1998-04-19,JC,2,3,75,N,DIME,M,A,48,Y,S,NA,NA,NA,NA,NA
1998,S,1998-04-19,JC,2,3,76,Y,ONAR,NA,NA,0,NA,NA,NA,NA,NA,NA,NA
1998,S,1998-04-19,JC,2,3,78,Y,DIME,NA,NA,0,NA,NA,NA,NA,NA,NA,NA
1998,S,1998-04-19,JC,2,3,82,N,SIHI,M,A,68,N,NA,NA,NA,NA,NA,NA
1998,S,1998-04-19,JC,2,3,92,Y,DIME,NA,NA,0,NA,NA,NA,NA,NA,NA,NA
1998,S,1998-04-19,JC,2,3,93,N,DIME,M,A,48,N,NA,NA,NA,NA,NA,NA
1998,S,1998-04-19,JC,2,3,95,N,DIME,F,A,38,N,NA,NA,NA,NA,NA,NA
1998,S,1998-04-19,JC,2,3,100,Y,DIME,NA,NA,0,NA,NA,NA,NA,NA,NA,NA
1998,S,1998-04-19,JC,2,3,105,N,SIHI,F,A,91,N,NA,NA,NA,NA,NA,NA
1998,S,1998-04-19,JC,2,3,106,Y,SIHI,NA,NA,0,NA,NA,NA,NA,NA,NA,NA
1998,S,1998-04-19,JC,2,3,107,Y,DIME,NA,NA,0,NA,NA,NA,NA,NA,NA,NA
1998,S,1998-04-19,JC,2,3,108,N,NEAL,F,A,277,N,NA,NA,NA,NA,NA,NA
1998,S,1998-04-19,JC,2,3,113,N,PELE,NA,J,9,N,NA,NA,NA,NA,NA,NA
1998,S,1998-04-19,JC,2,3,118,Y,DIME,NA,NA,0,NA,NA,NA,NA,NA,NA,NA
1998,S,1998-04-19,JC,2,3,120,Y,DIME,NA,NA,0,NA,NA,NA,NA,NA,NA,NA
1998,S,1998-04-20,JC,3,1,3,N,CHPE,F,A,17,N,NA,NA,NA,NA,NA,NA
1998,S,1998-04-20,JC,3,1,7,Y,ONAR,NA,NA,0,NA,NA,NA,NA,NA,NA,NA
1998,S,1998-04-20,JC,3,1,10,N,DIME,M,A,38,N,NA,NA,NA,NA,NA,NA
1998,S,1998-04-20,JC,3,1,11,Y,DIME,NA,NA,0,NA,NA,NA,NA,NA,NA,NA
1998,S,1998-04-20,JC,3,1,12,Y,DIME,NA,NA,0,NA,NA,NA,NA,NA,NA,NA
1998,S,1998-04-20,JC,3,1,15,Y,DIME,NA,NA,0,NA,NA,NA,NA,NA,NA,NA
1998,S,1998-04-20,JC,3,1,17,N,DIME,M,A,42,N,NA,NA,NA,NA,NA,NA
1998,S,1998-04-20,JC,3,1,21,Y,DIME,NA,NA,0,NA,NA,NA,NA,NA,NA,NA
1998,S,1998-04-20,JC,3,1,23,N,DIME,M,A,44,N,NA,NA,NA,NA,NA,NA
1998,S,1998-04-20,JC,3,1,24,Y,DIME,NA,NA,0,NA,NA,NA,NA,NA,NA,NA
1998,S,1998-04-20,JC,3,1,33,Y,DIME,NA,NA,0,NA,NA,NA,NA,NA,NA,NA
1998,S,1998-04-20,JC,3,1,35,Y,DIME,NA,NA,0,NA,NA,NA,NA,NA,NA,NA
1998,S,1998-04-20,JC,3,1,36,N,DIME,M,A,42,N,NA,NA,NA,NA,NA,NA
1998,S,1998-04-20,JC,3,1,46,Y,DIME,NA,NA,0,NA,NA,NA,NA,NA,NA,NA
1998,S,1998-04-20,JC,3,1,48,Y,DIME,NA,NA,0,NA,NA,NA,NA,NA,NA,NA
1998,S,1998-04-20,JC,3,1,50,Y,PELE,NA,NA,0,NA,NA,NA,NA,NA,NA,NA
1998,S,1998-04-20,JC,3,1,55,Y,ONAR,NA,NA,0,NA,NA,NA,NA,NA,NA,NA
1998,S,1998-04-20,JC,3,1,57,N,DIME,F,A,43,N,NA,NA,NA,NA,NA,NA
1998,S,1998-04-20,JC,3,1,58,Y,DIME,NA,NA,0,NA,NA,NA,NA,NA,NA,NA
1998,S,1998-04-20,JC,3,1,59,Y,DIME,NA,NA,0,NA,NA,NA,NA,NA,NA,NA
1998,S,1998-04-20,JC,3,1,60,Y,DIME,NA,NA,0,NA,NA,NA,NA,NA,NA,NA
1998,S,1998-04-20,JC,3,1,61,Y,DIME,NA,NA,0,NA,NA,NA,NA,NA,NA,NA
1998,S,1998-04-20,JC,3,1,67,N,PELE,NA,NA,0,NA,NA,Y,U,NA,NA,NA
1998,S,1998-04-20,JC,3,1,72,Y,DIME,NA,NA,0,NA,NA,NA,NA,NA,NA,NA
1998,S,1998-04-20,JC,3,1,73,Y,CHPE,NA,NA,0,NA,NA,NA,NA,NA,NA,NA
1998,S,1998-04-20,JC,3,1,77,Y,DIME,NA,NA,0,NA,NA,NA,NA,NA,NA,NA
1998,S,1998-04-20,JC,3,1,80,Y,DIME,NA,NA,0,NA,NA,NA,NA,NA,NA,NA
1998,S,1998-04-20,JC,3,1,81,N,DIME,F,A,38,N,NA,NA,NA,NA,NA,NA
1998,S,1998-04-20,JC,3,1,82,Y,DIME,NA,NA,0,NA,NA,NA,NA,NA,NA,NA
1998,S,1998-04-20,JC,3,1,83,Y,DIME,NA,NA,0,NA,NA,NA,NA,NA,NA,NA
1998,S,1998-04-20,JC,3,1,84,Y,DIME,NA,NA,0,NA,NA,NA,NA,NA,NA,NA
1998,S,1998-04-20,JC,3,1,92,N,DIME,F,A,37,N,NA,NA,NA,NA,NA,NA
1998,S,1998-04-20,JC,3,1,93,Y,DIME,NA,NA,0,NA,NA,NA,NA,NA,NA,NA
1998,S,1998-04-20,JC,3,1,97,N,DIME,F,A,37,N,NA,NA,NA,NA,NA,NA
1998,S,1998-04-20,JC,3,1,101,N,DIME,F,A,52,N,NA,NA,NA,NA,NA,NA
1998,S,1998-04-20,JC,3,1,103,Y,DIME,NA,NA,0,NA,NA,NA,NA,NA,NA,NA
1998,S,1998-04-20,JC,3,1,107,Y,DIME,NA,NA,0,NA,NA,NA,NA,NA,NA,NA
1998,S,1998-04-20,JC,3,1,117,Y,NEAL,NA,NA,0,NA,NA,NA,NA,NA,NA,NA
1998,S,1998-04-20,JC,3,1,120,Y,DIME,NA,NA,0,NA,NA,NA,NA,NA,NA,NA
1998,S,1998-04-20,JC,3,1,127,Y,DIME,NA,NA,0,NA,NA,NA,NA,NA,NA,NA
1998,S,1998-04-20,JC,3,1,128,Y,DIME,NA,NA,0,NA,NA,NA,NA,NA,NA,NA
1998,S,1998-04-20,JC,3,1,129,Y,DIME,NA,NA,0,NA,NA,NA,NA,NA,NA,NA
1998,S,1998-04-20,JC,3,1,139,Y,DIME,NA,NA,0,NA,NA,NA,NA,NA,NA,NA
1998,S,1998-04-20,JC,3,1,140,Y,DIME,NA,NA,0,NA,NA,NA,NA,NA,NA,NA
1998,S,1998-04-20,JC,3,1,144,N,DIME,M,A,37,Y,S,NA,NA,NA,NA,NA
1998,S,1998-04-20,JC,3,2,4,Y,NEAL,NA,NA,0,NA,NA,NA,NA,NA,NA,NA
1998,S,1998-04-20,JC,3,2,6,N,SPSP,M,A,110,Y,S,NA,NA,NA,NA,NA
1998,S,1998-04-20,JC,3,2,8,N,DIME,M,A,42,N,NA,NA,NA,NA,NA,NA
1998,S,1998-04-20,JC,3,2,9,Y,DIME,NA,NA,0,NA,NA,NA,NA,NA,NA,NA
1998,S,1998-04-20,JC,3,2,11,Y,DIME,NA,NA,0,NA,NA,NA,NA,NA,NA,NA
1998,S,1998-04-20,JC,3,2,12,N,ONAR,M,A,22,N,NA,NA,NA,NA,NA,NA
1998,S,1998-04-20,JC,3,2,20,Y,DIME,NA,NA,0,NA,NA,NA,NA,NA,NA,NA
1998,S,1998-04-20,JC,3,2,21,Y,DIME,NA,NA,0,NA,NA,NA,NA,NA,NA,NA
1998,S,1998-04-20,JC,3,2,26,Y,DIME,NA,NA,0,NA,NA,NA,NA,NA,NA,NA
1998,S,1998-04-20,JC,3,2,28,Y,ONAR,NA,NA,0,NA,NA,NA,NA,NA,NA,NA
1998,S,1998-04-20,JC,3,2,32,Y,DIME,NA,NA,0,NA,NA,NA,NA,NA,NA,NA
1998,S,1998-04-20,JC,3,2,35,Y,DIME,NA,NA,0,NA,NA,NA,NA,NA,NA,NA
1998,S,1998-04-20,JC,3,2,36,N,PELE,F,A,24,N,NA,NA,NA,NA,NA,NA
1998,S,1998-04-20,JC,3,2,47,N,DIME,M,A,44,N,NA,NA,NA,NA,NA,NA
1998,S,1998-04-20,JC,3,2,48,Y,DIME,NA,NA,0,NA,NA,NA,NA,NA,NA,NA
1998,S,1998-04-20,JC,3,2,52,Y,DIME,NA,NA,0,NA,NA,NA,NA,NA,NA,NA
1998,S,1998-04-20,JC,3,2,55,Y,ONAR,NA,NA,0,NA,NA,NA,NA,NA,NA,NA
1998,S,1998-04-20,JC,3,2,58,Y,DIME,NA,NA,0,NA,NA,NA,NA,NA,NA,NA
1998,S,1998-04-20,JC,3,2,60,N,NEAL,F,A,210,N,NA,NA,NA,NA,NA,NA
1998,S,1998-04-20,JC,3,2,64,Y,NEAL,NA,NA,0,NA,NA,NA,NA,NA,NA,NA
1998,S,1998-04-20,JC,3,2,67,Y,CHPE,NA,NA,0,NA,NA,NA,NA,NA,NA,NA
1998,S,1998-04-20,JC,3,2,69,Y,DIME,NA,NA,0,NA,NA,NA,NA,NA,NA,NA
1998,S,1998-04-20,JC,3,2,70,Y,DIME,NA,NA,0,NA,NA,NA,NA,NA,NA,NA
1998,S,1998-04-20,JC,3,2,72,Y,DIME,NA,NA,0,NA,NA,NA,NA,NA,NA,NA
1998,S,1998-04-20,JC,3,2,84,Y,DIME,NA,NA,0,NA,NA,NA,NA,NA,NA,NA
1998,S,1998-04-20,JC,3,2,88,Y,DIME,NA,NA,0,NA,NA,NA,NA,NA,NA,NA
1998,S,1998-04-20,JC,3,2,89,Y,ONAR,NA,NA,0,NA,NA,NA,NA,NA,NA,NA
1998,S,1998-04-20,JC,3,2,92,Y,DIME,NA,NA,0,NA,NA,NA,NA,NA,NA,NA
1998,S,1998-04-20,JC,3,2,93,N,DIME,F,A,41,N,NA,NA,NA,NA,NA,NA
1998,S,1998-04-20,JC,3,2,94,Y,DIME,NA,NA,0,NA,NA,NA,NA,NA,NA,NA
1998,S,1998-04-20,JC,3,2,95,N,ONAR,F,A,17,N,NA,NA,NA,NA,NA,NA
1998,S,1998-04-20,JC,3,2,102,N,CHPE,M,A,11,N,NA,NA,NA,NA,NA,NA
1998,S,1998-04-20,JC,3,2,105,Y,DIME,NA,NA,0,NA,NA,NA,NA,NA,NA,NA
1998,S,1998-04-20,JC,3,2,106,Y,DIME,NA,NA,0,NA,NA,NA,NA,NA,NA,NA
1998,S,1998-04-20,JC,3,2,108,Y,DIME,NA,NA,0,NA,NA,NA,NA,NA,NA,NA
1998,S,1998-04-20,JC,3,2,116,N,DIME,F,A,38,N,NA,NA,NA,NA,NA,NA
1998,S,1998-04-20,JC,3,2,117,Y,NEAL,NA,NA,0,NA,NA,NA,NA,NA,NA,NA
1998,S,1998-04-20,JC,3,2,118,N,NEAL,NA,J,48,N,NA,NA,NA,NA,NA,NA
1998,S,1998-04-20,JC,3,2,119,Y,DIME,NA,NA,0,NA,NA,NA,NA,NA,NA,NA
1998,S,1998-04-20,JC,3,2,123,Y,DIME,NA,NA,0,NA,NA,NA,NA,NA,NA,NA
1998,S,1998-04-20,JC,3,2,130,N,DIME,NA,NA,0,NA,NA,Y,U,NA,NA,NA
1998,S,1998-04-20,JC,3,2,132,Y,SPSP,NA,NA,0,NA,NA,NA,NA,NA,NA,NA
1998,S,1998-04-20,JC,3,2,139,Y,DIME,NA,NA,0,NA,NA,NA,NA,NA,NA,NA
1998,S,1998-04-20,JC,3,2,141,Y,DIME,NA,NA,0,NA,NA,NA,NA,NA,NA,NA
1998,S,1998-04-20,JC,3,2,143,Y,DIME,NA,NA,0,NA,NA,NA,NA,NA,NA,NA
1998,S,1998-04-20,JC,3,2,144,N,DIME,F,A,39,N,NA,NA,NA,NA,NA,NA
1998,S,1998-04-20,JC,3,3,6,Y,DIME,NA,NA,0,NA,NA,NA,NA,NA,NA,NA
1998,S,1998-04-20,JC,3,3,9,Y,NEAL,NA,NA,0,NA,NA,NA,NA,NA,NA,NA
1998,S,1998-04-20,JC,3,3,10,Y,DIME,NA,NA,0,NA,NA,NA,NA,NA,NA,NA
1998,S,1998-04-20,JC,3,3,11,Y,DIME,NA,NA,0,NA,NA,NA,NA,NA,NA,NA
1998,S,1998-04-20,JC,3,3,12,Y,DIME,NA,NA,0,NA,NA,NA,NA,NA,NA,NA
1998,S,1998-04-20,JC,3,3,13,Y,DIME,NA,NA,0,NA,NA,NA,NA,NA,NA,NA
1998,S,1998-04-20,JC,3,3,24,Y,DIME,NA,NA,0,NA,NA,NA,NA,NA,NA,NA
1998,S,1998-04-20,JC,3,3,24,Y,DIME,NA,NA,0,NA,NA,NA,NA,NA,NA,NA
1998,S,1998-04-20,JC,3,3,29,Y,DIME,NA,NA,0,NA,NA,NA,NA,NA,NA,NA
1998,S,1998-04-20,JC,3,3,33,Y,DIME,NA,NA,0,NA,NA,NA,NA,NA,NA,NA
1998,S,1998-04-20,JC,3,3,34,Y,DIME,NA,NA,0,NA,NA,NA,NA,NA,NA,NA
1998,S,1998-04-20,JC,3,3,39,Y,ONAR,NA,NA,0,NA,NA,NA,NA,NA,NA,NA
1998,S,1998-04-20,JC,3,3,42,N,DIME,F,A,38,N,NA,NA,NA,NA,NA,NA
1998,S,1998-04-20,JC,3,3,43,Y,DIME,NA,NA,0,NA,NA,NA,NA,NA,NA,NA
1998,S,1998-04-20,JC,3,3,44,Y,DIME,NA,NA,0,NA,NA,NA,NA,NA,NA,NA
1998,S,1998-04-20,JC,3,3,47,Y,DIME,NA,NA,0,NA,NA,NA,NA,NA,NA,NA
1998,S,1998-04-20,JC,3,3,48,Y,DIME,NA,NA,0,NA,NA,NA,NA,NA,NA,NA
1998,S,1998-04-20,JC,3,3,54,Y,DIME,NA,NA,0,NA,NA,NA,NA,NA,NA,NA
1998,S,1998-04-20,JC,3,3,55,Y,CHPE,NA,NA,0,NA,NA,NA,NA,NA,NA,NA
1998,S,1998-04-20,JC,3,3,57,N,DIME,M,A,40,Y,S,NA,NA,NA,NA,NA
1998,S,1998-04-20,JC,3,3,58,Y,DIME,NA,NA,0,NA,NA,NA,NA,NA,NA,NA
1998,S,1998-04-20,JC,3,3,59,N,ONAR,F,A,16,N,NA,NA,NA,NA,NA,NA
1998,S,1998-04-20,JC,3,3,67,Y,PELE,NA,NA,0,NA,NA,NA,NA,NA,NA,NA
1998,S,1998-04-20,JC,3,3,69,Y,DIME,NA,NA,0,NA,NA,NA,NA,NA,NA,NA
1998,S,1998-04-20,JC,3,3,70,Y,DIME,NA,NA,0,NA,NA,NA,NA,NA,NA,NA
1998,S,1998-04-20,JC,3,3,75,Y,DIME,NA,NA,0,NA,NA,NA,NA,NA,NA,NA
1998,S,1998-04-20,JC,3,3,76,Y,DIME,NA,NA,0,NA,NA,NA,NA,NA,NA,NA
1998,S,1998-04-20,JC,3,3,78,Y,DIME,NA,NA,0,NA,NA,NA,NA,NA,NA,NA
1998,S,1998-04-20,JC,3,3,89,Y,DIME,NA,NA,0,NA,NA,NA,NA,NA,NA,NA
1998,S,1998-04-20,JC,3,3,90,Y,DIME,NA,NA,0,NA,NA,NA,NA,NA,NA,NA
1998,S,1998-04-20,JC,3,3,92,Y,DIME,NA,NA,0,NA,NA,NA,NA,NA,NA,NA
1998,S,1998-04-20,JC,3,3,95,Y,DIME,NA,NA,0,NA,NA,NA,NA,NA,NA,NA
1998,S,1998-04-20,JC,3,3,96,N,DIME,M,A,46,Y,S,NA,NA,NA,NA,NA
1998,S,1998-04-20,JC,3,3,100,Y,ONAR,NA,NA,0,NA,NA,NA,NA,NA,NA,NA
1998,S,1998-04-20,JC,3,3,104,Y,DIME,NA,NA,0,NA,NA,NA,NA,NA,NA,NA
1998,S,1998-04-20,JC,3,3,105,Y,DIME,NA,NA,0,NA,NA,NA,NA,NA,NA,NA
1998,S,1998-04-20,JC,3,3,106,Y,DIME,NA,NA,0,NA,NA,NA,NA,NA,NA,NA
1998,S,1998-04-20,JC,3,3,108,N,SIHI,M,A,78,N,NA,NA,NA,NA,NA,NA
1998,S,1998-04-20,JC,3,3,111,Y,DIME,NA,NA,0,NA,NA,NA,NA,NA,NA,NA
1998,S,1998-04-20,JC,3,3,115,N,NEAL,M,A,220,N,NA,NA,NA,NA,NA,NA
1998,S,1998-04-20,JC,3,3,117,Y,DIME,NA,NA,0,NA,NA,NA,NA,NA,NA,NA
1998,S,1998-04-20,JC,3,3,118,Y,DIME,NA,NA,0,NA,NA,NA,NA,NA,NA,NA
1998,S,1998-04-20,JC,3,3,120,Y,DIME,NA,NA,0,NA,NA,NA,NA,NA,NA,NA
1998,S,1998-04-20,JC,3,3,127,N,CHPE,M,A,14,Y,S,NA,NA,NA,NA,NA
1998,S,1998-04-20,JC,3,3,127,N,DIME,F,A,37,N,NA,NA,NA,NA,NA,NA
1998,S,1998-04-20,JC,3,3,128,N,DIME,M,A,45,Y,S,NA,NA,NA,NA,NA
1998,S,1998-04-20,JC,3,3,130,Y,DIME,NA,NA,0,NA,NA,NA,NA,NA,NA,NA
1998,S,1998-04-20,JC,3,3,135,Y,NEAL,NA,NA,0,NA,NA,NA,NA,NA,NA,NA
1998,S,1998-04-20,JC,3,3,137,N,DIME,M,A,42,Y,S,NA,NA,NA,NA,NA
1998,S,1998-04-20,JC,3,3,143,Y,DIME,NA,NA,0,NA,NA,NA,NA,NA,NA,NA
2000,S,2000-03-29,JC,1,1,127,N,DIME,F,A,41,Y,V,NA,NA,NA,NA,NA
2000,S,2000-03-29,JC,1,1,130,N,DIME,NA,J,34,N,NA,NA,NA,NA,NA,NA
2000,S,2000-03-29,JC,1,1,144,N,DIME,NA,J,36,N,NA,NA,NA,NA,NA,NA
2000,S,2000-03-29,JC,1,1,143,N,DIME,F,A,42,N,NA,NA,NA,NA,NA,NA
2000,S,2000-03-29,JC,1,1,142,N,DIME,M,A,48,Y,PS,NA,NA,NA,NA,NA
2000,S,2000-03-29,JC,1,1,140,N,DIME,M,A,44,Y,PS,NA,NA,NA,NA,NA
2000,S,2000-03-29,JC,1,1,139,N,NEAL,M,A,132,N,NA,NA,NA,NA,NA,NA
2000,S,2000-03-29,JC,1,1,138,N,CHPE,M,A,13,Y,S,NA,NA,NA,NA,NA
2000,S,2000-03-29,JC,1,1,32,N,DIME,M,A,46,Y,PS,NA,NA,NA,NA,NA
2000,S,2000-03-29,JC,1,1,48,N,DIME,M,A,53,Y,PS,NA,NA,NA,NA,NA
2000,S,2000-03-29,JC,1,1,47,N,DIME,M,A,48,Y,S,NA,NA,NA,NA,NA
2000,S,2000-03-29,JC,1,1,46,N,DIME,F,A,38,Y,V,NA,NA,NA,NA,NA
2000,S,2000-03-29,JC,1,1,45,N,DIME,M,A,49,Y,PS,NA,NA,NA,NA,NA
2000,S,2000-03-29,JC,1,1,44,N,DIME,M,A,48,Y,PS,NA,NA,NA,NA,NA
2000,S,2000-03-29,JC,1,1,49,N,DIME,M,A,52,Y,PS,NA,NA,NA,NA,NA
2000,S,2000-03-29,JC,1,1,89,N,DIME,F,A,49,N,NA,NA,NA,NA,NA,NA
2000,S,2000-03-29,JC,1,2,132,N,SPSP,M,A,84,Y,S,NA,NA,NA,NA,NA
2000,S,2000-03-29,JC,1,2,130,N,DIME,F,A,44,N,NA,NA,NA,NA,NA,NA
2000,S,2000-03-29,JC,1,2,116,N,DIME,M,A,49,Y,S,NA,NA,NA,NA,NA
2000,S,2000-03-29,JC,1,2,118,N,NEAL,M,A,210,N,NA,NA,NA,NA,NA,NA
2000,S,2000-03-29,JC,1,2,119,N,DIME,M,A,51,N,NA,NA,NA,NA,NA,NA
2000,S,2000-03-29,JC,1,2,108,N,DIME,M,A,52,Y,S,NA,NA,NA,NA,NA
2000,S,2000-03-29,JC,1,2,106,N,DIME,F,A,42,Y,L,NA,NA,NA,NA,NA
2000,S,2000-03-29,JC,1,2,105,N,DIME,M,A,50,Y,S,NA,NA,NA,NA,NA
2000,S,2000-03-29,JC,1,2,103,N,ONAR,M,A,24,Y,S,NA,NA,NA,NA,NA
2000,S,2000-03-29,JC,1,2,102,N,DIME,M,A,51,Y,S,NA,NA,NA,NA,NA
2000,S,2000-03-29,JC,1,2,99,N,CHPE,M,A,14,N,NA,NA,NA,NA,NA,NA
2000,S,2000-03-29,JC,1,2,92,N,DIME,M,A,53,Y,PS,NA,NA,NA,NA,NA
2000,S,2000-03-29,JC,1,2,95,N,DIME,M,A,52,Y,PS,NA,NA,NA,NA,NA
2000,S,2000-03-29,JC,1,2,96,N,DIME,F,A,47,N,NA,NA,NA,NA,NA,NA
2000,S,2000-03-29,JC,1,2,84,N,DIME,M,A,49,Y,S,NA,NA,NA,NA,NA
2000,S,2000-03-29,JC,1,2,82,N,DIME,M,A,48,Y,S,NA,NA,NA,NA,NA
2000,S,2000-03-29,JC,1,2,81,N,DIME,F,A,52,Y,P,NA,NA,NA,NA,NA
2000,S,2000-03-29,JC,1,2,77,N,DIME,F,A,49,Y,L,NA,NA,NA,NA,NA
2000,S,2000-03-29,JC,1,2,76,N,DIME,M,A,49,Y,PS,NA,NA,NA,NA,NA
2000,S,2000-03-29,JC,1,3,108,N,NEAL,NA,J,105,N,NA,NA,NA,NA,NA,NA
2000,S,2000-03-29,JC,1,3,107,N,REME,M,A,11,N,NA,NA,NA,NA,NA,NA
2000,S,2000-03-29,JC,1,3,105,N,SIHI,F,A,61,N,NA,NA,NA,NA,NA,NA
2000,S,2000-03-29,JC,1,3,101,N,NEAL,M,A,265,Y,PS,NA,NA,NA,NA,NA
2000,S,2000-03-29,JC,1,3,99,N,SIHI,M,A,72,Y,S,NA,NA,NA,NA,NA
2000,S,2000-03-29,JC,1,3,25,N,CHPE,M,A,14,N,NA,NA,NA,NA,NA,NA
2000,S,2000-03-29,JC,1,3,26,N,DIME,M,A,50,Y,PS,NA,NA,NA,NA,NA
2000,S,2000-03-29,JC,1,3,27,N,CHPE,M,A,16,Y,PS,NA,NA,NA,NA,NA
2000,S,2000-03-29,JC,1,3,27,N,DIME,M,A,49,Y,PS,NA,NA,NA,NA,NA
2000,S,2000-03-29,JC,1,3,34,N,ONAR,M,A,24,Y,PS,NA,NA,NA,NA,NA
2000,S,2000-03-29,JC,1,3,35,N,NEAL,NA,J,89,N,NA,NA,NA,NA,NA,NA
2000,S,2000-03-29,JC,1,3,36,N,DIME,M,A,52,Y,PS,NA,NA,NA,NA,NA
2000,S,2000-03-29,JC,1,3,48,N,DIME,M,A,53,Y,S,NA,NA,NA,NA,NA
2000,S,2000-03-29,JC,1,3,45,N,DIME,F,A,49,Y,P,NA,NA,NA,NA,NA
2000,S,2000-03-29,JC,1,3,89,N,ONAR,F,A,18,N,NA,NA,NA,NA,NA,NA
2000,S,2000-03-29,JC,1,3,92,N,REME,M,A,11,N,NA,NA,NA,NA,NA,NA
2000,S,2000-03-29,JC,1,3,94,N,DIME,M,A,53,Y,S,NA,NA,NA,NA,NA
2000,S,2000-03-29,JC,1,3,95,N,DIME,F,A,48,Y,L,NA,NA,NA,NA,NA
2000,S,2000-03-29,JC,1,3,84,N,DIME,M,A,48,Y,S,NA,NA,NA,NA,NA
2000,S,2000-03-29,JC,1,3,79,N,DIME,M,A,53,Y,S,NA,NA,NA,NA,NA
2000,S,2000-03-29,JC,1,3,78,N,DIME,M,A,52,Y,PS,NA,NA,NA,NA,NA
2000,S,2000-03-30,JC,2,1,82,Y,DIME,NA,NA,0,NA,NA,NA,NA,NA,NA,NA
2000,S,2000-03-30,JC,2,1,80,Y,DIME,NA,NA,0,NA,NA,NA,NA,NA,NA,NA
2000,S,2000-03-30,JC,2,1,114,Y,DIME,NA,NA,0,NA,NA,NA,NA,NA,NA,NA
2000,S,2000-03-30,JC,2,1,140,N,DIME,NA,J,39,N,NA,NA,NA,NA,NA,NA
2000,S,2000-03-30,JC,2,1,141,Y,DIME,NA,NA,0,NA,NA,NA,NA,NA,NA,NA
2000,S,2000-03-30,JC,2,1,143,Y,DIME,NA,NA,0,NA,NA,NA,NA,NA,NA,NA
2000,S,2000-03-30,JC,2,1,144,Y,NEAL,NA,NA,0,NA,NA,NA,NA,NA,NA,NA
2000,S,2000-03-30,JC,2,1,11,Y,DIME,NA,NA,0,NA,NA,NA,NA,NA,NA,NA
2000,S,2000-03-30,JC,2,1,8,Y,DIME,NA,NA,0,NA,NA,NA,NA,NA,NA,NA
2000,S,2000-03-30,JC,2,2,132,Y,DIME,NA,NA,0,NA,NA,NA,NA,NA,NA,NA
2000,S,2000-03-30,JC,2,2,127,N,DIME,NA,J,39,N,NA,NA,NA,NA,NA,NA
2000,S,2000-03-30,JC,2,2,125,Y,DIME,NA,NA,0,NA,NA,NA,NA,NA,NA,NA
2000,S,2000-03-30,JC,2,2,26,Y,DIME,NA,NA,0,NA,NA,NA,NA,NA,NA,NA
2000,S,2000-03-30,JC,2,2,30,N,DIME,M,A,52,Y,PS,NA,NA,NA,NA,NA
2000,S,2000-03-30,JC,2,2,32,Y,DIME,NA,NA,0,NA,NA,NA,NA,NA,NA,NA
2000,S,2000-03-30,JC,2,2,33,Y,DIME,NA,NA,0,NA,NA,NA,NA,NA,NA,NA
2000,S,2000-03-30,JC,2,2,35,N,DIME,NA,J,38,N,NA,NA,NA,NA,NA,NA
2000,S,2000-03-30,JC,2,2,48,N,SIHI,F,A,72,N,NA,NA,NA,NA,NA,NA
2000,S,2000-03-30,JC,2,2,47,N,SIHI,M,A,107,N,NA,NA,NA,NA,NA,NA
2000,S,2000-03-30,JC,2,2,44,N,NEAL,F,A,244,N,NA,NA,NA,NA,NA,NA
2000,S,2000-03-30,JC,2,2,43,N,NEAL,M,A,182,N,NA,NA,NA,NA,NA,NA
2000,S,2000-03-30,JC,2,3,84,N,DIME,M,A,51,N,NA,NA,NA,NA,NA,NA
2000,S,2000-03-30,JC,2,3,117,Y,DIME,NA,NA,0,NA,NA,NA,NA,NA,NA,NA
2000,S,2000-03-30,JC,2,3,27,Y,CHPE,NA,NA,0,NA,NA,NA,NA,NA,NA,NA
2000,S,2000-03-30,JC,2,3,31,N,SPSP,M,A,110,Y,S,NA,NA,NA,NA,NA
2000,S,2000-03-30,JC,2,3,34,Y,DIME,NA,NA,0,NA,NA,NA,NA,NA,NA,NA
2000,S,2000-03-30,JC,2,3,35,N,DIME,M,A,51,Y,PS,NA,NA,NA,NA,NA
2000,S,2000-03-30,JC,2,3,106,N,SIHI,NA,J,62,N,NA,NA,NA,NA,NA,NA
2000,S,2000-03-30,JC,2,3,107,N,SIHI,NA,J,72,N,NA,NA,NA,NA,NA,NA
2000,S,2000-03-30,JC,2,3,108,Y,NEAL,NA,NA,0,NA,NA,NA,NA,NA,NA,NA
2000,S,2000-03-31,JC,3,1,80,Y,DIME,NA,NA,0,NA,NA,NA,NA,NA,NA,NA
2000,S,2000-03-31,JC,3,1,79,Y,DIME,NA,NA,0,NA,NA,NA,NA,NA,NA,NA
2000,S,2000-03-31,JC,3,1,77,Y,DIME,NA,NA,0,NA,NA,NA,NA,NA,NA,NA
2000,S,2000-03-31,JC,3,1,97,Y,DIME,NA,NA,0,NA,NA,NA,NA,NA,NA,NA
2000,S,2000-03-31,JC,3,1,98,Y,DIME,NA,NA,0,NA,NA,NA,NA,NA,NA,NA
2000,S,2000-03-31,JC,3,1,101,N,SPSP,M,A,135,Y,PS,NA,NA,NA,NA,NA
2000,S,2000-03-31,JC,3,1,105,Y,DIME,NA,NA,0,NA,NA,NA,NA,NA,NA,NA
2000,S,2000-03-31,JC,3,1,117,Y,DIME,NA,NA,0,NA,NA,NA,NA,NA,NA,NA
2000,S,2000-03-31,JC,3,1,109,Y,ONAR,NA,NA,0,NA,NA,NA,NA,NA,NA,NA
2000,S,2000-03-31,JC,3,1,143,Y,DIME,NA,NA,0,NA,NA,NA,NA,NA,NA,NA
2000,S,2000-03-31,JC,3,1,142,Y,DIME,NA,NA,0,NA,NA,NA,NA,NA,NA,NA
2000,S,2000-03-31,JC,3,1,141,Y,DIME,NA,NA,0,NA,NA,NA,NA,NA,NA,NA
2000,S,2000-03-31,JC,3,1,140,N,NEAL,M,A,207,Y,S,NA,NA,NA,NA,NA
2000,S,2000-03-31,JC,3,2,132,Y,DIME,NA,NA,0,NA,NA,NA,NA,NA,NA,NA
2000,S,2000-03-31,JC,3,2,128,Y,DIME,NA,NA,0,NA,NA,NA,NA,NA,NA,NA
2000,S,2000-03-31,JC,3,2,125,Y,DIME,NA,NA,0,NA,NA,NA,NA,NA,NA,NA
2000,S,2000-03-31,JC,3,2,121,Y,DIME,NA,NA,0,NA,NA,NA,NA,NA,NA,NA
2000,S,2000-03-31,JC,3,2,122,Y,DIME,NA,NA,0,NA,NA,NA,NA,NA,NA,NA
2000,S,2000-03-31,JC,3,2,3,Y,DIME,NA,NA,0,NA,NA,NA,NA,NA,NA,NA
2000,S,2000-03-31,JC,3,2,5,Y,NEAL,NA,NA,0,NA,NA,NA,NA,NA,NA,NA
2000,S,2000-03-31,JC,3,2,7,Y,DIME,NA,NA,0,NA,NA,NA,NA,NA,NA,NA
2000,S,2000-03-31,JC,3,2,12,Y,DIME,NA,NA,0,NA,NA,NA,NA,NA,NA,NA
2000,S,2000-03-31,JC,3,2,23,Y,DIME,NA,NA,0,NA,NA,NA,NA,NA,NA,NA
2000,S,2000-03-31,JC,3,2,54,Y,DIME,NA,NA,0,NA,NA,NA,NA,NA,NA,NA
2000,S,2000-03-31,JC,3,2,56,N,DIME,NA,J,38,N,NA,NA,NA,NA,NA,NA
2000,S,2000-03-31,JC,3,2,57,N,DIME,F,A,48,Y,V,NA,NA,NA,NA,NA
2000,S,2000-03-31,JC,3,2,59,N,SIHI,M,A,107,N,NA,NA,NA,NA,NA,NA
2000,S,2000-03-31,JC,3,2,60,Y,SIHI,NA,NA,0,NA,NA,NA,NA,NA,NA,NA
2000,S,2000-03-31,JC,3,2,68,Y,DIME,NA,NA,0,NA,NA,NA,NA,NA,NA,NA
2000,S,2000-03-31,JC,3,2,66,Y,DIME,NA,NA,0,NA,NA,NA,NA,NA,NA,NA
2000,S,2000-03-31,JC,3,3,119,Y,DIME,NA,NA,0,NA,NA,NA,NA,NA,NA,NA
2000,S,2000-03-31,JC,3,3,118,N,DIME,M,A,53,Y,PS,NA,NA,NA,NA,NA
2000,S,2000-03-31,JC,3,3,89,Y,SIHI,NA,NA,0,NA,NA,NA,NA,NA,NA,NA
2000,S,2000-03-31,JC,3,3,90,Y,SIHI,NA,NA,0,NA,NA,NA,NA,NA,NA,NA
2000,S,2000-03-31,JC,3,3,107,N,SIHI,NA,J,67,N,NA,NA,NA,NA,NA,NA
2000,S,2000-03-31,JC,3,3,108,Y,NEAL,NA,NA,0,NA,NA,NA,NA,NA,NA,NA
2000,S,2000-03-31,JC,3,3,95,Y,DIME,NA,NA,0,NA,NA,NA,NA,NA,NA,NA
2000,S,2000-03-31,JC,3,3,88,Y,DIME,NA,NA,0,NA,NA,NA,NA,NA,NA,NA
2000,S,2000-03-31,JC,3,3,84,N,DIME,F,A,48,Y,L,NA,NA,NA,NA,NA
2000,S,2000-03-31,JC,3,3,70,Y,DIME,NA,NA,0,NA,NA,NA,NA,NA,NA,NA
2000,S,2000-03-31,JC,3,3,68,Y,DIME,NA,NA,0,NA,NA,NA,NA,NA,NA,NA
2000,S,2000-03-29,JC,1,1,101,N,DIME,M,A,49,Y,S,NA,NA,NA,NA,NA
2000,S,2000-03-29,JC,1,1,107,N,DIME,M,A,42,Y,S,NA,NA,NA,NA,NA
2000,S,2000-03-29,JC,1,1,120,N,DIME,NA,J,36,N,NA,NA,NA,NA,NA,NA
2000,S,2000-03-29,JC,1,1,117,N,DIME,NA,J,36,N,NA,NA,NA,NA,NA,NA
2000,S,2000-03-29,JC,1,1,114,N,DIME,NA,J,37,N,NA,NA,NA,NA,1,NA
2000,S,2000-03-29,JC,1,1,112,N,DIME,F,A,45,Y,V,NA,NA,NA,NA,NA
2000,S,2000-03-29,JC,1,1,109,N,ONAR,F,A,19,Y,P,NA,NA,NA,NA,NA
2000,S,2000-03-29,JC,1,1,80,N,DIME,F,A,40,N,NA,NA,NA,NA,NA,NA
2000,S,2000-03-29,JC,1,1,83,N,DIME,M,A,38,Y,S,NA,NA,NA,NA,NA
2000,S,2000-03-29,JC,1,1,93,N,DIME,M,A,39,Y,S,NA,NA,NA,NA,NA
2000,S,2000-03-29,JC,1,1,93,N,DIME,M,A,49,Y,S,NA,NA,NA,NA,NA
2000,S,2000-03-29,JC,1,2,30,N,NEAL,NA,NA,0,NA,NA,Y,U,NA,NA,NA
2000,S,2000-03-29,JC,1,2,35,N,DIME,M,A,35,Y,S,NA,NA,NA,NA,NA
2000,S,2000-03-29,JC,1,2,36,N,DIME,M,A,44,Y,S,NA,NA,NA,NA,NA
2000,S,2000-03-29,JC,1,2,47,N,SIHI,M,A,88,N,NA,NA,NA,NA,NA,NA
2000,S,2000-03-29,JC,1,2,43,N,DIME,M,A,43,Y,S,NA,NA,NA,NA,NA
2000,S,2000-03-29,JC,1,2,44,N,DIME,NA,J,36,N,NA,NA,NA,NA,NA,NA
2000,S,2000-03-29,JC,1,2,42,N,DIME,F,A,50,N,NA,NA,NA,NA,NA,NA
2000,S,2000-03-29,JC,1,2,37,N,DIME,F,A,41,N,NA,NA,NA,NA,NA,NA
2000,S,2000-03-29,JC,1,2,57,N,DIME,F,A,37,N,NA,NA,NA,NA,NA,NA
2000,S,2000-03-29,JC,1,2,59,N,DIME,M,A,45,Y,S,NA,NA,NA,NA,NA
2000,S,2000-03-29,JC,1,2,60,N,SIHI,NA,NA,0,NA,NA,Y,U,NA,NA,NA
2000,S,2000-03-29,JC,1,3,119,N,DIME,NA,J,25,N,NA,NA,NA,NA,NA,NA
2000,S,2000-03-29,JC,1,3,118,N,DIME,M,A,42,Y,S,NA,NA,NA,NA,NA
2000,S,2000-03-29,JC,1,3,117,N,DIME,F,A,38,N,NA,NA,NA,NA,NA,NA
2000,S,2000-03-29,JC,1,3,6,N,DIME,F,A,50,Y,L;P,NA,NA,NA,NA,NA
2000,S,2000-03-29,JC,1,3,9,N,DIME,M,A,44,Y,S,NA,NA,NA,NA,NA
2000,S,2000-03-29,JC,1,3,12,N,DIME,M,A,44,Y,S,NA,NA,NA,NA,NA
2000,S,2000-03-29,JC,1,3,24,N,DIME,F,A,32,N,NA,NA,NA,NA,NA,NA
2000,S,2000-03-29,JC,1,3,23,N,DIME,M,A,45,Y,S,NA,NA,NA,NA,NA
2000,S,2000-03-29,JC,1,3,20,N,DIME,M,A,50,Y,S,NA,NA,NA,NA,NA
2000,S,2000-03-29,JC,1,3,19,N,CHPE,M,A,16,N,NA,NA,NA,NA,NA,NA
2000,S,2000-03-29,JC,1,3,52,N,DIME,NA,NA,0,NA,NA,Y,U,NA,NA,NA
2000,S,2000-03-30,JC,2,1,86,N,DIME,M,A,51,Y,S,NA,NA,NA,NA,NA
2000,S,2000-03-30,JC,2,1,88,N,DIME,M,A,42,Y,PS,NA,NA,NA,NA,NA
2000,S,2000-03-30,JC,2,1,89,N,DIME,NA,J,24,N,NA,NA,NA,NA,NA,NA
2000,S,2000-03-30,JC,2,1,95,Y,DIME,NA,NA,0,NA,NA,NA,NA,NA,NA,NA
2000,S,2000-03-30,JC,2,1,96,N,DIME,M,A,44,Y,S,NA,NA,NA,NA,NA
2000,S,2000-03-30,JC,2,1,107,N,DIME,M,A,39,Y,PS,NA,NA,NA,NA,NA
2000,S,2000-03-30,JC,2,1,105,Y,DIME,NA,NA,0,NA,NA,NA,NA,NA,NA,NA
2000,S,2000-03-30,JC,2,1,98,Y,DIME,NA,NA,0,NA,NA,NA,NA,NA,NA,NA
2000,S,2000-03-30,JC,2,2,142,Y,DIME,NA,NA,0,NA,NA,NA,NA,NA,NA,NA
2000,S,2000-03-30,JC,2,2,141,Y,DIME,NA,NA,0,NA,NA,NA,NA,NA,NA,NA
2000,S,2000-03-30,JC,2,2,5,N,NEAL,F,A,162,N,NA,NA,NA,NA,NA,NA
2000,S,2000-03-30,JC,2,2,7,N,DIME,F,A,45,Y,L,NA,NA,NA,NA,NA
2000,S,2000-03-30,JC,2,2,8,Y,DIME,NA,NA,0,NA,NA,NA,NA,NA,NA,NA
2000,S,2000-03-30,JC,2,2,11,Y,DIME,NA,NA,0,NA,NA,NA,NA,NA,NA,NA
2000,S,2000-03-30,JC,2,2,12,N,DIME,M,A,39,N,NA,NA,NA,NA,NA,NA
2000,S,2000-03-30,JC,2,2,61,Y,DIME,NA,NA,0,NA,NA,NA,NA,NA,NA,NA
2000,S,2000-03-30,JC,2,2,70,N,DIME,M,A,43,Y,PS,NA,NA,NA,NA,NA
2000,S,2000-03-30,JC,2,2,42,Y,DIME,NA,NA,0,NA,NA,NA,NA,NA,NA,NA
2000,S,2000-03-30,JC,2,3,4,Y,DIME,NA,NA,0,NA,NA,NA,NA,NA,NA,NA
2000,S,2000-03-30,JC,2,3,5,N,ONAR,F,A,22,N,NA,NA,NA,NA,NA,NA
2000,S,2000-03-30,JC,2,3,7,Y,CHPE,NA,NA,0,NA,NA,NA,NA,NA,NA,NA
2000,S,2000-03-30,JC,2,3,9,Y,DIME,NA,NA,0,NA,NA,NA,NA,NA,NA,NA
2000,S,2000-03-30,JC,2,3,10,N,DIME,M,A,39,Y,S,NA,NA,NA,NA,NA
2000,S,2000-03-30,JC,2,3,11,Y,DIME,NA,NA,0,NA,NA,NA,NA,NA,NA,NA
2000,S,2000-03-30,JC,2,3,12,N,CHPE,NA,NA,0,NA,NA,Y,U,NA,NA,NA
2000,S,2000-03-30,JC,2,3,24,Y,DIME,NA,NA,0,NA,NA,NA,NA,NA,NA,NA
2000,S,2000-03-30,JC,2,3,23,Y,DIME,NA,NA,0,NA,NA,NA,NA,NA,NA,NA
2000,S,2000-03-30,JC,2,3,22,N,DIME,M,A,41,Y,S,NA,NA,NA,NA,NA
2000,S,2000-03-30,JC,2,3,20,Y,DIME,NA,NA,0,NA,NA,NA,NA,NA,NA,NA
2000,S,2000-03-30,JC,2,3,19,Y,CHPE,NA,NA,0,NA,NA,NA,NA,NA,NA,NA
2000,S,2000-03-30,JC,2,3,18,N,DIME,F,A,41,Y,L,NA,NA,NA,NA,NA
2000,S,2000-03-30,JC,2,3,13,Y,DIME,NA,NA,0,NA,NA,NA,NA,NA,NA,NA
2000,S,2000-03-30,JC,2,3,74,Y,DIME,NA,NA,0,NA,NA,NA,NA,NA,NA,NA
2000,S,2000-03-30,JC,2,3,84,Y,DIME,NA,NA,0,NA,NA,NA,NA,NA,NA,NA
2000,S,2000-03-30,JC,2,3,95,Y,DIME,NA,NA,0,NA,NA,NA,NA,NA,NA,NA
2000,S,2000-03-30,JC,2,3,94,N,DIME,M,A,46,Y,S,NA,NA,NA,NA,NA
2000,S,2000-03-31,JC,3,1,95,Y,DIME,NA,NA,0,NA,NA,NA,NA,NA,NA,NA
2000,S,2000-03-31,JC,3,1,93,Y,DIME,NA,NA,0,NA,NA,NA,NA,NA,NA,NA
2000,S,2000-03-31,JC,3,1,90,N,DIME,M,A,47,Y,PS,NA,NA,NA,NA,NA
2000,S,2000-03-31,JC,3,1,89,Y,DIME,NA,NA,0,NA,NA,NA,NA,NA,NA,NA
2000,S,2000-03-31,JC,3,1,88,Y,DIME,NA,NA,0,NA,NA,NA,NA,NA,NA,NA
2000,S,2000-03-31,JC,3,1,87,Y,DIME,NA,NA,0,NA,NA,NA,NA,NA,NA,NA
2000,S,2000-03-31,JC,3,1,13,Y,DIME,NA,NA,0,NA,NA,NA,NA,NA,NA,NA
2000,S,2000-03-31,JC,3,1,19,Y,DIME,NA,NA,0,NA,NA,NA,NA,NA,NA,NA
2000,S,2000-03-31,JC,3,1,20,Y,DIME,NA,NA,0,NA,NA,NA,NA,NA,NA,NA
2000,S,2000-03-31,JC,3,1,23,N,SPSP,M,A,105,Y,S,NA,NA,NA,NA,NA
2000,S,2000-03-31,JC,3,1,12,N,DIME,F,A,44,Y,L,NA,NA,NA,NA,NA
2000,S,2000-03-31,JC,3,1,10,Y,DIME,NA,NA,0,NA,NA,NA,NA,NA,NA,NA
2000,S,2000-03-31,JC,3,2,141,N,ONAR,M,A,20,N,NA,NA,NA,NA,NA,NA
2000,S,2000-03-31,JC,3,2,139,Y,DIME,NA,NA,0,NA,NA,NA,NA,NA,NA,NA
2000,S,2000-03-31,JC,3,2,137,Y,DIME,NA,NA,0,NA,NA,NA,NA,NA,NA,NA
2000,S,2000-03-31,JC,3,2,32,Y,DIME,NA,NA,0,NA,NA,NA,NA,NA,NA,NA
2000,S,2000-03-31,JC,3,2,35,Y,DIME,NA,NA,0,NA,NA,NA,NA,NA,NA,NA
2000,S,2000-03-31,JC,3,2,36,Y,DIME,NA,NA,0,NA,NA,NA,NA,NA,NA,NA
2000,S,2000-03-31,JC,3,2,48,N,SIHI,M,A,82,N,NA,NA,NA,NA,NA,NA
2000,S,2000-03-31,JC,3,2,35,Y,CHPE,NA,NA,0,NA,NA,NA,NA,NA,NA,NA
2000,S,2000-03-31,JC,3,3,135,Y,NEAL,NA,NA,0,NA,NA,NA,NA,NA,NA,NA
2000,S,2000-03-31,JC,3,3,137,Y,DIME,NA,NA,0,NA,NA,NA,NA,NA,NA,2
2000,S,2000-03-31,JC,3,3,143,Y,DIME,NA,NA,0,NA,NA,NA,NA,NA,NA,NA
2000,S,2000-03-31,JC,3,3,144,Y,DIME,NA,NA,0,NA,NA,NA,NA,NA,NA,NA
2000,S,2000-03-31,JC,3,3,11,Y,DIME,NA,NA,0,NA,NA,NA,NA,NA,NA,NA
2000,S,2000-03-31,JC,3,3,8,Y,ONAR,NA,NA,0,NA,NA,NA,NA,NA,NA,NA
2000,S,2000-03-31,JC,3,3,7,Y,CHPE,NA,NA,0,NA,NA,NA,NA,NA,NA,NA
2000,S,2000-03-31,JC,3,3,5,Y,DIME,NA,NA,0,NA,NA,NA,NA,NA,NA,NA
2000,S,2000-03-31,JC,3,3,52,Y,DIME,NA,NA,0,NA,NA,NA,NA,NA,NA,NA
2000,S,2000-03-31,JC,3,3,60,Y,DIME,NA,NA,0,NA,NA,NA,NA,NA,NA,NA
2000,S,2000-03-29,JC,1,1,17,N,DIME,F,A,49,N,NA,NA,NA,NA,NA,NA
2000,S,2000-03-29,JC,1,1,19,N,DIME,M,A,47,N,NA,NA,NA,NA,NA,NA
2000,S,2000-03-29,JC,1,1,20,N,DIME,F,A,50,N,NA,NA,NA,NA,NA,NA
2000,S,2000-03-29,JC,1,1,21,N,DIME,M,A,46,Y,S,NA,NA,NA,NA,NA
2000,S,2000-03-29,JC,1,1,23,N,DIME,F,A,44,N,NA,NA,NA,NA,NA,NA
2000,S,2000-03-29,JC,1,1,24,N,DIME,M,A,41,N,NA,NA,NA,NA,NA,NA
2000,S,2000-03-29,JC,1,1,10,N,DIME,F,A,43,N,NA,NA,NA,NA,NA,NA
2000,S,2000-03-29,JC,1,1,7,N,DIME,M,A,50,Y,PS,NA,NA,NA,NA,NA
2000,S,2000-03-29,JC,1,1,59,N,DIME,F,A,45,N,NA,NA,NA,NA,NA,NA
2000,S,2000-03-29,JC,1,1,70,N,DIME,M,A,49,Y,PS,NA,NA,NA,NA,NA
2000,S,2000-03-29,JC,1,1,67,N,DIME,NA,J,34,N,NA,NA,NA,NA,NA,NA
2000,S,2000-03-29,JC,1,1,64,N,DIME,M,A,46,Y,S,NA,NA,NA,NA,NA
2000,S,2000-03-29,JC,1,2,144,N,DIME,F,A,44,N,NA,NA,NA,NA,NA,NA
2000,S,2000-03-29,JC,1,2,142,N,DIME,M,A,50,Y,S,NA,NA,NA,NA,NA
2000,S,2000-03-29,JC,1,2,141,N,DIME,F,A,48,Y,L;V,NA,NA,NA,NA,NA
2000,S,2000-03-29,JC,1,2,139,N,DIME,M,A,48,Y,S,NA,NA,NA,NA,NA
2000,S,2000-03-29,JC,1,2,20,N,DIME,NA,J,29,N,NA,NA,NA,NA,NA,NA
2000,S,2000-03-29,JC,1,2,22,N,DIME,F,A,41,N,NA,NA,NA,NA,NA,NA
2000,S,2000-03-29,JC,1,2,12,N,DIME,M,A,45,Y,S,NA,NA,NA,NA,NA
2000,S,2000-03-29,JC,1,2,11,N,DIME,M,A,47,Y,S,NA,NA,NA,NA,NA
2000,S,2000-03-29,JC,1,2,7,N,DIME,NA,NA,0,NA,NA,Y,N,NA,NA,NA
2000,S,2000-03-29,JC,1,2,6,N,DIME,F,A,43,Y,V,NA,NA,NA,NA,NA
2000,S,2000-03-29,JC,1,2,2,N,DIME,M,A,46,Y,S,NA,NA,NA,NA,NA
2000,S,2000-03-29,JC,1,3,127,N,DIME,M,A,42,Y,S,NA,NA,NA,NA,NA
2000,S,2000-03-29,JC,1,3,131,N,DIME,M,A,50,Y,S,NA,NA,NA,NA,NA
2000,S,2000-03-29,JC,1,3,132,N,DIME,NA,J,28,N,NA,NA,NA,NA,NA,NA
2000,S,2000-03-29,JC,1,3,144,N,DIME,F,A,53,Y,L;P;V,NA,NA,NA,NA,NA
2000,S,2000-03-29,JC,1,3,143,N,DIME,F,A,43,Y,V,NA,NA,NA,NA,NA
2000,S,2000-03-29,JC,1,3,141,N,DIME,M,A,44,Y,S,NA,NA,NA,NA,NA
2000,S,2000-03-29,JC,1,3,137,N,DIME,M,A,49,Y,S,NA,NA,NA,NA,NA
2000,S,2000-03-29,JC,1,3,70,N,DIME,M,A,44,Y,S,NA,NA,NA,NA,NA
2000,S,2000-03-29,JC,1,3,60,N,DIME,M,A,42,N,NA,NA,NA,NA,NA,NA
2000,S,2000-03-29,JC,1,3,69,N,SIHI,M,A,58,N,NA,NA,NA,NA,NA,NA
2000,S,2000-03-30,JC,2,1,70,Y,DIME,NA,NA,0,NA,NA,NA,NA,NA,NA,NA
2000,S,2000-03-30,JC,2,1,66,Y,DIME,NA,NA,0,NA,NA,NA,NA,NA,NA,NA
2000,S,2000-03-30,JC,2,1,64,Y,DIME,NA,NA,0,NA,NA,NA,NA,NA,NA,NA
2000,S,2000-03-30,JC,2,1,43,Y,DIME,NA,NA,0,NA,NA,NA,NA,NA,NA,NA
2000,S,2000-03-30,JC,2,1,41,Y,ONAR,NA,NA,0,NA,NA,NA,NA,NA,NA,NA
2000,S,2000-03-30,JC,2,1,31,Y,NEAL,NA,NA,0,NA,NA,NA,NA,NA,NA,NA
2000,S,2000-03-30,JC,2,1,33,Y,DIME,NA,NA,0,NA,NA,NA,NA,NA,NA,NA
2000,S,2000-03-30,JC,2,1,35,Y,DIME,NA,NA,0,NA,NA,NA,NA,NA,NA,NA
2000,S,2000-03-30,JC,2,1,23,Y,DIME,NA,NA,0,NA,NA,NA,NA,NA,NA,NA
2000,S,2000-03-30,JC,2,1,20,Y,DIME,NA,NA,0,NA,NA,NA,NA,NA,NA,NA
2000,S,2000-03-30,JC,2,1,15,Y,DIME,NA,NA,0,NA,NA,NA,NA,NA,NA,NA
2000,S,2000-03-30,JC,2,1,14,Y,DIME,NA,NA,0,NA,NA,NA,NA,NA,NA,NA
2000,S,2000-03-30,JC,2,2,118,Y,NEAL,NA,NA,0,NA,NA,NA,NA,NA,NA,NA
2000,S,2000-03-30,JC,2,2,119,N,DIME,F,A,43,N,NA,NA,NA,NA,NA,NA
2000,S,2000-03-30,JC,2,2,108,Y,DIME,NA,NA,0,NA,NA,NA,NA,NA,NA,NA
2000,S,2000-03-30,JC,2,2,106,Y,DIME,NA,NA,0,NA,NA,NA,NA,NA,NA,NA
2000,S,2000-03-30,JC,2,2,105,N,DIME,NA,J,26,N,NA,NA,NA,NA,NA,NA
2000,S,2000-03-30,JC,2,2,103,Y,DIME,NA,NA,0,NA,NA,NA,NA,NA,NA,NA
2000,S,2000-03-30,JC,2,2,100,Y,DIME,NA,NA,0,NA,NA,NA,NA,NA,NA,NA
2000,S,2000-03-30,JC,2,2,76,Y,DIME,NA,NA,0,NA,NA,NA,NA,NA,NA,NA
2000,S,2000-03-30,JC,2,2,82,Y,DIME,NA,NA,0,NA,NA,NA,NA,NA,NA,NA
2000,S,2000-03-30,JC,2,2,84,Y,DIME,NA,NA,0,NA,NA,NA,NA,NA,NA,NA
2000,S,2000-03-30,JC,2,2,96,Y,DIME,NA,NA,0,NA,NA,NA,NA,NA,NA,NA
2000,S,2000-03-30,JC,2,2,91,Y,DIME,NA,NA,0,NA,NA,NA,NA,NA,NA,NA
2000,S,2000-03-30,JC,2,2,51,Y,DIME,NA,NA,0,NA,NA,NA,NA,NA,NA,NA
2000,S,2000-03-30,JC,2,2,54,N,DIME,M,A,50,Y,S,NA,NA,NA,NA,NA
2000,S,2000-03-30,JC,2,2,57,Y,DIME,NA,NA,0,NA,NA,NA,NA,NA,NA,NA
2000,S,2000-03-30,JC,2,2,55,N,DIME,F,A,45,N,NA,NA,NA,NA,NA,NA
2000,S,2000-03-30,JC,2,3,143,Y,DIME,NA,NA,0,NA,NA,NA,NA,NA,NA,NA
2000,S,2000-03-30,JC,2,3,141,Y,DIME,NA,NA,0,NA,NA,NA,NA,NA,NA,NA
2000,S,2000-03-30,JC,2,3,70,N,DIME,M,A,50,Y,S,NA,NA,NA,NA,NA
2000,S,2000-03-30,JC,2,3,89,Y,DIME,NA,NA,0,NA,NA,NA,NA,NA,NA,NA
2000,S,2000-03-30,JC,2,3,90,Y,ONAR,NA,NA,0,NA,NA,NA,NA,NA,NA,NA
2000,S,2000-03-30,JC,2,3,92,N,CHPE,M,A,11,N,NA,NA,NA,NA,NA,NA
2000,S,2000-03-31,JC,3,1,70,Y,DIME,NA,NA,0,NA,NA,NA,NA,NA,NA,NA
2000,S,2000-03-31,JC,3,1,66,Y,DIME,NA,NA,0,NA,NA,NA,NA,NA,NA,NA
2000,S,2000-03-31,JC,3,1,64,N,SPSP,F,A,98,N,NA,NA,NA,NA,NA,NA
2000,S,2000-03-31,JC,3,1,63,N,DIME,F,A,56,N,NA,NA,NA,NA,NA,NA
2000,S,2000-03-31,JC,3,1,145,Y,DIME,NA,NA,0,NA,NA,NA,NA,NA,NA,NA
2000,S,2000-03-31,JC,3,1,50,N,ONAR,M,A,23,N,NA,NA,NA,NA,NA,NA
2000,S,2000-03-31,JC,3,1,59,N,NEAL,F,A,130,Y,L,NA,NA,NA,NA,NA
2000,S,2000-03-31,JC,3,1,48,Y,DIME,NA,NA,0,NA,NA,NA,NA,NA,NA,NA
2000,S,2000-03-31,JC,3,1,46,Y,DIME,NA,NA,0,NA,NA,NA,NA,NA,NA,NA
2000,S,2000-03-31,JC,3,1,43,Y,ONAR,NA,NA,0,NA,NA,NA,NA,NA,NA,NA
2000,S,2000-03-31,JC,3,1,43,Y,DIME,NA,NA,0,NA,NA,NA,NA,NA,NA,NA
2000,S,2000-03-31,JC,3,1,40,Y,DIME,NA,NA,0,NA,NA,NA,NA,NA,NA,NA
2000,S,2000-03-31,JC,3,1,31,Y,NEAL,NA,NA,0,NA,NA,NA,NA,NA,NA,NA
2000,S,2000-03-31,JC,3,1,32,N,DIME,M,A,45,Y,S,NA,NA,NA,NA,NA
2000,S,2000-03-31,JC,3,1,33,Y,DIME,NA,NA,0,NA,NA,NA,NA,NA,NA,NA
2000,S,2000-03-31,JC,3,1,35,Y,DIME,NA,NA,0,NA,NA,NA,NA,NA,NA,NA
2000,S,2000-03-31,JC,3,1,36,N,DIME,F,A,46,N,NA,NA,NA,NA,NA,NA
2000,S,2000-03-31,JC,3,2,112,Y,DIME,NA,NA,0,NA,NA,NA,NA,NA,NA,NA
2000,S,2000-03-31,JC,3,2,114,Y,DIME,NA,NA,0,NA,NA,NA,NA,NA,NA,NA
2000,S,2000-03-31,JC,3,2,116,Y,DIME,NA,NA,0,NA,NA,NA,NA,NA,NA,NA
2000,S,2000-03-31,JC,3,2,118,N,DIME,F,A,43,N,NA,NA,NA,NA,NA,NA
2000,S,2000-03-31,JC,3,2,119,Y,DIME,NA,NA,0,NA,NA,NA,NA,NA,NA,NA
2000,S,2000-03-31,JC,3,2,108,N,DIME,F,A,44,Y,L,NA,NA,NA,NA,NA
2000,S,2000-03-31,JC,3,2,106,Y,DIME,NA,NA,0,NA,NA,NA,NA,NA,NA,NA
2000,S,2000-03-31,JC,3,2,103,Y,DIME,NA,NA,0,NA,NA,NA,NA,NA,NA,NA
2000,S,2000-03-31,JC,3,2,102,N,ONAR,M,A,22,Y,S,NA,NA,NA,NA,NA
2000,S,2000-03-31,JC,3,2,76,N,NEAL,F,A,110,N,NA,NA,NA,NA,NA,NA
2000,S,2000-03-31,JC,3,2,79,Y,DIME,NA,NA,0,NA,NA,NA,NA,NA,NA,NA
2000,S,2000-03-31,JC,3,2,84,Y,DIME,NA,NA,0,NA,NA,NA,NA,NA,NA,NA
2000,S,2000-03-31,JC,3,2,96,Y,DIME,NA,NA,0,NA,NA,NA,NA,NA,NA,NA
2000,S,2000-03-31,JC,3,2,61,Y,DIME,NA,NA,0,NA,NA,NA,NA,NA,NA,NA
2000,S,2000-03-31,JC,3,2,63,Y,DIME,NA,NA,0,NA,NA,NA,NA,NA,NA,NA
2000,S,2000-03-31,JC,3,3,132,Y,DIME,NA,NA,0,NA,NA,NA,NA,NA,NA,NA
2000,S,2000-03-31,JC,3,3,121,Y,DIME,NA,NA,0,NA,NA,NA,NA,NA,NA,NA
2000,S,2000-03-31,JC,3,3,17,Y,DIME,NA,NA,0,NA,NA,NA,NA,NA,NA,NA
2000,S,2000-03-31,JC,3,3,18,N,DIME,M,A,48,Y,S,NA,NA,NA,NA,NA
2000,S,2000-03-31,JC,3,3,19,Y,CHPE,NA,NA,0,NA,NA,NA,NA,NA,NA,NA
2000,S,2000-03-31,JC,3,3,21,N,DIME,F,A,46,Y,V,NA,NA,NA,NA,NA
2000,S,2000-03-31,JC,3,3,35,N,NEAL,F,A,126,Y,L,NA,NA,NA,NA,NA
2000,S,2000-03-31,JC,3,3,27,Y,DIME,NA,NA,0,NA,NA,NA,NA,NA,NA,NA
2000,S,2000-03-31,JC,3,3,43,Y,DIME,NA,NA,0,NA,NA,NA,NA,NA,NA,NA
2000,S,2000-03-31,JC,3,3,48,Y,DIME,NA,NA,0,NA,NA,NA,NA,NA,NA,NA
2001,S,2001-03-22,JC,1,1,69,N,DIME,M,A,46,Y,PS,NA,NA,NA,NA,NA
2001,S,2001-03-22,JC,1,1,95,N,DIME,M,A,45,N,NA,NA,NA,NA,NA,NA
2001,S,2001-03-22,JC,1,1,105,N,DIME,F,A,38,N,NA,NA,NA,NA,NA,NA
2001,S,2001-03-22,JC,1,1,120,N,NEAL,F,A,186,N,NA,NA,NA,NA,NA,NA
2001,S,2001-03-22,JC,1,1,116,N,SIHI,M,A,70,N,NA,NA,NA,NA,NA,NA
2001,S,2001-03-22,JC,1,1,134,N,NEAL,F,A,201,N,NA,NA,NA,NA,NA,NA
2001,S,2001-03-22,JC,1,1,133,N,DIME,F,A,38,N,NA,NA,NA,NA,NA,NA
2001,S,2001-03-22,JC,1,1,141,N,DIME,M,A,39,Y,S,NA,NA,NA,NA,NA
2001,S,2001-03-22,JC,1,1,138,N,PGFL,NA,J,6,N,NA,NA,NA,NA,NA,NA
2001,S,2001-03-22,JC,1,1,10,N,DIME,F,A,40,N,NA,NA,NA,NA,NA,NA
2001,S,2001-03-22,JC,1,1,24,N,DIME,M,A,43,Y,PS,NA,NA,NA,NA,NA
2001,S,2001-03-22,JC,1,1,22,N,DIME,F,A,41,N,NA,NA,NA,NA,NA,NA
2001,S,2001-03-22,JC,1,1,19,N,DIME,F,A,41,N,NA,NA,NA,NA,NA,NA
2001,S,2001-03-22,JC,1,1,15,N,DIME,M,A,43,Y,S,NA,NA,NA,NA,NA
2001,S,2001-03-22,JC,1,2,127,N,DIME,F,A,39,N,NA,NA,NA,NA,NA,NA
2001,S,2001-03-22,JC,1,2,60,N,NEAL,M,A,165,N,NA,NA,NA,NA,NA,NA
2001,S,2001-03-22,JC,1,2,57,N,CHPE,M,A,0,NA,NA,Y,M,NA,NA,NA
2001,S,2001-03-22,JC,1,2,53,N,DIME,M,A,42,Y,PS,NA,NA,NA,NA,NA
2001,S,2001-03-22,JC,1,2,46,N,DIME,F,A,39,N,NA,NA,NA,NA,NA,NA
2001,S,2001-03-22,JC,1,2,35,N,ONAR,M,A,21,Y,S,NA,NA,NA,NA,NA
2001,S,2001-03-22,JC,1,2,30,N,SPSP,M,A,73,N,NA,NA,NA,NA,NA,NA
2001,S,2001-03-22,JC,1,2,16,N,DIME,M,A,48,Y,PS,NA,NA,NA,NA,NA
2001,S,2001-03-22,JC,1,2,24,N,DIME,M,A,37,N,NA,NA,NA,NA,NA,NA
2001,S,2001-03-22,JC,1,3,135,N,NEAL,F,A,168,N,NA,NA,NA,NA,NA,NA
2001,S,2001-03-22,JC,1,3,1,N,NEAL,M,A,275,Y,PS,NA,NA,NA,NA,NA
2001,S,2001-03-22,JC,1,3,106,N,SIHI,M,A,82,Y,S,NA,NA,NA,NA,NA
2001,S,2001-03-22,JC,1,3,137,N,NEAL,F,A,212,N,NA,NA,NA,NA,NA,NA
2001,S,2001-03-22,JC,1,3,144,N,DIME,M,A,39,N,NA,NA,NA,NA,NA,NA
2001,S,2001-03-22,JC,1,3,4,N,DIME,F,A,38,N,NA,NA,NA,NA,NA,NA
2001,S,2001-03-22,JC,1,3,14,N,ONAR,M,A,18,N,NA,NA,NA,NA,NA,NA
2001,S,2001-03-22,JC,1,3,21,N,DIME,M,A,44,Y,S,NA,NA,NA,NA,NA
2001,S,2001-03-22,JC,1,3,24,N,DIME,F,A,39,N,NA,NA,NA,NA,NA,NA
2001,S,2001-03-22,JC,1,3,36,N,DIME,F,A,40,N,NA,NA,NA,NA,NA,NA
2001,S,2001-03-22,JC,1,3,30,N,DIME,M,A,42,Y,PS,NA,NA,NA,NA,NA
2001,S,2001-03-22,JC,1,3,46,N,DIME,M,A,41,Y,PS,NA,NA,NA,NA,NA
2001,S,2001-03-23,JC,2,1,71,N,DIME,F,A,39,N,NA,NA,NA,NA,NA,NA
2001,S,2001-03-23,JC,2,1,95,Y,DIME,NA,NA,0,NA,NA,NA,NA,NA,NA,NA
2001,S,2001-03-23,JC,2,1,80,Y,DIME,NA,NA,0,NA,NA,NA,NA,NA,NA,NA
2001,S,2001-03-23,JC,2,1,77,Y,DIME,NA,NA,0,NA,NA,NA,NA,NA,NA,NA
2001,S,2001-03-23,JC,2,1,107,Y,DIME,NA,NA,0,NA,NA,NA,NA,NA,NA,NA
2001,S,2001-03-23,JC,2,1,114,Y,DIME,NA,NA,0,NA,NA,NA,NA,NA,NA,NA
2001,S,2001-03-23,JC,2,1,113,N,NEAL,M,A,182,N,NA,NA,NA,NA,NA,NA
2001,S,2001-03-23,JC,2,1,32,N,DIME,M,A,47,N,NA,NA,NA,NA,NA,NA
2001,S,2001-03-23,JC,2,1,34,Y,DIME,NA,NA,0,NA,NA,NA,NA,NA,NA,NA
2001,S,2001-03-23,JC,2,1,24,Y,DIME,NA,NA,0,NA,NA,NA,NA,NA,NA,NA
2001,S,2001-03-23,JC,2,1,19,Y,DIME,NA,NA,0,NA,NA,NA,NA,NA,NA,NA
2001,S,2001-03-23,JC,2,1,15,Y,DIME,NA,NA,0,NA,NA,NA,NA,NA,NA,NA
2001,S,2001-03-23,JC,2,2,141,Y,DIME,NA,NA,0,NA,NA,NA,NA,NA,NA,NA
2001,S,2001-03-23,JC,2,2,144,Y,DIME,NA,NA,0,NA,NA,NA,NA,NA,NA,NA
2001,S,2001-03-23,JC,2,2,17,Y,DIME,NA,NA,0,NA,NA,NA,NA,NA,NA,NA
2001,S,2001-03-23,JC,2,2,9,Y,DIME,NA,NA,0,NA,NA,NA,NA,NA,NA,NA
2001,S,2001-03-23,JC,2,2,7,Y,DIME,NA,NA,0,NA,NA,NA,NA,NA,NA,NA
2001,S,2001-03-23,JC,2,2,91,N,DIME,F,A,40,N,NA,NA,NA,NA,NA,NA
2001,S,2001-03-23,JC,2,2,96,Y,DIME,NA,NA,0,NA,NA,NA,NA,NA,NA,NA
2001,S,2001-03-23,JC,2,2,107,Y,DIME,NA,NA,0,NA,NA,NA,NA,NA,NA,NA
2001,S,2001-03-23,JC,2,2,106,Y,DIME,NA,NA,0,NA,NA,NA,NA,NA,NA,NA
2001,S,2001-03-23,JC,2,3,29,Y,DIME,NA,NA,0,NA,NA,NA,NA,NA,NA,NA
2001,S,2001-03-23,JC,2,3,142,Y,DIME,NA,NA,0,NA,NA,NA,NA,NA,NA,NA
2001,S,2001-03-23,JC,2,3,144,Y,DIME,NA,NA,0,NA,NA,NA,NA,NA,NA,NA
2001,S,2001-03-23,JC,2,3,12,Y,DIME,NA,NA,0,NA,NA,NA,NA,NA,NA,NA
2001,S,2001-03-23,JC,2,3,60,Y,DIME,NA,NA,0,NA,NA,NA,NA,NA,NA,NA
2001,S,2001-03-23,JC,2,3,48,N,SPSP,F,A,104,N,NA,NA,NA,NA,NA,NA
2001,S,2001-03-23,JC,2,3,41,Y,DIME,NA,NA,0,NA,NA,NA,NA,NA,NA,NA
2001,S,2001-03-23,JC,2,3,37,N,SPSP,NA,J,82,N,NA,NA,NA,NA,NA,NA
2001,S,2001-03-24,JC,3,1,71,Y,DIME,NA,NA,0,NA,NA,NA,NA,NA,NA,NA
2001,S,2001-03-24,JC,3,1,68,Y,DIME,NA,NA,0,NA,NA,NA,NA,NA,NA,NA
2001,S,2001-03-24,JC,3,1,77,Y,DIME,NA,NA,0,NA,NA,NA,NA,NA,NA,NA
2001,S,2001-03-24,JC,3,1,84,N,DIME,M,A,45,Y,S,NA,NA,NA,NA,NA
2001,S,2001-03-24,JC,3,1,93,Y,DIME,NA,NA,0,NA,NA,NA,NA,NA,NA,NA
2001,S,2001-03-24,JC,3,1,109,Y,DIME,NA,NA,0,NA,NA,NA,NA,NA,NA,NA
2001,S,2001-03-24,JC,3,1,108,N,DIME,F,A,42,N,NA,NA,NA,NA,NA,NA
2001,S,2001-03-24,JC,3,1,118,Y,NEAL,NA,NA,0,NA,NA,NA,NA,NA,NA,NA
2001,S,2001-03-24,JC,3,1,127,Y,DIME,NA,NA,0,NA,NA,NA,NA,NA,NA,NA
2001,S,2001-03-24,JC,3,1,130,Y,DIME,NA,NA,0,NA,NA,NA,NA,NA,NA,NA
2001,S,2001-03-24,JC,3,1,144,Y,DIME,NA,NA,0,NA,NA,NA,NA,NA,NA,NA
2001,S,2001-03-24,JC,3,1,143,Y,DIME,NA,NA,0,NA,NA,NA,NA,NA,NA,NA
2001,S,2001-03-24,JC,3,1,140,Y,DIME,NA,NA,0,NA,NA,NA,NA,NA,NA,NA
2001,S,2001-03-24,JC,3,1,45,Y,DIME,NA,NA,0,NA,NA,NA,NA,NA,NA,NA
2001,S,2001-03-24,JC,3,1,48,Y,DIME,NA,NA,0,NA,NA,NA,NA,NA,NA,NA
2001,S,2001-03-24,JC,3,2,123,Y,DIME,NA,NA,0,NA,NA,NA,NA,NA,NA,NA
2001,S,2001-03-24,JC,3,2,128,Y,DIME,NA,NA,0,NA,NA,NA,NA,NA,NA,NA
2001,S,2001-03-24,JC,3,2,120,Y,DIME,NA,NA,0,NA,NA,NA,NA,NA,NA,NA
2001,S,2001-03-24,JC,3,2,119,Y,DIME,NA,NA,0,NA,NA,NA,NA,NA,NA,NA
2001,S,2001-03-24,JC,3,2,7,Y,SPSP,NA,NA,0,NA,NA,NA,NA,NA,NA,NA
2001,S,2001-03-24,JC,3,2,2,Y,DIME,NA,NA,0,NA,NA,NA,NA,NA,NA,NA
2001,S,2001-03-24,JC,3,2,41,N,DIME,F,A,39,N,NA,NA,NA,NA,NA,NA
2001,S,2001-03-24,JC,3,2,43,Y,DIME,NA,NA,0,NA,NA,NA,NA,NA,NA,NA
2001,S,2001-03-24,JC,3,2,48,Y,DIME,NA,NA,0,NA,NA,NA,NA,NA,NA,NA
2001,S,2001-03-24,JC,3,2,60,Y,NEAL,NA,NA,0,NA,NA,NA,NA,NA,NA,NA
2001,S,2001-03-24,JC,3,2,59,N,DIME,M,A,46,Y,S,NA,NA,NA,NA,NA
2001,S,2001-03-24,JC,3,2,58,Y,DIME,NA,NA,0,NA,NA,NA,NA,NA,NA,NA
2001,S,2001-03-24,JC,3,2,57,N,DIME,F,A,42,Y,V,NA,NA,NA,NA,NA
2001,S,2001-03-24,JC,3,2,56,Y,ONAR,NA,NA,0,NA,NA,NA,NA,NA,NA,NA
2001,S,2001-03-24,JC,3,3,129,Y,DIME,NA,NA,0,NA,NA,NA,NA,NA,NA,NA
2001,S,2001-03-24,JC,3,3,133,N,NEAL,M,A,185,Y,S,NA,NA,NA,NA,NA
2001,S,2001-03-24,JC,3,3,142,Y,DIME,NA,NA,0,NA,NA,NA,NA,NA,NA,NA
2001,S,2001-03-24,JC,3,3,143,Y,DIME,NA,NA,0,NA,NA,NA,NA,NA,NA,NA
2001,S,2001-03-24,JC,3,3,120,Y,DIME,NA,NA,0,NA,NA,NA,NA,NA,NA,NA
2001,S,2001-03-24,JC,3,3,17,Y,DIME,NA,NA,0,NA,NA,NA,NA,NA,NA,NA
2001,S,2001-03-24,JC,3,3,21,Y,DIME,NA,NA,0,NA,NA,NA,NA,NA,NA,NA
2001,S,2001-03-24,JC,3,3,23,Y,DIME,NA,NA,0,NA,NA,NA,NA,NA,NA,NA
2001,S,2001-03-24,JC,3,3,36,Y,DIME,NA,NA,0,NA,NA,NA,NA,NA,NA,NA
2001,S,2001-03-24,JC,3,3,37,N,SPSP,M,A,106,Y,S,NA,NA,NA,NA,NA
2001,S,2001-03-24,JC,3,3,43,N,DIME,F,A,40,N,NA,NA,NA,NA,NA,NA
2001,S,2001-03-24,JC,3,3,45,Y,DIME,NA,NA,0,NA,NA,NA,NA,NA,NA,NA
2001,S,2001-03-24,JC,3,3,60,Y,DIME,NA,NA,0,NA,NA,NA,NA,NA,NA,NA
2001,S,2001-03-22,JC,1,2,92,N,DIME,F,A,45,N,NA,NA,NA,NA,NA,NA
2001,S,2001-03-22,JC,1,2,95,N,DIME,M,A,0,N,NA,Y,M,NA,NA,NA
2001,S,2001-03-22,JC,1,2,96,N,DIME,F,A,44,N,NA,NA,NA,NA,NA,NA
2001,S,2001-03-22,JC,1,3,102,N,NEAL,NA,NA,0,NA,NA,Y,N,NA,NA,NA
2001,S,2001-03-22,JC,1,3,108,N,NEAL,NA,NA,0,NA,NA,Y,N,NA,NA,NA
2001,S,2001-03-22,JC,1,3,117,N,DIME,M,A,48,N,NA,NA,NA,NA,NA,NA
2001,S,2001-03-22,JC,1,3,116,N,PGFL,M,A,13,N,NA,NA,NA,NA,NA,NA
2001,S,2001-03-23,JC,2,1,50,Y,DIME,NA,NA,0,NA,NA,NA,NA,NA,NA,NA
2001,S,2001-03-23,JC,2,1,45,Y,DIME,NA,NA,0,NA,NA,NA,NA,NA,NA,NA
2001,S,2001-03-23,JC,2,1,48,Y,DIME,NA,NA,0,NA,NA,NA,NA,NA,NA,NA
2001,S,2001-03-23,JC,2,2,28,N,DIME,F,A,38,N,NA,NA,NA,NA,NA,NA
2001,S,2001-03-23,JC,2,2,31,Y,DIME,NA,NA,0,NA,NA,NA,NA,NA,NA,NA
2001,S,2001-03-23,JC,2,2,33,NA,NEAL,NA,NA,0,NA,NA,Y,U,NA,NA,NA
2001,S,2001-03-23,JC,2,2,36,Y,DIME,NA,NA,0,NA,NA,NA,NA,NA,NA,NA
2001,S,2001-03-23,JC,2,2,35,N,DIME,M,A,47,Y,PS,NA,NA,NA,NA,NA
2001,S,2001-03-23,JC,2,3,18,Y,DIME,NA,NA,0,NA,NA,NA,NA,NA,NA,NA
2001,S,2001-03-23,JC,2,3,21,Y,DIME,NA,NA,0,NA,NA,NA,NA,NA,NA,NA
2001,S,2001-03-23,JC,2,3,23,Y,DIME,NA,NA,0,NA,NA,NA,NA,NA,NA,NA
2001,S,2001-03-23,JC,2,3,24,Y,DIME,NA,NA,0,NA,NA,NA,NA,NA,NA,NA
2001,S,2001-03-23,JC,2,3,36,N,DIME,M,A,44,Y,PS,NA,NA,NA,NA,NA
2001,S,2001-03-23,JC,2,3,86,Y,DIME,NA,NA,0,NA,NA,NA,NA,NA,NA,NA
2001,S,2001-03-23,JC,2,3,89,Y,DIME,NA,NA,0,NA,NA,NA,NA,NA,NA,NA
2001,S,2001-03-23,JC,2,3,90,Y,DIME,NA,NA,0,NA,NA,NA,NA,NA,NA,NA
2001,S,2001-03-23,JC,2,3,92,Y,DIME,NA,NA,0,NA,NA,NA,NA,NA,NA,NA
2001,S,2001-03-23,JC,2,3,93,N,ONAR,M,A,24,Y,S,NA,NA,NA,NA,NA
2001,S,2001-03-23,JC,2,3,96,N,DIME,M,A,45,Y,S,NA,NA,NA,NA,NA
2001,S,2001-03-24,JC,3,1,31,Y,DIME,NA,NA,0,NA,NA,NA,NA,NA,NA,NA
2001,S,2001-03-24,JC,3,1,36,Y,DIME,NA,NA,0,NA,NA,NA,NA,NA,NA,NA
2001,S,2001-03-24,JC,3,2,34,Y,DIME,NA,NA,0,NA,NA,NA,NA,NA,NA,NA
2001,S,2001-03-24,JC,3,2,24,Y,DIME,NA,NA,0,NA,NA,NA,NA,NA,NA,NA
2001,S,2001-03-24,JC,3,2,89,N,CHPE,M,A,14,N,NA,NA,NA,NA,NA,NA
2001,S,2001-03-24,JC,3,2,76,Y,DIME,NA,NA,0,NA,NA,NA,NA,NA,NA,NA
2001,S,2001-03-24,JC,3,2,79,N,DIME,M,A,45,N,NA,NA,NA,NA,NA,NA
2001,S,2001-03-24,JC,3,2,81,N,NEAL,M,A,182,N,NA,NA,NA,NA,NA,NA
2001,S,2001-03-24,JC,3,3,94,Y,NEAL,NA,NA,0,NA,NA,NA,NA,NA,NA,NA
2001,S,2001-03-24,JC,3,3,96,Y,DIME,NA,NA,0,NA,NA,NA,NA,NA,NA,NA
2001,S,2001-03-24,JC,3,3,95,N,DIOR,F,A,49,Y,V,NA,NA,NA,NA,NA
2001,S,2001-03-24,JC,3,3,72,Y,DIME,NA,NA,0,NA,NA,NA,NA,NA,NA,NA
2001,S,2001-03-24,JC,3,3,68,Y,DIME,NA,NA,0,NA,NA,NA,NA,NA,NA,NA
2001,S,2001-03-22,JC,1,1,56,N,DIME,F,A,42,N,NA,NA,NA,NA,NA,NA
2001,S,2001-03-22,JC,1,1,57,N,DIME,F,A,37,N,NA,NA,NA,NA,NA,NA
2001,S,2001-03-22,JC,1,1,59,N,DIME,M,A,53,N,NA,NA,NA,NA,NA,NA
2001,S,2001-03-22,JC,1,1,60,N,DIME,M,A,49,Y,S,NA,NA,NA,NA,NA
2001,S,2001-03-22,JC,1,1,48,N,DIME,M,A,50,Y,S,NA,NA,NA,NA,NA
2001,S,2001-03-22,JC,1,1,45,N,DIME,M,A,47,Y,S,NA,NA,NA,NA,NA
2001,S,2001-03-22,JC,1,1,44,N,DIME,F,A,39,N,NA,NA,NA,NA,NA,NA
2001,S,2001-03-22,JC,1,1,34,N,DIME,M,A,42,Y,S,NA,NA,NA,NA,NA
2001,S,2001-03-22,JC,1,1,17,N,DIME,M,A,40,Y,S,NA,NA,NA,NA,NA
2001,S,2001-03-22,JC,1,2,104,N,DIME,F,A,40,N,NA,NA,NA,NA,NA,NA
2001,S,2001-03-22,JC,1,2,106,N,DIME,F,A,40,N,NA,NA,NA,NA,1,NA
2001,S,2001-03-22,JC,1,2,7,N,DIME,M,A,49,Y,S,NA,NA,NA,NA,NA
2001,S,2001-03-22,JC,1,2,11,N,DIME,M,A,47,Y,S,NA,NA,NA,NA,NA
2001,S,2001-03-22,JC,1,2,12,N,DIME,F,A,39,N,NA,NA,NA,NA,NA,NA
2001,S,2001-03-22,JC,1,2,142,N,DIME,F,A,44,N,NA,NA,NA,NA,NA,NA
2001,S,2001-03-22,JC,1,2,141,N,DIME,F,A,44,N,NA,NA,NA,NA,NA,NA
2001,S,2001-03-22,JC,1,3,89,N,DIME,M,A,45,Y,S,NA,NA,NA,NA,NA
2001,S,2001-03-22,JC,1,3,93,N,DIME,M,A,41,Y,S,NA,NA,NA,NA,NA
2001,S,2001-03-22,JC,1,3,97,N,NEAL,F,A,170,N,NA,NA,NA,NA,NA,NA
2001,S,2001-03-22,JC,1,3,95,N,NEAL,M,A,160,N,NA,NA,NA,NA,NA,NA
2001,S,2001-03-22,JC,1,3,78,N,DIME,M,A,50,Y,S,NA,NA,NA,NA,NA
2001,S,2001-03-22,JC,1,3,66,N,DIME,M,A,42,N,NA,NA,NA,NA,NA,NA
2001,S,2001-03-22,JC,1,3,70,N,DIME,F,A,41,N,NA,NA,NA,NA,NA,NA
2001,S,2001-03-22,JC,1,3,60,N,DIME,F,A,39,N,NA,NA,NA,NA,NA,NA
2001,S,2001-03-22,JC,1,3,119,N,NEAL,F,A,165,Y,L,NA,NA,NA,NA,NA
2001,S,2001-03-23,JC,2,1,127,N,DIME,F,A,42,N,NA,NA,NA,NA,NA,NA
2001,S,2001-03-23,JC,2,1,144,N,DIME,M,A,45,Y,S,NA,NA,NA,NA,NA
2001,S,2001-03-23,JC,2,1,143,N,DIME,M,A,41,Y,S,NA,NA,NA,NA,NA
2001,S,2001-03-23,JC,2,1,140,Y,DIME,NA,NA,0,NA,NA,NA,NA,NA,NA,NA
2001,S,2001-03-23,JC,2,1,138,Y,SIHI,NA,NA,0,NA,NA,NA,NA,NA,NA,NA
2001,S,2001-03-23,JC,2,1,10,Y,DIME,NA,NA,0,NA,NA,NA,NA,NA,NA,NA
2001,S,2001-03-23,JC,2,2,132,Y,DIME,NA,NA,0,NA,NA,NA,NA,NA,NA,NA
2001,S,2001-03-23,JC,2,2,128,Y,DIME,NA,NA,0,NA,NA,NA,NA,NA,NA,NA
2001,S,2001-03-23,JC,2,2,125,Y,SPSP,NA,NA,0,NA,NA,NA,NA,NA,NA,NA
2001,S,2001-03-23,JC,2,2,46,N,NEAL,F,A,155,N,NA,NA,NA,NA,NA,NA
2001,S,2001-03-23,JC,2,2,59,N,DIME,F,A,43,N,NA,NA,NA,NA,NA,NA
2001,S,2001-03-23,JC,2,2,58,Y,DIME,NA,NA,0,NA,NA,NA,NA,NA,NA,NA
2001,S,2001-03-23,JC,2,2,66,N,DIME,F,A,42,N,NA,NA,NA,NA,NA,NA
2001,S,2001-03-23,JC,2,2,84,N,DIME,M,A,51,Y,S,NA,NA,NA,NA,NA
2001,S,2001-03-23,JC,2,2,83,Y,DIME,NA,NA,0,NA,NA,NA,NA,NA,NA,NA
2001,S,2001-03-23,JC,2,2,81,Y,ONAR,NA,NA,0,NA,NA,NA,NA,NA,NA,NA
2001,S,2001-03-23,JC,2,2,79,N,DIME,M,A,49,N,NA,NA,NA,NA,NA,NA
2001,S,2001-03-23,JC,2,2,75,Y,DIME,NA,NA,0,NA,NA,NA,NA,NA,NA,NA
2001,S,2001-03-23,JC,2,3,104,N,ONAR,F,A,24,N,NA,NA,NA,NA,NA,NA
2001,S,2001-03-23,JC,2,3,105,Y,SIHI,NA,NA,0,NA,NA,NA,NA,NA,NA,NA
2001,S,2001-03-23,JC,2,3,109,Y,NEAL,NA,NA,0,NA,NA,NA,NA,NA,NA,NA
2001,S,2001-03-23,JC,2,3,117,Y,PGFL,NA,NA,0,NA,NA,NA,NA,NA,NA,NA
2001,S,2001-03-23,JC,2,3,112,N,PGFL,M,A,15,Y,S,NA,NA,NA,NA,NA
2001,S,2001-03-23,JC,2,3,72,N,DIME,M,A,50,Y,S,NA,NA,NA,NA,NA
2001,S,2001-03-23,JC,2,3,83,N,DIME,F,A,42,N,NA,NA,NA,NA,NA,NA
2001,S,2001-03-23,JC,2,3,73,Y,ONAR,NA,NA,0,NA,NA,NA,NA,NA,NA,NA
2001,S,2001-03-24,JC,3,1,60,Y,DIME,NA,NA,0,NA,NA,NA,NA,NA,NA,NA
2001,S,2001-03-24,JC,3,1,56,Y,DIME,NA,NA,0,NA,NA,NA,NA,NA,NA,NA
2001,S,2001-03-24,JC,3,1,51,N,ONAR,F,A,15,N,NA,NA,NA,NA,NA,NA
2001,S,2001-03-24,JC,3,1,24,Y,DIME,NA,NA,0,NA,NA,NA,NA,NA,NA,NA
2001,S,2001-03-24,JC,3,1,17,N,ONAR,M,A,19,N,NA,NA,NA,NA,NA,NA
2001,S,2001-03-24,JC,3,2,119,N,NEAL,F,A,150,N,NA,NA,NA,NA,NA,NA
2001,S,2001-03-24,JC,3,2,102,Y,DIME,NA,NA,0,NA,NA,NA,NA,NA,NA,NA
2001,S,2001-03-24,JC,3,2,107,Y,DIME,NA,NA,0,NA,NA,NA,NA,NA,NA,NA
2001,S,2001-03-24,JC,3,2,96,Y,DIME,NA,NA,0,NA,NA,NA,NA,NA,NA,NA
2001,S,2001-03-24,JC,3,2,66,Y,DIME,NA,NA,0,NA,NA,NA,NA,NA,NA,NA
2001,S,2001-03-24,JC,3,2,84,N,DIME,M,A,45,N,NA,NA,NA,NA,NA,NA
2001,S,2001-03-24,JC,3,2,82,Y,DIME,NA,NA,0,NA,NA,NA,NA,NA,NA,NA
2001,S,2001-03-24,JC,3,3,119,Y,NEAL,NA,NA,0,NA,NA,NA,NA,NA,NA,NA
2001,S,2001-03-24,JC,3,3,117,Y,DIME,NA,NA,0,NA,NA,NA,NA,NA,NA,NA
2001,S,2001-03-24,JC,3,3,113,N,ONAR,M,A,21,N,NA,NA,NA,NA,NA,NA
2001,S,2001-03-24,JC,3,3,100,Y,ONAR,NA,NA,0,NA,NA,NA,NA,NA,NA,NA
2001,S,2001-03-24,JC,3,3,105,Y,SIHI,NA,NA,0,NA,NA,NA,NA,NA,NA,NA
2001,S,2001-03-24,JC,3,3,107,N,DIME,M,A,47,N,NA,NA,NA,NA,NA,NA
2001,S,2001-03-24,JC,3,3,78,Y,DIME,NA,NA,0,NA,NA,NA,NA,NA,NA,NA
2001,S,2001-03-24,JC,3,3,83,Y,DIME,NA,NA,0,NA,NA,NA,NA,NA,NA,NA
2002,S,2002-04-09,JC,1,3,117,N,DIME,M,A,42,N,NA,NA,NA,NA,NA,NA
2002,S,2002-04-09,JC,1,3,6,N,DIME,F,A,41,N,NA,NA,NA,NA,NA,NA
2002,S,2002-04-09,JC,1,1,138,N,CHPE,M,A,9,N,NA,NA,NA,NA,NA,NA
2002,S,2002-04-10,JC,2,3,19,Y,DIME,NA,NA,0,NA,NA,NA,NA,NA,NA,NA
2002,S,2002-04-10,JC,2,1,142,Y,DIME,NA,NA,0,NA,NA,NA,NA,NA,NA,NA
2002,S,2002-04-11,JC,3,3,17,Y,DIME,NA,NA,0,NA,NA,NA,NA,NA,NA,NA
2002,S,2002-04-11,JC,3,2,121,N,SPSP,M,A,88,N,NA,NA,NA,NA,NA,NA
2002,S,2002-04-09,JC,1,3,58,N,ONAR,F,A,30,Y,P,NA,NA,NA,NA,NA
2002,S,2002-04-09,JC,1,3,65,N,DIME,M,A,39,Y,S,NA,NA,NA,NA,NA
2002,S,2002-04-09,JC,1,3,90,N,ONAR,F,A,28,N,NA,NA,NA,NA,NA,NA
2002,S,2002-04-09,JC,1,2,70,N,DIME,F,A,44,N,NA,NA,NA,NA,1,NA
2002,S,2002-04-09,JC,1,2,77,N,DIME,M,A,48,Y,PS,NA,NA,NA,NA,NA
2002,S,2002-04-09,JC,1,1,21,N,DIME,F,A,40,N,NA,NA,NA,NA,NA,NA
2002,S,2002-04-09,JC,1,1,34,N,DIME,M,A,49,N,NA,NA,NA,NA,NA,NA
2002,S,2002-04-10,JC,2,3,46,N,DIME,F,A,34,N,NA,NA,NA,NA,NA,NA
2002,S,2002-04-10,JC,2,3,47,Y,ONAR,NA,NA,0,NA,NA,NA,NA,NA,NA,NA
2002,S,2002-04-10,JC,2,3,12,Y,DIME,NA,NA,0,NA,NA,NA,NA,NA,NA,NA
2002,S,2002-04-10,JC,2,3,95,N,DIME,M,A,45,N,NA,NA,NA,NA,NA,NA
2002,S,2002-04-10,JC,2,3,105,Y,DIME,NA,NA,0,NA,NA,NA,NA,NA,NA,NA
2002,S,2002-04-10,JC,2,3,101,N,ONAR,M,A,22,N,NA,NA,NA,NA,NA,NA
2002,S,2002-04-10,JC,2,2,48,Y,DIME,NA,NA,0,NA,NA,NA,NA,NA,NA,NA
2002,S,2002-04-10,JC,2,2,30,N,DIME,F,A,50,N,NA,NA,NA,NA,NA,NA
2002,S,2002-04-10,JC,2,1,50,Y,DIME,NA,NA,0,NA,NA,NA,NA,NA,NA,NA
2002,S,2002-04-10,JC,2,1,96,N,DIME,F,A,40,N,NA,NA,NA,NA,NA,NA
2002,S,2002-04-10,JC,2,1,93,N,DIME,M,A,47,N,NA,NA,NA,NA,NA,NA
2002,S,2002-04-11,JC,3,3,94,Y,DIME,NA,NA,0,NA,NA,NA,NA,NA,NA,NA
2002,S,2002-04-11,JC,3,3,93,Y,ONAR,NA,NA,0,NA,NA,NA,NA,NA,NA,NA
2002,S,2002-04-11,JC,3,3,92,Y,ONAR,NA,NA,0,NA,NA,NA,NA,NA,NA,NA
2002,S,2002-04-11,JC,3,3,141,Y,DIME,NA,NA,0,NA,NA,NA,NA,NA,NA,NA
2002,S,2002-04-11,JC,3,3,104,Y,DIME,NA,NA,0,NA,NA,NA,NA,NA,NA,NA
2002,S,2002-04-11,JC,3,3,60,Y,DIME,NA,NA,0,NA,NA,NA,NA,NA,NA,NA
2002,S,2002-04-11,JC,3,3,10,Y,DIME,NA,NA,0,NA,NA,NA,NA,NA,NA,NA
2002,S,2002-04-11,JC,3,2,31,Y,DIME,NA,NA,0,NA,NA,NA,NA,NA,NA,NA
2002,S,2002-04-11,JC,3,2,77,Y,DIME,NA,NA,0,NA,NA,NA,NA,NA,NA,NA
2002,S,2002-04-11,JC,3,1,58,N,SPSP,M,A,88,Y,S,NA,NA,NA,NA,NA
2002,S,2002-04-11,JC,3,1,42,Y,DIME,NA,NA,0,NA,NA,NA,NA,NA,NA,NA
2002,S,2002-04-11,JC,3,1,96,Y,DIME,NA,NA,0,NA,NA,NA,NA,NA,NA,NA
2002,S,2002-04-11,JC,3,1,53,Y,DIME,NA,NA,0,NA,NA,NA,NA,NA,NA,NA
2003,S,2003-04-08,JC,1,1,103,N,DIME,F,A,45,N,NA,NA,NA,NA,5,NA
2003,S,2003-04-08,JC,1,1,107,N,DIME,M,A,42,Y,PS,NA,NA,NA,NA,NA
2003,S,2003-04-08,JC,1,1,119,N,DIME,F,A,50,Y,L,NA,NA,NA,NA,NA
2003,S,2003-04-08,JC,1,1,132,N,DIME,NA,J,23,N,NA,NA,NA,NA,NA,NA
2003,S,2003-04-08,JC,1,1,143,N,DIME,F,A,50,Y,L;V,NA,NA,NA,NA,NA
2003,S,2003-04-08,JC,1,1,142,N,DIME,M,A,43,Y,PS,NA,NA,NA,NA,NA
2003,S,2003-04-08,JC,1,1,141,N,DIME,M,A,51,Y,S,NA,NA,NA,NA,NA
2003,S,2003-04-08,JC,1,1,140,N,DIME,M,A,50,Y,S,NA,NA,NA,NA,NA
2003,S,2003-04-08,JC,1,1,138,N,CHPE,M,A,10,N,NA,NA,NA,NA,NA,NA
2003,S,2003-04-08,JC,1,1,12,N,DIME,M,A,52,Y,S,NA,NA,NA,NA,NA
2003,S,2003-04-08,JC,1,1,31,N,DIME,M,A,42,Y,S,NA,NA,NA,NA,NA
2003,S,2003-04-08,JC,1,2,19,N,DIME,M,A,50,Y,S,NA,NA,NA,7,NA
2003,S,2003-04-08,JC,1,2,1,N,CHPE,M,A,15,Y,S,NA,NA,NA,NA,NA
2003,S,2003-04-08,JC,1,2,5,N,DIME,F,A,45,Y,L;V,NA,NA,NA,NA,NA
2003,S,2003-04-08,JC,1,2,6,N,DIME,M,A,44,Y,S,NA,NA,NA,NA,NA
2003,S,2003-04-08,JC,1,2,12,N,DIME,M,A,50,Y,S,NA,NA,NA,NA,NA
2003,S,2003-04-08,JC,1,2,122,N,DIME,M,A,36,Y,PS,NA,NA,NA,NA,NA
2003,S,2003-04-08,JC,1,2,124,N,CHPE,M,A,18,Y,S,NA,NA,NA,NA,NA
2003,S,2003-04-08,JC,1,2,132,N,DIOR,M,A,48,Y,S,NA,NA,NA,NA,NA
2003,S,2003-04-08,JC,1,2,118,N,DIME,F,A,42,Y,P,NA,NA,NA,NA,NA
2003,S,2003-04-08,JC,1,2,97,N,CHPE,M,A,15,Y,S,NA,NA,NA,NA,NA
2003,S,2003-04-08,JC,1,2,99,N,DIME,F,A,49,Y,L;V,NA,NA,NA,NA,NA
2003,S,2003-04-08,JC,1,2,102,N,DIME,M,A,46,Y,S,NA,NA,NA,NA,NA
2003,S,2003-04-08,JC,1,2,103,N,DIME,M,A,51,Y,PS,NA,NA,NA,NA,NA
2003,S,2003-04-08,JC,1,2,94,N,DIME,M,A,47,Y,S,NA,NA,NA,NA,NA
2003,S,2003-04-08,JC,1,2,76,N,DIME,M,A,46,Y,S,NA,NA,NA,NA,NA
2003,S,2003-04-08,JC,1,2,81,N,DIOR,F,A,52,Y,L,NA,NA,NA,NA,NA
2003,S,2003-04-08,JC,1,3,98,N,DIME,F,A,44,Y,L;V,NA,NA,NA,5,NA
2003,S,2003-04-08,JC,1,3,1,N,PELE,M,A,21,Y,S,NA,NA,NA,NA,NA
2003,S,2003-04-08,JC,1,3,94,N,DIOR,M,A,58,Y,S,NA,NA,NA,NA,NA
2003,S,2003-04-08,JC,1,3,93,N,PELE,M,A,19,Y,S,NA,NA,NA,NA,NA
2003,S,2003-04-08,JC,1,3,116,N,CHPE,M,A,19,Y,PS,NA,NA,NA,NA,NA
2003,S,2003-04-08,JC,1,3,119,N,DIME,F,A,42,Y,L,NA,NA,NA,NA,NA
2003,S,2003-04-08,JC,1,3,20,N,DIME,M,A,31,Y,PS,NA,NA,NA,NA,NA
2003,S,2003-04-08,JC,1,3,23,N,DIME,F,A,44,Y,L,NA,NA,NA,NA,NA
2003,S,2003-04-08,JC,1,3,35,N,CHPE,F,A,13,N,NA,NA,NA,NA,NA,NA
2003,S,2003-04-08,JC,1,3,30,N,DIME,M,A,45,Y,S,NA,NA,NA,NA,NA
2003,S,2003-04-08,JC,1,3,55,N,DIME,M,A,33,Y,S,NA,NA,NA,NA,NA
2003,S,2003-04-08,JC,1,3,58,N,DIME,M,A,49,Y,S,NA,NA,NA,NA,NA
2003,S,2003-04-09,JC,2,1,70,N,ONLE,M,A,36,N,NA,NA,NA,NA,NA,NA
2003,S,2003-04-09,JC,2,1,62,Y,CHPE,NA,NA,0,NA,NA,NA,NA,NA,NA,NA
2003,S,2003-04-09,JC,2,1,23,N,DIME,M,A,45,Y,S,NA,NA,NA,5,NA
2003,S,2003-04-09,JC,2,1,15,Y,DIME,NA,NA,0,NA,NA,NA,NA,NA,NA,NA
2003,S,2003-04-09,JC,2,1,128,Y,DIME,NA,NA,0,NA,NA,NA,NA,NA,NA,NA
2003,S,2003-04-09,JC,2,1,129,N,DIME,M,A,48,Y,S,NA,NA,NA,NA,NA
2003,S,2003-04-09,JC,2,1,132,Y,DIME,NA,NA,0,NA,NA,NA,NA,NA,NA,NA
2003,S,2003-04-09,JC,2,1,117,Y,DIME,NA,NA,0,NA,NA,NA,NA,NA,NA,NA
2003,S,2003-04-09,JC,2,1,113,Y,DIME,NA,NA,0,NA,NA,NA,NA,NA,NA,NA
2003,S,2003-04-09,JC,2,2,9,N,CHPE,M,A,15,Y,S,NA,NA,NA,8,NA
2003,S,2003-04-09,JC,2,2,5,Y,DIME,NA,NA,0,NA,NA,NA,NA,NA,NA,NA
2003,S,2003-04-09,JC,2,2,132,Y,DIOR,NA,NA,0,NA,NA,NA,NA,NA,NA,NA
2003,S,2003-04-09,JC,2,2,128,N,DIME,NA,J,21,N,NA,NA,NA,NA,NA,NA
2003,S,2003-04-09,JC,2,2,121,Y,DIME,NA,NA,0,NA,NA,NA,NA,NA,NA,NA
2003,S,2003-04-09,JC,2,2,114,N,CHPE,M,A,19,Y,S,NA,NA,NA,NA,NA
2003,S,2003-04-09,JC,2,2,116,Y,DIME,NA,NA,0,NA,NA,NA,NA,NA,NA,NA
2003,S,2003-04-09,JC,2,2,119,N,DIME,F,A,43,Y,L,NA,NA,NA,NA,NA
2003,S,2003-04-09,JC,2,2,120,N,DIME,NA,J,24,N,NA,NA,NA,NA,NA,NA
2003,S,2003-04-09,JC,2,2,108,Y,DIME,NA,NA,0,NA,NA,NA,NA,NA,NA,NA
2003,S,2003-04-09,JC,2,2,102,Y,DIME,NA,NA,0,NA,NA,NA,NA,NA,NA,NA
2003,S,2003-04-09,JC,2,2,100,N,CHPE,M,A,16,Y,S,NA,NA,NA,NA,NA
2003,S,2003-04-09,JC,2,2,99,Y,DIME,NA,NA,0,NA,NA,NA,NA,NA,NA,NA
2003,S,2003-04-09,JC,2,2,97,Y,CHPE,NA,NA,0,NA,NA,NA,NA,NA,NA,NA
2003,S,2003-04-09,JC,2,2,93,Y,DIME,NA,NA,0,NA,NA,NA,NA,NA,NA,NA
2003,S,2003-04-09,JC,2,2,94,N,CHPE,F,A,14,Y,V,NA,NA,NA,NA,NA
2003,S,2003-04-09,JC,2,2,76,Y,DIME,NA,NA,0,NA,NA,NA,NA,NA,NA,NA
2003,S,2003-04-09,JC,2,3,131,N,DIME,F,A,43,Y,L,NA,NA,NA,NA,NA
2003,S,2003-04-09,JC,2,3,17,Y,DIME,NA,NA,0,NA,NA,NA,NA,NA,NA,NA
2003,S,2003-04-09,JC,2,3,20,N,DIME,M,A,51,Y,S,NA,NA,NA,NA,NA
2003,S,2003-04-09,JC,2,3,23,Y,DIME,NA,NA,0,NA,NA,NA,NA,NA,NA,NA
2003,S,2003-04-09,JC,2,3,35,Y,CHPE,NA,NA,0,NA,NA,NA,NA,NA,NA,NA
2003,S,2003-04-09,JC,2,3,31,N,DIME,M,A,45,Y,PS,NA,NA,NA,NA,NA
2003,S,2003-04-09,JC,2,3,30,Y,DIME,NA,NA,0,NA,NA,NA,NA,NA,NA,NA
2003,S,2003-04-09,JC,2,3,39,Y,DIME,NA,NA,0,NA,NA,NA,NA,NA,NA,NA
2003,S,2003-04-09,JC,2,3,45,N,PGFL,F,A,8,Y,L,NA,NA,NA,NA,NA
2003,S,2003-04-09,JC,2,3,46,N,DIME,M,A,48,Y,PS,NA,NA,NA,NA,NA
2003,S,2003-04-09,JC,2,3,48,Y,DIME,NA,NA,0,NA,NA,NA,NA,NA,NA,NA
2003,S,2003-04-09,JC,2,3,59,N,DIME,NA,J,31,N,NA,NA,NA,NA,NA,NA
2003,S,2003-04-09,JC,2,3,55,Y,DIME,NA,NA,0,NA,NA,NA,NA,NA,NA,NA
2003,S,2003-04-09,JC,2,3,61,Y,DIME,NA,NA,0,NA,NA,NA,NA,NA,NA,NA
2003,S,2003-04-09,JC,2,3,68,Y,DIME,NA,NA,0,NA,NA,NA,NA,NA,NA,NA
2003,S,2003-04-09,JC,2,3,83,Y,DIME,NA,NA,0,NA,NA,NA,NA,NA,3,NA
2003,S,2003-04-10,JC,3,1,66,N,ONAR,NA,J,16,N,NA,NA,NA,NA,5,NA
2003,S,2003-04-10,JC,3,1,55,Y,DIME,NA,NA,0,NA,NA,NA,NA,NA,NA,NA
2003,S,2003-04-10,JC,3,1,58,Y,DIME,NA,NA,0,NA,NA,NA,NA,NA,NA,NA
2003,S,2003-04-10,JC,3,1,59,N,PGFL,M,A,9,Y,S,NA,NA,NA,NA,NA
2003,S,2003-04-10,JC,3,1,45,Y,DIME,NA,NA,0,NA,NA,NA,NA,NA,NA,NA
2003,S,2003-04-10,JC,3,1,22,N,ONAR,M,A,17,N,NA,NA,NA,NA,NA,NA
2003,S,2003-04-10,JC,3,2,40,Y,CHPE,NA,NA,0,NA,NA,NA,NA,NA,NA,NA
2003,S,2003-04-10,JC,3,2,41,Y,DIME,NA,NA,0,NA,NA,NA,NA,NA,NA,NA
2003,S,2003-04-10,JC,3,2,47,N,DIME,M,A,57,Y,S,NA,NA,NA,NA,NA
2003,S,2003-04-10,JC,3,2,48,Y,DIOR,NA,NA,0,NA,NA,NA,NA,NA,NA,NA
2003,S,2003-04-10,JC,3,2,36,Y,DIME,NA,NA,0,NA,NA,NA,NA,NA,NA,NA
2003,S,2003-04-10,JC,3,2,35,N,PGFL,NA,J,5,N,NA,NA,NA,NA,NA,NA
2003,S,2003-04-10,JC,3,2,32,Y,DIME,NA,NA,0,NA,NA,NA,NA,NA,NA,NA
2003,S,2003-04-10,JC,3,2,31,N,SPSP,M,A,110,Y,S,NA,NA,NA,NA,NA
2003,S,2003-04-10,JC,3,2,30,Y,DIME,NA,NA,0,NA,NA,NA,NA,NA,NA,NA
2003,S,2003-04-10,JC,3,2,28,N,PELE,M,A,21,Y,S,NA,NA,NA,NA,NA
2003,S,2003-04-10,JC,3,2,73,N,CHPE,M,A,17,Y,S,NA,NA,NA,NA,NA
2003,S,2003-04-10,JC,3,2,75,Y,DIME,NA,NA,0,NA,NA,NA,NA,NA,NA,NA
2003,S,2003-04-10,JC,3,2,76,Y,DIME,NA,NA,0,NA,NA,NA,NA,NA,NA,NA
2003,S,2003-04-10,JC,3,2,77,Y,DIME,NA,NA,0,NA,NA,NA,NA,NA,NA,NA
2003,S,2003-04-10,JC,3,2,81,Y,DIOR,NA,NA,0,NA,NA,NA,NA,NA,NA,NA
2003,S,2003-04-10,JC,3,2,84,Y,DIOR,NA,NA,0,NA,NA,NA,NA,NA,NA,NA
2003,S,2003-04-10,JC,3,3,119,Y,DIME,NA,NA,0,NA,NA,NA,NA,NA,NA,NA
2003,S,2003-04-10,JC,3,3,118,Y,DIME,NA,NA,0,NA,NA,NA,NA,NA,NA,NA
2003,S,2003-04-10,JC,3,3,117,N,SPSP,F,A,140,Y,P,NA,NA,NA,NA,NA
2003,S,2003-04-10,JC,3,3,115,Y,DIME,NA,NA,0,NA,NA,NA,NA,NA,NA,NA
2003,S,2003-04-10,JC,3,3,125,Y,DIME,NA,NA,0,NA,NA,NA,NA,NA,NA,NA
2003,S,2003-04-10,JC,3,3,131,N,CHPE,F,A,15,Y,L,NA,NA,NA,NA,NA
2003,S,2003-04-10,JC,3,3,144,Y,DIME,NA,NA,0,NA,NA,NA,NA,NA,NA,NA
2003,S,2003-04-10,JC,3,3,142,Y,DIME,NA,NA,0,NA,NA,NA,NA,NA,NA,NA
2003,S,2003-04-10,JC,3,3,141,Y,DIME,NA,NA,0,NA,NA,NA,NA,NA,NA,NA
2003,S,2003-04-10,JC,3,3,140,N,PGFL,M,A,8,Y,S,NA,NA,NA,NA,NA
2003,S,2003-04-10,JC,3,3,4,N,PGFL,M,A,9,N,NA,NA,NA,NA,NA,NA
2003,S,2003-04-10,JC,3,3,11,N,DIME,M,A,46,Y,PS,NA,NA,NA,NA,NA
2003,S,2003-04-10,JC,3,3,24,Y,DIME,NA,NA,0,NA,NA,NA,NA,NA,NA,NA
2003,S,2003-04-10,JC,3,3,23,Y,DIME,NA,NA,0,NA,NA,NA,NA,NA,NA,NA
2003,S,2003-04-10,JC,3,3,20,Y,DIME,NA,NA,0,NA,NA,NA,NA,NA,NA,NA
2003,S,2003-04-10,JC,3,3,18,N,DIME,M,A,49,Y,S,NA,NA,NA,NA,NA
2003,S,2003-04-08,JC,1,2,47,N,DIME,F,A,51,N,NA,NA,NA,NA,NA,NA
2003,S,2003-04-08,JC,1,2,40,N,DIME,NA,J,35,N,NA,NA,NA,NA,NA,NA
2003,S,2003-04-08,JC,1,2,84,N,DIME,M,A,41,Y,S,NA,NA,NA,NA,NA
2003,S,2003-04-08,JC,1,3,131,N,DIME,M,A,45,Y,S,NA,NA,NA,NA,NA
2003,S,2003-04-08,JC,1,3,128,N,DIME,M,A,50,Y,S,NA,NA,NA,NA,NA
2003,S,2003-04-08,JC,1,3,86,N,DIOR,M,A,73,Y,S,NA,NA,NA,NA,NA
2003,S,2003-04-08,JC,1,3,87,N,DIOR,M,A,68,Y,S,NA,NA,NA,NA,NA
2003,S,2003-04-08,JC,1,3,92,N,DIOR,F,A,41,Y,V,NA,NA,NA,NA,NA
2003,S,2003-04-08,JC,1,3,84,N,DIME,M,A,54,Y,S,NA,NA,NA,NA,NA
2003,S,2003-04-08,JC,1,3,83,N,DIME,M,A,51,Y,S,NA,NA,NA,NA,NA
2003,S,2003-04-08,JC,1,3,82,N,DIME,F,A,53,Y,L,NA,NA,NA,NA,NA
2003,S,2003-04-09,JC,2,1,87,Y,DIME,NA,NA,0,NA,NA,NA,NA,NA,NA,NA
2003,S,2003-04-09,JC,2,1,95,Y,DIME,NA,NA,0,NA,NA,NA,NA,NA,NA,NA
2003,S,2003-04-09,JC,2,1,84,Y,DIME,NA,NA,0,NA,NA,NA,NA,NA,NA,NA
2003,S,2003-04-09,JC,2,1,83,Y,DIME,NA,NA,0,NA,NA,NA,NA,NA,NA,NA
2003,S,2003-04-09,JC,2,1,104,Y,DIME,NA,NA,0,NA,NA,NA,NA,NA,NA,NA
2003,S,2003-04-09,JC,2,2,35,N,DIOR,F,A,61,Y,L,NA,NA,NA,NA,NA
2003,S,2003-04-09,JC,2,2,34,Y,DIME,NA,NA,0,NA,NA,NA,NA,NA,NA,NA
2003,S,2003-04-09,JC,2,2,33,Y,DIME,NA,NA,0,NA,NA,NA,NA,NA,NA,NA
2003,S,2003-04-09,JC,2,2,31,N,DIME,F,A,49,Y,L,NA,NA,NA,NA,NA
2003,S,2003-04-09,JC,2,2,30,N,DIME,M,A,50,Y,S,NA,NA,NA,NA,NA
2003,S,2003-04-09,JC,2,2,66,Y,DIME,NA,NA,0,NA,NA,NA,NA,NA,NA,NA
2003,S,2003-04-09,JC,2,2,69,Y,DIME,NA,NA,0,NA,NA,NA,NA,NA,NA,NA
2003,S,2003-04-09,JC,2,2,71,Y,DIOR,NA,NA,0,NA,NA,NA,NA,NA,NA,NA
2003,S,2003-04-09,JC,2,2,72,Y,DIME,NA,NA,0,NA,NA,NA,NA,NA,NA,NA
2003,S,2003-04-09,JC,2,2,84,Y,DIOR,NA,NA,0,NA,NA,NA,NA,NA,NA,NA
2003,S,2003-04-09,JC,2,3,99,Y,DIOR,NA,NA,0,NA,NA,NA,NA,NA,NA,NA
2003,S,2003-04-09,JC,2,3,105,N,SIHI,M,A,110,N,NA,NA,NA,NA,NA,NA
2003,S,2003-04-09,JC,2,3,96,Y,DIME,NA,NA,0,NA,NA,NA,NA,NA,NA,NA
2003,S,2003-04-09,JC,2,3,92,N,CHPE,M,A,11,Y,S,NA,NA,NA,NA,NA
2003,S,2003-04-09,JC,2,3,91,Y,DIOR,NA,NA,0,NA,NA,NA,NA,NA,NA,NA
2003,S,2003-04-09,JC,2,3,89,Y,DIOR,NA,NA,0,NA,NA,NA,NA,NA,NA,NA
2003,S,2003-04-09,JC,2,3,117,Y,DIME,NA,NA,0,NA,NA,NA,NA,NA,NA,NA
2003,S,2003-04-09,JC,2,3,119,Y,CHPE,NA,NA,0,NA,NA,NA,NA,NA,NA,NA
2003,S,2003-04-10,JC,3,1,86,Y,DIME,NA,NA,0,NA,NA,NA,NA,NA,NA,NA
2003,S,2003-04-10,JC,3,1,87,N,SPSP,M,A,102,Y,S,NA,NA,NA,NA,NA
2003,S,2003-04-10,JC,3,1,92,N,DIME,M,A,54,Y,S,NA,NA,NA,NA,NA
2003,S,2003-04-10,JC,3,1,96,Y,DIME,NA,NA,0,NA,NA,NA,NA,NA,NA,NA
2003,S,2003-04-10,JC,3,1,84,N,DIME,M,A,42,Y,PS,NA,NA,NA,NA,NA
2003,S,2003-04-10,JC,3,1,82,N,DIME,F,A,33,Y,V,NA,NA,NA,NA,NA
2003,S,2003-04-10,JC,3,1,139,N,DIME,M,A,53,Y,PS,NA,NA,NA,NA,NA
2003,S,2003-04-10,JC,3,1,140,Y,DIME,NA,NA,0,NA,NA,NA,NA,NA,NA,NA
2003,S,2003-04-10,JC,3,1,141,Y,DIME,NA,NA,0,NA,NA,NA,NA,NA,NA,NA
2003,S,2003-04-10,JC,3,1,142,Y,DIME,NA,NA,0,NA,NA,NA,NA,NA,NA,NA
2003,S,2003-04-10,JC,3,1,144,Y,DIME,NA,NA,0,NA,NA,NA,NA,NA,NA,NA
2003,S,2003-04-10,JC,3,1,12,Y,DIME,NA,NA,0,NA,NA,NA,NA,NA,NA,NA
2003,S,2003-04-10,JC,3,2,12,N,DIME,M,A,49,Y,PS,NA,NA,NA,NA,NA
2003,S,2003-04-10,JC,3,2,10,Y,DIME,NA,NA,0,NA,NA,NA,NA,NA,NA,NA
2003,S,2003-04-10,JC,3,2,7,Y,DIME,NA,NA,0,NA,NA,NA,NA,NA,NA,NA
2003,S,2003-04-10,JC,3,2,6,Y,DIME,NA,NA,0,NA,NA,NA,NA,NA,NA,NA
2003,S,2003-04-10,JC,3,2,5,Y,DIME,NA,NA,0,NA,NA,NA,NA,NA,NA,2
2003,S,2003-04-10,JC,3,2,3,Y,DIME,NA,NA,0,NA,NA,NA,NA,NA,NA,NA
2003,S,2003-04-10,JC,3,2,67,N,DIOR,M,A,51,Y,PS,NA,NA,NA,NA,NA
2003,S,2003-04-10,JC,3,2,56,N,PGFL,M,A,6,N,NA,NA,NA,NA,NA,NA
2003,S,2003-04-10,JC,3,2,72,Y,DIME,NA,NA,0,NA,NA,NA,NA,NA,NA,NA
2003,S,2003-04-10,JC,3,2,60,Y,DIOR,NA,NA,0,NA,NA,NA,NA,NA,NA,NA
2003,S,2003-04-10,JC,3,2,59,Y,DIME,NA,NA,0,NA,NA,NA,NA,NA,NA,NA
2003,S,2003-04-10,JC,3,3,145,Y,DIME,NA,NA,0,NA,NA,NA,NA,NA,NA,NA
2003,S,2003-04-10,JC,3,3,68,Y,DIME,NA,NA,0,NA,NA,NA,NA,NA,NA,NA
2003,S,2003-04-10,JC,3,3,83,Y,DIME,NA,NA,0,NA,NA,NA,NA,NA,NA,NA
2003,S,2003-04-10,JC,3,3,81,Y,DIME,NA,NA,0,NA,NA,NA,NA,NA,NA,NA
2003,S,2003-04-10,JC,3,3,57,Y,DIME,NA,NA,0,NA,NA,NA,NA,NA,NA,NA
2003,S,2003-04-10,JC,3,3,55,Y,DIME,NA,NA,0,NA,NA,NA,NA,NA,NA,NA
2003,S,2003-04-10,JC,3,3,59,Y,DIME,NA,NA,0,NA,NA,NA,NA,NA,NA,NA
2003,S,2003-04-10,JC,3,3,48,Y,DIME,NA,NA,0,NA,NA,NA,NA,NA,NA,NA
2003,S,2003-04-10,JC,3,3,47,N,DIME,F,A,50,Y,L,NA,NA,NA,NA,NA
2003,S,2003-04-08,JC,1,1,66,N,DIME,M,A,54,Y,PS,NA,NA,NA,NA,NA
2003,S,2003-04-08,JC,1,1,83,N,DIME,F,A,49,Y,L,NA,NA,NA,NA,3
2003,S,2003-04-08,JC,1,1,82,N,DIME,M,A,49,Y,PS,NA,NA,NA,NA,NA
2003,S,2003-04-08,JC,1,1,44,N,DIME,NA,J,33,N,NA,NA,NA,NA,NA,NA
2003,S,2003-04-08,JC,1,1,60,N,DIME,F,A,51,Y,L,NA,NA,NA,NA,NA
2003,S,2003-04-08,JC,1,1,87,N,DIME,F,A,46,Y,L,NA,NA,NA,NA,NA
2003,S,2003-04-08,JC,1,1,95,N,DIME,M,A,42,N,NA,NA,NA,NA,NA,NA
2003,S,2003-04-08,JC,1,2,69,N,DIME,M,A,39,Y,S,NA,NA,NA,NA,NA
2003,S,2003-04-08,JC,1,2,71,N,DIME,M,A,53,Y,S,NA,NA,NA,NA,NA
2003,S,2003-04-08,JC,1,2,72,N,DIME,F,A,47,Y,L,NA,NA,NA,NA,NA
2003,S,2003-04-08,JC,1,2,45,N,DIME,NA,NA,0,NA,NA,Y,N,NA,NA,NA
2003,S,2003-04-08,JC,1,2,44,N,DIME,M,A,51,Y,S,NA,NA,NA,NA,NA
2003,S,2003-04-08,JC,1,2,77,N,DIME,M,A,56,Y,PS,NA,NA,NA,NA,NA
2003,S,2003-04-08,JC,1,3,134,N,CHPE,M,A,17,Y,PS,NA,NA,NA,NA,NA
2003,S,2003-04-08,JC,1,3,140,N,DIME,F,A,50,Y,L,NA,NA,NA,NA,NA
2003,S,2003-04-08,JC,1,3,141,N,DIME,M,A,45,Y,S,NA,NA,NA,NA,NA
2003,S,2003-04-08,JC,1,3,142,N,DIME,M,A,57,Y,S,NA,NA,NA,NA,NA
2003,S,2003-04-08,JC,1,3,143,N,DIME,NA,J,31,N,NA,NA,NA,NA,NA,NA
2003,S,2003-04-08,JC,1,3,144,N,DIME,M,A,50,Y,S,NA,NA,NA,NA,NA
2003,S,2003-04-08,JC,1,3,8,N,DIME,M,A,0,Y,S,Y,M,NA,NA,NA
2003,S,2003-04-09,JC,2,1,45,Y,DIME,NA,NA,0,NA,NA,NA,NA,NA,NA,NA
2003,S,2003-04-09,JC,2,1,48,Y,DIME,NA,NA,0,NA,NA,NA,NA,NA,NA,NA
2003,S,2003-04-09,JC,2,1,140,Y,DIME,NA,NA,0,NA,NA,NA,NA,NA,NA,NA
2003,S,2003-04-09,JC,2,1,142,Y,DIME,NA,NA,0,NA,NA,NA,NA,NA,NA,NA
2003,S,2003-04-09,JC,2,1,144,N,DIME,M,A,52,Y,S,NA,NA,NA,NA,NA
2003,S,2003-04-09,JC,2,2,40,N,CHPE,F,A,14,Y,V,NA,NA,NA,NA,NA
2003,S,2003-04-09,JC,2,2,42,Y,DIME,NA,NA,0,NA,NA,NA,NA,NA,NA,NA
2003,S,2003-04-09,JC,2,2,48,Y,DIME,NA,NA,0,NA,NA,NA,NA,NA,NA,NA
2003,S,2003-04-09,JC,2,2,59,N,DIOR,F,A,63,Y,L,NA,NA,NA,NA,NA
2003,S,2003-04-09,JC,2,2,81,Y,DIOR,NA,NA,0,NA,NA,NA,NA,NA,NA,NA
2003,S,2003-04-09,JC,2,3,11,Y,DIME,NA,NA,0,NA,NA,NA,NA,NA,NA,NA
2003,S,2003-04-09,JC,2,3,12,N,DIME,F,A,50,Y,L,NA,NA,NA,NA,NA
2003,S,2003-04-09,JC,2,3,144,Y,DIME,NA,NA,0,NA,NA,NA,NA,NA,NA,NA
2003,S,2003-04-09,JC,2,3,142,Y,DIME,NA,NA,0,NA,NA,NA,NA,NA,NA,NA
2003,S,2003-04-09,JC,2,3,141,N,DIME,F,A,45,Y,L,NA,NA,NA,NA,NA
2003,S,2003-04-09,JC,2,3,140,Y,DIME,NA,NA,0,NA,NA,NA,NA,NA,NA,NA
2003,S,2003-04-09,JC,2,3,135,Y,PELE,NA,NA,0,NA,NA,NA,NA,NA,NA,NA
2003,S,2003-04-09,JC,2,3,118,N,DIME,F,A,45,Y,L,NA,NA,NA,NA,NA
2003,S,2003-04-10,JC,3,1,108,N,DIME,M,A,49,Y,PS,NA,NA,NA,NA,NA
2003,S,2003-04-10,JC,3,1,119,Y,DIME,NA,NA,0,NA,NA,NA,NA,NA,NA,NA
2003,S,2003-04-10,JC,3,1,113,Y,DIME,NA,NA,0,NA,NA,NA,NA,NA,NA,NA
2003,S,2003-04-10,JC,3,1,110,Y,DIME,NA,NA,0,NA,NA,NA,NA,NA,NA,NA
2003,S,2003-04-10,JC,3,1,128,Y,DIME,NA,NA,0,NA,NA,NA,NA,NA,NA,NA
2003,S,2003-04-10,JC,3,1,129,Y,DIME,NA,NA,0,NA,NA,NA,NA,NA,NA,NA
2003,S,2003-04-10,JC,3,1,130,N,DIME,NA,NA,0,NA,NA,Y,U,NA,NA,NA
2003,S,2003-04-10,JC,3,1,131,Y,DIME,NA,NA,0,NA,NA,NA,NA,NA,NA,NA
2003,S,2003-04-10,JC,3,2,120,Y,DIME,NA,NA,0,NA,NA,NA,NA,NA,NA,NA
2003,S,2003-04-10,JC,3,2,132,Y,DIOR,NA,NA,0,NA,NA,NA,NA,NA,NA,NA
2003,S,2003-04-10,JC,3,2,130,Y,DIME,NA,NA,0,NA,NA,NA,NA,NA,NA,NA
2003,S,2003-04-10,JC,3,2,104,Y,DIME,NA,NA,0,NA,NA,NA,NA,NA,NA,NA
2003,S,2003-04-10,JC,3,2,95,Y,CHPE,NA,NA,0,NA,NA,NA,NA,NA,NA,NA
2003,S,2003-04-10,JC,3,2,94,Y,DIME,NA,NA,0,NA,NA,NA,NA,NA,NA,NA
2003,S,2003-04-10,JC,3,2,92,Y,CHPE,NA,NA,0,NA,NA,NA,NA,NA,1,NA
2003,S,2003-04-10,JC,3,2,88,Y,DIME,NA,NA,0,NA,NA,NA,NA,NA,NA,NA
2003,S,2003-04-10,JC,3,3,96,Y,DIME,NA,NA,0,NA,NA,NA,NA,NA,2,NA
2003,S,2003-04-10,JC,3,3,93,N,PELE,M,A,18,Y,S,NA,NA,NA,NA,NA
2003,S,2003-04-10,JC,3,3,92,Y,DIOR,NA,NA,0,NA,NA,NA,NA,NA,NA,NA
2003,S,2003-04-10,JC,3,3,90,Y,DIOR,NA,NA,0,NA,NA,NA,NA,NA,NA,NA
2003,S,2003-04-10,JC,3,3,98,Y,DIOR,NA,NA,0,NA,NA,NA,NA,NA,NA,NA
2003,S,2003-04-10,JC,3,3,30,Y,DIME,NA,NA,0,NA,NA,NA,NA,NA,NA,NA
2003,S,2003-04-10,JC,3,3,31,Y,CHPE,NA,NA,0,NA,NA,NA,NA,NA,NA,NA
2003,S,2003-04-10,JC,3,3,34,Y,DIME,NA,NA,0,NA,NA,NA,NA,NA,NA,NA
2003,S,2003-04-10,JC,3,3,35,N,DIME,M,A,52,Y,PS,NA,NA,NA,NA,NA
2004,S,2004-04-14,JC,1,1,21,N,DIME,M,A,50,Y,S,NA,NA,NA,NA,NA
2004,S,2004-04-14,JC,1,1,56,N,ONAR,F,A,24,N,NA,NA,NA,NA,NA,NA
2004,S,2004-04-14,JC,1,2,68,N,CHPE,M,A,15,Y,S,NA,NA,NA,NA,NA
2004,S,2004-04-14,JC,1,3,23,N,DIME,M,A,45,Y,S,NA,NA,NA,NA,NA
2004,S,2004-04-15,JC,2,3,83,N,ONAR,M,A,18,N,NA,NA,NA,NA,NA,NA
2004,S,2004-04-15,JC,2,3,118,N,DIME,M,A,53,Y,PS,NA,NA,NA,NA,NA
2004,S,2004-04-15,JC,2,3,119,Y,DIME,NA,NA,0,NA,NA,NA,NA,NA,NA,NA
2004,S,2004-04-15,JC,2,3,101,N,PGFL,M,A,7,N,NA,NA,NA,NA,NA,NA
2004,S,2004-04-15,JC,2,3,134,N,DIME,M,A,43,Y,PS,NA,NA,NA,NA,NA
2004,S,2004-04-15,JC,2,3,142,Y,DIME,NA,NA,0,NA,NA,NA,NA,NA,NA,NA
2004,S,2004-04-15,JC,2,3,144,Y,CHPE,NA,NA,0,NA,NA,NA,NA,NA,NA,NA
2004,S,2004-04-15,JC,2,3,128,N,DIME,NA,NA,0,NA,NA,Y,U,NA,NA,NA
2004,S,2004-04-15,JC,2,3,145,N,CHPE,F,A,19,N,NA,NA,NA,NA,NA,NA
2004,S,2004-04-15,JC,2,2,36,N,CHPE,M,A,15,Y,S,NA,NA,NA,NA,NA
2004,S,2004-04-15,JC,2,2,33,N,CHPE,M,A,17,N,NA,NA,NA,NA,NA,NA
2004,S,2004-04-15,JC,2,2,11,Y,DIME,NA,NA,0,NA,NA,NA,NA,NA,NA,NA
2004,S,2004-04-15,JC,2,2,132,Y,DIME,NA,NA,0,NA,NA,NA,NA,NA,NA,NA
2004,S,2004-04-15,JC,2,2,130,Y,DIME,NA,NA,0,NA,NA,NA,NA,NA,NA,NA
2004,S,2004-04-15,JC,2,2,127,N,DIME,F,A,50,Y,L,NA,NA,NA,NA,NA
2004,S,2004-04-15,JC,2,2,116,N,DIME,F,A,40,Y,V,NA,NA,NA,NA,NA
2004,S,2004-04-15,JC,2,1,82,N,DIME,F,A,43,N,NA,NA,NA,NA,NA,NA
2004,S,2004-04-15,JC,2,1,88,N,DIME,F,A,42,Y,V,NA,NA,NA,NA,NA
2004,S,2004-04-15,JC,2,1,96,Y,DIME,NA,NA,0,NA,NA,NA,NA,NA,NA,NA
2004,S,2004-04-15,JC,2,1,106,Y,DIME,NA,NA,0,NA,NA,NA,NA,NA,NA,NA
2004,S,2004-04-15,JC,2,1,110,Y,ONAR,NA,NA,0,NA,NA,NA,NA,NA,NA,NA
2004,S,2004-04-15,JC,2,1,113,N,ONAR,M,A,22,Y,S,NA,NA,NA,NA,NA
2004,S,2004-04-15,JC,2,1,132,N,PGFL,M,A,7,Y,S,NA,NA,NA,NA,NA
2004,S,2004-04-15,JC,2,1,127,N,DIME,M,A,49,Y,S,NA,NA,NA,NA,NA
2004,S,2004-04-15,JC,2,1,138,Y,CHPE,NA,NA,0,NA,NA,NA,NA,NA,NA,NA
2004,S,2004-04-15,JC,2,1,142,N,DIME,M,A,45,Y,S,NA,NA,NA,NA,NA
2004,S,2004-04-16,JC,3,3,96,Y,DIME,NA,NA,0,NA,NA,NA,NA,NA,5,NA
2004,S,2004-04-16,JC,3,3,93,Y,DIME,NA,NA,0,NA,NA,NA,NA,NA,NA,NA
2004,S,2004-04-16,JC,3,3,100,N,DIME,M,A,42,Y,S,NA,NA,NA,NA,NA
2004,S,2004-04-16,JC,3,3,101,N,PGFL,F,A,8,N,NA,NA,NA,NA,NA,NA
2004,S,2004-04-16,JC,3,3,117,N,DIME,M,A,42,Y,S,NA,NA,NA,NA,NA
2004,S,2004-04-16,JC,3,3,115,Y,DIME,NA,NA,0,NA,NA,NA,NA,NA,NA,NA
2004,S,2004-04-16,JC,3,3,133,Y,DIME,NA,NA,0,NA,NA,NA,NA,NA,NA,NA
2004,S,2004-04-16,JC,3,3,142,Y,CHPE,NA,NA,0,NA,NA,NA,NA,NA,NA,NA
2004,S,2004-04-16,JC,3,3,144,Y,DIME,NA,NA,0,NA,NA,NA,NA,NA,NA,NA
2004,S,2004-04-16,JC,3,3,128,Y,DIME,NA,NA,0,NA,NA,NA,NA,NA,NA,NA
2004,S,2004-04-16,JC,3,2,44,N,DIME,M,A,46,Y,S,NA,NA,NA,NA,NA
2004,S,2004-04-16,JC,3,2,40,Y,DIME,NA,NA,0,NA,NA,NA,NA,NA,NA,NA
2004,S,2004-04-16,JC,3,2,35,Y,CHPE,NA,NA,0,NA,NA,NA,NA,NA,NA,NA
2004,S,2004-04-16,JC,3,2,12,Y,DIME,NA,NA,0,NA,NA,NA,NA,NA,NA,NA
2004,S,2004-04-16,JC,3,2,132,Y,DIME,NA,NA,0,NA,NA,NA,NA,NA,NA,NA
2004,S,2004-04-16,JC,3,2,116,N,CHPE,F,A,14,N,NA,NA,NA,NA,NA,NA
2004,S,2004-04-16,JC,3,1,83,Y,DIME,NA,NA,0,NA,NA,NA,NA,NA,NA,NA
2004,S,2004-04-16,JC,3,1,96,Y,DIME,NA,NA,0,NA,NA,NA,NA,NA,NA,NA
2004,S,2004-04-16,JC,3,1,95,N,DIME,F,A,42,Y,V,NA,NA,NA,NA,NA
2004,S,2004-04-16,JC,3,1,88,Y,DIME,NA,NA,0,NA,NA,NA,NA,NA,NA,NA
2004,S,2004-04-16,JC,3,1,103,Y,DIME,NA,NA,0,NA,NA,NA,NA,NA,NA,NA
2004,S,2004-04-16,JC,3,1,107,N,DIME,M,A,43,Y,S,NA,NA,NA,NA,NA
2004,S,2004-04-16,JC,3,1,120,Y,DIME,NA,NA,0,NA,NA,NA,NA,NA,NA,NA
2004,S,2004-04-16,JC,3,1,119,N,DIME,M,A,50,Y,S,NA,NA,NA,NA,NA
2004,S,2004-04-16,JC,3,1,113,N,ONAR,M,A,25,Y,S,NA,NA,NA,4,NA
2004,S,2004-04-14,JC,1,2,79,N,PGFL,M,A,7,N,NA,NA,NA,NA,4,NA
2004,S,2004-04-14,JC,1,3,22,N,PGFL,M,A,6,N,NA,NA,NA,NA,NA,NA
2004,S,2004-04-14,JC,1,3,33,N,DIME,M,A,46,Y,S,NA,NA,NA,3,NA
2004,S,2004-04-14,JC,1,1,138,N,CHPE,M,A,15,N,NA,NA,NA,NA,1,NA
2004,S,2004-04-14,JC,1,1,141,N,DIME,M,A,45,N,NA,NA,NA,NA,NA,NA
2004,S,2004-04-14,JC,1,1,142,N,DIME,M,A,45,Y,S,NA,NA,NA,NA,NA
2004,S,2004-04-14,JC,1,1,106,N,DIME,M,A,43,Y,S,NA,NA,NA,NA,NA
2004,S,2004-04-14,JC,1,1,96,N,DIME,M,A,45,Y,S,NA,NA,NA,NA,NA
2004,S,2004-04-14,JC,1,1,91,N,ONAR,M,A,22,N,NA,NA,NA,NA,NA,NA
2004,S,2004-04-14,JC,1,2,36,N,CHPE,F,A,13,N,NA,NA,NA,NA,NA,NA
2004,S,2004-04-14,JC,1,2,33,N,CHPE,M,A,17,N,NA,NA,NA,NA,NA,NA
2004,S,2004-04-14,JC,1,2,24,N,DIME,M,A,50,N,NA,NA,NA,NA,NA,NA
2004,S,2004-04-14,JC,1,2,7,N,DIME,F,A,39,Y,V,NA,NA,NA,NA,NA
2004,S,2004-04-14,JC,1,2,127,N,DIME,F,A,45,N,NA,NA,NA,NA,NA,NA
2004,S,2004-04-14,JC,1,2,116,N,DIME,M,A,53,Y,PS,NA,NA,NA,NA,NA
2004,S,2004-04-14,JC,1,2,106,N,CHPE,M,A,16,N,NA,NA,NA,NA,NA,NA
2004,S,2004-04-14,JC,1,2,93,N,DIME,M,A,50,Y,PS,NA,NA,NA,NA,NA
2004,S,2004-04-14,JC,1,2,94,N,DIME,M,A,49,Y,PS,NA,NA,NA,NA,NA
2004,S,2004-04-14,JC,1,2,96,N,ONAR,F,A,24,Y,P,NA,NA,NA,NA,NA
2004,S,2004-04-14,JC,1,3,96,N,DIME,M,A,39,N,NA,NA,NA,NA,NA,NA
2004,S,2004-04-14,JC,1,3,92,N,DIME,M,A,43,N,NA,NA,NA,NA,NA,NA
2004,S,2004-04-14,JC,1,3,90,N,PGFL,M,A,8,N,NA,NA,NA,NA,NA,NA
2004,S,2004-04-14,JC,1,3,69,N,DIME,M,A,50,Y,PS,NA,NA,NA,NA,NA
2004,S,2004-04-14,JC,1,3,119,N,DIME,M,A,50,Y,S,NA,NA,NA,NA,NA
2004,S,2004-04-14,JC,1,3,137,N,DIME,F,A,45,N,NA,NA,NA,NA,NA,NA
2004,S,2004-04-14,JC,1,3,140,N,CHPE,M,A,17,Y,S,NA,NA,NA,NA,NA
2004,S,2004-04-14,JC,1,3,128,N,DIME,F,A,48,N,NA,NA,NA,NA,NA,NA
2004,S,2004-04-14,JC,1,3,1,N,CHPE,M,A,13,Y,S,NA,NA,NA,NA,NA
2004,S,2004-04-15,JC,2,3,96,Y,DIME,NA,NA,0,NA,NA,NA,NA,NA,NA,NA
2004,S,2004-04-15,JC,2,3,94,Y,DIME,NA,NA,0,NA,NA,NA,NA,NA,NA,NA
2004,S,2004-04-15,JC,2,3,93,N,CHPE,M,A,14,N,NA,NA,NA,NA,NA,NA
2004,S,2004-04-15,JC,2,3,66,N,DIME,M,A,45,Y,PS,NA,NA,NA,NA,NA
2004,S,2004-04-15,JC,2,3,69,Y,DIME,NA,NA,0,NA,NA,NA,NA,NA,NA,NA
2004,S,2004-04-15,JC,2,3,71,N,DIME,M,A,45,N,NA,NA,NA,NA,NA,NA
2004,S,2004-04-15,JC,2,3,59,N,CHPE,M,A,13,Y,S,NA,NA,NA,1,NA
2004,S,2004-04-15,JC,2,3,29,N,DIME,M,A,54,Y,S,NA,NA,NA,NA,NA
2004,S,2004-04-15,JC,2,3,14,N,ONAR,F,A,22,Y,P,NA,NA,NA,NA,NA
2004,S,2004-04-15,JC,2,3,22,N,PGFL,M,A,8,N,NA,NA,NA,NA,NA,NA
2004,S,2004-04-15,JC,2,3,23,Y,DIME,NA,NA,0,NA,NA,NA,NA,NA,NA,NA
2004,S,2004-04-15,JC,2,3,24,Y,DIME,NA,NA,0,NA,NA,NA,NA,NA,NA,NA
2004,S,2004-04-15,JC,2,2,40,Y,CHPE,NA,NA,0,NA,NA,NA,NA,NA,4,NA
2004,S,2004-04-15,JC,2,2,70,Y,CHPE,NA,NA,0,NA,NA,NA,NA,NA,NA,NA
2004,S,2004-04-15,JC,2,2,83,N,DIME,F,A,43,N,NA,NA,NA,NA,NA,NA
2004,S,2004-04-15,JC,2,2,84,N,DIME,M,A,45,N,NA,NA,NA,NA,NA,NA
2004,S,2004-04-15,JC,2,2,94,Y,DIME,NA,NA,0,NA,NA,NA,NA,NA,NA,NA
2004,S,2004-04-15,JC,2,2,93,N,DIME,M,A,43,Y,S,NA,NA,NA,NA,NA
2004,S,2004-04-15,JC,2,2,102,Y,CHPE,NA,NA,0,NA,NA,NA,NA,NA,NA,NA
2004,S,2004-04-15,JC,2,1,50,N,PEER,M,A,20,N,NA,NA,NA,NA,NA,NA
2004,S,2004-04-15,JC,2,1,56,Y,DIME,NA,NA,0,NA,NA,NA,NA,NA,NA,NA
2004,S,2004-04-15,JC,2,1,60,N,DIME,M,A,54,Y,S,NA,NA,NA,NA,NA
2004,S,2004-04-15,JC,2,1,45,Y,ONAR,NA,NA,0,NA,NA,NA,NA,NA,NA,NA
2004,S,2004-04-15,JC,2,1,22,N,DIME,M,A,42,Y,S,NA,NA,NA,NA,NA
2004,S,2004-04-15,JC,2,1,21,N,DIME,M,A,52,Y,PS,NA,NA,NA,NA,NA
2004,S,2004-04-15,JC,2,1,12,N,DIME,M,A,46,Y,PS,NA,NA,NA,1,NA
2004,S,2004-04-15,JC,2,1,143,Y,DIME,NA,NA,0,NA,NA,NA,NA,NA,NA,NA
2004,S,2004-04-16,JC,3,3,84,Y,DIME,NA,NA,0,NA,NA,NA,NA,NA,NA,NA
2004,S,2004-04-16,JC,3,3,71,Y,DIME,NA,NA,0,NA,NA,NA,NA,NA,NA,NA
2004,S,2004-04-16,JC,3,3,59,Y,CHPE,NA,NA,0,NA,NA,NA,NA,NA,NA,NA
2004,S,2004-04-16,JC,3,3,55,Y,CHPE,NA,NA,0,NA,NA,NA,NA,NA,NA,NA
2004,S,2004-04-16,JC,3,3,48,Y,DIME,NA,NA,0,NA,NA,NA,NA,NA,NA,NA
2004,S,2004-04-16,JC,3,3,29,Y,DIME,NA,NA,0,NA,NA,NA,NA,NA,NA,NA
2004,S,2004-04-16,JC,3,3,28,N,CHPE,M,A,15,N,NA,NA,NA,NA,NA,NA
2004,S,2004-04-16,JC,3,3,13,N,DIME,M,A,42,Y,PS,NA,NA,NA,NA,NA
2004,S,2004-04-16,JC,3,3,22,Y,DIME,NA,NA,0,NA,NA,NA,NA,NA,NA,NA
2004,S,2004-04-16,JC,3,3,23,Y,DIME,NA,NA,0,NA,NA,NA,NA,NA,NA,NA
2004,S,2004-04-16,JC,3,3,24,N,DIME,M,A,42,Y,S,NA,NA,NA,NA,NA
2004,S,2004-04-16,JC,3,2,54,Y,CHPE,NA,NA,0,NA,NA,NA,NA,NA,NA,NA
2004,S,2004-04-16,JC,3,2,70,Y,CHPE,NA,NA,0,NA,NA,NA,NA,NA,NA,NA
2004,S,2004-04-16,JC,3,2,72,N,DIME,M,A,44,N,NA,NA,NA,NA,NA,NA
2004,S,2004-04-16,JC,3,2,84,Y,DIME,NA,NA,0,NA,NA,NA,NA,NA,NA,NA
2004,S,2004-04-16,JC,3,2,83,Y,DIME,NA,NA,0,NA,NA,NA,NA,NA,NA,NA
2004,S,2004-04-16,JC,3,2,89,Y,DIME,NA,NA,0,NA,NA,NA,NA,NA,NA,NA
2004,S,2004-04-16,JC,3,2,94,Y,DIME,NA,NA,0,NA,NA,NA,NA,NA,NA,NA
2004,S,2004-04-16,JC,3,2,106,N,PELE,M,A,15,N,NA,NA,NA,NA,NA,NA
2004,S,2004-04-16,JC,3,2,103,Y,DIME,NA,NA,0,NA,NA,NA,NA,NA,NA,NA
2004,S,2004-04-16,JC,3,2,102,Y,CHPE,NA,NA,0,NA,NA,NA,NA,NA,NA,NA
2004,S,2004-04-16,JC,3,2,97,N,DIME,M,A,54,Y,S,NA,NA,NA,1,NA
2004,S,2004-04-16,JC,3,2,124,Y,CHPE,NA,NA,0,NA,NA,NA,NA,NA,NA,NA
2004,S,2004-04-16,JC,3,2,128,Y,DIME,NA,NA,0,NA,NA,NA,NA,NA,NA,NA
2004,S,2004-04-16,JC,3,1,56,Y,ONLE,NA,NA,0,NA,NA,NA,NA,NA,NA,NA
2004,S,2004-04-16,JC,3,1,54,Y,DIME,NA,NA,0,NA,NA,NA,NA,NA,NA,NA
2004,S,2004-04-16,JC,3,1,50,Y,PELE,NA,NA,0,NA,NA,NA,NA,NA,NA,NA
2004,S,2004-04-16,JC,3,1,45,Y,DIME,NA,NA,0,NA,NA,NA,NA,NA,NA,NA
2004,S,2004-04-16,JC,3,1,48,N,CHPE,M,A,13,N,NA,NA,NA,NA,NA,NA
2004,S,2004-04-16,JC,3,1,12,N,DIME,M,A,41,Y,S,NA,NA,NA,NA,NA
2004,S,2004-04-16,JC,3,1,138,Y,CHPE,NA,NA,0,NA,NA,NA,NA,NA,NA,NA
2004,S,2004-04-16,JC,3,1,140,N,DIME,M,A,53,Y,S,NA,NA,NA,NA,NA
2004,S,2004-04-16,JC,3,1,141,Y,DIME,NA,NA,0,NA,NA,NA,NA,NA,NA,NA
2004,S,2004-04-16,JC,3,1,142,Y,DIME,NA,NA,0,NA,NA,NA,NA,NA,NA,NA
2005,S,2005-04-06,JC,1,1,83,N,DIME,M,A,57,NA,NA,Y,M,NA,NA,NA
2005,S,2005-04-06,JC,1,1,89,N,PELE,F,A,28,N,NA,NA,NA,NA,NA,NA
2005,S,2005-04-06,JC,1,2,109,N,PGFL,M,A,7,N,NA,NA,NA,NA,NA,NA
2005,S,2005-04-06,JC,1,3,133,N,CHPE,F,A,15,N,NA,NA,NA,NA,NA,NA
2005,S,2005-04-06,JC,1,3,139,N,CHPE,M,A,17,N,NA,NA,NA,NA,NA,NA
2005,S,2005-04-06,JC,1,1,84,N,DIME,M,A,49,Y,PS,NA,NA,NA,NA,NA
2005,S,2005-04-06,JC,1,1,129,N,DIME,M,A,57,Y,S,NA,NA,NA,NA,NA
2005,S,2005-04-06,JC,1,1,144,N,DIME,F,A,48,Y,L,NA,NA,NA,NA,NA
2005,S,2005-04-06,JC,1,1,143,N,DIME,M,A,45,Y,PS,NA,NA,NA,NA,NA
2005,S,2005-04-06,JC,1,1,141,N,DIME,M,A,49,Y,S,NA,NA,NA,NA,NA
2005,S,2005-04-06,JC,1,1,138,N,PELE,M,A,12,Y,S,NA,NA,NA,NA,NA
2005,S,2005-04-06,JC,1,2,94,N,CHPE,M,A,18,Y,PS,NA,NA,NA,NA,NA
2005,S,2005-04-06,JC,1,2,99,N,ONAR,F,A,28,Y,P,NA,NA,NA,NA,NA
2005,S,2005-04-06,JC,1,2,141,N,DIME,M,A,51,Y,S,NA,NA,NA,NA,NA
2005,S,2005-04-06,JC,1,3,16,N,DIME,M,A,51,Y,S,NA,NA,NA,NA,NA
2005,S,2005-04-06,JC,1,3,116,N,DIME,M,A,54,Y,S,NA,NA,NA,NA,NA
2005,S,2005-04-06,JC,1,3,117,N,DIME,F,A,52,Y,P,NA,NA,NA,NA,NA
2005,S,2005-04-06,JC,1,3,119,N,DIME,M,A,57,Y,S,NA,NA,NA,NA,NA
2005,S,2005-04-06,JC,1,3,142,N,DIME,M,A,58,Y,S,NA,NA,NA,NA,NA
2005,S,2005-04-06,JC,1,3,143,N,DIME,F,A,54,Y,L,NA,NA,NA,NA,NA
2005,S,2005-04-07,JC,2,1,138,N,PELE,NA,J,11,N,NA,NA,NA,NA,NA,NA
2005,S,2005-04-07,JC,2,2,94,N,CHPE,M,A,13,N,NA,NA,NA,NA,NA,NA
2005,S,2005-04-07,JC,2,2,93,N,SPSP,M,A,112,N,NA,NA,NA,NA,NA,NA
2005,S,2005-04-07,JC,2,2,120,N,CHPE,F,A,14,N,NA,NA,NA,NA,NA,NA
2005,S,2005-04-07,JC,2,3,101,N,PELE,NA,J,6,N,NA,NA,NA,NA,NA,NA
2005,S,2005-04-07,JC,2,1,80,N,DIME,M,A,56,Y,S,NA,NA,NA,NA,NA
2005,S,2005-04-07,JC,2,1,98,N,CHPE,M,A,16,Y,PS,NA,NA,NA,NA,NA
2005,S,2005-04-07,JC,2,2,84,N,DIME,F,A,47,Y,V,NA,NA,NA,NA,NA
2005,S,2005-04-07,JC,2,2,109,N,PGFL,M,A,9,Y,S,NA,NA,NA,NA,NA
2005,S,2005-04-07,JC,2,3,130,N,DIME,M,A,50,Y,S,NA,NA,NA,NA,NA
2005,S,2005-04-07,JC,2,1,113,N,DIME,M,A,50,Y,S,NA,NA,NA,NA,NA
2005,S,2005-04-07,JC,2,1,84,Y,DIME,NA,NA,0,NA,NA,NA,NA,NA,NA,NA
2005,S,2005-04-07,JC,2,1,90,Y,PELE,NA,NA,0,NA,NA,NA,NA,NA,NA,NA
2005,S,2005-04-07,JC,2,1,129,Y,DIME,NA,NA,0,NA,NA,NA,NA,NA,NA,NA
2005,S,2005-04-07,JC,2,1,110,Y,DIME,NA,NA,0,NA,NA,NA,NA,NA,NA,NA
2005,S,2005-04-07,JC,2,2,99,Y,PELE,NA,NA,0,NA,NA,NA,NA,NA,NA,NA
2005,S,2005-04-07,JC,2,2,105,Y,CHPE,NA,NA,0,NA,NA,NA,NA,NA,NA,NA
2005,S,2005-04-07,JC,2,3,109,Y,CHPE,NA,NA,0,NA,NA,NA,NA,NA,NA,NA
2005,S,2005-04-07,JC,2,3,115,Y,DIME,NA,NA,0,NA,NA,NA,NA,NA,NA,NA
2005,S,2005-04-07,JC,2,3,117,Y,DIME,NA,NA,0,NA,NA,NA,NA,NA,NA,NA
2005,S,2005-04-08,JC,3,1,133,N,CHPE,M,A,14,N,NA,NA,NA,NA,NA,NA
2005,S,2005-04-08,JC,3,1,79,N,CHPE,M,A,15,N,NA,NA,NA,NA,NA,NA
2005,S,2005-04-08,JC,3,1,107,N,DIME,M,A,50,Y,S,NA,NA,NA,NA,NA
2005,S,2005-04-08,JC,3,2,97,N,DIME,M,A,58,Y,S,NA,NA,NA,NA,NA
2005,S,2005-04-08,JC,3,2,114,N,CHPE,F,A,17,Y,V,NA,NA,NA,NA,NA
2005,S,2005-04-08,JC,3,3,81,N,SPSP,M,A,128,Y,S,NA,NA,NA,NA,NA
2005,S,2005-04-08,JC,3,1,116,Y,DIME,NA,NA,0,NA,NA,NA,NA,NA,NA,NA
2005,S,2005-04-08,JC,3,1,122,Y,CHPE,NA,NA,0,NA,NA,NA,NA,NA,NA,NA
2005,S,2005-04-08,JC,3,1,128,Y,DIME,NA,NA,0,NA,NA,NA,NA,NA,NA,NA
2005,S,2005-04-08,JC,3,1,140,Y,DIME,NA,NA,0,NA,NA,NA,NA,NA,NA,NA
2005,S,2005-04-08,JC,3,2,100,Y,DIME,NA,NA,0,NA,NA,NA,NA,NA,NA,NA
2005,S,2005-04-08,JC,3,2,116,Y,CHPE,NA,NA,0,NA,NA,NA,NA,NA,NA,NA
2005,S,2005-04-08,JC,3,3,114,Y,DIME,NA,NA,0,NA,NA,NA,NA,NA,NA,NA
2005,S,2005-04-08,JC,3,3,115,Y,DIME,NA,NA,0,NA,NA,NA,NA,NA,NA,NA
2005,S,2005-04-08,JC,3,3,118,Y,DIME,NA,NA,0,NA,NA,NA,NA,NA,NA,NA
2005,S,2005-04-08,JC,3,3,61,Y,CHPE,NA,NA,0,NA,NA,NA,NA,NA,NA,NA
2005,S,2005-04-08,JC,3,3,71,Y,DIME,NA,NA,0,NA,NA,NA,NA,NA,NA,NA
2005,S,2005-04-08,JC,3,3,84,Y,DIME,NA,NA,0,NA,NA,NA,NA,NA,4,NA
2005,S,2005-04-06,JC,1,1,50,N,PELE,M,A,19,N,NA,NA,NA,NA,NA,NA
2005,S,2005-04-06,JC,1,1,53,N,CHPE,M,A,16,Y,S,NA,NA,NA,NA,NA
2005,S,2005-04-06,JC,1,1,63,N,DIME,M,A,47,Y,S,NA,NA,NA,NA,NA
2005,S,2005-04-06,JC,1,1,39,N,DIME,F,A,0,Y,L,Y,M,NA,NA,NA
2005,S,2005-04-06,JC,1,1,40,N,DIME,M,A,50,Y,S,NA,NA,NA,NA,NA
2005,S,2005-04-06,JC,1,2,56,N,CHPE,M,A,15,Y,S,NA,NA,NA,NA,NA
2005,S,2005-04-06,JC,1,2,72,N,DIME,M,A,51,Y,S,NA,NA,NA,NA,NA
2005,S,2005-04-06,JC,1,2,70,N,DIME,M,A,44,Y,S,NA,NA,NA,NA,NA
2005,S,2005-04-06,JC,1,2,12,N,DIME,M,A,0,Y,S,Y,N,NA,NA,NA
2005,S,2005-04-06,JC,1,3,18,N,DIME,M,A,45,Y,S,NA,NA,NA,NA,NA
2005,S,2005-04-06,JC,1,3,22,N,DIME,M,A,44,Y,S,NA,NA,NA,2,NA
2005,S,2005-04-06,JC,1,3,23,N,DIME,M,A,46,Y,S,NA,NA,NA,NA,NA
2005,S,2005-04-06,JC,1,3,24,N,DIME,F,A,54,Y,L,NA,NA,NA,NA,NA
2005,S,2005-04-06,JC,1,3,10,N,DIME,F,A,45,Y,L,NA,NA,NA,NA,NA
2005,S,2005-04-06,JC,1,3,144,N,DIME,M,A,41,Y,PS,NA,NA,NA,NA,NA
2005,S,2005-04-07,JC,2,1,38,NA,DIME,NA,NA,0,NA,NA,Y,U,NA,NA,NA
2005,S,2005-04-07,JC,2,1,40,Y,CHPE,NA,NA,0,NA,NA,NA,NA,NA,NA,NA
2005,S,2005-04-07,JC,2,1,41,N,DIME,M,A,47,Y,S,NA,NA,NA,NA,NA
2005,S,2005-04-07,JC,2,1,43,N,DIME,M,A,50,Y,PS,NA,NA,NA,NA,NA
2005,S,2005-04-07,JC,2,1,50,Y,PELE,NA,NA,0,NA,NA,NA,NA,NA,NA,NA
2005,S,2005-04-07,JC,2,2,56,Y,CHPE,NA,NA,0,NA,NA,NA,NA,NA,1,NA
2005,S,2005-04-07,JC,2,2,72,Y,DIME,NA,NA,0,NA,NA,NA,NA,NA,NA,NA
2005,S,2005-04-07,JC,2,2,2,Y,DIME,NA,NA,0,NA,NA,NA,NA,NA,NA,NA
2005,S,2005-04-07,JC,2,2,7,N,PELE,M,A,20,Y,S,NA,NA,NA,NA,NA
2005,S,2005-04-07,JC,2,3,133,Y,CHPE,NA,NA,0,NA,NA,NA,NA,NA,NA,NA
2005,S,2005-04-07,JC,2,3,141,Y,DIME,NA,NA,0,NA,NA,NA,NA,NA,NA,NA
2005,S,2005-04-07,JC,2,3,142,Y,DIME,NA,NA,0,NA,NA,NA,NA,NA,NA,NA
2005,S,2005-04-07,JC,2,3,143,N,DIME,M,A,48,Y,S,NA,NA,NA,NA,NA
2005,S,2005-04-07,JC,2,3,144,Y,DIME,NA,NA,0,NA,NA,NA,NA,NA,NA,NA
2005,S,2005-04-07,JC,2,3,12,N,DIME,M,A,37,Y,S,NA,NA,NA,NA,NA
2005,S,2005-04-07,JC,2,3,17,Y,DIME,NA,NA,0,NA,NA,NA,NA,NA,NA,NA
2005,S,2005-04-07,JC,2,3,19,Y,DIME,NA,NA,0,NA,NA,NA,NA,NA,NA,NA
2005,S,2005-04-07,JC,2,3,22,N,CHPE,M,A,13,N,NA,NA,NA,NA,NA,NA
2005,S,2005-04-07,JC,2,3,23,Y,DIME,NA,NA,0,NA,NA,NA,NA,NA,NA,NA
2005,S,2005-04-07,JC,2,3,24,N,DIME,NA,NA,0,NA,NA,Y,U,NA,NA,NA
2005,S,2005-04-08,JC,3,1,31,Y,DIME,NA,NA,0,NA,NA,NA,NA,NA,NA,NA
2005,S,2005-04-08,JC,3,1,48,Y,CHPE,NA,NA,0,NA,NA,NA,NA,NA,NA,NA
2005,S,2005-04-08,JC,3,1,37,Y,PELE,NA,NA,0,NA,NA,NA,NA,NA,NA,NA
2005,S,2005-04-08,JC,3,1,22,Y,CHPE,NA,NA,0,NA,NA,NA,NA,NA,NA,NA
2005,S,2005-04-08,JC,3,2,79,N,PELE,M,A,11,N,NA,NA,NA,NA,NA,NA
2005,S,2005-04-08,JC,3,2,94,Y,CHPE,NA,NA,0,NA,NA,NA,NA,NA,NA,NA
2005,S,2005-04-08,JC,3,2,56,Y,CHPE,NA,NA,0,NA,NA,NA,NA,NA,NA,NA
2005,S,2005-04-08,JC,3,2,72,Y,DIME,NA,NA,0,NA,NA,NA,NA,NA,NA,NA
2005,S,2005-04-08,JC,3,3,16,Y,DIME,NA,NA,0,NA,NA,NA,NA,NA,NA,NA
2005,S,2005-04-08,JC,3,3,17,N,SPSP,M,A,120,Y,S,NA,NA,NA,NA,NA
2005,S,2005-04-08,JC,3,3,19,Y,DIME,NA,NA,0,NA,NA,NA,NA,NA,NA,NA
2005,S,2005-04-08,JC,3,3,22,N,CHPE,M,A,17,Y,PS,NA,NA,NA,NA,NA
2005,S,2005-04-08,JC,3,3,23,Y,DIME,NA,NA,0,NA,NA,NA,NA,NA,NA,NA
2005,S,2005-04-08,JC,3,3,24,Y,DIME,NA,NA,0,NA,NA,NA,NA,NA,NA,NA
2005,S,2005-04-08,JC,3,3,31,Y,DIME,NA,NA,0,NA,NA,NA,NA,NA,NA,NA
2005,S,2005-04-08,JC,3,3,29,Y,DIME,NA,NA,0,NA,NA,NA,NA,NA,NA,NA
2005,S,2005-04-07,JC,2,2,48,N,DIME,F,A,66,Y,P,NA,NA,NA,1,NA
2005,S,2005-04-07,JC,2,3,145,N,CHPE,M,A,17,Y,S,NA,NA,NA,NA,NA
2005,S,2005-04-07,JC,2,3,81,N,DIME,M,A,43,Y,S,NA,NA,NA,NA,NA
2005,S,2005-04-07,JC,2,3,46,N,SPSP,F,A,115,N,NA,NA,NA,NA,NA,NA
2005,S,2005-04-08,JC,3,1,49,Y,DIME,NA,NA,0,NA,NA,NA,NA,NA,NA,NA
2005,S,2005-04-08,JC,3,1,96,Y,DIME,NA,NA,0,NA,NA,NA,NA,NA,1,NA
2005,S,2005-04-08,JC,3,1,134,Y,DIME,NA,NA,0,NA,NA,NA,NA,NA,NA,NA
2005,S,2005-04-08,JC,3,2,130,N,PELE,M,A,10,Y,S,NA,NA,NA,NA,NA
2005,S,2005-04-08,JC,3,2,24,N,DIME,M,A,44,Y,S,NA,NA,NA,1,NA
2005,S,2005-04-08,JC,3,3,145,Y,CHPE,NA,NA,0,NA,NA,NA,NA,NA,NA,NA
2005,S,2005-04-08,JC,3,3,48,N,PELE,M,A,9,Y,S,NA,NA,NA,NA,NA
2005,S,2005-04-08,JC,3,3,58,Y,SPSP,NA,NA,0,NA,NA,NA,NA,NA,NA,NA
2005,S,2005-04-08,JC,3,3,62,N,SPSP,M,A,118,Y,S,NA,NA,NA,NA,NA
2005,S,2005-04-08,JC,3,3,52,Y,CHPE,NA,NA,0,NA,NA,NA,NA,NA,NA,NA
2005,S,2005-04-06,JC,1,1,97,N,CHPE,M,A,13,Y,PS,NA,NA,NA,NA,NA
2005,S,2005-04-06,JC,1,1,24,N,CHPE,M,A,16,Y,S,NA,NA,NA,NA,NA
2005,S,2005-04-06,JC,1,1,12,N,DIME,M,A,49,Y,PS,NA,NA,NA,NA,NA
2005,S,2005-04-06,JC,1,2,46,N,PGFL,M,A,10,Y,S,NA,NA,NA,NA,NA
2005,S,2005-04-06,JC,1,2,121,N,PERO1,M,A,18,Y,S,NA,NA,NA,NA,NA
2005,S,2005-04-06,JC,1,3,145,N,CHPE,M,A,15,Y,S,NA,NA,NA,NA,NA
2005,S,2005-04-06,JC,1,3,69,N,PEBO,F,A,15,N,NA,NA,NA,NA,NA,NA
2005,S,2005-04-06,JC,1,3,70,N,PGFL,M,A,9,Y,S,NA,NA,NA,NA,NA
2005,S,2005-04-06,JC,1,3,137,N,PELE,M,A,22,Y,S,NA,NA,NA,NA,NA
1999,S,1999-04-20,JC,1,1,84,N,DIME,M,A,45,N,NA,NA,NA,NA,NA,NA
1999,S,1999-04-20,JC,1,1,55,N,DIME,F,A,47,Y,L,NA,NA,NA,NA,NA
1999,S,1999-04-20,JC,1,1,72,N,DIME,F,A,53,Y,P,NA,NA,NA,NA,NA
1999,S,1999-04-20,JC,1,1,71,N,DIME,M,A,52,Y,S,NA,NA,NA,NA,NA
1999,S,1999-04-20,JC,1,1,67,N,DIME,M,A,47,Y,S,NA,NA,NA,NA,NA
1999,S,1999-04-20,JC,1,1,66,N,DIME,M,A,50,N,NA,NA,NA,NA,NA,NA
1999,S,1999-04-20,JC,1,2,143,N,DIME,M,A,52,N,NA,NA,NA,NA,NA,NA
1999,S,1999-04-20,JC,1,2,36,N,DIME,M,A,44,Y,S,NA,NA,NA,NA,NA
1999,S,1999-04-20,JC,1,2,35,N,DIME,F,A,43,Y,P,NA,NA,NA,NA,NA
1999,S,1999-04-20,JC,1,2,34,N,DIME,M,A,52,Y,S,NA,NA,NA,NA,NA
1999,S,1999-04-20,JC,1,2,32,N,ONAR,M,A,23,Y,S,NA,NA,NA,NA,NA
1999,S,1999-04-20,JC,1,2,79,N,CHPE,M,A,18,Y,S,NA,NA,NA,NA,NA
1999,S,1999-04-20,JC,1,2,81,N,DIME,M,A,41,N,NA,NA,NA,NA,NA,NA
1999,S,1999-04-20,JC,1,2,82,N,DIME,F,A,52,N,NA,NA,NA,NA,NA,NA
1999,S,1999-04-20,JC,1,2,84,N,DIME,M,A,52,Y,S,NA,NA,NA,NA,NA
1999,S,1999-04-20,JC,1,3,108,N,DIME,F,A,47,N,NA,NA,NA,NA,NA,NA
1999,S,1999-04-20,JC,1,3,107,N,ONAR,F,A,22,N,NA,NA,NA,NA,NA,NA
1999,S,1999-04-20,JC,1,3,92,N,ONAR,M,A,20,Y,S,NA,NA,NA,NA,NA
1999,S,1999-04-20,JC,1,3,79,N,DIME,M,A,49,Y,S,NA,NA,NA,NA,NA
1999,S,1999-04-20,JC,1,3,84,N,DIME,F,A,46,N,NA,NA,NA,NA,NA,NA
1999,S,1999-04-20,JC,1,3,54,N,CHPE,M,A,15,Y,S,NA,NA,NA,NA,NA
1999,S,1999-04-20,JC,1,3,55,N,DIME,M,A,50,Y,S,NA,NA,NA,NA,NA
1999,S,1999-04-20,JC,1,3,58,N,DIME,F,A,47,N,NA,NA,NA,NA,NA,NA
1999,S,1999-04-20,JC,1,3,59,N,DIME,F,A,51,N,NA,NA,NA,NA,NA,NA
1999,S,1999-04-20,JC,1,3,60,N,DIME,F,A,44,N,NA,NA,NA,NA,NA,NA
1999,S,1999-04-21,JC,2,1,55,Y,DIME,NA,NA,0,NA,NA,NA,NA,NA,NA,NA
1999,S,1999-04-21,JC,2,1,60,Y,DIME,NA,NA,0,NA,NA,NA,NA,NA,NA,NA
1999,S,1999-04-21,JC,2,1,71,Y,DIME,NA,NA,0,NA,NA,NA,NA,NA,NA,NA
1999,S,1999-04-21,JC,2,1,70,Y,DIME,NA,NA,0,NA,NA,NA,NA,NA,NA,NA
1999,S,1999-04-21,JC,2,1,67,Y,DIME,NA,NA,0,NA,NA,NA,NA,NA,NA,NA
1999,S,1999-04-21,JC,2,1,15,N,DIME,M,A,46,Y,S,NA,NA,NA,NA,NA
1999,S,1999-04-21,JC,2,2,118,Y,ONAR,NA,NA,0,NA,NA,NA,NA,NA,NA,NA
1999,S,1999-04-21,JC,2,2,115,N,DIME,M,A,58,Y,S,NA,NA,NA,NA,NA
1999,S,1999-04-21,JC,2,2,112,Y,DIME,NA,NA,0,NA,NA,NA,NA,NA,NA,NA
1999,S,1999-04-21,JC,2,2,108,Y,DIME,NA,NA,0,NA,NA,NA,NA,NA,NA,NA
1999,S,1999-04-21,JC,2,2,103,Y,DIME,NA,NA,0,NA,NA,NA,NA,NA,NA,NA
1999,S,1999-04-21,JC,2,2,64,Y,DIME,NA,NA,0,NA,NA,NA,NA,NA,NA,NA
1999,S,1999-04-21,JC,2,2,82,Y,DIME,NA,NA,0,NA,NA,NA,NA,NA,NA,NA
1999,S,1999-04-21,JC,2,2,79,Y,CHPE,NA,NA,0,NA,NA,NA,NA,NA,NA,NA
1999,S,1999-04-21,JC,2,2,78,Y,DIME,NA,NA,0,NA,NA,NA,NA,NA,NA,NA
1999,S,1999-04-21,JC,2,3,108,N,NEAL,F,A,165,Y,L,NA,NA,NA,NA,NA
1999,S,1999-04-21,JC,2,3,102,Y,ONAR,NA,NA,0,NA,NA,NA,NA,NA,NA,NA
1999,S,1999-04-21,JC,2,3,9,Y,PELE,NA,NA,0,NA,NA,NA,NA,NA,NA,NA
1999,S,1999-04-21,JC,2,3,10,Y,ONAR,NA,NA,0,NA,NA,NA,NA,NA,NA,NA
1999,S,1999-04-21,JC,2,3,11,Y,DIME,NA,NA,0,NA,NA,NA,NA,NA,NA,NA
1999,S,1999-04-21,JC,2,3,12,N,NEAL,NA,J,84,N,NA,NA,NA,NA,NA,NA
1999,S,1999-04-21,JC,2,3,23,N,DIME,NA,J,23,N,NA,NA,NA,NA,NA,NA
1999,S,1999-04-21,JC,2,3,21,Y,DIME,NA,NA,0,NA,NA,NA,NA,NA,NA,NA
1999,S,1999-04-21,JC,2,3,58,Y,DIME,NA,NA,0,NA,NA,NA,NA,NA,NA,NA
1999,S,1999-04-22,JC,3,1,57,Y,DIME,NA,NA,0,NA,NA,NA,NA,NA,NA,NA
1999,S,1999-04-22,JC,3,2,144,N,NEAL,F,A,180,N,NA,NA,NA,NA,NA,NA
1999,S,1999-04-22,JC,3,2,142,N,DIME,NA,J,26,N,NA,NA,NA,NA,NA,NA
1999,S,1999-04-22,JC,3,2,34,Y,DIME,NA,NA,0,NA,NA,NA,NA,NA,NA,NA
1999,S,1999-04-22,JC,3,2,36,Y,DIME,NA,NA,0,NA,NA,NA,NA,NA,NA,NA
1999,S,1999-04-22,JC,3,2,42,Y,DIME,NA,NA,0,NA,NA,NA,NA,NA,NA,NA
1999,S,1999-04-22,JC,3,2,61,Y,ONAR,NA,NA,0,NA,NA,NA,NA,NA,NA,NA
1999,S,1999-04-22,JC,3,2,64,N,ONAR,M,A,19,N,NA,NA,NA,NA,NA,NA
1999,S,1999-04-22,JC,3,3,132,Y,DIME,NA,NA,0,NA,NA,NA,NA,NA,NA,NA
1999,S,1999-04-22,JC,3,3,131,N,DIME,NA,J,31,N,NA,NA,NA,NA,NA,NA
1999,S,1999-04-22,JC,3,3,127,Y,DIME,NA,NA,0,NA,NA,NA,NA,NA,NA,NA
1999,S,1999-04-22,JC,3,3,13,Y,DIME,NA,NA,0,NA,NA,NA,NA,NA,NA,NA
1999,S,1999-04-22,JC,3,3,21,Y,DIME,NA,NA,0,NA,NA,NA,NA,NA,NA,NA
1999,S,1999-04-22,JC,3,3,22,Y,DIME,NA,NA,0,NA,NA,NA,NA,NA,NA,NA
1999,S,1999-04-22,JC,3,3,24,N,NEAL,NA,J,59,N,NA,NA,NA,NA,NA,NA
1999,S,1999-04-22,JC,3,3,36,Y,DIME,NA,NA,0,NA,NA,NA,NA,NA,NA,NA
1999,S,1999-04-22,JC,3,3,34,N,CHPE,F,A,13,N,NA,NA,NA,NA,NA,NA
1999,S,1999-04-22,JC,3,3,52,Y,DIME,NA,NA,0,NA,NA,NA,NA,NA,NA,NA
1999,S,1999-04-22,JC,3,3,54,N,SPSP,M,A,90,Y,S,NA,NA,NA,NA,NA
1999,S,1999-04-20,JC,1,1,145,N,DIME,M,A,48,N,NA,NA,NA,NA,NA,NA
1999,S,1999-04-20,JC,1,1,10,N,DIME,F,A,42,N,NA,NA,NA,NA,NA,NA
1999,S,1999-04-20,JC,1,1,24,N,DIME,F,A,48,Y,V,NA,NA,NA,NA,NA
1999,S,1999-04-20,JC,1,1,22,N,DIME,NA,J,28,N,NA,NA,NA,NA,NA,NA
1999,S,1999-04-20,JC,1,1,18,N,REME,F,A,11,N,NA,NA,NA,NA,NA,NA
1999,S,1999-04-20,JC,1,1,31,N,DIME,NA,J,27,N,NA,NA,NA,NA,NA,NA
1999,S,1999-04-20,JC,1,1,36,N,DIME,F,A,49,N,NA,NA,NA,NA,NA,NA
1999,S,1999-04-20,JC,1,1,47,N,DIME,F,A,48,Y,L,NA,NA,NA,NA,NA
1999,S,1999-04-20,JC,1,1,46,N,DIME,M,A,48,Y,S,NA,NA,NA,NA,NA
1999,S,1999-04-20,JC,1,1,108,N,DIME,F,A,50,Y,P,NA,NA,NA,NA,NA
1999,S,1999-04-20,JC,1,1,107,N,DIME,M,A,51,Y,S,NA,NA,NA,NA,NA
1999,S,1999-04-20,JC,1,1,101,N,DIME,F,A,46,N,NA,NA,NA,NA,NA,NA
1999,S,1999-04-20,JC,1,2,5,N,NEAL,NA,J,0,N,NA,Y,N,NA,NA,NA
1999,S,1999-04-20,JC,1,2,7,N,DIME,M,A,47,Y,S,NA,NA,NA,NA,NA
1999,S,1999-04-20,JC,1,2,9,N,DIME,M,A,49,Y,S,NA,NA,NA,NA,NA
1999,S,1999-04-20,JC,1,2,12,N,DIME,F,A,46,N,NA,NA,NA,NA,NA,NA
1999,S,1999-04-20,JC,1,2,22,N,DIME,M,A,51,Y,S,NA,NA,NA,NA,NA
1999,S,1999-04-20,JC,1,2,54,N,DIME,M,A,48,Y,S,NA,NA,NA,NA,NA
1999,S,1999-04-20,JC,1,2,67,N,DIME,M,A,48,Y,S,NA,NA,NA,NA,NA
1999,S,1999-04-20,JC,1,3,102,N,DIME,NA,J,28,N,NA,NA,NA,NA,NA,NA
1999,S,1999-04-20,JC,1,3,127,N,DIME,NA,J,26,N,NA,NA,NA,NA,NA,NA
1999,S,1999-04-20,JC,1,3,129,N,DIME,F,A,46,N,NA,NA,NA,NA,NA,NA
1999,S,1999-04-20,JC,1,3,131,N,DIME,M,A,49,N,NA,NA,NA,NA,NA,NA
1999,S,1999-04-20,JC,1,3,132,N,DIME,NA,J,29,N,NA,NA,NA,NA,NA,NA
1999,S,1999-04-20,JC,1,3,144,N,CHPE,M,A,14,Y,S,NA,NA,NA,NA,NA
1999,S,1999-04-20,JC,1,3,142,N,ONAR,M,A,24,N,NA,NA,NA,NA,NA,NA
1999,S,1999-04-20,JC,1,3,135,N,NEAL,NA,J,122,N,NA,NA,NA,NA,NA,NA
1999,S,1999-04-20,JC,1,3,134,N,NEAL,M,A,234,N,NA,NA,NA,NA,NA,NA
1999,S,1999-04-21,JC,2,1,84,Y,DIME,NA,NA,0,NA,NA,NA,NA,NA,NA,NA
1999,S,1999-04-21,JC,2,1,106,Y,DIME,NA,NA,0,NA,NA,NA,NA,NA,NA,NA
1999,S,1999-04-21,JC,2,1,120,Y,DIME,NA,NA,0,NA,NA,NA,NA,NA,NA,NA
1999,S,1999-04-21,JC,2,1,117,Y,DIME,NA,NA,0,NA,NA,NA,NA,NA,NA,NA
1999,S,1999-04-21,JC,2,1,113,Y,DIME,NA,NA,0,NA,NA,NA,NA,NA,NA,NA
1999,S,1999-04-21,JC,2,1,127,Y,DIME,NA,NA,0,NA,NA,NA,NA,NA,NA,NA
1999,S,1999-04-21,JC,2,1,132,N,DIME,M,A,48,N,NA,NA,NA,NA,NA,NA
1999,S,1999-04-21,JC,2,1,143,Y,DIME,NA,NA,0,NA,NA,NA,NA,NA,NA,NA
1999,S,1999-04-21,JC,2,1,144,N,SPSP,NA,NA,0,NA,NA,Y,U,NA,NA,NA
1999,S,1999-04-21,JC,2,1,141,N,NEAL,F,A,105,N,NA,NA,NA,NA,NA,NA
1999,S,1999-04-21,JC,2,1,7,N,ONAR,NA,NA,0,NA,NA,Y,N,NA,NA,NA
1999,S,1999-04-21,JC,2,1,10,Y,DIME,NA,NA,0,NA,NA,NA,NA,NA,NA,NA
1999,S,1999-04-21,JC,2,1,11,N,ONAR,F,A,21,N,NA,NA,NA,NA,NA,NA
1999,S,1999-04-21,JC,2,1,12,N,DIME,M,A,50,N,NA,NA,NA,NA,NA,NA
1999,S,1999-04-21,JC,2,1,22,Y,DIME,NA,NA,0,NA,NA,NA,NA,NA,NA,NA
1999,S,1999-04-21,JC,2,1,21,N,DIME,F,A,47,N,NA,NA,NA,NA,NA,NA
1999,S,1999-04-21,JC,2,2,34,Y,DIME,NA,NA,0,NA,NA,NA,NA,NA,NA,NA
1999,S,1999-04-21,JC,2,2,35,Y,DIME,NA,NA,0,NA,NA,NA,NA,NA,NA,NA
1999,S,1999-04-21,JC,2,2,48,N,ONAR,M,A,25,Y,S,NA,NA,NA,NA,NA
1999,S,1999-04-21,JC,2,2,51,N,DIME,NA,J,24,N,NA,NA,NA,NA,NA,NA
1999,S,1999-04-21,JC,2,2,55,Y,ONAR,NA,NA,0,NA,NA,NA,NA,NA,NA,NA
1999,S,1999-04-21,JC,2,2,60,N,NEAL,NA,J,72,N,NA,NA,NA,NA,NA,NA
1999,S,1999-04-21,JC,2,3,117,Y,DIME,NA,NA,0,NA,NA,NA,NA,NA,NA,NA
1999,S,1999-04-21,JC,2,3,126,Y,DIME,NA,NA,0,NA,NA,NA,NA,NA,NA,NA
1999,S,1999-04-21,JC,2,3,131,N,DIME,NA,J,27,N,NA,NA,NA,NA,NA,NA
1999,S,1999-04-21,JC,2,3,132,Y,DIME,NA,NA,0,NA,NA,NA,NA,NA,NA,NA
1999,S,1999-04-21,JC,2,3,144,Y,CHPE,NA,NA,0,NA,NA,NA,NA,NA,NA,NA
1999,S,1999-04-21,JC,2,3,135,Y,NEAL,NA,NA,0,NA,NA,NA,NA,NA,NA,NA
1999,S,1999-04-21,JC,2,3,41,Y,CHPE,NA,NA,0,NA,NA,NA,NA,NA,NA,NA
1999,S,1999-04-21,JC,2,3,48,N,NEAL,NA,J,49,N,NA,NA,NA,NA,NA,NA
1999,S,1999-04-21,JC,2,3,60,Y,DIME,NA,NA,0,NA,NA,NA,NA,NA,NA,NA
1999,S,1999-04-21,JC,2,3,59,Y,DIME,NA,NA,0,NA,NA,NA,NA,NA,NA,NA
1999,S,1999-04-22,JC,3,1,84,Y,DIME,NA,NA,0,NA,NA,NA,NA,NA,NA,NA
1999,S,1999-04-22,JC,3,1,79,Y,DIME,NA,NA,0,NA,NA,NA,NA,NA,NA,NA
1999,S,1999-04-22,JC,3,1,89,Y,DIME,NA,NA,0,NA,NA,NA,NA,NA,NA,NA
1999,S,1999-04-22,JC,3,1,95,N,NEAL,F,A,184,N,NA,NA,NA,NA,NA,NA
1999,S,1999-04-22,JC,3,1,96,Y,DIME,NA,NA,0,NA,NA,NA,NA,NA,NA,NA
1999,S,1999-04-22,JC,3,1,106,Y,DIME,NA,NA,0,NA,NA,NA,NA,NA,NA,NA
1999,S,1999-04-22,JC,3,1,98,Y,DIME,NA,NA,0,NA,NA,NA,NA,NA,NA,NA
1999,S,1999-04-22,JC,3,1,114,Y,DIME,NA,NA,0,NA,NA,NA,NA,NA,NA,NA
1999,S,1999-04-22,JC,3,1,120,Y,DIME,NA,NA,0,NA,NA,NA,NA,NA,NA,NA
1999,S,1999-04-22,JC,3,1,132,Y,DIME,NA,NA,0,NA,NA,NA,NA,NA,NA,NA
1999,S,1999-04-22,JC,3,1,127,Y,DIME,NA,NA,0,NA,NA,NA,NA,NA,NA,NA
1999,S,1999-04-22,JC,3,1,125,N,DIME,NA,J,28,N,NA,NA,NA,NA,NA,NA
1999,S,1999-04-22,JC,3,1,121,Y,ONAR,NA,NA,0,NA,NA,NA,NA,NA,NA,NA
1999,S,1999-04-22,JC,3,1,137,Y,DIME,NA,NA,0,NA,NA,NA,NA,NA,NA,NA
1999,S,1999-04-22,JC,3,1,143,Y,DIME,NA,NA,0,NA,NA,NA,NA,NA,NA,NA
1999,S,1999-04-22,JC,3,1,144,Y,NEAL,NA,NA,0,NA,NA,NA,NA,NA,NA,NA
1999,S,1999-04-22,JC,3,1,10,Y,DIME,NA,NA,0,NA,NA,NA,NA,NA,NA,NA
1999,S,1999-04-22,JC,3,1,14,Y,DIME,NA,NA,0,NA,NA,NA,NA,NA,NA,NA
1999,S,1999-04-22,JC,3,1,21,Y,DIME,NA,NA,0,NA,NA,NA,NA,NA,NA,NA
1999,S,1999-04-22,JC,3,1,22,Y,DIME,NA,NA,0,NA,NA,NA,NA,NA,NA,NA
1999,S,1999-04-22,JC,3,1,24,Y,ONAR,NA,NA,0,NA,NA,NA,NA,NA,NA,NA
1999,S,1999-04-22,JC,3,1,36,N,REME,NA,NA,0,NA,NA,Y,U,NA,NA,NA
1999,S,1999-04-22,JC,3,1,35,Y,DIME,NA,NA,0,NA,NA,NA,NA,NA,NA,NA
1999,S,1999-04-22,JC,3,1,34,Y,DIME,NA,NA,0,NA,NA,NA,NA,NA,NA,NA
1999,S,1999-04-22,JC,3,1,33,Y,DIME,NA,NA,0,NA,NA,NA,NA,NA,NA,NA
1999,S,1999-04-22,JC,3,2,131,N,PELE,F,A,0,N,NA,Y,M,NA,NA,NA
1999,S,1999-04-22,JC,3,2,3,Y,DIME,NA,NA,0,NA,NA,NA,NA,NA,NA,NA
1999,S,1999-04-22,JC,3,2,4,N,NEAL,F,A,182,N,NA,NA,NA,NA,NA,NA
1999,S,1999-04-22,JC,3,2,6,Y,NEAL,NA,NA,0,NA,NA,NA,NA,NA,NA,NA
1999,S,1999-04-22,JC,3,2,7,Y,DIME,NA,NA,0,NA,NA,NA,NA,NA,NA,NA
1999,S,1999-04-22,JC,3,2,12,Y,DIME,NA,NA,0,NA,NA,NA,NA,NA,NA,NA
1999,S,1999-04-22,JC,3,2,21,Y,DIME,NA,NA,0,NA,NA,NA,NA,NA,NA,NA
1999,S,1999-04-22,JC,3,2,20,Y,DIME,NA,NA,0,NA,NA,NA,NA,NA,NA,NA
1999,S,1999-04-22,JC,3,2,51,Y,ONAR,NA,NA,0,NA,NA,NA,NA,NA,NA,NA
1999,S,1999-04-22,JC,3,2,54,Y,DIME,NA,NA,0,NA,NA,NA,NA,NA,NA,NA
1999,S,1999-04-22,JC,3,2,60,Y,NEAL,NA,NA,0,NA,NA,NA,NA,NA,NA,NA
1999,S,1999-04-22,JC,3,3,118,Y,DIME,NA,NA,0,NA,NA,NA,NA,NA,NA,NA
1999,S,1999-04-22,JC,3,3,117,Y,DIME,NA,NA,0,NA,NA,NA,NA,NA,NA,NA
1999,S,1999-04-22,JC,3,3,105,Y,ONAR,NA,NA,0,NA,NA,NA,NA,NA,NA,NA
1999,S,1999-04-22,JC,3,3,108,Y,NEAL,NA,NA,0,NA,NA,NA,NA,NA,NA,NA
1999,S,1999-04-22,JC,3,3,96,N,DIME,M,A,48,N,NA,NA,NA,NA,NA,NA
1999,S,1999-04-22,JC,3,3,95,Y,DIME,NA,NA,0,NA,NA,NA,NA,NA,NA,NA
1999,S,1999-04-22,JC,3,3,86,Y,DIME,NA,NA,0,NA,NA,NA,NA,NA,NA,NA
1999,S,1999-04-22,JC,3,3,45,Y,DIME,NA,NA,0,NA,NA,NA,NA,NA,NA,NA
1999,S,1999-04-22,JC,3,3,47,Y,NEAL,NA,NA,0,NA,NA,NA,NA,NA,NA,NA
1999,S,1999-04-22,JC,3,3,48,N,NEAL,NA,J,115,N,NA,NA,NA,NA,NA,NA
1999,S,1999-04-22,JC,3,3,60,Y,DIME,NA,NA,0,NA,NA,NA,NA,NA,NA,NA
1999,S,1999-04-22,JC,3,3,58,N,DIME,M,A,47,N,NA,NA,NA,NA,NA,NA
1999,S,1999-04-20,JC,1,1,128,N,DIME,F,A,52,N,NA,NA,NA,NA,NA,NA
1999,S,1999-04-20,JC,1,1,130,N,DIME,F,A,52,N,NA,NA,NA,NA,NA,NA
1999,S,1999-04-20,JC,1,1,140,N,DIME,M,A,45,N,NA,NA,NA,NA,NA,NA
1999,S,1999-04-20,JC,1,1,118,N,DIME,F,A,52,N,NA,NA,NA,NA,NA,NA
1999,S,1999-04-20,JC,1,1,120,N,DIME,NA,J,30,N,NA,NA,NA,NA,NA,NA
1999,S,1999-04-20,JC,1,2,120,N,DIME,NA,J,35,N,NA,NA,NA,NA,NA,NA
1999,S,1999-04-20,JC,1,2,118,N,ONAR,F,A,28,N,NA,NA,NA,NA,NA,NA
1999,S,1999-04-20,JC,1,2,115,N,DIME,M,A,48,N,NA,NA,NA,NA,NA,NA
1999,S,1999-04-20,JC,1,2,91,N,DIME,M,A,38,N,NA,NA,NA,NA,NA,NA
1999,S,1999-04-20,JC,1,2,93,N,DIME,M,A,51,N,NA,NA,NA,NA,NA,NA
1999,S,1999-04-20,JC,1,2,96,N,DIME,F,A,51,N,NA,NA,NA,NA,NA,NA
1999,S,1999-04-20,JC,1,2,108,N,DIME,F,A,47,Y,L,NA,NA,NA,NA,NA
1999,S,1999-04-20,JC,1,3,112,N,DIME,M,A,58,Y,S,NA,NA,NA,NA,NA
1999,S,1999-04-20,JC,1,3,9,N,PELE,F,A,21,N,NA,NA,NA,NA,NA,NA
1999,S,1999-04-20,JC,1,3,11,N,DIME,F,A,50,N,NA,NA,NA,NA,NA,NA
1999,S,1999-04-20,JC,1,3,33,N,DIME,M,A,58,Y,S,NA,NA,NA,NA,NA
1999,S,1999-04-20,JC,1,3,40,N,DIME,M,A,51,Y,S,NA,NA,NA,NA,NA
1999,S,1999-04-21,JC,2,1,33,Y,DIME,NA,NA,0,NA,NA,NA,NA,NA,NA,NA
1999,S,1999-04-21,JC,2,1,34,Y,DIME,NA,NA,0,NA,NA,NA,NA,NA,NA,NA
1999,S,1999-04-21,JC,2,1,35,Y,DIME,NA,NA,0,NA,NA,NA,NA,NA,NA,NA
1999,S,1999-04-21,JC,2,1,45,Y,DIME,NA,NA,0,NA,NA,NA,NA,NA,NA,NA
1999,S,1999-04-21,JC,2,1,43,Y,DIME,NA,NA,0,NA,NA,NA,NA,NA,NA,NA
1999,S,1999-04-21,JC,2,2,3,N,DIME,NA,J,30,N,NA,NA,NA,NA,NA,NA
1999,S,1999-04-21,JC,2,2,7,Y,DIME,NA,NA,0,NA,NA,NA,NA,NA,NA,NA
1999,S,1999-04-21,JC,2,2,9,Y,DIME,NA,NA,0,NA,NA,NA,NA,NA,NA,NA
1999,S,1999-04-21,JC,2,2,12,Y,DIME,NA,NA,0,NA,NA,NA,NA,NA,NA,NA
1999,S,1999-04-21,JC,2,2,22,Y,DIME,NA,NA,0,NA,NA,NA,NA,NA,NA,NA
1999,S,1999-04-21,JC,2,2,21,N,DIME,M,A,50,Y,S,NA,NA,NA,NA,NA
1999,S,1999-04-21,JC,2,3,93,Y,DIME,NA,NA,0,NA,NA,NA,NA,NA,NA,NA
1999,S,1999-04-21,JC,2,3,92,N,ONAR,M,A,23,N,NA,NA,NA,NA,NA,NA
1999,S,1999-04-21,JC,2,3,76,Y,DIME,NA,NA,0,NA,NA,NA,NA,NA,NA,NA
1999,S,1999-04-21,JC,2,3,79,Y,DIME,NA,NA,0,NA,NA,NA,NA,NA,NA,NA
1999,S,1999-04-21,JC,2,3,82,N,DIME,F,A,49,N,NA,NA,NA,NA,NA,NA
1999,S,1999-04-21,JC,2,3,84,Y,DIME,NA,NA,0,NA,NA,NA,NA,NA,NA,NA
1999,S,1999-04-21,JC,2,3,36,N,DIME,F,A,59,N,NA,NA,NA,NA,NA,NA
1999,S,1999-04-22,JC,3,1,71,Y,DIME,NA,NA,0,NA,NA,NA,NA,NA,NA,NA
1999,S,1999-04-22,JC,3,1,70,Y,DIME,NA,NA,0,NA,NA,NA,NA,NA,NA,NA
1999,S,1999-04-22,JC,3,1,67,Y,DIME,NA,NA,0,NA,NA,NA,NA,NA,NA,NA
1999,S,1999-04-22,JC,3,2,114,Y,DIME,NA,NA,0,NA,NA,NA,NA,NA,NA,NA
1999,S,1999-04-22,JC,3,2,106,Y,DIME,NA,NA,0,NA,NA,NA,NA,NA,NA,NA
1999,S,1999-04-22,JC,3,2,94,Y,DIME,NA,NA,0,NA,NA,NA,NA,NA,NA,NA
1999,S,1999-04-22,JC,3,2,92,Y,DIME,NA,NA,0,NA,NA,NA,NA,NA,NA,NA
1999,S,1999-04-22,JC,3,2,76,Y,DIME,NA,NA,0,NA,NA,NA,NA,NA,NA,NA
1999,S,1999-04-22,JC,3,2,82,Y,DIME,NA,NA,0,NA,NA,NA,NA,NA,NA,NA
1999,S,1999-04-22,JC,3,3,143,N,DIME,F,A,58,N,NA,NA,NA,NA,NA,NA
1999,S,1999-04-22,JC,3,3,135,Y,NEAL,NA,NA,0,NA,NA,NA,NA,NA,NA,NA
1999,S,1999-04-22,JC,3,3,78,Y,ONAR,NA,NA,0,NA,NA,NA,NA,NA,NA,NA
1999,S,1999-04-22,JC,3,3,82,Y,DIME,NA,NA,0,NA,NA,NA,NA,NA,NA,NA
1999,S,1999-04-22,JC,3,3,84,Y,DIME,NA,NA,0,NA,NA,NA,NA,NA,NA,NA
1999,S,1999-04-22,JC,3,3,4,Y,CHPE,NA,NA,0,NA,NA,NA,NA,NA,NA,NA
1995,F,1995-10-24,JG,1,1,11,N,ONLE,M,A,29,N,NA,NA,NA,NA,NA,NA
1995,F,1995-10-24,JG,1,1,25,N,DIOR,F,A,62,N,NA,NA,NA,NA,NA,NA
1995,F,1995-10-24,JG,1,1,128,N,DIOR,M,A,53,Y,S,NA,NA,NA,NA,NA
1995,F,1995-10-24,JG,1,2,41,N,DIOR,M,A,65,N,NA,NA,NA,NA,NA,NA
1995,F,1995-10-24,JG,1,2,44,N,DIOR,M,A,57,N,NA,NA,NA,NA,NA,NA
1995,F,1995-10-24,JG,1,2,48,N,DIOR,F,A,57,N,NA,NA,NA,NA,NA,NA
1995,F,1995-10-24,JG,1,2,120,N,DIOR,NA,J,48,N,NA,NA,NA,NA,NA,NA
1995,F,1995-10-24,JG,1,2,144,N,NEMI,M,A,165,Y,S,NA,NA,NA,NA,NA
1995,F,1995-10-24,JG,1,3,24,N,ONLE,M,A,30,N,NA,NA,NA,NA,NA,NA
1995,F,1995-10-24,JG,1,3,45,N,DIOR,F,A,72,N,NA,NA,NA,NA,NA,NA
1995,F,1995-10-24,JG,1,3,140,N,SPSP,M,A,0,N,NA,Y,M,NA,NA,NA
1995,F,1995-10-25,JG,2,1,11,N,ONLE,M,A,28,Y,S,NA,NA,NA,NA,NA
1995,F,1995-10-25,JG,2,1,25,N,ONLE,M,A,33,N,NA,NA,NA,NA,NA,NA
1995,F,1995-10-25,JG,2,1,45,N,SPSP,M,A,72,N,NA,NA,NA,NA,NA,NA
1995,F,1995-10-25,JG,2,1,120,N,DIOR,F,A,72,N,NA,NA,NA,NA,NA,NA
1995,F,1995-10-25,JG,2,1,128,N,ONLE,F,A,29,N,NA,NA,NA,NA,NA,NA
1995,F,1995-10-25,JG,2,1,140,N,NEMI,F,A,185,N,NA,NA,NA,NA,NA,NA
1995,F,1995-10-25,JG,2,2,41,N,SPSP,M,A,78,N,NA,NA,NA,NA,NA,NA
1995,F,1995-10-25,JG,2,2,48,Y,DIOR,NA,NA,0,NA,NA,NA,NA,NA,NA,NA
1995,F,1995-10-25,JG,2,2,119,N,SPSP,F,A,140,N,NA,NA,NA,NA,NA,NA
1995,F,1995-10-25,JG,2,2,144,N,NEMI,M,A,158,Y,S,NA,NA,NA,NA,NA
1995,F,1995-10-25,JG,2,3,12,N,ONLE,M,A,40,N,NA,NA,NA,NA,NA,NA
1995,F,1995-10-25,JG,2,3,24,N,DIOR,M,A,50,N,NA,NA,NA,NA,NA,NA
1995,F,1995-10-25,JG,2,3,36,N,SPSP,F,A,145,N,NA,NA,NA,NA,NA,NA
1995,F,1995-10-25,JG,2,3,82,N,SPSP,NA,J,78,N,NA,NA,NA,NA,NA,NA
1995,F,1995-10-25,JG,2,3,143,N,ONAR,F,A,24,N,NA,NA,NA,NA,NA,NA
1995,F,1995-10-26,JG,3,1,1,Y,SPSP,NA,NA,0,NA,NA,NA,NA,NA,NA,NA
1995,F,1995-10-26,JG,3,1,11,Y,DIOR,NA,NA,0,NA,NA,NA,NA,NA,NA,NA
1995,F,1995-10-26,JG,3,1,55,NA,ONLE,NA,NA,0,NA,NA,Y,U,NA,NA,NA
1995,F,1995-10-26,JG,3,1,84,N,SPSP,M,A,72,N,NA,NA,NA,NA,NA,NA
1995,F,1995-10-26,JG,3,1,94,N,SPSP,M,A,85,N,NA,NA,NA,NA,NA,NA
1995,F,1995-10-26,JG,3,2,11,NA,DIOR,NA,NA,0,NA,NA,Y,U,NA,NA,NA
1995,F,1995-10-26,JG,3,2,40,N,DIOR,M,A,51,Y,S,NA,NA,NA,NA,NA
1995,F,1995-10-26,JG,3,2,120,N,SPSP,NA,J,70,N,NA,NA,NA,NA,NA,NA
1995,F,1995-10-26,JG,3,2,144,Y,NEMI,NA,NA,0,NA,NA,NA,NA,NA,NA,NA
1995,F,1995-10-26,JG,3,3,24,N,ONLE,M,A,34,N,NA,NA,NA,NA,NA,NA
1995,F,1995-10-26,JG,3,3,83,N,SPSP,F,A,58,Y,L,NA,NA,NA,NA,NA
1995,F,1995-10-26,JG,3,3,120,Y,ONLE,NA,NA,0,NA,NA,NA,NA,NA,NA,NA
1995,F,1995-10-26,JG,3,3,129,N,ONLE,F,A,37,Y,P,NA,NA,NA,NA,NA
1995,F,1995-10-26,JG,3,3,140,Y,ONLE,NA,NA,0,NA,NA,NA,NA,NA,NA,NA
1996,F,1996-10-17,JG,2,2,6,Y,DIOR,NA,NA,0,NA,NA,NA,NA,NA,NA,NA
1996,F,1996-10-17,JG,2,2,11,Y,DIOR,NA,NA,0,NA,NA,NA,NA,NA,NA,NA
1996,F,1996-10-17,JG,2,1,12,N,DIOR,F,A,56,Y,V,NA,NA,NA,NA,NA
1996,F,1996-10-17,JG,2,1,21,N,NEMI,M,A,245,N,NA,NA,NA,NA,NA,NA
1996,F,1996-10-17,JG,2,2,22,N,DIOR,F,A,56,N,NA,NA,NA,NA,NA,NA
1996,F,1996-10-17,JG,2,1,22,Y,DIOR,NA,NA,0,NA,NA,NA,NA,NA,NA,NA
1996,F,1996-10-17,JG,2,2,24,N,DIOR,M,A,64,Y,S,NA,NA,NA,NA,NA
1996,F,1996-10-17,JG,2,1,24,N,DIOR,M,A,58,Y,S,NA,NA,NA,NA,NA
1996,F,1996-10-17,JG,2,1,30,N,DIOR,F,A,61,N,NA,NA,NA,NA,NA,NA
1996,F,1996-10-17,JG,2,2,31,N,DIOR,M,A,53,Y,S,NA,NA,NA,NA,NA
1996,F,1996-10-17,JG,2,1,31,N,SPSP,NA,J,72,N,NA,NA,NA,NA,NA,NA
1996,F,1996-10-17,JG,2,1,32,Y,DIOR,NA,NA,0,NA,NA,NA,NA,NA,NA,NA
1996,F,1996-10-17,JG,2,1,33,N,DIOR,NA,J,33,N,NA,NA,NA,NA,NA,NA
1996,F,1996-10-17,JG,2,1,34,N,PGFL,M,A,11,Y,S,NA,NA,NA,NA,NA
1996,F,1996-10-17,JG,2,2,35,N,DIOR,F,A,33,N,NA,NA,NA,NA,NA,NA
1996,F,1996-10-17,JG,2,1,44,N,DIOR,M,A,61,Y,S,NA,NA,NA,NA,NA
1996,F,1996-10-17,JG,2,2,46,N,DIOR,F,A,62,Y,V,NA,NA,NA,NA,NA
1996,F,1996-10-17,JG,2,1,46,N,DIOR,F,A,0,N,NA,Y,M,NA,NA,NA
1996,F,1996-10-17,JG,2,1,53,N,DIOR,F,A,54,N,NA,NA,NA,NA,NA,NA
1996,F,1996-10-17,JG,2,1,56,N,DIOR,F,A,62,Y,V,NA,NA,NA,NA,NA
1996,F,1996-10-17,JG,2,1,57,Y,DIOR,NA,NA,0,NA,NA,NA,NA,NA,NA,NA
1996,F,1996-10-17,JG,2,1,59,Y,DISP,NA,NA,0,NA,NA,NA,NA,NA,NA,NA
1996,F,1996-10-17,JG,2,2,66,N,NEMI,NA,J,65,N,NA,NA,NA,NA,NA,NA
1996,F,1996-10-17,JG,2,1,68,N,DIOR,M,A,56,Y,S,NA,NA,NA,NA,NA
1996,F,1996-10-17,JG,2,2,68,Y,DISP,NA,NA,0,NA,NA,NA,NA,NA,NA,NA
1996,F,1996-10-17,JG,2,1,71,N,DIOR,M,A,62,Y,S,NA,NA,NA,NA,NA
1996,F,1996-10-17,JG,2,2,71,N,ONLE,F,A,22,N,NA,NA,NA,NA,NA,NA
1996,F,1996-10-17,JG,2,2,72,N,DIOR,M,A,43,N,NA,NA,NA,NA,NA,NA
1996,F,1996-10-17,JG,2,1,72,Y,DIOR,NA,NA,0,NA,NA,NA,NA,NA,NA,NA
1996,F,1996-10-17,JG,2,1,79,N,DIOR,M,A,58,Y,S,NA,NA,NA,NA,NA
1996,F,1996-10-17,JG,2,1,80,N,NEMI,M,A,220,NA,NA,Y,M,NA,NA,NA
1996,F,1996-10-17,JG,2,1,81,N,DIOR,M,A,56,Y,S,NA,NA,NA,NA,NA
1996,F,1996-10-17,JG,2,1,84,N,DIOR,M,A,59,Y,S,NA,NA,NA,NA,NA
1996,F,1996-10-17,JG,2,2,93,N,DIOR,F,A,44,N,NA,NA,NA,NA,NA,NA
1996,F,1996-10-17,JG,2,2,94,Y,DIOR,NA,NA,0,NA,NA,NA,NA,NA,NA,NA
1996,F,1996-10-17,JG,2,2,96,N,DIOR,F,A,59,N,NA,NA,NA,NA,NA,NA
1996,F,1996-10-17,JG,2,1,96,Y,DIOR,NA,NA,0,NA,NA,NA,NA,NA,NA,NA
1996,F,1996-10-17,JG,2,1,102,Y,DIOR,NA,NA,0,NA,NA,NA,NA,NA,NA,NA
1996,F,1996-10-17,JG,2,2,103,N,DIOR,NA,J,32,N,NA,NA,NA,NA,NA,NA
1996,F,1996-10-17,JG,2,2,104,N,DISP,F,A,108,N,NA,NA,NA,NA,NA,NA
1996,F,1996-10-17,JG,2,1,108,Y,DIOR,NA,NA,0,NA,NA,NA,NA,NA,NA,NA
1996,F,1996-10-17,JG,2,2,108,N,DISP,M,A,152,Y,S,NA,NA,NA,NA,NA
1996,F,1996-10-17,JG,2,1,112,N,NEMI,NA,J,85,N,NA,NA,NA,NA,NA,NA
1996,F,1996-10-17,JG,2,2,114,Y,DIOR,NA,NA,0,NA,NA,NA,NA,NA,NA,NA
1996,F,1996-10-17,JG,2,1,119,Y,NEMI,NA,NA,0,NA,NA,N,N,NA,NA,NA
1996,F,1996-10-17,JG,2,1,120,N,DIOR,F,A,56,Y,V,NA,NA,NA,NA,NA
1996,F,1996-10-17,JG,2,1,128,N,DIOR,M,A,55,Y,S,NA,NA,NA,NA,NA
1996,F,1996-10-17,JG,2,2,129,N,DIOR,NA,J,32,N,NA,NA,NA,NA,NA,NA
1996,F,1996-10-17,JG,2,2,131,Y,DIOR,NA,NA,0,NA,NA,NA,NA,NA,NA,NA
1996,F,1996-10-17,JG,2,1,132,Y,SPSP,NA,NA,0,NA,NA,NA,NA,NA,NA,NA
1996,F,1996-10-17,JG,2,1,135,N,DISP,F,A,120,N,NA,NA,NA,NA,NA,NA
1996,F,1996-10-17,JG,2,2,138,Y,DIOR,NA,NA,0,NA,NA,NA,NA,NA,NA,NA
1996,F,1996-10-17,JG,2,1,138,Y,SPSP,NA,NA,0,NA,NA,NA,NA,NA,NA,NA
1996,F,1996-10-17,JG,2,2,140,N,DIOR,M,A,54,Y,S,NA,NA,NA,NA,NA
1996,F,1996-10-17,JG,2,1,140,Y,DISP,NA,NA,0,NA,NA,NA,NA,NA,NA,NA
1996,F,1996-10-17,JG,2,2,143,Y,DIOR,NA,NA,0,NA,NA,NA,NA,NA,NA,NA
1996,F,1996-10-17,JG,2,3,9,N,DIOR,M,A,57,Y,S,NA,NA,NA,NA,NA
1996,F,1996-10-17,JG,2,3,11,N,SPSP,M,A,120,N,NA,NA,NA,NA,NA,NA
1996,F,1996-10-17,JG,2,3,20,N,DIOR,M,A,52,Y,S,NA,NA,NA,NA,NA
1996,F,1996-10-17,JG,2,3,32,N,DIOR,M,A,36,N,NA,NA,NA,NA,NA,NA
1996,F,1996-10-17,JG,2,3,46,Y,DIOR,NA,NA,0,NA,NA,NA,NA,NA,NA,NA
1996,F,1996-10-17,JG,2,3,57,N,DIOR,M,A,56,Y,S,NA,NA,NA,NA,NA
1996,F,1996-10-17,JG,2,3,58,N,DIOR,F,A,58,N,NA,NA,NA,NA,NA,NA
1996,F,1996-10-17,JG,2,3,65,N,DIOR,M,A,60,Y,S,NA,NA,NA,NA,NA
1996,F,1996-10-17,JG,2,3,72,N,SPSP,M,A,105,N,NA,NA,NA,NA,NA,NA
1996,F,1996-10-17,JG,2,3,82,N,DISP,M,A,132,Y,S,NA,NA,NA,NA,NA
1996,F,1996-10-17,JG,2,3,84,N,NEMI,F,A,222,Y,NA,Y,M,NA,NA,NA
1996,F,1996-10-17,JG,2,3,100,N,PGFL,F,A,8,N,NA,NA,NA,NA,NA,NA
1996,F,1996-10-17,JG,2,3,104,N,DIOR,F,A,67,Y,V,NA,NA,NA,NA,NA
1996,F,1996-10-17,JG,2,3,105,N,DIOR,M,A,62,Y,S,NA,NA,NA,NA,NA
1996,F,1996-10-17,JG,2,3,119,N,DISP,M,A,120,Y,S,NA,NA,NA,NA,NA
1996,F,1996-10-17,JG,2,3,120,N,PGFL,F,A,7,N,NA,NA,NA,NA,NA,NA
1996,F,1996-10-17,JG,2,3,126,N,DISP,F,A,132,N,NA,NA,NA,NA,NA,NA
1996,F,1996-10-17,JG,2,3,129,N,DIOR,M,A,53,Y,S,NA,NA,NA,NA,NA
1996,F,1996-10-17,JG,2,3,132,N,DIOR,M,A,55,Y,S,NA,NA,NA,NA,NA
1996,F,1996-10-17,JG,2,3,139,N,DIOR,F,A,49,Y,V,NA,NA,NA,NA,NA
1996,F,1996-10-17,JG,2,3,143,Y,DIOR,NA,NA,0,NA,NA,NA,NA,NA,NA,NA
1996,F,1996-10-17,JG,2,3,144,N,ONLE,F,A,32,Y,L,NA,NA,NA,NA,NA
1996,F,1996-10-18,JG,3,2,4,Y,SPSP,NA,NA,0,NA,NA,NA,NA,NA,NA,NA
1996,F,1996-10-18,JG,3,2,9,Y,DIOR,NA,NA,0,NA,NA,NA,NA,NA,NA,NA
1996,F,1996-10-18,JG,3,2,10,Y,DIOR,NA,NA,0,NA,NA,NA,NA,NA,NA,NA
1996,F,1996-10-18,JG,3,2,11,Y,DIOR,NA,NA,0,NA,NA,NA,NA,NA,NA,NA
1996,F,1996-10-18,JG,3,1,11,Y,DIOR,NA,NA,0,NA,NA,NA,NA,NA,NA,NA
1996,F,1996-10-18,JG,3,3,11,N,ONAR,M,A,26,N,NA,NA,NA,NA,NA,NA
1996,F,1996-10-18,JG,3,3,12,Y,DIOR,NA,NA,0,NA,NA,NA,NA,NA,NA,NA
1996,F,1996-10-18,JG,3,1,12,Y,DIOR,NA,NA,0,NA,NA,NA,NA,NA,NA,NA
1996,F,1996-10-18,JG,3,1,20,Y,SPSP,NA,NA,0,NA,NA,NA,NA,NA,NA,NA
1996,F,1996-10-18,JG,3,3,21,N,DIOR,F,A,38,Y,V,NA,NA,NA,NA,NA
1996,F,1996-10-18,JG,3,1,22,Y,DIOR,NA,NA,0,NA,NA,NA,NA,NA,NA,NA
1996,F,1996-10-18,JG,3,2,24,Y,DIOR,NA,NA,0,NA,NA,NA,NA,NA,NA,NA
1996,F,1996-10-18,JG,3,1,28,Y,DISP,NA,NA,0,NA,NA,NA,NA,NA,NA,NA
1996,F,1996-10-18,JG,3,3,34,N,DIOR,M,A,54,Y,S,NA,NA,NA,NA,NA
1996,F,1996-10-18,JG,3,1,36,N,DIOR,M,A,58,Y,S,NA,NA,NA,NA,NA
1996,F,1996-10-18,JG,3,3,36,Y,SPSP,NA,NA,0,NA,NA,NA,NA,NA,NA,NA
1996,F,1996-10-18,JG,3,2,42,N,PGFL,F,A,10,N,NA,NA,NA,NA,NA,NA
1996,F,1996-10-18,JG,3,1,44,Y,DISP,NA,NA,0,NA,NA,NA,NA,NA,NA,NA
1996,F,1996-10-18,JG,3,1,45,Y,DIOR,NA,NA,0,NA,NA,NA,NA,NA,NA,NA
1996,F,1996-10-18,JG,3,3,46,Y,DIOR,NA,NA,0,NA,NA,NA,NA,NA,NA,NA
1996,F,1996-10-18,JG,3,1,47,N,DIOR,F,A,59,N,NA,NA,NA,NA,NA,NA
1996,F,1996-10-18,JG,3,2,55,Y,DIOR,NA,NA,0,NA,NA,NA,NA,NA,NA,NA
1996,F,1996-10-18,JG,3,1,56,N,DIOR,M,A,62,N,NA,NA,NA,NA,NA,NA
1996,F,1996-10-18,JG,3,3,58,Y,DIOR,NA,NA,0,NA,NA,NA,NA,NA,NA,NA
1996,F,1996-10-18,JG,3,1,59,Y,DIOR,NA,NA,0,NA,NA,NA,NA,NA,NA,NA
1996,F,1996-10-18,JG,3,1,60,Y,DISP,NA,NA,0,NA,NA,NA,NA,NA,NA,NA
1996,F,1996-10-18,JG,3,2,63,Y,DIOR,NA,NA,0,NA,NA,NA,NA,NA,NA,NA
1996,F,1996-10-18,JG,3,3,69,N,PGFL,M,A,7,Y,S,NA,NA,NA,NA,NA
1996,F,1996-10-18,JG,3,1,21,Y,NEMI,NA,NA,0,NA,NA,NA,NA,NA,NA,NA
1996,F,1996-10-18,JG,3,1,78,N,DIOR,M,A,41,Y,S,NA,NA,NA,NA,NA
1996,F,1996-10-18,JG,3,3,80,Y,DIOR,NA,NA,0,NA,NA,NA,NA,NA,NA,NA
1996,F,1996-10-18,JG,3,1,80,Y,NEMI,NA,NA,0,NA,NA,NA,NA,NA,NA,NA
1996,F,1996-10-18,JG,3,1,82,Y,DIOR,NA,NA,0,NA,NA,NA,NA,NA,NA,NA
1996,F,1996-10-18,JG,3,3,83,Y,DISP,NA,NA,0,NA,NA,NA,NA,NA,NA,NA
1996,F,1996-10-18,JG,3,2,84,Y,DIOR,NA,NA,0,NA,NA,NA,NA,NA,NA,NA
1996,F,1996-10-18,JG,3,3,88,Y,DIOR,NA,NA,0,NA,NA,NA,NA,NA,NA,NA
1996,F,1996-10-18,JG,3,1,90,N,DIOR,M,A,60,Y,S,NA,NA,NA,NA,NA
1996,F,1996-10-18,JG,3,3,92,N,DIOR,F,A,44,Y,V,NA,NA,NA,NA,NA
1996,F,1996-10-18,JG,3,2,92,Y,DIOR,NA,NA,0,NA,NA,NA,NA,NA,NA,NA
1996,F,1996-10-18,JG,3,3,93,Y,SPSP,NA,NA,0,NA,NA,NA,NA,NA,NA,NA
1996,F,1996-10-18,JG,3,2,93,Y,DIOR,NA,NA,0,NA,NA,NA,NA,NA,NA,NA
1996,F,1996-10-18,JG,3,3,95,N,DIOR,M,A,59,Y,S,NA,NA,NA,NA,NA
1996,F,1996-10-18,JG,3,2,96,N,DIOR,M,A,40,N,NA,NA,NA,NA,NA,NA
1996,F,1996-10-18,JG,3,2,102,Y,DIOR,NA,NA,0,NA,NA,NA,NA,NA,NA,NA
1996,F,1996-10-18,JG,3,2,105,Y,DIOR,NA,NA,0,NA,NA,NA,NA,NA,NA,NA
1996,F,1996-10-18,JG,3,1,106,Y,DIOR,NA,NA,0,NA,NA,NA,NA,NA,NA,NA
1996,F,1996-10-18,JG,3,2,107,N,DIOR,F,A,57,Y,L,NA,NA,NA,NA,NA
1996,F,1996-10-18,JG,3,1,107,Y,SPSP,NA,NA,0,NA,NA,NA,NA,NA,NA,NA
1996,F,1996-10-18,JG,3,2,111,Y,DIOR,NA,NA,0,NA,NA,NA,NA,NA,NA,NA
1996,F,1996-10-18,JG,3,1,112,N,DIOR,F,A,35,N,NA,NA,NA,NA,NA,NA
1996,F,1996-10-18,JG,3,3,113,Y,DISP,NA,NA,0,NA,NA,NA,NA,NA,NA,NA
1996,F,1996-10-18,JG,3,3,114,N,PGFL,F,A,11,Y,P,NA,NA,NA,NA,NA
1996,F,1996-10-18,JG,3,1,114,Y,SPSP,NA,NA,0,NA,NA,NA,NA,NA,NA,NA
1996,F,1996-10-18,JG,3,2,119,Y,DISP,NA,NA,0,NA,NA,NA,NA,NA,NA,NA
1996,F,1996-10-18,JG,3,2,120,Y,DISP,NA,NA,0,NA,NA,NA,NA,NA,NA,NA
1996,F,1996-10-18,JG,3,1,120,Y,SPSP,NA,NA,0,NA,NA,NA,NA,NA,NA,NA
1996,F,1996-10-18,JG,3,1,122,N,DIOR,F,A,50,N,NA,NA,NA,NA,NA,NA
1996,F,1996-10-18,JG,3,1,123,Y,DISP,NA,NA,0,NA,NA,NA,NA,NA,NA,NA
1996,F,1996-10-18,JG,3,3,125,Y,DISP,NA,NA,0,NA,NA,NA,NA,NA,NA,NA
1996,F,1996-10-18,JG,3,1,126,Y,DIOR,NA,NA,0,NA,NA,NA,NA,NA,NA,NA
1996,F,1996-10-18,JG,3,1,129,Y,DISP,NA,NA,0,NA,NA,NA,NA,NA,NA,NA
1996,F,1996-10-18,JG,3,2,130,Y,DIOR,NA,NA,0,NA,NA,NA,NA,NA,NA,NA
1996,F,1996-10-18,JG,3,1,131,Y,DIOR,NA,NA,0,NA,NA,NA,NA,NA,NA,NA
1996,F,1996-10-18,JG,3,1,132,Y,DIOR,NA,NA,0,NA,NA,NA,NA,NA,NA,NA
1996,F,1996-10-18,JG,3,1,136,Y,NEMI,NA,NA,0,NA,NA,NA,NA,NA,NA,NA
1996,F,1996-10-18,JG,3,3,139,N,SPSP,NA,J,49,N,NA,NA,NA,NA,NA,NA
1996,F,1996-10-18,JG,3,2,140,Y,DIOR,NA,NA,0,NA,NA,NA,NA,NA,NA,NA
1996,F,1996-10-18,JG,3,3,140,Y,DIOR,NA,NA,0,NA,NA,NA,NA,NA,NA,NA
1996,F,1996-10-18,JG,3,1,140,N,NEMI,M,A,255,N,NA,NA,NA,NA,NA,NA
1996,F,1996-10-18,JG,3,2,143,Y,DIOR,NA,NA,0,NA,NA,NA,NA,NA,NA,NA
1996,F,1996-10-18,JG,3,1,143,Y,DIOR,NA,NA,0,NA,NA,NA,NA,NA,NA,NA
1996,F,1996-10-18,JG,3,3,144,Y,DIOR,NA,NA,0,NA,NA,NA,NA,NA,NA,NA
1996,F,1996-10-18,JG,3,2,144,N,SPSP,F,A,76,N,NA,NA,NA,NA,NA,NA
1997,F,1997-10-28,JG,1,2,3,N,DIOR,NA,J,26,N,NA,NA,NA,NA,NA,NA
1997,F,1997-10-28,JG,1,2,8,N,DIOR,M,A,61,Y,S,NA,NA,NA,NA,NA
1997,F,1997-10-28,JG,1,2,10,N,NEMI,F,A,225,N,NA,NA,NA,NA,NA,NA
1997,F,1997-10-28,JG,1,2,11,N,DIOR,F,A,52,N,NA,NA,NA,NA,NA,NA
1997,F,1997-10-28,JG,1,2,16,N,DIOR,M,A,63,Y,S,NA,NA,NA,NA,NA
1997,F,1997-10-28,JG,1,2,17,N,NEAL,NA,A,0,NA,NA,Y,U,NA,NA,NA
1997,F,1997-10-28,JG,1,2,18,N,DIOR,F,A,54,N,NA,NA,NA,NA,NA,NA
1997,F,1997-10-28,JG,1,2,21,N,DIOR,M,A,0,N,NA,Y,M,NA,NA,NA
1997,F,1997-10-28,JG,1,2,31,N,DIOR,F,A,48,N,NA,NA,NA,NA,NA,NA
1997,F,1997-10-28,JG,1,2,33,N,DIOR,F,A,48,N,NA,NA,NA,NA,NA,NA
1997,F,1997-10-28,JG,1,2,35,N,DIOR,M,A,54,Y,S,NA,NA,NA,NA,NA
1997,F,1997-10-28,JG,1,2,36,N,ONLE,NA,J,21,N,NA,NA,NA,NA,NA,NA
1997,F,1997-10-28,JG,1,2,38,N,DIOR,NA,J,35,N,NA,NA,NA,NA,NA,NA
1997,F,1997-10-28,JG,1,2,40,N,DIOR,F,A,51,N,NA,NA,NA,NA,NA,NA
1997,F,1997-10-28,JG,1,2,41,N,DIOR,F,A,45,N,NA,NA,NA,NA,NA,NA
1997,F,1997-10-28,JG,1,2,42,N,DIOR,M,A,0,Y,S,Y,M,NA,NA,NA
1997,F,1997-10-28,JG,1,2,44,N,DISP,F,A,124,N,NA,NA,NA,NA,NA,NA
1997,F,1997-10-28,JG,1,2,45,N,SPSP,M,A,116,N,NA,NA,NA,NA,NA,NA
1997,F,1997-10-28,JG,1,2,46,N,DIOR,NA,NA,0,NA,NA,Y,U,NA,NA,NA
1997,F,1997-10-28,JG,1,2,48,N,DIOR,M,A,52,N,NA,NA,NA,NA,NA,NA
1997,F,1997-10-28,JG,1,2,55,N,DIOR,M,A,48,N,NA,NA,NA,NA,NA,NA
1997,F,1997-10-28,JG,1,2,57,N,DIOR,NA,J,45,N,NA,NA,NA,NA,NA,NA
1997,F,1997-10-28,JG,1,2,60,N,DIOR,F,A,49,N,NA,NA,NA,NA,NA,NA
1997,F,1997-10-28,JG,1,2,63,N,DIOR,F,A,55,N,NA,NA,NA,NA,NA,NA
1997,F,1997-10-28,JG,1,1,67,N,DIOR,NA,A,0,NA,NA,Y,U,NA,NA,NA
1997,F,1997-10-28,JG,1,2,67,N,DIOR,M,A,49,Y,S,NA,NA,NA,NA,NA
1997,F,1997-10-28,JG,1,2,68,N,NEAL,NA,J,115,N,NA,NA,NA,NA,NA,NA
1997,F,1997-10-28,JG,1,2,69,N,DISP,NA,J,46,Y,S,NA,NA,NA,NA,NA
1997,F,1997-10-28,JG,1,2,71,N,DIOR,M,A,50,N,NA,NA,NA,NA,NA,NA
1997,F,1997-10-28,JG,1,2,74,N,PGFL,F,A,7,N,NA,NA,NA,NA,NA,NA
1997,F,1997-10-28,JG,1,2,79,N,DIOR,F,A,48,N,NA,NA,NA,NA,NA,NA
1997,F,1997-10-28,JG,1,2,82,N,DIOR,M,A,45,N,NA,NA,NA,NA,NA,NA
1997,F,1997-10-28,JG,1,2,83,N,DIOR,M,A,59,Y,S,NA,NA,NA,NA,NA
1997,F,1997-10-28,JG,1,2,84,N,DIOR,F,A,54,N,NA,NA,NA,NA,NA,NA
1997,F,1997-10-28,JG,1,2,88,N,SPSP,M,A,110,N,NA,NA,NA,NA,NA,NA
1997,F,1997-10-28,JG,1,2,89,N,DIOR,F,A,57,N,NA,NA,NA,NA,NA,NA
1997,F,1997-10-28,JG,1,2,94,N,DIOR,M,A,57,Y,S,NA,NA,NA,NA,NA
1997,F,1997-10-28,JG,1,2,101,N,DIOR,M,A,51,Y,S,NA,NA,NA,NA,NA
1997,F,1997-10-28,JG,1,2,102,N,DIOR,M,A,51,Y,S,NA,NA,NA,NA,NA
1997,F,1997-10-28,JG,1,2,104,N,DIOR,M,A,62,Y,S,NA,NA,NA,NA,NA
1997,F,1997-10-28,JG,1,2,105,N,DIOR,M,A,53,N,NA,NA,NA,NA,NA,NA
1997,F,1997-10-28,JG,1,2,107,N,NEAL,F,A,115,N,NA,NA,NA,NA,NA,NA
1997,F,1997-10-28,JG,1,2,111,N,DIOR,M,A,53,N,NA,NA,NA,NA,NA,NA
1997,F,1997-10-28,JG,1,2,113,N,DIOR,M,A,51,N,NA,NA,NA,NA,NA,NA
1997,F,1997-10-28,JG,1,2,114,N,DISP,F,A,108,N,NA,NA,NA,NA,NA,NA
1997,F,1997-10-28,JG,1,2,117,N,DIOR,M,A,54,Y,S,NA,NA,NA,NA,NA
1997,F,1997-10-28,JG,1,2,119,N,DIOR,M,A,53,N,NA,NA,NA,NA,NA,NA
1997,F,1997-10-28,JG,1,2,120,N,DISP,M,A,146,Y,S,NA,NA,NA,NA,NA
1997,F,1997-10-28,JG,1,2,126,N,PGFL,F,A,7,N,NA,NA,NA,NA,NA,NA
1997,F,1997-10-28,JG,1,2,127,N,DIOR,F,A,47,N,NA,NA,NA,NA,NA,NA
1997,F,1997-10-28,JG,1,2,130,N,DIOR,F,A,44,N,NA,NA,NA,NA,NA,NA
1997,F,1997-10-28,JG,1,2,131,N,NEAL,NA,J,152,N,NA,NA,NA,NA,NA,NA
1997,F,1997-10-28,JG,1,2,132,N,DIOR,F,A,48,N,NA,NA,NA,NA,NA,NA
1997,F,1997-10-28,JG,1,2,137,N,DISP,F,A,135,N,NA,NA,NA,NA,NA,NA
1997,F,1997-10-28,JG,1,2,139,N,DIOR,M,A,52,N,NA,NA,NA,NA,NA,NA
1997,F,1997-10-28,JG,1,2,140,N,DIOR,M,A,52,Y,S,NA,NA,NA,NA,NA
1997,F,1997-10-28,JG,1,2,143,N,DIOR,F,A,54,N,NA,NA,NA,NA,NA,NA
1997,F,1997-10-28,JG,1,2,144,N,ONLE,M,A,0,N,NA,Y,M,NA,NA,NA
1997,F,1997-10-28,JG,1,1,2,N,ONLE,M,A,38,N,NA,NA,NA,NA,NA,NA
1997,F,1997-10-28,JG,1,3,3,N,PGFL,M,A,4,N,NA,NA,NA,NA,NA,NA
1997,F,1997-10-28,JG,1,1,4,N,DIOR,M,A,55,Y,S,NA,NA,NA,NA,NA
1997,F,1997-10-28,JG,1,3,5,N,DIOR,M,A,39,N,NA,NA,NA,NA,NA,NA
1997,F,1997-10-28,JG,1,1,9,N,DIOR,M,A,55,Y,S,NA,NA,NA,NA,NA
1997,F,1997-10-28,JG,1,3,10,N,SPSP,F,A,130,N,NA,NA,NA,NA,NA,NA
1997,F,1997-10-28,JG,1,1,10,N,SPSP,M,A,70,N,NA,NA,NA,NA,NA,NA
1997,F,1997-10-28,JG,1,1,11,N,DIOR,F,A,50,N,NA,NA,NA,NA,NA,NA
1997,F,1997-10-28,JG,1,1,12,N,DIOR,F,A,69,Y,P,NA,NA,NA,NA,NA
1997,F,1997-10-28,JG,1,3,12,N,DIOR,M,A,50,N,NA,NA,NA,NA,NA,NA
1997,F,1997-10-28,JG,1,1,16,N,DIOR,F,A,70,Y,P,NA,NA,NA,NA,NA
1997,F,1997-10-28,JG,1,1,19,N,DIOR,M,A,44,N,NA,NA,NA,NA,NA,NA
1997,F,1997-10-28,JG,1,3,20,N,DIOR,F,A,52,N,NA,NA,NA,NA,NA,NA
1997,F,1997-10-28,JG,1,1,21,N,DIOR,F,A,56,N,NA,NA,NA,NA,NA,NA
1997,F,1997-10-28,JG,1,1,22,N,DIOR,M,A,58,N,NA,NA,NA,NA,NA,NA
1997,F,1997-10-28,JG,1,1,23,N,DIOR,NA,J,36,N,NA,NA,NA,NA,NA,NA
1997,F,1997-10-28,JG,1,3,23,N,NEMI,NA,J,160,N,NA,NA,NA,NA,NA,NA
1997,F,1997-10-28,JG,1,3,24,N,DIOR,M,A,57,Y,S,NA,NA,NA,NA,NA
1997,F,1997-10-28,JG,1,1,24,N,DIOR,NA,J,42,N,NA,NA,NA,NA,NA,NA
1997,F,1997-10-28,JG,1,1,28,N,DIOR,F,A,46,N,NA,NA,NA,NA,NA,NA
1997,F,1997-10-28,JG,1,3,31,N,DIOR,F,A,52,N,NA,NA,NA,NA,NA,NA
1997,F,1997-10-28,JG,1,3,32,N,DIOR,M,A,63,Y,S,NA,NA,NA,NA,NA
1997,F,1997-10-28,JG,1,1,32,N,DIOR,M,A,53,Y,S,NA,NA,NA,NA,NA
1997,F,1997-10-28,JG,1,1,33,N,DIOR,M,A,55,N,NA,NA,NA,NA,NA,NA
1997,F,1997-10-28,JG,1,3,33,N,DISP,F,A,130,N,NA,NA,NA,NA,NA,NA
1997,F,1997-10-28,JG,1,1,34,N,DIOR,F,A,43,N,NA,NA,NA,NA,NA,NA
1997,F,1997-10-28,JG,1,3,34,N,DISP,M,A,135,Y,S,NA,NA,NA,NA,NA
1997,F,1997-10-28,JG,1,1,42,N,ONLE,F,A,34,N,NA,NA,NA,NA,NA,NA
1997,F,1997-10-28,JG,1,1,43,N,DIOR,M,A,54,N,NA,NA,NA,NA,NA,NA
1997,F,1997-10-28,JG,1,1,45,N,DISP,NA,J,136,N,NA,NA,NA,NA,NA,NA
1997,F,1997-10-28,JG,1,3,46,N,DIOR,M,A,55,Y,S,NA,NA,NA,NA,NA
1997,F,1997-10-28,JG,1,3,48,N,DIOR,M,A,62,Y,S,NA,NA,NA,NA,NA
1997,F,1997-10-28,JG,1,1,48,N,DIOR,M,A,43,N,NA,NA,NA,NA,NA,NA
1997,F,1997-10-28,JG,1,3,57,N,SIHI,NA,NA,0,NA,NA,Y,U,NA,NA,NA
1997,F,1997-10-28,JG,1,3,58,N,DIOR,M,A,55,Y,S,NA,NA,NA,NA,NA
1997,F,1997-10-28,JG,1,1,64,N,DIOR,F,A,53,N,NA,NA,NA,NA,NA,NA
1997,F,1997-10-28,JG,1,3,65,N,DIOR,M,A,52,N,NA,NA,NA,NA,NA,NA
1997,F,1997-10-28,JG,1,1,66,N,DIOR,M,A,51,Y,S,NA,NA,NA,NA,NA
1997,F,1997-10-28,JG,1,1,69,N,DIOR,M,A,53,N,NA,NA,NA,NA,NA,NA
1997,F,1997-10-28,JG,1,3,71,N,DIOR,M,A,54,Y,S,NA,NA,NA,NA,NA
1997,F,1997-10-28,JG,1,3,72,N,DIOR,M,A,54,Y,S,NA,NA,NA,NA,NA
1997,F,1997-10-28,JG,1,1,72,N,DIOR,M,A,59,Y,S,NA,NA,NA,NA,NA
1997,F,1997-10-28,JG,1,1,74,N,DIOR,F,A,54,N,NA,NA,NA,NA,NA,NA
1997,F,1997-10-28,JG,1,1,76,N,DIOR,M,A,52,N,NA,NA,NA,NA,NA,NA
1997,F,1997-10-28,JG,1,3,76,N,PGFL,M,A,7,N,NA,NA,NA,NA,NA,NA
1997,F,1997-10-28,JG,1,1,77,N,DIOR,NA,J,0,N,NA,Y,M,NA,NA,NA
1997,F,1997-10-28,JG,1,3,77,N,DIOR,M,A,52,N,NA,NA,NA,NA,NA,NA
1997,F,1997-10-28,JG,1,3,78,N,DIOR,NA,J,34,N,NA,NA,NA,NA,NA,NA
1997,F,1997-10-28,JG,1,1,78,N,DIOR,M,A,56,Y,S,NA,NA,NA,NA,NA
1997,F,1997-10-28,JG,1,1,79,N,DIOR,M,A,0,Y,S,Y,M,NA,NA,NA
1997,F,1997-10-28,JG,1,1,81,N,DIOR,M,A,51,N,NA,NA,NA,NA,NA,NA
1997,F,1997-10-28,JG,1,3,82,N,DIOR,F,A,51,N,NA,NA,NA,NA,NA,NA
1997,F,1997-10-28,JG,1,1,82,N,DIOR,NA,NA,0,NA,NA,Y,U,NA,NA,NA
1997,F,1997-10-28,JG,1,1,84,N,DIOR,M,A,50,N,NA,NA,NA,NA,NA,NA
1997,F,1997-10-28,JG,1,3,84,N,DISP,M,A,144,Y,S,NA,NA,NA,NA,NA
1997,F,1997-10-28,JG,1,3,88,N,NEAL,NA,J,105,N,NA,NA,NA,NA,NA,NA
1997,F,1997-10-28,JG,1,1,93,N,DIOR,M,A,50,Y,S,NA,NA,NA,NA,NA
1997,F,1997-10-28,JG,1,1,92,N,NEAL,M,A,250,N,NA,NA,NA,NA,NA,NA
1997,F,1997-10-28,JG,1,3,93,N,NEMI,F,A,0,NA,NA,Y,U,NA,NA,NA
1997,F,1997-10-28,JG,1,1,94,N,DIOR,M,A,47,N,NA,NA,NA,NA,NA,NA
1997,F,1997-10-28,JG,1,3,95,N,DIOR,M,A,54,N,NA,NA,NA,NA,NA,NA
1997,F,1997-10-28,JG,1,1,95,N,PGFL,M,A,8,N,NA,NA,NA,NA,NA,NA
1997,F,1997-10-28,JG,1,3,96,N,DIOR,F,A,55,N,NA,NA,NA,NA,NA,NA
1997,F,1997-10-28,JG,1,1,96,N,DIOR,M,A,53,N,NA,NA,NA,NA,NA,NA
1997,F,1997-10-28,JG,1,3,101,N,DIOR,F,A,53,N,NA,NA,NA,NA,NA,NA
1997,F,1997-10-28,JG,1,1,102,N,ONLE,M,A,30,N,NA,NA,NA,NA,NA,NA
1997,F,1997-10-28,JG,1,1,103,N,SPSP,F,A,120,N,NA,NA,NA,NA,NA,NA
1997,F,1997-10-28,JG,1,3,104,N,DIOR,F,A,59,N,NA,NA,NA,NA,NA,NA
1997,F,1997-10-28,JG,1,1,106,N,DIOR,F,A,53,N,NA,NA,NA,NA,NA,NA
1997,F,1997-10-28,JG,1,3,106,N,NEAL,NA,NA,0,NA,NA,Y,U,NA,NA,NA
1997,F,1997-10-28,JG,1,3,111,N,DIOR,M,A,59,Y,S,NA,NA,NA,NA,NA
1997,F,1997-10-28,JG,1,1,113,N,DIOR,F,A,52,N,NA,NA,NA,NA,NA,NA
1997,F,1997-10-28,JG,1,3,113,N,ONLE,NA,J,28,N,NA,NA,NA,NA,NA,NA
1997,F,1997-10-28,JG,1,1,116,N,DIOR,M,A,62,Y,S,NA,NA,NA,NA,NA
1997,F,1997-10-28,JG,1,1,117,N,DIOR,F,A,56,N,NA,NA,NA,NA,NA,NA
1997,F,1997-10-28,JG,1,3,118,N,DIOR,M,A,59,Y,S,NA,NA,NA,NA,NA
1997,F,1997-10-28,JG,1,3,120,N,DIOR,M,A,60,Y,S,NA,NA,NA,NA,NA
1997,F,1997-10-28,JG,1,1,123,N,DIOR,NA,J,44,N,NA,NA,NA,NA,NA,NA
1997,F,1997-10-28,JG,1,1,126,N,DIOR,NA,J,42,N,NA,NA,NA,NA,NA,NA
1997,F,1997-10-28,JG,1,3,126,N,DISP,F,A,153,N,NA,NA,NA,NA,NA,NA
1997,F,1997-10-28,JG,1,3,128,N,DIOR,M,A,58,N,NA,NA,NA,NA,NA,NA
1997,F,1997-10-28,JG,1,3,129,N,DISP,F,A,125,N,NA,NA,NA,NA,NA,NA
1997,F,1997-10-28,JG,1,1,129,N,DISP,M,A,157,N,NA,NA,NA,NA,NA,NA
1997,F,1997-10-28,JG,1,1,130,N,DIOR,NA,NA,0,NA,NA,Y,U,NA,NA,NA
1997,F,1997-10-28,JG,1,3,132,N,NEMI,NA,J,50,N,NA,NA,NA,NA,NA,NA
1997,F,1997-10-28,JG,1,3,135,N,DIOR,M,A,56,Y,S,NA,NA,NA,NA,NA
1997,F,1997-10-28,JG,1,1,136,N,DIOR,M,A,50,Y,S,NA,NA,NA,NA,NA
1997,F,1997-10-28,JG,1,3,139,N,DIOR,M,A,57,N,NA,NA,NA,NA,NA,NA
1997,F,1997-10-28,JG,1,1,139,N,DIOR,M,A,50,N,NA,NA,NA,NA,NA,NA
1997,F,1997-10-28,JG,1,1,141,N,DIOR,M,A,53,Y,S,NA,NA,NA,NA,NA
1997,F,1997-10-28,JG,1,1,142,N,DIOR,NA,J,42,N,NA,NA,NA,NA,NA,NA
1997,F,1997-10-28,JG,1,3,143,N,DIOR,F,A,44,N,NA,NA,NA,NA,NA,NA
1997,F,1997-10-28,JG,1,1,143,N,DISP,F,A,124,N,NA,NA,NA,NA,NA,NA
1997,F,1997-10-28,JG,1,3,144,N,ONLE,F,A,35,N,NA,NA,NA,NA,NA,NA
1997,F,1997-10-28,JG,1,1,145,N,NEAL,NA,J,140,N,NA,NA,NA,NA,NA,NA
1997,F,1997-10-29,JG,2,1,3,N,DIOR,M,A,50,N,NA,NA,NA,NA,NA,NA
1997,F,1997-10-29,JG,2,1,10,Y,DIOR,NA,NA,0,NA,NA,NA,NA,NA,NA,NA
1997,F,1997-10-29,JG,2,1,12,N,DIOR,NA,J,41,N,NA,NA,NA,NA,NA,NA
1997,F,1997-10-29,JG,2,1,19,Y,DIOR,NA,NA,0,NA,NA,NA,NA,NA,NA,NA
1997,F,1997-10-29,JG,2,1,21,Y,DIOR,NA,NA,0,NA,NA,NA,NA,NA,NA,NA
1997,F,1997-10-29,JG,2,1,23,Y,DIOR,NA,NA,0,NA,NA,NA,NA,NA,NA,NA
1997,F,1997-10-29,JG,2,1,24,N,NEAL,M,A,265,N,NA,NA,NA,NA,NA,NA
1997,F,1997-10-29,JG,2,1,25,Y,DIOR,NA,NA,0,NA,NA,NA,NA,NA,NA,NA
1997,F,1997-10-29,JG,2,1,27,Y,DIOR,NA,NA,0,NA,NA,NA,NA,NA,NA,NA
1997,F,1997-10-29,JG,2,1,31,N,PGFL,F,A,6,N,NA,NA,NA,NA,NA,NA
1997,F,1997-10-29,JG,2,1,33,Y,DIOR,NA,NA,0,NA,NA,NA,NA,NA,NA,NA
1997,F,1997-10-29,JG,2,1,34,Y,SPSP,NA,NA,0,NA,NA,NA,NA,NA,NA,NA
1997,F,1997-10-29,JG,2,1,45,N,DIOR,NA,NA,0,NA,NA,Y,U,NA,NA,NA
1997,F,1997-10-29,JG,2,1,47,N,DIOR,F,A,55,N,NA,NA,NA,NA,NA,NA
1997,F,1997-10-29,JG,2,1,48,N,DIOR,F,A,48,N,NA,NA,NA,NA,NA,NA
1997,F,1997-10-29,JG,2,1,49,Y,DIOR,NA,NA,0,NA,NA,NA,NA,NA,NA,NA
1997,F,1997-10-29,JG,2,1,50,N,DIOR,M,A,52,N,NA,NA,NA,NA,NA,NA
1997,F,1997-10-29,JG,2,1,52,Y,DIOR,NA,NA,0,NA,NA,NA,NA,NA,NA,NA
1997,F,1997-10-29,JG,2,1,54,N,DISP,NA,J,41,N,NA,NA,NA,NA,NA,NA
1997,F,1997-10-29,JG,2,1,55,N,PGFL,M,A,8,N,NA,NA,NA,NA,NA,NA
1997,F,1997-10-29,JG,2,1,57,N,DISP,F,A,130,N,NA,NA,NA,NA,NA,NA
1997,F,1997-10-29,JG,2,1,59,N,DIOR,M,A,53,Y,S,NA,NA,NA,NA,NA
1997,F,1997-10-29,JG,2,1,65,Y,NEAL,NA,NA,0,NA,NA,NA,NA,NA,NA,NA
1997,F,1997-10-29,JG,2,1,69,N,PGFL,M,A,5,N,NA,NA,NA,NA,NA,NA
1997,F,1997-10-29,JG,2,1,70,N,NEMI,M,A,350,N,NA,NA,NA,NA,NA,NA
1997,F,1997-10-29,JG,2,1,72,N,SPSP,NA,J,62,N,NA,NA,NA,NA,NA,NA
1997,F,1997-10-29,JG,2,1,73,Y,DIOR,NA,NA,0,NA,NA,NA,NA,NA,NA,NA
1997,F,1997-10-29,JG,2,1,76,Y,DIOR,NA,NA,0,NA,NA,NA,NA,NA,NA,NA
1997,F,1997-10-29,JG,2,1,78,Y,DIOR,NA,NA,0,NA,NA,NA,NA,NA,NA,NA
1997,F,1997-10-29,JG,2,1,79,Y,ONLE,NA,NA,0,NA,NA,NA,NA,NA,NA,NA
1997,F,1997-10-29,JG,2,1,81,N,DIOR,M,A,50,Y,S,NA,NA,NA,NA,NA
1997,F,1997-10-29,JG,2,1,84,N,DIOR,M,A,52,N,NA,NA,NA,NA,NA,NA
1997,F,1997-10-29,JG,2,1,91,N,DIOR,NA,NA,0,NA,NA,Y,U,NA,NA,NA
1997,F,1997-10-29,JG,2,1,93,N,ONLE,NA,J,23,N,NA,NA,NA,NA,NA,NA
1997,F,1997-10-29,JG,2,1,95,Y,DIOR,NA,NA,0,NA,NA,NA,NA,NA,NA,NA
1997,F,1997-10-29,JG,2,1,96,Y,DIOR,NA,NA,0,NA,NA,NA,NA,NA,NA,NA
1997,F,1997-10-29,JG,2,1,77,N,DIOR,NA,J,33,N,NA,NA,NA,NA,NA,NA
1997,F,1997-10-29,JG,2,1,100,N,DIOR,NA,NA,0,NA,NA,Y,U,NA,NA,NA
1997,F,1997-10-29,JG,2,1,102,N,ONLE,NA,J,31,N,NA,NA,NA,NA,NA,NA
1997,F,1997-10-29,JG,2,1,103,N,DIOR,M,A,44,N,NA,NA,NA,NA,NA,NA
1997,F,1997-10-29,JG,2,1,116,Y,DIOR,NA,NA,0,NA,NA,NA,NA,NA,NA,NA
1997,F,1997-10-29,JG,2,1,117,N,SPSP,NA,J,79,N,NA,NA,NA,NA,NA,NA
1997,F,1997-10-29,JG,2,1,120,N,NEAL,NA,J,82,N,NA,NA,NA,NA,NA,NA
1997,F,1997-10-29,JG,2,1,121,N,PGFL,M,A,10,N,NA,NA,NA,NA,NA,NA
1997,F,1997-10-29,JG,2,1,122,Y,DISP,NA,NA,0,NA,NA,NA,NA,NA,NA,NA
1997,F,1997-10-29,JG,2,1,124,Y,ONLE,NA,NA,0,NA,NA,NA,NA,NA,NA,NA
1997,F,1997-10-29,JG,2,1,126,Y,DIOR,NA,NA,0,NA,NA,NA,NA,NA,NA,NA
1997,F,1997-10-29,JG,2,1,131,Y,DISP,NA,NA,0,NA,NA,NA,NA,NA,NA,NA
1997,F,1997-10-29,JG,2,1,132,N,DIOR,F,A,55,N,NA,NA,NA,NA,NA,NA
1997,F,1997-10-29,JG,2,1,139,N,SPSP,NA,J,79,N,NA,NA,NA,NA,NA,NA
1997,F,1997-10-29,JG,2,1,141,N,DISP,M,A,120,N,NA,NA,NA,NA,NA,NA
1997,F,1997-10-29,JG,2,1,142,N,SPSP,NA,J,80,N,NA,NA,NA,NA,NA,NA
1997,F,1997-10-29,JG,2,1,143,N,ONLE,M,A,33,N,NA,NA,NA,NA,NA,NA
1997,F,1997-10-29,JG,2,2,5,Y,DIOR,NA,NA,0,NA,NA,NA,NA,NA,NA,NA
1997,F,1997-10-29,JG,2,2,8,Y,DIOR,NA,NA,0,NA,NA,NA,NA,NA,NA,NA
1997,F,1997-10-29,JG,2,2,9,N,SPSP,M,A,125,N,NA,NA,NA,NA,NA,NA
1997,F,1997-10-29,JG,2,2,11,Y,DISP,NA,NA,0,NA,NA,NA,NA,NA,NA,NA
1997,F,1997-10-29,JG,2,2,15,N,DIOR,F,A,51,N,NA,NA,NA,NA,NA,NA
1997,F,1997-10-29,JG,2,2,15,Y,DIOR,NA,NA,0,NA,NA,NA,NA,NA,NA,NA
1997,F,1997-10-29,JG,2,2,16,Y,ONLE,NA,NA,0,NA,NA,NA,NA,NA,NA,NA
1997,F,1997-10-29,JG,2,2,17,Y,DIOR,NA,NA,0,NA,NA,NA,NA,NA,NA,NA
1997,F,1997-10-29,JG,2,2,18,Y,ONLE,NA,NA,0,NA,NA,NA,NA,NA,NA,NA
1997,F,1997-10-29,JG,2,2,20,Y,DIOR,NA,NA,0,NA,NA,NA,NA,NA,NA,NA
1997,F,1997-10-29,JG,2,2,21,Y,DIOR,NA,NA,0,NA,NA,NA,NA,NA,NA,NA
1997,F,1997-10-29,JG,2,2,22,N,PGFL,M,A,6,N,NA,NA,NA,NA,NA,NA
1997,F,1997-10-29,JG,2,2,23,Y,DIOR,NA,NA,0,NA,NA,NA,NA,NA,NA,NA
1997,F,1997-10-29,JG,2,2,33,Y,DIOR,NA,NA,0,NA,NA,NA,NA,NA,NA,NA
1997,F,1997-10-29,JG,2,2,34,N,NEAL,M,A,188,N,NA,NA,NA,NA,NA,NA
1997,F,1997-10-29,JG,2,2,35,Y,DISP,NA,NA,0,NA,NA,NA,NA,NA,NA,NA
1997,F,1997-10-29,JG,2,2,36,N,DIOR,F,A,50,N,NA,NA,NA,NA,NA,NA
1997,F,1997-10-29,JG,2,2,42,Y,DIOR,NA,NA,0,NA,NA,NA,NA,NA,NA,NA
1997,F,1997-10-29,JG,2,2,46,Y,DIOR,NA,NA,0,NA,NA,NA,NA,NA,NA,NA
1997,F,1997-10-29,JG,2,2,50,Y,DIOR,NA,NA,0,NA,NA,NA,NA,NA,NA,NA
1997,F,1997-10-29,JG,2,2,53,N,ONLE,F,A,30,N,NA,NA,NA,NA,NA,NA
1997,F,1997-10-29,JG,2,2,55,N,PGFL,F,A,7,N,NA,NA,NA,NA,NA,NA
1997,F,1997-10-29,JG,2,2,56,N,DIOR,M,A,52,N,NA,NA,NA,NA,NA,NA
1997,F,1997-10-29,JG,2,2,57,Y,SPSP,NA,NA,0,NA,NA,NA,NA,NA,NA,NA
1997,F,1997-10-29,JG,2,2,64,Y,DIOR,NA,NA,0,NA,NA,NA,NA,NA,NA,NA
1997,F,1997-10-29,JG,2,2,65,Y,DIOR,NA,NA,0,NA,NA,NA,NA,NA,NA,NA
1997,F,1997-10-29,JG,2,2,74,N,PGFL,M,A,7,N,NA,NA,NA,NA,NA,NA
1997,F,1997-10-29,JG,2,2,78,Y,DISP,NA,NA,0,NA,NA,NA,NA,NA,NA,NA
1997,F,1997-10-29,JG,2,2,79,N,ONLE,M,A,29,Y,S,NA,NA,NA,NA,NA
1997,F,1997-10-29,JG,2,2,80,N,DIOR,M,A,65,N,NA,NA,NA,NA,NA,NA
1997,F,1997-10-29,JG,2,2,81,N,SPSP,F,A,156,Y,P,NA,NA,NA,NA,NA
1997,F,1997-10-29,JG,2,2,82,Y,DIOR,NA,NA,0,NA,NA,NA,NA,NA,NA,NA
1997,F,1997-10-29,JG,2,2,83,Y,NEAL,NA,NA,0,NA,NA,NA,NA,NA,NA,NA
1997,F,1997-10-29,JG,2,2,88,N,PGFL,M,A,7,N,NA,NA,NA,NA,NA,NA
1997,F,1997-10-29,JG,2,2,93,Y,DIOR,NA,NA,0,NA,NA,NA,NA,NA,NA,NA
1997,F,1997-10-29,JG,2,2,94,Y,SPSP,NA,NA,0,NA,NA,NA,NA,NA,NA,NA
1997,F,1997-10-29,JG,2,2,99,Y,DIOR,NA,NA,0,NA,NA,NA,NA,NA,NA,NA
1997,F,1997-10-29,JG,2,2,104,N,DIOR,F,A,53,N,NA,NA,NA,NA,NA,NA
1997,F,1997-10-29,JG,2,2,107,Y,NEMI,NA,NA,0,NA,NA,NA,NA,NA,NA,NA
1997,F,1997-10-29,JG,2,2,111,Y,DIOR,NA,NA,0,NA,NA,NA,NA,NA,NA,NA
1997,F,1997-10-29,JG,2,2,113,Y,NEAL,NA,NA,0,NA,NA,NA,NA,NA,NA,NA
1997,F,1997-10-29,JG,2,2,114,Y,DIOR,NA,NA,0,NA,NA,NA,NA,NA,NA,NA
1997,F,1997-10-29,JG,2,2,116,Y,DIOR,NA,NA,0,NA,NA,NA,NA,NA,NA,NA
1997,F,1997-10-29,JG,2,2,116,Y,DISP,NA,NA,0,NA,NA,NA,NA,NA,NA,NA
1997,F,1997-10-29,JG,2,2,119,N,DISP,NA,NA,0,NA,NA,Y,U,NA,NA,NA
1997,F,1997-10-29,JG,2,2,124,Y,DIOR,NA,NA,0,NA,NA,NA,NA,NA,NA,NA
1997,F,1997-10-29,JG,2,2,125,N,PGFL,M,A,6,N,NA,NA,NA,NA,NA,NA
1997,F,1997-10-29,JG,2,2,126,Y,PGFL,NA,NA,0,NA,NA,NA,NA,NA,NA,NA
1997,F,1997-10-29,JG,2,2,129,N,NEAL,NA,J,0,N,NA,Y,U,NA,NA,NA
1997,F,1997-10-29,JG,2,2,130,N,DISP,M,A,110,N,NA,NA,NA,NA,NA,NA
1997,F,1997-10-29,JG,2,2,131,Y,DIOR,NA,NA,0,NA,NA,NA,NA,NA,NA,NA
1997,F,1997-10-29,JG,2,2,132,Y,DIOR,NA,NA,0,NA,NA,NA,NA,NA,NA,NA
1997,F,1997-10-29,JG,2,2,133,Y,DIOR,NA,NA,0,NA,NA,NA,NA,NA,NA,NA
1997,F,1997-10-29,JG,2,2,135,Y,DIOR,NA,NA,0,NA,NA,NA,NA,NA,NA,NA
1997,F,1997-10-29,JG,2,2,139,Y,DIOR,NA,NA,0,NA,NA,NA,NA,NA,NA,NA
1997,F,1997-10-29,JG,2,2,142,Y,DIOR,NA,NA,0,NA,NA,NA,NA,NA,NA,NA
1997,F,1997-10-29,JG,2,2,143,Y,DIOR,NA,NA,0,NA,NA,NA,NA,NA,NA,NA
1997,F,1997-10-29,JG,2,3,6,Y,DIOR,NA,NA,0,NA,NA,NA,NA,NA,NA,NA
1997,F,1997-10-29,JG,2,3,9,N,DISP,M,A,110,N,NA,NA,NA,NA,NA,NA
1997,F,1997-10-29,JG,2,3,10,N,NEMI,NA,J,0,N,NA,Y,U,NA,NA,NA
1997,F,1997-10-29,JG,2,3,11,Y,DISP,NA,NA,0,NA,NA,NA,NA,NA,NA,NA
1997,F,1997-10-29,JG,2,3,12,N,DIOR,M,A,61,Y,S,NA,NA,NA,NA,NA
1997,F,1997-10-29,JG,2,3,23,N,NEMI,NA,J,140,N,NA,NA,NA,NA,NA,NA
1997,F,1997-10-29,JG,2,3,24,Y,DIOR,NA,NA,0,NA,NA,NA,NA,NA,NA,NA
1997,F,1997-10-29,JG,2,3,30,N,NEMI,F,A,250,N,NA,NA,NA,NA,NA,NA
1997,F,1997-10-29,JG,2,3,32,N,ONLE,F,A,32,N,NA,NA,NA,NA,NA,NA
1997,F,1997-10-29,JG,2,3,33,Y,DIOR,NA,NA,0,NA,NA,NA,NA,NA,NA,NA
1997,F,1997-10-29,JG,2,3,34,N,SPSP,M,A,83,N,NA,NA,NA,NA,NA,NA
1997,F,1997-10-29,JG,2,3,36,N,DISP,F,A,115,N,NA,NA,NA,NA,NA,NA
1997,F,1997-10-29,JG,2,3,42,Y,DIOR,NA,NA,0,NA,NA,NA,NA,NA,NA,NA
1997,F,1997-10-29,JG,2,3,44,N,DIOR,M,A,31,N,NA,NA,NA,NA,NA,NA
1997,F,1997-10-29,JG,2,3,48,Y,DIOR,NA,NA,0,NA,NA,NA,NA,NA,NA,NA
1997,F,1997-10-29,JG,2,3,56,Y,DIME,NA,NA,0,NA,NA,NA,NA,NA,NA,NA
1997,F,1997-10-29,JG,2,3,58,N,NEMI,M,A,260,N,NA,NA,NA,NA,NA,NA
1997,F,1997-10-29,JG,2,3,66,N,ONLE,F,A,21,N,NA,NA,NA,NA,NA,NA
1997,F,1997-10-29,JG,2,3,67,N,DIOR,M,A,32,N,NA,NA,NA,NA,NA,NA
1997,F,1997-10-29,JG,2,3,69,Y,DIOR,NA,NA,0,NA,NA,NA,NA,NA,NA,NA
1997,F,1997-10-29,JG,2,3,70,N,PGFL,M,A,6,N,NA,NA,NA,NA,NA,NA
1997,F,1997-10-29,JG,2,3,71,N,NEMI,M,A,330,N,NA,NA,NA,NA,NA,NA
1997,F,1997-10-29,JG,2,3,72,Y,DIOR,NA,NA,0,NA,NA,NA,NA,NA,NA,NA
1997,F,1997-10-29,JG,2,3,78,Y,NEMI,NA,NA,0,NA,NA,NA,NA,NA,NA,NA
1997,F,1997-10-29,JG,2,3,80,Y,DIOR,NA,NA,0,NA,NA,NA,NA,NA,NA,NA
1997,F,1997-10-29,JG,2,3,81,Y,DIOR,NA,NA,0,NA,NA,NA,NA,NA,NA,NA
1997,F,1997-10-29,JG,2,3,82,N,PGFL,M,A,6,N,NA,NA,NA,NA,NA,NA
1997,F,1997-10-29,JG,2,3,84,N,NEMI,NA,J,105,N,NA,NA,NA,NA,NA,NA
1997,F,1997-10-29,JG,2,3,87,Y,DIOR,NA,NA,0,NA,NA,NA,NA,NA,NA,NA
1997,F,1997-10-29,JG,2,3,90,N,ONLE,M,A,32,N,NA,NA,NA,NA,NA,NA
1997,F,1997-10-29,JG,2,3,92,N,NEMI,F,A,205,N,NA,NA,NA,NA,NA,NA
1997,F,1997-10-29,JG,2,3,96,Y,DIOR,NA,NA,0,NA,NA,NA,NA,NA,NA,NA
1997,F,1997-10-29,JG,2,3,106,Y,DIOR,NA,NA,0,NA,NA,NA,NA,NA,NA,NA
1997,F,1997-10-29,JG,2,3,107,N,SPSP,NA,J,59,N,NA,NA,NA,NA,NA,NA
1997,F,1997-10-29,JG,2,3,108,N,PGFL,F,A,6,N,NA,NA,NA,NA,NA,NA
1997,F,1997-10-29,JG,2,3,110,N,DIOR,F,A,36,N,NA,NA,NA,NA,NA,NA
1997,F,1997-10-29,JG,2,3,111,N,ONLE,M,A,31,N,NA,NA,NA,NA,NA,NA
1997,F,1997-10-29,JG,2,3,113,Y,ONLE,NA,NA,0,NA,NA,NA,NA,NA,NA,NA
1997,F,1997-10-29,JG,2,3,114,Y,DIOR,NA,NA,0,NA,NA,NA,NA,NA,NA,NA
1997,F,1997-10-29,JG,2,3,115,Y,DIOR,NA,NA,0,NA,NA,NA,NA,NA,NA,NA
1997,F,1997-10-29,JG,2,3,120,N,DIOR,F,A,48,N,NA,NA,NA,NA,NA,NA
1997,F,1997-10-29,JG,2,3,126,Y,DISP,NA,NA,0,NA,NA,NA,NA,NA,NA,NA
1997,F,1997-10-29,JG,2,3,128,Y,DIOR,NA,NA,0,NA,NA,NA,NA,NA,NA,NA
1997,F,1997-10-29,JG,2,3,129,N,NEMI,NA,NA,210,N,NA,Y,U,NA,NA,NA
1997,F,1997-10-29,JG,2,3,132,N,NEAL,NA,J,52,N,NA,NA,NA,NA,NA,NA
1997,F,1997-10-29,JG,2,3,138,Y,DIOR,NA,NA,0,NA,NA,NA,NA,NA,NA,NA
1997,F,1997-10-29,JG,2,3,139,Y,SPSP,NA,NA,0,NA,NA,NA,NA,NA,NA,NA
1997,F,1997-10-29,JG,2,3,142,N,DIME,M,A,55,Y,S,NA,NA,NA,NA,NA
1997,F,1997-10-29,JG,2,3,143,N,NEMI,NA,J,125,N,NA,NA,NA,NA,NA,NA
1997,F,1997-10-29,JG,2,3,144,N,ONLE,F,A,32,N,NA,NA,NA,NA,NA,NA
1997,F,1997-10-30,JG,3,1,5,Y,DIOR,NA,NA,0,NA,NA,NA,NA,NA,NA,NA
1997,F,1997-10-30,JG,3,1,10,NA,DIOR,NA,NA,0,NA,NA,Y,U,NA,NA,NA
1997,F,1997-10-30,JG,3,1,11,Y,DIOR,NA,NA,0,NA,NA,NA,NA,NA,NA,NA
1997,F,1997-10-30,JG,3,1,12,Y,DIOR,NA,NA,0,NA,NA,NA,NA,NA,NA,NA
1997,F,1997-10-30,JG,3,1,21,Y,SPSP,NA,NA,0,NA,NA,NA,NA,NA,NA,NA
1997,F,1997-10-30,JG,3,1,23,Y,DISP,NA,NA,0,NA,NA,NA,NA,NA,NA,NA
1997,F,1997-10-30,JG,3,1,24,Y,NEAL,NA,NA,0,NA,NA,NA,NA,NA,NA,NA
1997,F,1997-10-30,JG,3,1,28,Y,DIOR,NA,NA,0,NA,NA,NA,NA,NA,NA,NA
1997,F,1997-10-30,JG,3,1,30,Y,DIOR,NA,NA,0,NA,NA,NA,NA,NA,NA,NA
1997,F,1997-10-30,JG,3,1,33,N,DIOR,NA,J,33,N,NA,NA,NA,NA,NA,NA
1997,F,1997-10-30,JG,3,1,42,Y,ONLE,NA,NA,0,NA,NA,NA,NA,NA,NA,NA
1997,F,1997-10-30,JG,3,1,49,Y,DIOR,NA,NA,0,NA,NA,NA,NA,NA,NA,NA
1997,F,1997-10-30,JG,3,1,52,Y,DIOR,NA,NA,0,NA,NA,NA,NA,NA,NA,NA
1997,F,1997-10-30,JG,3,1,54,Y,DISP,NA,NA,0,NA,NA,NA,NA,NA,NA,NA
1997,F,1997-10-30,JG,3,1,55,Y,PGFL,NA,NA,0,NA,NA,NA,NA,NA,NA,NA
1997,F,1997-10-30,JG,3,1,57,Y,DISP,NA,NA,0,NA,NA,NA,NA,NA,NA,NA
1997,F,1997-10-30,JG,3,1,62,Y,ONLE,NA,NA,0,NA,NA,NA,NA,NA,NA,NA
1997,F,1997-10-30,JG,3,1,64,Y,DIOR,NA,NA,0,NA,NA,NA,NA,NA,NA,NA
1997,F,1997-10-30,JG,3,1,69,Y,DIOR,NA,NA,0,NA,NA,NA,NA,NA,NA,NA
1997,F,1997-10-30,JG,3,1,70,N,NEMI,NA,J,125,N,NA,NA,NA,NA,NA,NA
1997,F,1997-10-30,JG,3,1,73,N,DIOR,F,A,0,N,NA,Y,M,NA,NA,NA
1997,F,1997-10-30,JG,3,1,74,N,DIOR,M,A,49,Y,S,NA,NA,NA,NA,NA
1997,F,1997-10-30,JG,3,1,76,Y,DIOR,NA,NA,0,NA,NA,NA,NA,NA,NA,NA
1997,F,1997-10-30,JG,3,1,77,Y,DIOR,NA,NA,0,NA,NA,NA,NA,NA,NA,NA
1997,F,1997-10-30,JG,3,1,78,Y,DIOR,NA,NA,0,NA,NA,NA,NA,NA,NA,NA
1997,F,1997-10-30,JG,3,1,81,Y,DIOR,NA,NA,0,NA,NA,NA,NA,NA,NA,NA
1997,F,1997-10-30,JG,3,1,89,Y,SPSP,NA,NA,0,NA,NA,NA,NA,NA,NA,NA
1997,F,1997-10-30,JG,3,1,95,N,DIOR,NA,NA,0,NA,NA,Y,U,NA,NA,NA
1997,F,1997-10-30,JG,3,1,98,Y,DIOR,NA,NA,0,NA,NA,NA,NA,NA,NA,NA
1997,F,1997-10-30,JG,3,1,100,Y,ONLE,NA,NA,0,NA,NA,NA,NA,NA,NA,NA
1997,F,1997-10-30,JG,3,1,102,N,ONLE,M,A,31,N,NA,NA,NA,NA,NA,NA
1997,F,1997-10-30,JG,3,1,103,N,DIOR,NA,NA,0,NA,NA,Y,U,NA,NA,NA
1997,F,1997-10-30,JG,3,1,106,Y,DIOR,NA,NA,0,NA,NA,NA,NA,NA,NA,NA
1997,F,1997-10-30,JG,3,1,111,Y,SPSP,NA,NA,0,NA,NA,NA,NA,NA,NA,NA
1997,F,1997-10-30,JG,3,1,116,Y,DIOR,NA,NA,0,NA,NA,NA,NA,NA,NA,NA
1997,F,1997-10-30,JG,3,1,123,Y,DIOR,NA,NA,0,NA,NA,NA,NA,NA,NA,NA
1997,F,1997-10-30,JG,3,1,124,Y,ONLE,NA,NA,0,NA,NA,NA,NA,NA,NA,NA
1997,F,1997-10-30,JG,3,1,126,Y,DIOR,NA,NA,0,NA,NA,NA,NA,NA,NA,NA
1997,F,1997-10-30,JG,3,1,128,Y,DIOR,NA,NA,0,NA,NA,NA,NA,NA,NA,NA
1997,F,1997-10-30,JG,3,1,130,Y,PGFL,NA,NA,0,NA,NA,NA,NA,NA,NA,NA
1997,F,1997-10-30,JG,3,1,131,Y,DISP,NA,NA,0,NA,NA,NA,NA,NA,NA,NA
1997,F,1997-10-30,JG,3,1,132,N,DIOR,M,A,52,N,NA,NA,NA,NA,NA,NA
1997,F,1997-10-30,JG,3,1,134,N,DISP,F,A,115,N,NA,NA,NA,NA,NA,NA
1997,F,1997-10-30,JG,3,1,136,Y,DIOR,NA,NA,0,NA,NA,NA,NA,NA,NA,NA
1997,F,1997-10-30,JG,3,1,140,Y,SPSP,NA,NA,0,NA,NA,NA,NA,NA,NA,NA
1997,F,1997-10-30,JG,3,1,142,Y,DISP,NA,NA,0,NA,NA,NA,NA,NA,NA,NA
1997,F,1997-10-30,JG,3,2,3,Y,SPSP,NA,NA,0,NA,NA,NA,NA,NA,NA,NA
1997,F,1997-10-30,JG,3,2,5,N,DIOR,NA,J,36,N,NA,NA,NA,NA,NA,NA
1997,F,1997-10-30,JG,3,2,11,Y,DIOR,NA,NA,0,NA,NA,NA,NA,NA,NA,NA
1997,F,1997-10-30,JG,3,2,11,Y,NEAL,NA,NA,0,NA,NA,NA,NA,NA,NA,NA
1997,F,1997-10-30,JG,3,2,13,Y,DIOR,NA,NA,0,NA,NA,NA,NA,NA,NA,NA
1997,F,1997-10-30,JG,3,2,15,N,DIOR,F,A,64,N,NA,NA,NA,NA,NA,NA
1997,F,1997-10-30,JG,3,2,17,Y,DISP,NA,NA,0,NA,NA,NA,NA,NA,NA,NA
1997,F,1997-10-30,JG,3,2,18,Y,DIOR,NA,NA,0,NA,NA,NA,NA,NA,NA,NA
1997,F,1997-10-30,JG,3,2,22,Y,DIOR,NA,NA,0,NA,NA,NA,NA,NA,NA,NA
1997,F,1997-10-30,JG,3,2,23,Y,DIOR,NA,NA,0,NA,NA,NA,NA,NA,NA,NA
1997,F,1997-10-30,JG,3,2,28,N,NEAL,F,A,180,N,NA,NA,NA,NA,NA,NA
1997,F,1997-10-30,JG,3,2,33,N,NEAL,NA,J,99,N,NA,NA,NA,NA,NA,NA
1997,F,1997-10-30,JG,3,2,34,N,NEMI,M,A,275,N,NA,NA,NA,NA,NA,NA
1997,F,1997-10-30,JG,3,2,35,N,ONLE,M,A,26,N,NA,NA,NA,NA,NA,NA
1997,F,1997-10-30,JG,3,2,36,Y,DIOR,NA,NA,0,NA,NA,NA,NA,NA,NA,NA
1997,F,1997-10-30,JG,3,2,38,Y,DIOR,NA,NA,0,NA,NA,NA,NA,NA,NA,NA
1997,F,1997-10-30,JG,3,2,39,Y,DIOR,NA,NA,0,NA,NA,NA,NA,NA,NA,NA
1997,F,1997-10-30,JG,3,2,40,N,PGFL,M,A,6,N,NA,NA,NA,NA,NA,NA
1997,F,1997-10-30,JG,3,2,41,NA,DISP,NA,NA,0,NA,NA,Y,U,NA,NA,NA
1997,F,1997-10-30,JG,3,2,42,Y,DIOR,NA,NA,0,NA,NA,NA,NA,NA,NA,NA
1997,F,1997-10-30,JG,3,2,45,Y,SPSP,NA,NA,0,NA,NA,NA,NA,NA,NA,NA
1997,F,1997-10-30,JG,3,2,46,N,PGFL,F,A,5,N,NA,NA,NA,NA,NA,NA
1997,F,1997-10-30,JG,3,2,48,Y,ONLE,NA,NA,0,NA,NA,NA,NA,NA,NA,NA
1997,F,1997-10-30,JG,3,2,58,N,NEAL,M,A,240,N,NA,NA,NA,NA,NA,NA
1997,F,1997-10-30,JG,3,2,62,Y,DIOR,NA,NA,0,NA,NA,NA,NA,NA,NA,NA
1997,F,1997-10-30,JG,3,2,64,Y,DIOR,NA,NA,0,NA,NA,NA,NA,NA,NA,NA
1997,F,1997-10-30,JG,3,2,69,Y,NEAL,NA,NA,0,NA,NA,NA,NA,NA,NA,NA
1997,F,1997-10-30,JG,3,2,78,Y,DIOR,NA,NA,0,NA,NA,NA,NA,NA,NA,NA
1997,F,1997-10-30,JG,3,2,80,Y,DISP,NA,NA,0,NA,NA,NA,NA,NA,NA,NA
1997,F,1997-10-30,JG,3,2,82,Y,SPSP,NA,NA,0,NA,NA,NA,NA,NA,NA,NA
1997,F,1997-10-30,JG,3,2,83,Y,NEAL,NA,NA,0,NA,NA,NA,NA,NA,NA,NA
1997,F,1997-10-30,JG,3,2,90,Y,DIOR,NA,NA,0,NA,NA,NA,NA,NA,NA,NA
1997,F,1997-10-30,JG,3,2,93,Y,DIOR,NA,NA,0,NA,NA,NA,NA,NA,NA,NA
1997,F,1997-10-30,JG,3,2,96,N,DIOR,F,A,50,N,NA,NA,NA,NA,NA,NA
1997,F,1997-10-30,JG,3,2,101,Y,NEAL,NA,NA,0,NA,NA,NA,NA,NA,NA,NA
1997,F,1997-10-30,JG,3,2,104,Y,SPSP,NA,NA,0,NA,NA,NA,NA,NA,NA,NA
1997,F,1997-10-30,JG,3,2,111,Y,ONLE,NA,NA,0,NA,NA,NA,NA,NA,NA,NA
1997,F,1997-10-30,JG,3,2,112,Y,DIOR,NA,NA,0,NA,NA,NA,NA,NA,NA,NA
1997,F,1997-10-30,JG,3,2,114,NA,ONLE,NA,NA,0,NA,NA,Y,U,NA,NA,NA
1997,F,1997-10-30,JG,3,2,115,Y,DIOR,NA,NA,0,NA,NA,NA,NA,NA,NA,NA
1997,F,1997-10-30,JG,3,2,119,Y,NEAL,NA,NA,0,NA,NA,NA,NA,NA,NA,NA
1997,F,1997-10-30,JG,3,2,128,Y,DISP,NA,NA,0,NA,NA,NA,NA,NA,NA,NA
1997,F,1997-10-30,JG,3,2,130,Y,NEAL,NA,NA,0,NA,NA,NA,NA,NA,NA,NA
1997,F,1997-10-30,JG,3,2,135,Y,DIOR,NA,NA,0,NA,NA,NA,NA,NA,NA,NA
1997,F,1997-10-30,JG,3,2,136,Y,DIOR,NA,NA,0,NA,NA,NA,NA,NA,NA,NA
1997,F,1997-10-30,JG,3,2,139,Y,DIOR,NA,NA,0,NA,NA,NA,NA,NA,NA,NA
1997,F,1997-10-30,JG,3,2,140,Y,DIOR,NA,NA,0,NA,NA,NA,NA,NA,NA,NA
1997,F,1997-10-30,JG,3,2,141,Y,DIOR,NA,NA,0,NA,NA,NA,NA,NA,NA,NA
1997,F,1997-10-30,JG,3,2,142,NA,DIOR,NA,NA,0,NA,NA,Y,U,NA,NA,NA
1997,F,1997-10-30,JG,3,2,143,Y,DISP,NA,NA,0,NA,NA,NA,NA,NA,NA,NA
1997,F,1997-10-30,JG,3,2,144,Y,DIOR,NA,NA,0,NA,NA,NA,NA,NA,NA,NA
1997,F,1997-10-30,JG,3,3,9,Y,DISP,NA,NA,0,NA,NA,NA,NA,NA,NA,NA
1997,F,1997-10-30,JG,3,3,11,N,NEMI,NA,J,120,N,NA,NA,NA,NA,NA,NA
1997,F,1997-10-30,JG,3,3,12,Y,DIOR,NA,NA,0,NA,NA,NA,NA,NA,NA,NA
1997,F,1997-10-30,JG,3,3,14,N,ONLE,F,A,27,N,NA,NA,NA,NA,NA,NA
1997,F,1997-10-30,JG,3,3,18,N,PGFL,M,A,7,N,NA,NA,NA,NA,NA,NA
1997,F,1997-10-30,JG,3,3,20,Y,ONLE,NA,NA,0,NA,NA,NA,NA,NA,NA,NA
1997,F,1997-10-30,JG,3,3,21,N,DIOR,M,A,46,Y,S,NA,NA,NA,NA,NA
1997,F,1997-10-30,JG,3,3,22,Y,NEMI,NA,NA,0,NA,NA,NA,NA,NA,NA,NA
1997,F,1997-10-30,JG,3,3,29,Y,PGFL,NA,NA,0,NA,NA,NA,NA,NA,NA,NA
1997,F,1997-10-30,JG,3,3,32,NA,DIOR,NA,NA,0,NA,NA,Y,U,NA,NA,NA
1997,F,1997-10-30,JG,3,3,35,Y,SPSP,NA,NA,0,NA,NA,NA,NA,NA,NA,NA
1997,F,1997-10-30,JG,3,3,36,N,DIOR,M,A,44,N,NA,NA,NA,NA,NA,NA
1997,F,1997-10-30,JG,3,3,42,N,DIOR,NA,NA,0,NA,NA,Y,U,NA,NA,NA
1997,F,1997-10-30,JG,3,3,48,Y,DIOR,NA,NA,0,NA,NA,NA,NA,NA,NA,NA
1997,F,1997-10-30,JG,3,3,50,N,PGFL,M,A,6,N,NA,NA,NA,NA,NA,NA
1997,F,1997-10-30,JG,3,3,63,Y,ONLE,NA,NA,0,NA,NA,NA,NA,NA,NA,NA
1997,F,1997-10-30,JG,3,3,70,Y,DIOR,NA,NA,0,NA,NA,NA,NA,NA,NA,NA
1997,F,1997-10-30,JG,3,3,72,Y,DIOR,NA,NA,0,NA,NA,NA,NA,NA,NA,NA
1997,F,1997-10-30,JG,3,3,74,Y,ONLE,NA,NA,0,NA,NA,NA,NA,NA,NA,NA
1997,F,1997-10-30,JG,3,3,78,Y,DIOR,NA,NA,0,NA,NA,NA,NA,NA,NA,NA
1997,F,1997-10-30,JG,3,3,81,Y,DIOR,NA,NA,0,NA,NA,NA,NA,NA,NA,NA
1997,F,1997-10-30,JG,3,3,83,Y,DISP,NA,NA,0,NA,NA,NA,NA,NA,NA,NA
1997,F,1997-10-30,JG,3,3,88,Y,NEAL,NA,NA,0,NA,NA,NA,NA,NA,NA,NA
1997,F,1997-10-30,JG,3,3,92,N,NEMI,NA,J,86,N,NA,NA,NA,NA,NA,NA
1997,F,1997-10-30,JG,3,3,93,Y,NEMI,NA,NA,0,NA,NA,NA,NA,NA,NA,NA
1997,F,1997-10-30,JG,3,3,96,Y,DIOR,NA,NA,0,NA,NA,NA,NA,NA,NA,NA
1997,F,1997-10-30,JG,3,3,102,N,ONLE,F,A,24,N,NA,NA,NA,NA,NA,NA
1997,F,1997-10-30,JG,3,3,105,Y,ONLE,NA,NA,0,NA,NA,NA,NA,NA,NA,NA
1997,F,1997-10-30,JG,3,3,107,N,NEAL,M,A,155,N,NA,NA,NA,NA,NA,NA
1997,F,1997-10-30,JG,3,3,108,Y,DIOR,NA,NA,0,NA,NA,NA,NA,NA,NA,NA
1997,F,1997-10-30,JG,3,3,113,Y,DIOR,NA,NA,0,NA,NA,NA,NA,NA,NA,NA
1997,F,1997-10-30,JG,3,3,114,Y,DIOR,NA,NA,0,NA,NA,NA,NA,NA,NA,NA
1997,F,1997-10-30,JG,3,3,117,Y,DIOR,NA,NA,0,NA,NA,NA,NA,NA,NA,NA
1997,F,1997-10-30,JG,3,3,118,Y,DIOR,NA,NA,0,NA,NA,NA,NA,NA,NA,NA
1997,F,1997-10-30,JG,3,3,120,Y,DIOR,NA,NA,0,NA,NA,NA,NA,NA,NA,NA
1997,F,1997-10-30,JG,3,3,123,Y,DIOR,NA,NA,0,NA,NA,NA,NA,NA,NA,NA
1997,F,1997-10-30,JG,3,3,126,Y,DISP,NA,NA,0,NA,NA,NA,NA,NA,NA,NA
1997,F,1997-10-30,JG,3,3,128,Y,DISP,NA,NA,0,NA,NA,NA,NA,NA,NA,NA
1997,F,1997-10-30,JG,3,3,129,N,NEMI,M,A,270,N,NA,NA,NA,NA,NA,NA
1997,F,1997-10-30,JG,3,3,132,Y,DIOR,NA,NA,0,NA,NA,NA,NA,NA,NA,NA
1997,F,1997-10-30,JG,3,3,135,N,SIHI,F,A,82,N,NA,NA,NA,NA,NA,NA
1997,F,1997-10-30,JG,3,3,137,N,DIOR,F,A,30,Y,V,NA,NA,NA,NA,NA
1997,F,1997-10-30,JG,3,3,138,Y,DIOR,NA,NA,0,NA,NA,NA,NA,NA,NA,NA
1997,F,1997-10-30,JG,3,3,139,N,DISP,M,A,156,Y,S,NA,NA,NA,NA,NA
1997,F,1997-10-30,JG,3,3,140,N,DIOR,F,A,45,N,NA,NA,NA,NA,NA,NA
1997,F,1997-10-30,JG,3,3,142,N,DIOR,M,A,51,Y,S,NA,NA,NA,NA,NA
1997,F,1997-10-30,JG,3,3,143,N,DIOR,NA,J,38,N,NA,NA,NA,NA,NA,NA
1997,F,1997-10-30,JG,3,3,144,Y,DISP,NA,NA,0,NA,NA,NA,NA,NA,NA,NA
1998,F,1998-10-14,JG,1,1,8,N,DIOR,F,A,49,N,NA,NA,NA,NA,NA,NA
1998,F,1998-10-14,JG,1,1,10,N,DIOR,M,A,51,N,NA,NA,NA,NA,NA,NA
1998,F,1998-10-14,JG,1,1,11,N,SPSP,M,A,105,N,NA,NA,NA,NA,NA,NA
1998,F,1998-10-14,JG,1,1,12,N,DIOR,F,A,52,N,NA,NA,NA,NA,NA,NA
1998,F,1998-10-14,JG,1,1,19,N,DIOR,M,A,49,N,NA,NA,NA,NA,NA,NA
1998,F,1998-10-14,JG,1,1,20,N,DISP,M,A,150,N,NA,NA,NA,NA,NA,NA
1998,F,1998-10-14,JG,1,1,21,N,DIOR,F,A,51,N,NA,NA,NA,NA,NA,NA
1998,F,1998-10-14,JG,1,1,22,N,DIOR,M,A,50,N,NA,NA,NA,NA,NA,NA
1998,F,1998-10-14,JG,1,1,23,N,DIOR,M,A,55,N,NA,NA,NA,NA,NA,NA
1998,F,1998-10-14,JG,1,1,24,N,DIOR,M,A,49,N,NA,NA,NA,NA,NA,NA
1998,F,1998-10-14,JG,1,1,32,N,DIOR,F,A,52,N,NA,NA,NA,NA,NA,NA
1998,F,1998-10-14,JG,1,1,34,N,SPSP,M,A,96,N,NA,NA,NA,NA,NA,NA
1998,F,1998-10-14,JG,1,1,42,N,DIOR,M,A,52,N,NA,NA,NA,NA,NA,NA
1998,F,1998-10-14,JG,1,1,47,N,DIOR,M,A,57,N,NA,NA,NA,NA,NA,NA
1998,F,1998-10-14,JG,1,1,48,N,DIOR,F,A,52,N,NA,NA,NA,NA,NA,NA
1998,F,1998-10-14,JG,1,1,49,N,DIOR,M,A,54,N,NA,NA,NA,NA,NA,NA
1998,F,1998-10-14,JG,1,1,52,N,ONLE,NA,J,21,N,NA,NA,NA,NA,NA,NA
1998,F,1998-10-14,JG,1,1,53,N,DISP,F,A,138,Y,V,NA,NA,NA,NA,NA
1998,F,1998-10-14,JG,1,1,54,N,DIOR,F,A,51,N,NA,NA,NA,NA,NA,NA
1998,F,1998-10-14,JG,1,1,56,N,SPSP,M,A,116,N,NA,NA,NA,NA,NA,NA
1998,F,1998-10-14,JG,1,1,58,N,DIOR,M,A,55,N,NA,NA,NA,NA,NA,NA
1998,F,1998-10-14,JG,1,1,63,N,DIOR,M,A,52,N,NA,NA,NA,NA,NA,NA
1998,F,1998-10-14,JG,1,1,65,N,DIOR,M,A,52,N,NA,NA,NA,NA,NA,NA
1998,F,1998-10-14,JG,1,1,68,N,DISP,M,A,140,Y,S,NA,NA,NA,NA,NA
1998,F,1998-10-14,JG,1,1,69,N,DIOR,M,A,58,N,NA,NA,NA,NA,NA,NA
1998,F,1998-10-14,JG,1,1,72,N,DIOR,F,A,47,N,NA,NA,NA,NA,NA,NA
1998,F,1998-10-14,JG,1,1,74,N,DIOR,F,A,47,N,NA,NA,NA,NA,NA,NA
1998,F,1998-10-14,JG,1,1,78,N,NEMI,F,A,240,N,NA,NA,NA,NA,NA,NA
1998,F,1998-10-14,JG,1,1,81,N,DIOR,F,A,51,N,NA,NA,NA,NA,NA,NA
1998,F,1998-10-14,JG,1,1,83,N,DIOR,M,A,57,N,NA,NA,NA,NA,NA,NA
1998,F,1998-10-14,JG,1,1,90,N,NEMI,NA,NA,0,N,NA,Y,U,NA,NA,NA
1998,F,1998-10-14,JG,1,1,94,N,DIOR,M,A,53,N,NA,NA,NA,NA,NA,NA
1998,F,1998-10-14,JG,1,1,96,N,DIOR,M,A,62,N,NA,NA,NA,NA,NA,NA
1998,F,1998-10-14,JG,1,1,102,N,ONLE,F,A,31,N,NA,NA,NA,NA,NA,NA
1998,F,1998-10-14,JG,1,1,103,N,DIOR,F,A,48,N,NA,NA,NA,NA,NA,NA
1998,F,1998-10-14,JG,1,1,104,N,SPSP,M,A,128,N,NA,NA,NA,NA,NA,NA
1998,F,1998-10-14,JG,1,1,106,N,DIOR,F,A,51,N,NA,NA,NA,NA,NA,NA
1998,F,1998-10-14,JG,1,1,114,N,ONLE,F,A,31,N,NA,NA,NA,NA,NA,NA
1998,F,1998-10-14,JG,1,1,117,N,DIOR,M,A,57,N,NA,NA,NA,NA,NA,NA
1998,F,1998-10-14,JG,1,1,119,N,DIOR,M,A,44,N,NA,NA,NA,NA,NA,NA
1998,F,1998-10-14,JG,1,1,119,N,NEMI,M,A,250,N,NA,NA,NA,NA,NA,NA
1998,F,1998-10-14,JG,1,1,120,N,DIOR,M,A,54,N,NA,NA,NA,NA,NA,NA
1998,F,1998-10-14,JG,1,1,123,N,DIOR,M,A,44,N,NA,NA,NA,NA,NA,NA
1998,F,1998-10-14,JG,1,1,126,N,DIOR,F,A,43,N,NA,NA,NA,NA,NA,NA
1998,F,1998-10-14,JG,1,1,128,N,DIOR,F,A,54,N,NA,NA,NA,NA,NA,NA
1998,F,1998-10-14,JG,1,1,130,N,DIOR,M,A,54,N,NA,NA,NA,NA,NA,NA
1998,F,1998-10-14,JG,1,1,133,N,ONLE,F,A,32,N,NA,NA,NA,NA,NA,NA
1998,F,1998-10-14,JG,1,1,136,N,DIOR,F,A,47,N,NA,NA,NA,NA,NA,NA
1998,F,1998-10-14,JG,1,1,140,N,DIOR,M,A,48,N,NA,NA,NA,NA,NA,NA
1998,F,1998-10-14,JG,1,1,141,N,DIOR,M,A,48,N,NA,NA,NA,NA,NA,NA
1998,F,1998-10-14,JG,1,1,143,N,DISP,M,A,130,N,NA,NA,NA,NA,NA,NA
1998,F,1998-10-14,JG,1,1,144,N,DIOR,M,A,60,N,NA,NA,NA,NA,NA,NA
1998,F,1998-10-14,JG,1,2,9,N,DIOR,M,A,50,Y,S,NA,NA,NA,NA,NA
1998,F,1998-10-14,JG,1,2,10,N,DIOR,M,A,48,N,NA,NA,NA,NA,NA,NA
1998,F,1998-10-14,JG,1,2,15,N,DIOR,M,A,50,N,NA,NA,NA,NA,NA,NA
1998,F,1998-10-14,JG,1,2,19,N,DIOR,M,A,48,N,NA,NA,NA,NA,NA,NA
1998,F,1998-10-14,JG,1,2,20,N,DISP,F,A,146,N,NA,NA,NA,NA,NA,NA
1998,F,1998-10-14,JG,1,2,22,N,DIOR,M,A,64,N,NA,NA,NA,NA,NA,NA
1998,F,1998-10-14,JG,1,2,34,N,DIOR,M,A,55,N,NA,NA,NA,NA,NA,NA
1998,F,1998-10-14,JG,1,2,42,N,DIOR,M,A,52,Y,S,NA,NA,NA,NA,NA
1998,F,1998-10-14,JG,1,2,44,N,DISP,M,A,150,N,NA,NA,NA,NA,NA,NA
1998,F,1998-10-14,JG,1,2,45,N,SPSP,M,A,100,N,NA,NA,NA,NA,NA,NA
1998,F,1998-10-14,JG,1,2,48,N,DIOR,M,A,58,N,NA,NA,NA,NA,NA,NA
1998,F,1998-10-14,JG,1,2,54,N,DIOR,M,A,45,N,NA,NA,NA,NA,NA,NA
1998,F,1998-10-14,JG,1,2,58,N,DIOR,M,A,55,N,NA,NA,NA,NA,NA,NA
1998,F,1998-10-14,JG,1,2,66,N,DIOR,M,A,43,N,NA,NA,NA,NA,NA,NA
1998,F,1998-10-14,JG,1,2,68,N,DISP,M,A,145,N,NA,NA,NA,NA,NA,NA
1998,F,1998-10-14,JG,1,2,69,N,DIOR,NA,A,58,N,NA,Y,M,NA,NA,NA
1998,F,1998-10-14,JG,1,2,72,N,DIOR,M,A,51,N,NA,NA,NA,NA,NA,NA
1998,F,1998-10-14,JG,1,2,82,N,SPSP,F,A,150,Y,P,NA,NA,NA,NA,NA
1998,F,1998-10-14,JG,1,2,83,N,SPSP,NA,A,75,N,NA,Y,M,NA,NA,NA
1998,F,1998-10-14,JG,1,2,90,N,DIOR,F,A,48,N,NA,NA,NA,NA,NA,NA
1998,F,1998-10-14,JG,1,2,91,N,DIOR,M,A,56,N,NA,NA,NA,NA,NA,NA
1998,F,1998-10-14,JG,1,2,93,N,DIOR,M,A,56,N,NA,NA,NA,NA,NA,NA
1998,F,1998-10-14,JG,1,2,95,N,DIOR,M,A,60,N,NA,NA,NA,NA,NA,NA
1998,F,1998-10-14,JG,1,2,96,N,NEAL,NA,J,138,N,NA,NA,NA,NA,NA,NA
1998,F,1998-10-14,JG,1,2,103,N,DIOR,F,A,49,N,NA,NA,NA,NA,NA,NA
1998,F,1998-10-14,JG,1,2,104,N,DIOR,F,A,51,N,NA,NA,NA,NA,NA,NA
1998,F,1998-10-14,JG,1,2,106,N,DISP,F,A,132,N,NA,NA,NA,NA,NA,NA
1998,F,1998-10-14,JG,1,2,107,N,DIOR,NA,NA,0,NA,NA,Y,U,NA,NA,NA
1998,F,1998-10-14,JG,1,2,108,N,DISP,M,A,156,N,NA,Y,M,NA,NA,NA
1998,F,1998-10-14,JG,1,2,111,N,DIOR,M,A,52,N,NA,NA,NA,NA,NA,NA
1998,F,1998-10-14,JG,1,2,113,N,NEAL,M,A,210,N,NA,NA,NA,NA,NA,NA
1998,F,1998-10-14,JG,1,2,117,N,DIOR,M,A,53,N,NA,NA,NA,NA,NA,NA
1998,F,1998-10-14,JG,1,2,119,N,DIOR,M,A,49,N,NA,NA,NA,NA,NA,NA
1998,F,1998-10-14,JG,1,2,129,N,DIOR,F,A,49,N,NA,NA,NA,NA,NA,NA
1998,F,1998-10-14,JG,1,2,130,N,SPSP,NA,J,78,N,NA,NA,NA,NA,NA,NA
1998,F,1998-10-14,JG,1,2,131,N,NEAL,NA,NA,0,NA,NA,Y,U,NA,NA,NA
1998,F,1998-10-14,JG,1,2,132,N,DIOR,F,A,54,N,NA,NA,NA,NA,NA,NA
1998,F,1998-10-14,JG,1,2,138,N,SPSP,F,A,115,N,NA,NA,NA,NA,NA,NA
1998,F,1998-10-14,JG,1,2,140,N,DIOR,M,A,52,N,NA,NA,NA,NA,NA,NA
1998,F,1998-10-14,JG,1,2,141,N,NEAL,NA,J,138,N,NA,NA,NA,NA,NA,NA
1998,F,1998-10-14,JG,1,2,143,N,DIOR,M,A,53,N,NA,NA,NA,NA,NA,NA
1998,F,1998-10-14,JG,1,3,6,N,ONLE,M,A,26,N,NA,NA,NA,NA,NA,NA
1998,F,1998-10-14,JG,1,3,8,N,DIOR,M,A,51,N,NA,NA,NA,NA,NA,NA
1998,F,1998-10-14,JG,1,3,10,N,DIOR,F,A,56,N,NA,NA,NA,NA,NA,NA
1998,F,1998-10-14,JG,1,3,14,N,ONLE,M,A,28,N,NA,NA,NA,NA,NA,NA
1998,F,1998-10-14,JG,1,3,18,N,SPSP,F,A,130,N,NA,NA,NA,NA,NA,NA
1998,F,1998-10-14,JG,1,3,21,N,DIOR,M,A,49,N,NA,NA,NA,NA,NA,NA
1998,F,1998-10-14,JG,1,3,22,N,DIOR,M,A,56,N,NA,NA,NA,NA,NA,NA
1998,F,1998-10-14,JG,1,3,78,N,DIOR,M,A,61,N,NA,NA,NA,NA,NA,NA
1998,F,1998-10-14,JG,1,3,30,N,DIOR,M,A,46,N,NA,NA,NA,NA,NA,NA
1998,F,1998-10-14,JG,1,3,33,N,DISP,F,A,128,N,NA,NA,NA,NA,NA,NA
1998,F,1998-10-14,JG,1,3,34,N,DIOR,M,A,51,N,NA,NA,NA,NA,NA,NA
1998,F,1998-10-14,JG,1,3,35,N,DISP,F,A,132,N,NA,NA,NA,NA,NA,NA
1998,F,1998-10-14,JG,1,3,42,N,DIOR,M,A,53,N,NA,NA,NA,NA,NA,NA
1998,F,1998-10-14,JG,1,3,46,N,DIOR,F,A,48,N,NA,NA,NA,NA,NA,NA
1998,F,1998-10-14,JG,1,3,55,N,DIOR,F,A,49,N,NA,NA,NA,NA,NA,NA
1998,F,1998-10-14,JG,1,3,56,N,DIOR,M,A,52,N,NA,NA,NA,NA,NA,NA
1998,F,1998-10-14,JG,1,3,57,N,DIOR,M,A,55,N,NA,NA,NA,NA,NA,NA
1998,F,1998-10-14,JG,1,3,59,N,DIOR,M,A,51,N,NA,NA,NA,NA,NA,NA
1998,F,1998-10-14,JG,1,3,71,N,DIOR,M,A,60,N,NA,NA,NA,NA,NA,NA
1998,F,1998-10-14,JG,1,3,72,N,DIOR,M,A,57,Y,S,NA,NA,NA,NA,NA
1998,F,1998-10-14,JG,1,3,81,N,DISP,M,A,110,Y,S,NA,NA,NA,NA,NA
1998,F,1998-10-14,JG,1,3,82,N,DIOR,M,A,45,Y,S,NA,NA,NA,NA,NA
1998,F,1998-10-14,JG,1,3,83,N,DISP,M,A,140,Y,S,NA,NA,NA,NA,NA
1998,F,1998-10-14,JG,1,3,89,N,DIOR,F,A,52,N,NA,NA,NA,NA,NA,NA
1998,F,1998-10-14,JG,1,3,90,N,DIOR,F,A,53,N,NA,NA,NA,NA,NA,NA
1998,F,1998-10-14,JG,1,3,96,N,ONLE,M,A,33,N,NA,NA,NA,NA,NA,NA
1998,F,1998-10-14,JG,1,3,97,N,SPSP,NA,J,62,N,NA,NA,NA,NA,NA,NA
1998,F,1998-10-14,JG,1,3,102,N,DIOR,M,A,53,N,NA,NA,NA,NA,NA,NA
1998,F,1998-10-14,JG,1,3,105,N,DIOR,F,A,49,N,NA,NA,NA,NA,NA,NA
1998,F,1998-10-14,JG,1,3,106,N,NEMI,F,A,220,N,NA,NA,NA,NA,NA,NA
1998,F,1998-10-14,JG,1,3,111,N,SPSP,NA,J,61,N,NA,NA,NA,NA,NA,NA
1998,F,1998-10-14,JG,1,3,113,N,ONLE,M,A,34,N,NA,NA,NA,NA,NA,NA
1998,F,1998-10-14,JG,1,3,115,N,DIOR,F,A,49,N,NA,NA,NA,NA,NA,NA
1998,F,1998-10-14,JG,1,3,117,N,DIOR,M,A,54,N,NA,NA,NA,NA,NA,NA
1998,F,1998-10-14,JG,1,3,120,N,DIOR,M,A,58,Y,S,NA,NA,NA,NA,NA
1998,F,1998-10-14,JG,1,3,126,N,DISP,F,A,125,N,NA,NA,NA,NA,NA,NA
1998,F,1998-10-14,JG,1,3,127,N,DIOR,NA,NA,0,NA,NA,Y,U,NA,NA,NA
1998,F,1998-10-14,JG,1,3,128,N,DIOR,M,A,52,N,NA,NA,NA,NA,NA,NA
1998,F,1998-10-14,JG,1,3,129,N,NEAL,F,A,185,N,NA,NA,NA,NA,NA,NA
1998,F,1998-10-14,JG,1,3,131,N,DIOR,M,A,52,Y,S,NA,NA,NA,NA,NA
1998,F,1998-10-14,JG,1,3,132,N,DIOR,M,A,51,N,NA,NA,NA,NA,NA,NA
1998,F,1998-10-14,JG,1,3,132,N,ONLE,NA,NA,0,NA,NA,Y,U,NA,NA,NA
1998,F,1998-10-14,JG,1,3,137,N,DIOR,M,A,52,N,NA,NA,NA,NA,NA,NA
1998,F,1998-10-14,JG,1,3,139,N,ONLE,F,A,37,N,NA,NA,NA,NA,NA,NA
1998,F,1998-10-14,JG,1,3,142,N,DIOR,M,A,50,N,NA,NA,NA,NA,NA,NA
1998,F,1998-10-14,JG,1,3,144,N,DIOR,F,A,46,N,NA,NA,NA,NA,NA,NA
1998,F,1998-10-15,JG,2,1,2,N,ONLE,M,A,37,N,NA,NA,NA,NA,NA,NA
1998,F,1998-10-15,JG,2,1,9,Y,DIOR,NA,NA,0,NA,NA,NA,NA,NA,NA,NA
1998,F,1998-10-15,JG,2,1,11,Y,SPSP,NA,NA,0,NA,NA,NA,NA,NA,NA,NA
1998,F,1998-10-15,JG,2,1,12,Y,DIOR,NA,NA,0,NA,NA,NA,NA,NA,NA,NA
1998,F,1998-10-15,JG,2,1,19,Y,DIOR,NA,NA,0,NA,NA,NA,NA,NA,NA,NA
1998,F,1998-10-15,JG,2,1,21,N,DIOR,F,A,49,N,NA,NA,NA,NA,NA,NA
1998,F,1998-10-15,JG,2,1,22,Y,DIOR,NA,NA,0,NA,NA,NA,NA,NA,NA,NA
1998,F,1998-10-15,JG,2,1,23,N,DIOR,F,A,46,N,NA,NA,NA,NA,NA,NA
1998,F,1998-10-15,JG,2,1,24,N,DIOR,M,A,54,N,NA,NA,NA,NA,NA,NA
1998,F,1998-10-15,JG,2,1,28,N,DIOR,M,A,58,N,NA,NA,NA,NA,NA,NA
1998,F,1998-10-15,JG,2,1,30,Y,DIOR,NA,NA,0,NA,NA,NA,NA,NA,NA,NA
1998,F,1998-10-15,JG,2,1,31,Y,DISP,NA,NA,0,NA,NA,NA,NA,NA,NA,NA
1998,F,1998-10-15,JG,2,1,32,N,DISP,M,A,162,Y,S,NA,NA,NA,NA,NA
1998,F,1998-10-15,JG,2,1,42,Y,DIOR,NA,NA,0,NA,NA,NA,NA,NA,NA,NA
1998,F,1998-10-15,JG,2,1,47,Y,SPSP,NA,NA,0,NA,NA,NA,NA,NA,NA,NA
1998,F,1998-10-15,JG,2,1,48,Y,DIOR,NA,NA,0,NA,NA,NA,NA,NA,NA,NA
1998,F,1998-10-15,JG,2,1,53,Y,DIOR,NA,NA,0,NA,NA,NA,NA,NA,NA,NA
1998,F,1998-10-15,JG,2,1,54,Y,DISP,NA,NA,0,NA,NA,NA,NA,NA,NA,NA
1998,F,1998-10-15,JG,2,1,56,N,NEAL,NA,J,112,N,NA,NA,NA,NA,NA,NA
1998,F,1998-10-15,JG,2,1,58,Y,DISP,NA,NA,0,NA,NA,NA,NA,NA,NA,NA
1998,F,1998-10-15,JG,2,1,63,N,DIOR,M,A,45,N,NA,NA,NA,NA,NA,NA
1998,F,1998-10-15,JG,2,1,67,Y,DISP,NA,NA,0,NA,NA,NA,NA,NA,NA,NA
1998,F,1998-10-15,JG,2,1,68,Y,DIOR,NA,NA,0,NA,NA,NA,NA,NA,NA,NA
1998,F,1998-10-15,JG,2,1,69,Y,DIOR,NA,NA,0,NA,NA,NA,NA,NA,NA,NA
1998,F,1998-10-15,JG,2,1,72,N,DIOR,M,A,50,N,NA,NA,NA,NA,NA,NA
1998,F,1998-10-15,JG,2,1,77,Y,DIOR,NA,NA,0,NA,NA,NA,NA,NA,NA,NA
1998,F,1998-10-15,JG,2,1,78,Y,DIOR,NA,NA,0,NA,NA,NA,NA,NA,NA,NA
1998,F,1998-10-15,JG,2,1,79,N,DIOR,M,A,59,N,NA,NA,NA,NA,NA,NA
1998,F,1998-10-15,JG,2,1,80,N,DIOR,M,A,55,N,NA,NA,NA,NA,NA,NA
1998,F,1998-10-15,JG,2,1,82,N,SPSP,NA,J,60,N,NA,NA,NA,NA,NA,NA
1998,F,1998-10-15,JG,2,1,92,N,DIOR,F,A,42,N,NA,NA,NA,NA,NA,NA
1998,F,1998-10-15,JG,2,1,94,N,SPSP,M,A,77,N,NA,NA,NA,NA,NA,NA
1998,F,1998-10-15,JG,2,1,96,Y,DIOR,NA,NA,0,NA,NA,NA,NA,NA,NA,NA
1998,F,1998-10-15,JG,2,1,102,N,ONLE,NA,NA,0,NA,NA,Y,U,NA,NA,NA
1998,F,1998-10-15,JG,2,1,103,Y,DIOR,NA,NA,0,NA,NA,NA,NA,NA,NA,NA
1998,F,1998-10-15,JG,2,1,106,N,NEMI,F,A,195,N,NA,NA,NA,NA,NA,NA
1998,F,1998-10-15,JG,2,1,107,Y,DIOR,NA,NA,0,NA,NA,NA,NA,NA,NA,NA
1998,F,1998-10-15,JG,2,1,108,N,DIOR,M,A,59,N,NA,NA,NA,NA,NA,NA
1998,F,1998-10-15,JG,2,1,120,Y,DIOR,NA,NA,0,NA,NA,NA,NA,NA,NA,NA
1998,F,1998-10-15,JG,2,1,122,N,SPSP,M,A,98,N,NA,NA,NA,NA,NA,NA
1998,F,1998-10-15,JG,2,1,124,Y,ONLE,NA,NA,0,NA,NA,NA,NA,NA,NA,NA
1998,F,1998-10-15,JG,2,1,128,Y,DIOR,NA,NA,0,NA,NA,NA,NA,NA,NA,NA
1998,F,1998-10-15,JG,2,1,131,NA,DIOR,NA,NA,0,NA,NA,Y,U,NA,NA,NA
1998,F,1998-10-15,JG,2,1,140,Y,DIOR,NA,NA,0,NA,NA,NA,NA,NA,NA,NA
1998,F,1998-10-15,JG,2,1,141,Y,DISP,NA,NA,0,NA,NA,NA,NA,NA,NA,NA
1998,F,1998-10-15,JG,2,1,142,N,DIOR,M,A,48,N,NA,NA,NA,NA,NA,NA
1998,F,1998-10-15,JG,2,2,4,Y,DIOR,NA,NA,0,NA,NA,NA,NA,NA,NA,NA
1998,F,1998-10-15,JG,2,2,8,Y,DIOR,NA,NA,0,NA,NA,NA,NA,NA,NA,NA
1998,F,1998-10-15,JG,2,2,10,N,DIOR,M,A,50,N,NA,NA,NA,NA,NA,NA
1998,F,1998-10-15,JG,2,2,11,N,NEAL,F,A,170,N,NA,NA,NA,NA,NA,NA
1998,F,1998-10-15,JG,2,2,12,N,DIOR,M,A,46,N,NA,NA,NA,NA,NA,NA
1998,F,1998-10-15,JG,2,2,16,N,DIOR,M,A,58,N,NA,NA,NA,NA,NA,NA
1998,F,1998-10-15,JG,2,2,17,Y,DIOR,NA,NA,0,NA,NA,NA,NA,NA,NA,NA
1998,F,1998-10-15,JG,2,2,21,N,DIOR,M,A,48,N,NA,NA,NA,NA,NA,NA
1998,F,1998-10-15,JG,2,2,23,Y,SPSP,NA,NA,0,NA,NA,NA,NA,NA,NA,NA
1998,F,1998-10-15,JG,2,2,33,Y,DIOR,NA,NA,0,NA,NA,NA,NA,NA,NA,NA
1998,F,1998-10-15,JG,2,2,34,N,DIOR,M,A,60,N,NA,NA,NA,NA,NA,NA
1998,F,1998-10-15,JG,2,2,42,Y,DIOR,NA,NA,0,NA,NA,NA,NA,NA,NA,NA
1998,F,1998-10-15,JG,2,2,45,N,DIOR,F,A,52,N,NA,NA,NA,NA,NA,NA
1998,F,1998-10-15,JG,2,2,46,Y,DISP,NA,NA,0,NA,NA,NA,NA,NA,NA,NA
1998,F,1998-10-15,JG,2,2,48,N,SPSP,F,A,135,N,NA,NA,NA,NA,NA,NA
1998,F,1998-10-15,JG,2,2,68,NA,DISP,NA,NA,0,NA,NA,Y,U,NA,NA,NA
1998,F,1998-10-15,JG,2,2,82,Y,SPSP,NA,NA,0,NA,NA,NA,NA,NA,NA,NA
1998,F,1998-10-15,JG,2,2,83,Y,DIOR,NA,NA,0,NA,NA,NA,NA,NA,NA,NA
1998,F,1998-10-15,JG,2,2,88,Y,DIOR,NA,NA,0,NA,NA,NA,NA,NA,NA,NA
1998,F,1998-10-15,JG,2,2,89,Y,DIOR,NA,NA,0,NA,NA,NA,NA,NA,NA,NA
1998,F,1998-10-15,JG,2,2,94,Y,DIOR,NA,NA,0,NA,NA,NA,NA,NA,NA,NA
1998,F,1998-10-15,JG,2,2,96,Y,NEMI,NA,NA,0,NA,NA,NA,NA,NA,NA,NA
1998,F,1998-10-15,JG,2,2,102,Y,DIOR,NA,NA,0,NA,NA,NA,NA,NA,NA,NA
1998,F,1998-10-15,JG,2,2,103,N,ONLE,M,A,34,N,NA,NA,NA,NA,NA,NA
1998,F,1998-10-15,JG,2,2,104,N,SPSP,NA,J,57,N,NA,NA,NA,NA,NA,NA
1998,F,1998-10-15,JG,2,2,105,N,NEAL,F,A,175,N,NA,NA,NA,NA,NA,NA
1998,F,1998-10-15,JG,2,2,106,Y,DISP,NA,NA,0,NA,NA,NA,NA,NA,NA,NA
1998,F,1998-10-15,JG,2,2,112,N,ONLE,F,A,36,N,NA,NA,NA,NA,NA,NA
1998,F,1998-10-15,JG,2,2,113,Y,DIOR,NA,NA,0,NA,NA,NA,NA,NA,NA,NA
1998,F,1998-10-15,JG,2,2,115,N,ONLE,M,A,32,N,NA,NA,NA,NA,NA,NA
1998,F,1998-10-15,JG,2,2,119,N,DIOR,M,A,56,N,NA,NA,NA,NA,NA,NA
1998,F,1998-10-15,JG,2,2,129,Y,DIOR,NA,NA,0,NA,NA,NA,NA,NA,NA,NA
1998,F,1998-10-15,JG,2,2,131,N,NEAL,NA,NA,0,NA,NA,Y,U,NA,NA,NA
1998,F,1998-10-15,JG,2,2,132,Y,DIOR,NA,NA,0,NA,NA,NA,NA,NA,NA,NA
1998,F,1998-10-15,JG,2,2,140,Y,DIOR,NA,NA,0,NA,NA,NA,NA,NA,NA,NA
1998,F,1998-10-15,JG,2,2,141,Y,NEAL,NA,NA,0,NA,NA,NA,NA,NA,NA,NA
1998,F,1998-10-15,JG,2,2,143,Y,DIOR,NA,NA,0,NA,NA,NA,NA,NA,NA,NA
1998,F,1998-10-15,JG,2,3,1,N,DIOR,F,A,46,N,NA,NA,NA,NA,NA,NA
1998,F,1998-10-15,JG,2,3,8,Y,DIOR,NA,NA,0,NA,NA,NA,NA,NA,NA,NA
1998,F,1998-10-15,JG,2,3,9,N,SPSP,NA,J,79,N,NA,NA,NA,NA,NA,NA
1998,F,1998-10-15,JG,2,3,10,Y,DIOR,NA,NA,0,NA,NA,NA,NA,NA,NA,NA
1998,F,1998-10-15,JG,2,3,14,N,ONLE,F,A,29,N,NA,NA,NA,NA,NA,NA
1998,F,1998-10-15,JG,2,3,15,N,DIOR,M,A,49,N,NA,NA,NA,NA,NA,NA
1998,F,1998-10-15,JG,2,3,20,Y,DIOR,NA,NA,0,NA,NA,NA,NA,NA,NA,NA
1998,F,1998-10-15,JG,2,3,21,Y,DIOR,NA,NA,0,NA,NA,NA,NA,NA,NA,NA
1998,F,1998-10-15,JG,2,3,24,N,DIOR,M,A,46,N,NA,NA,NA,NA,NA,NA
1998,F,1998-10-15,JG,2,3,30,Y,DIOR,NA,NA,0,NA,NA,NA,NA,NA,NA,NA
1998,F,1998-10-15,JG,2,3,32,Y,DIOR,NA,NA,0,NA,NA,NA,NA,NA,NA,NA
1998,F,1998-10-15,JG,2,3,34,Y,DISP,NA,NA,0,NA,NA,NA,NA,NA,NA,NA
1998,F,1998-10-15,JG,2,3,35,N,NEMI,F,A,245,N,NA,NA,NA,NA,NA,NA
1998,F,1998-10-15,JG,2,3,36,Y,DIOR,NA,NA,0,NA,NA,NA,NA,NA,NA,NA
1998,F,1998-10-15,JG,2,3,42,N,SPSP,F,A,132,Y,PL,NA,NA,NA,NA,NA
1998,F,1998-10-15,JG,2,3,45,N,SPSP,NA,J,72,N,NA,NA,NA,NA,NA,NA
1998,F,1998-10-15,JG,2,3,55,N,NEMI,F,A,240,N,NA,NA,NA,NA,NA,NA
1998,F,1998-10-15,JG,2,3,56,Y,DIOR,NA,NA,0,NA,NA,NA,NA,NA,NA,NA
1998,F,1998-10-15,JG,2,3,57,Y,DIOR,NA,NA,0,NA,NA,NA,NA,NA,NA,NA
1998,F,1998-10-15,JG,2,3,59,Y,DIOR,NA,NA,0,NA,NA,NA,NA,NA,NA,NA
1998,F,1998-10-15,JG,2,3,67,Y,DIOR,NA,NA,0,NA,NA,NA,NA,NA,NA,NA
1998,F,1998-10-15,JG,2,3,69,N,DIOR,F,A,55,N,NA,NA,NA,NA,NA,NA
1998,F,1998-10-15,JG,2,3,70,Y,DIOR,NA,NA,0,NA,NA,NA,NA,NA,NA,NA
1998,F,1998-10-15,JG,2,3,71,Y,DIOR,NA,NA,0,NA,NA,NA,NA,NA,NA,NA
1998,F,1998-10-15,JG,2,3,72,N,DIOR,F,A,50,N,NA,NA,NA,NA,NA,NA
1998,F,1998-10-15,JG,2,3,76,Y,DISP,NA,NA,0,NA,NA,NA,NA,NA,NA,NA
1998,F,1998-10-15,JG,2,3,78,N,SPSP,M,A,82,N,NA,NA,NA,NA,NA,NA
1998,F,1998-10-15,JG,2,3,81,N,DIOR,M,A,52,N,NA,NA,NA,NA,NA,NA
1998,F,1998-10-15,JG,2,3,82,N,ONLE,M,A,38,N,NA,NA,NA,NA,NA,NA
1998,F,1998-10-15,JG,2,3,83,Y,DISP,NA,NA,0,NA,NA,NA,NA,NA,NA,NA
1998,F,1998-10-15,JG,2,3,88,N,DIOR,M,A,50,N,NA,NA,NA,NA,NA,NA
1998,F,1998-10-15,JG,2,3,92,Y,DIOR,NA,NA,0,NA,NA,NA,NA,NA,NA,NA
1998,F,1998-10-15,JG,2,3,93,Y,DIOR,NA,NA,0,NA,NA,NA,NA,NA,NA,NA
1998,F,1998-10-15,JG,2,3,99,Y,DIOR,NA,NA,0,NA,NA,NA,NA,NA,NA,NA
1998,F,1998-10-15,JG,2,3,101,Y,SPSP,NA,NA,0,NA,NA,NA,NA,NA,NA,NA
1998,F,1998-10-15,JG,2,3,103,Y,DIOR,NA,NA,0,NA,NA,NA,NA,NA,NA,NA
1998,F,1998-10-15,JG,2,3,105,Y,DIOR,NA,NA,0,NA,NA,NA,NA,NA,NA,NA
1998,F,1998-10-15,JG,2,3,113,Y,ONLE,NA,NA,0,NA,NA,NA,NA,NA,NA,NA
1998,F,1998-10-15,JG,2,3,114,NA,ONLE,NA,NA,0,NA,NA,Y,U,NA,NA,NA
1998,F,1998-10-15,JG,2,3,117,Y,DIOR,NA,NA,0,NA,NA,NA,NA,NA,NA,NA
1998,F,1998-10-15,JG,2,3,123,N,DISP,M,A,130,N,NA,NA,NA,NA,NA,NA
1998,F,1998-10-15,JG,2,3,126,Y,DISP,NA,NA,0,NA,NA,NA,NA,NA,NA,NA
1998,F,1998-10-15,JG,2,3,127,Y,DIOR,NA,NA,0,NA,NA,NA,NA,NA,NA,NA
1998,F,1998-10-15,JG,2,3,128,N,DIOR,M,A,50,N,NA,NA,NA,NA,NA,NA
1998,F,1998-10-15,JG,2,3,129,N,NEMI,M,A,270,N,NA,NA,NA,NA,NA,NA
1998,F,1998-10-15,JG,2,3,131,Y,DIOR,NA,NA,0,NA,NA,NA,NA,NA,NA,NA
1998,F,1998-10-15,JG,2,3,132,Y,DIOR,NA,NA,0,NA,NA,NA,NA,NA,NA,NA
1998,F,1998-10-15,JG,2,3,137,Y,SPSP,NA,NA,0,NA,NA,NA,NA,NA,NA,NA
1998,F,1998-10-15,JG,2,3,138,N,DIOR,M,A,53,N,NA,NA,NA,NA,NA,NA
1998,F,1998-10-15,JG,2,3,139,Y,DIOR,NA,NA,0,NA,NA,NA,NA,NA,NA,NA
1998,F,1998-10-15,JG,2,3,140,Y,ONLE,NA,NA,0,NA,NA,NA,NA,NA,NA,NA
1998,F,1998-10-15,JG,2,3,142,Y,DIOR,NA,NA,0,NA,NA,NA,NA,NA,NA,NA
1998,F,1998-10-15,JG,2,3,143,Y,DIOR,NA,NA,0,NA,NA,NA,NA,NA,NA,NA
1998,F,1998-10-15,JG,2,3,144,N,DIOR,M,A,58,N,NA,NA,NA,NA,NA,NA
1998,F,1998-10-15,JG,2,3,0,Y,DISP,NA,NA,0,NA,NA,NA,NA,NA,NA,NA
1998,F,1998-10-16,JG,3,1,2,Y,ONLE,NA,NA,0,NA,NA,NA,NA,NA,NA,NA
1998,F,1998-10-16,JG,3,1,9,Y,DIOR,NA,NA,0,NA,NA,NA,NA,NA,NA,NA
1998,F,1998-10-16,JG,3,1,11,Y,NEAL,NA,NA,0,NA,NA,NA,NA,NA,NA,NA
1998,F,1998-10-16,JG,3,1,12,Y,DIOR,NA,NA,0,NA,NA,NA,NA,NA,NA,NA
1998,F,1998-10-16,JG,3,1,15,Y,SPSP,NA,NA,0,NA,NA,NA,NA,NA,NA,NA
1998,F,1998-10-16,JG,3,1,18,N,DIOR,F,A,49,N,NA,NA,NA,NA,NA,NA
1998,F,1998-10-16,JG,3,1,21,N,SPSP,M,A,94,N,NA,NA,NA,NA,NA,NA
1998,F,1998-10-16,JG,3,1,22,N,DIOR,F,A,55,N,NA,NA,NA,NA,NA,NA
1998,F,1998-10-16,JG,3,1,23,Y,SPSP,NA,NA,0,NA,NA,NA,NA,NA,NA,NA
1998,F,1998-10-16,JG,3,1,24,Y,DIOR,NA,NA,0,NA,NA,NA,NA,NA,NA,NA
1998,F,1998-10-16,JG,3,1,26,Y,DIOR,NA,NA,0,NA,NA,NA,NA,NA,NA,NA
1998,F,1998-10-16,JG,3,1,27,Y,DIOR,NA,NA,0,NA,NA,NA,NA,NA,NA,NA
1998,F,1998-10-16,JG,3,1,28,Y,DIOR,NA,NA,0,NA,NA,NA,NA,NA,NA,NA
1998,F,1998-10-16,JG,3,1,30,N,DIOR,M,A,55,N,NA,NA,NA,NA,NA,NA
1998,F,1998-10-16,JG,3,1,31,Y,DIOR,NA,NA,0,NA,NA,NA,NA,NA,NA,NA
1998,F,1998-10-16,JG,3,1,34,Y,DISP,NA,NA,0,NA,NA,NA,NA,NA,NA,NA
1998,F,1998-10-16,JG,3,1,35,Y,DISP,NA,NA,0,NA,NA,NA,NA,NA,NA,NA
1998,F,1998-10-16,JG,3,1,36,N,DIOR,M,A,53,N,NA,NA,NA,NA,NA,NA
1998,F,1998-10-16,JG,3,1,42,Y,DIOR,NA,NA,0,NA,NA,NA,NA,NA,NA,NA
1998,F,1998-10-16,JG,3,1,48,N,SPSP,NA,J,76,N,NA,NA,NA,NA,NA,NA
1998,F,1998-10-16,JG,3,1,51,Y,DIOR,NA,NA,0,NA,NA,NA,NA,NA,NA,NA
1998,F,1998-10-16,JG,3,1,53,N,DIOR,M,A,53,N,NA,NA,NA,NA,NA,NA
1998,F,1998-10-16,JG,3,1,55,Y,DIOR,NA,NA,0,NA,NA,NA,NA,NA,NA,NA
1998,F,1998-10-16,JG,3,1,56,Y,NEAL,NA,NA,0,NA,NA,NA,NA,NA,NA,NA
1998,F,1998-10-16,JG,3,1,57,Y,DISP,NA,NA,0,NA,NA,NA,NA,NA,NA,NA
1998,F,1998-10-16,JG,3,1,58,N,NEAL,M,A,152,N,NA,NA,NA,NA,NA,NA
1998,F,1998-10-16,JG,3,1,64,Y,DISP,NA,NA,0,NA,NA,NA,NA,NA,NA,NA
1998,F,1998-10-16,JG,3,1,65,Y,DISP,NA,NA,0,NA,NA,NA,NA,NA,NA,NA
1998,F,1998-10-16,JG,3,1,67,N,DIOR,M,A,51,N,NA,NA,NA,NA,NA,NA
1998,F,1998-10-16,JG,3,1,69,Y,DIOR,NA,NA,0,NA,NA,NA,NA,NA,NA,NA
1998,F,1998-10-16,JG,3,1,73,N,NEMI,M,A,220,N,NA,NA,NA,NA,NA,NA
1998,F,1998-10-16,JG,3,1,75,Y,DIOR,NA,NA,0,NA,NA,NA,NA,NA,NA,NA
1998,F,1998-10-16,JG,3,1,77,N,ONLE,NA,J,26,N,NA,NA,NA,NA,NA,NA
1998,F,1998-10-16,JG,3,1,82,Y,DIOR,NA,NA,0,NA,NA,NA,NA,NA,NA,NA
1998,F,1998-10-16,JG,3,1,94,Y,SPSP,NA,NA,0,NA,NA,NA,NA,NA,NA,NA
1998,F,1998-10-16,JG,3,1,95,N,DIOR,F,A,0,NA,NA,Y,U,NA,NA,NA
1998,F,1998-10-16,JG,3,1,98,Y,SPSP,NA,NA,0,NA,NA,NA,NA,NA,NA,NA
1998,F,1998-10-16,JG,3,1,101,Y,DIOR,NA,NA,0,NA,NA,NA,NA,NA,NA,NA
1998,F,1998-10-16,JG,3,1,102,Y,DIOR,NA,NA,0,NA,NA,NA,NA,NA,NA,NA
1998,F,1998-10-16,JG,3,1,104,Y,SPSP,NA,NA,0,NA,NA,NA,NA,NA,NA,NA
1998,F,1998-10-16,JG,3,1,106,Y,NEMI,NA,NA,0,NA,NA,NA,NA,NA,NA,NA
1998,F,1998-10-16,JG,3,1,107,Y,ONLE,NA,NA,0,NA,NA,NA,NA,NA,NA,NA
1998,F,1998-10-16,JG,3,1,108,Y,DIOR,NA,NA,0,NA,NA,NA,NA,NA,NA,NA
1998,F,1998-10-16,JG,3,1,109,Y,ONLE,NA,NA,0,NA,NA,NA,NA,NA,NA,NA
1998,F,1998-10-16,JG,3,1,112,N,DIOR,M,A,56,N,NA,NA,NA,NA,NA,NA
1998,F,1998-10-16,JG,3,1,114,Y,DIOR,NA,NA,0,NA,NA,NA,NA,NA,NA,NA
1998,F,1998-10-16,JG,3,1,117,N,SPSP,M,A,132,Y,PS,NA,NA,NA,NA,NA
1998,F,1998-10-16,JG,3,1,118,N,SPSP,M,A,146,N,NA,NA,NA,NA,NA,NA
1998,F,1998-10-16,JG,3,1,120,Y,DIOR,NA,NA,0,NA,NA,NA,NA,NA,NA,NA
1998,F,1998-10-16,JG,3,1,122,N,SPSP,M,A,115,N,NA,NA,NA,NA,NA,NA
1998,F,1998-10-16,JG,3,1,123,Y,DIOR,NA,NA,0,NA,NA,NA,NA,NA,NA,NA
1998,F,1998-10-16,JG,3,1,124,Y,DIOR,NA,NA,0,NA,NA,NA,NA,NA,NA,NA
1998,F,1998-10-16,JG,3,1,126,Y,DIOR,NA,NA,0,NA,NA,NA,NA,NA,NA,NA
1998,F,1998-10-16,JG,3,1,128,Y,DIOR,NA,NA,0,NA,NA,NA,NA,NA,NA,NA
1998,F,1998-10-16,JG,3,1,130,N,NEMI,M,A,170,N,NA,NA,NA,NA,NA,NA
1998,F,1998-10-16,JG,3,1,131,N,SPSP,F,A,115,N,NA,NA,NA,NA,NA,NA
1998,F,1998-10-16,JG,3,1,139,Y,DIOR,NA,NA,0,NA,NA,NA,NA,NA,NA,NA
1998,F,1998-10-16,JG,3,1,140,Y,DISP,NA,NA,0,NA,NA,NA,NA,NA,NA,NA
1998,F,1998-10-16,JG,3,1,141,N,DIOR,M,A,52,N,NA,NA,NA,NA,NA,NA
1998,F,1998-10-16,JG,3,1,142,Y,SPSP,NA,NA,0,NA,NA,NA,NA,NA,NA,NA
1998,F,1998-10-16,JG,3,1,144,Y,DIOR,NA,NA,0,NA,NA,NA,NA,NA,NA,NA
1998,F,1998-10-16,JG,3,2,4,N,DIOR,M,A,50,N,NA,NA,NA,NA,NA,NA
1998,F,1998-10-16,JG,3,2,6,Y,DIOR,NA,NA,0,NA,NA,NA,NA,NA,NA,NA
1998,F,1998-10-16,JG,3,2,7,N,ONLE,F,A,36,N,NA,NA,NA,NA,NA,NA
1998,F,1998-10-16,JG,3,2,8,Y,DIOR,NA,NA,0,NA,NA,NA,NA,NA,NA,NA
1998,F,1998-10-16,JG,3,2,11,Y,NEAL,NA,NA,0,NA,NA,NA,NA,NA,NA,NA
1998,F,1998-10-16,JG,3,2,12,Y,DIOR,NA,NA,0,NA,NA,NA,NA,NA,NA,NA
1998,F,1998-10-16,JG,3,2,23,Y,DIOR,NA,NA,0,NA,NA,NA,NA,NA,NA,NA
1998,F,1998-10-16,JG,3,2,25,Y,DIOR,NA,NA,0,NA,NA,NA,NA,NA,NA,NA
1998,F,1998-10-16,JG,3,2,30,Y,DIOR,NA,NA,0,NA,NA,NA,NA,NA,NA,NA
1998,F,1998-10-16,JG,3,2,31,Y,DIOR,NA,NA,0,NA,NA,NA,NA,NA,NA,NA
1998,F,1998-10-16,JG,3,2,33,N,NEAL,NA,J,72,N,NA,NA,NA,NA,NA,NA
1998,F,1998-10-16,JG,3,2,34,Y,DISP,NA,NA,0,NA,NA,NA,NA,NA,NA,NA
1998,F,1998-10-16,JG,3,2,35,Y,SPSP,NA,NA,0,NA,NA,NA,NA,NA,NA,NA
1998,F,1998-10-16,JG,3,2,36,Y,SPSP,NA,NA,0,NA,NA,NA,NA,NA,NA,NA
1998,F,1998-10-16,JG,3,2,37,Y,ONLE,NA,NA,0,NA,NA,NA,NA,NA,NA,NA
1998,F,1998-10-16,JG,3,2,38,N,NEMI,M,A,135,N,NA,NA,NA,NA,NA,NA
1998,F,1998-10-16,JG,3,2,45,Y,DIOR,NA,NA,0,NA,NA,NA,NA,NA,NA,NA
1998,F,1998-10-16,JG,3,2,42,Y,DIOR,NA,NA,0,NA,NA,NA,NA,NA,NA,NA
1998,F,1998-10-16,JG,3,2,48,Y,DIOR,NA,NA,0,NA,NA,NA,NA,NA,NA,NA
1998,F,1998-10-16,JG,3,2,55,Y,DIOR,NA,NA,0,NA,NA,NA,NA,NA,NA,NA
1998,F,1998-10-16,JG,3,2,57,Y,DIOR,NA,NA,0,NA,NA,NA,NA,NA,NA,NA
1998,F,1998-10-16,JG,3,2,58,N,DIOR,M,A,45,N,NA,NA,NA,NA,NA,NA
1998,F,1998-10-16,JG,3,2,63,Y,DIOR,NA,NA,0,NA,NA,NA,NA,NA,NA,NA
1998,F,1998-10-16,JG,3,2,66,Y,DISP,NA,NA,0,NA,NA,NA,NA,NA,NA,NA
1998,F,1998-10-16,JG,3,2,68,N,NEAL,M,A,145,N,NA,NA,NA,NA,NA,NA
1998,F,1998-10-16,JG,3,2,69,N,DIOR,M,A,46,N,NA,NA,NA,NA,NA,NA
1998,F,1998-10-16,JG,3,2,71,Y,DIOR,NA,NA,0,NA,NA,NA,NA,NA,NA,NA
1998,F,1998-10-16,JG,3,2,72,Y,SPSP,NA,NA,0,NA,NA,NA,NA,NA,NA,NA
1998,F,1998-10-16,JG,3,2,78,N,NEMI,NA,J,105,N,NA,NA,NA,NA,NA,NA
1998,F,1998-10-16,JG,3,2,80,N,DIOR,M,A,63,N,NA,NA,NA,NA,NA,NA
1998,F,1998-10-16,JG,3,2,81,Y,DIOR,NA,NA,0,NA,NA,NA,NA,NA,NA,NA
1998,F,1998-10-16,JG,3,2,82,Y,SPSP,NA,NA,0,NA,NA,NA,NA,NA,NA,NA
1998,F,1998-10-16,JG,3,2,83,N,SPSP,M,A,85,N,NA,NA,NA,NA,NA,NA
1998,F,1998-10-16,JG,3,2,89,N,DIOR,F,A,52,N,NA,NA,NA,NA,NA,NA
1998,F,1998-10-16,JG,3,2,91,N,NEMI,M,A,320,N,NA,NA,NA,NA,NA,NA
1998,F,1998-10-16,JG,3,2,93,Y,DIOR,NA,NA,0,NA,NA,NA,NA,NA,NA,NA
1998,F,1998-10-16,JG,3,2,94,Y,DIOR,NA,NA,0,NA,NA,NA,NA,NA,NA,NA
1998,F,1998-10-16,JG,3,2,96,Y,NEAL,NA,NA,0,NA,NA,NA,NA,NA,NA,NA
1998,F,1998-10-16,JG,3,2,99,Y,ONLE,NA,NA,0,NA,NA,NA,NA,NA,NA,NA
1998,F,1998-10-16,JG,3,2,102,Y,DIOR,NA,NA,0,NA,NA,NA,NA,NA,NA,NA
1998,F,1998-10-16,JG,3,2,103,Y,DIOR,NA,NA,0,NA,NA,NA,NA,NA,NA,NA
1998,F,1998-10-16,JG,3,2,104,Y,DISP,NA,NA,0,NA,NA,NA,NA,NA,NA,NA
1998,F,1998-10-16,JG,3,2,106,Y,DIOR,NA,NA,0,NA,NA,NA,NA,NA,NA,NA
1998,F,1998-10-16,JG,3,2,108,N,DIOR,F,A,52,N,NA,NA,NA,NA,NA,NA
1998,F,1998-10-16,JG,3,2,110,Y,DIOR,NA,NA,0,NA,NA,NA,NA,NA,NA,NA
1998,F,1998-10-16,JG,3,2,112,Y,DIOR,NA,NA,0,NA,NA,NA,NA,NA,NA,NA
1998,F,1998-10-16,JG,3,2,119,Y,SPSP,NA,NA,0,NA,NA,NA,NA,NA,NA,NA
1998,F,1998-10-16,JG,3,2,120,N,DIOR,M,A,46,N,NA,NA,NA,NA,NA,NA
1998,F,1998-10-16,JG,3,2,129,N,DISP,M,A,164,N,NA,NA,NA,NA,NA,NA
1998,F,1998-10-16,JG,3,2,130,Y,DIOR,NA,NA,0,NA,NA,NA,NA,NA,NA,NA
1998,F,1998-10-16,JG,3,2,131,Y,DIOR,NA,NA,0,NA,NA,NA,NA,NA,NA,NA
1998,F,1998-10-16,JG,3,2,132,N,SPSP,M,A,104,N,NA,NA,NA,NA,NA,NA
1998,F,1998-10-16,JG,3,2,138,Y,DIOR,NA,NA,0,NA,NA,NA,NA,NA,NA,NA
1998,F,1998-10-16,JG,3,2,140,N,ONLE,M,A,28,N,NA,NA,NA,NA,NA,NA
1998,F,1998-10-16,JG,3,2,141,Y,NEAL,NA,NA,0,NA,NA,NA,NA,NA,NA,NA
1998,F,1998-10-16,JG,3,2,142,Y,DIOR,NA,NA,0,NA,NA,NA,NA,NA,NA,NA
1998,F,1998-10-16,JG,3,3,3,Y,ONLE,NA,NA,0,NA,NA,NA,NA,NA,NA,NA
1998,F,1998-10-16,JG,3,3,8,Y,DIOR,NA,NA,0,NA,NA,NA,NA,NA,NA,NA
1998,F,1998-10-16,JG,3,3,9,Y,DIOR,NA,NA,0,NA,NA,NA,NA,NA,NA,NA
1998,F,1998-10-16,JG,3,3,10,Y,DIOR,NA,NA,0,NA,NA,NA,NA,NA,NA,NA
1998,F,1998-10-16,JG,3,3,12,Y,SPSP,NA,NA,0,NA,NA,NA,NA,NA,NA,NA
1998,F,1998-10-16,JG,3,3,13,Y,DIOR,NA,NA,0,NA,NA,NA,NA,NA,NA,NA
1998,F,1998-10-16,JG,3,3,17,Y,DIOR,NA,NA,0,NA,NA,NA,NA,NA,NA,NA
1998,F,1998-10-16,JG,3,3,19,Y,DISP,NA,NA,0,NA,NA,NA,NA,NA,NA,NA
1998,F,1998-10-16,JG,3,3,20,Y,DIOR,NA,NA,0,NA,NA,NA,NA,NA,NA,NA
1998,F,1998-10-16,JG,3,3,22,Y,DIOR,NA,NA,0,NA,NA,NA,NA,NA,NA,NA
1998,F,1998-10-16,JG,3,3,23,Y,DIOR,NA,NA,0,NA,NA,NA,NA,NA,NA,NA
1998,F,1998-10-16,JG,3,3,24,Y,ONLE,NA,NA,0,NA,NA,NA,NA,NA,NA,NA
1998,F,1998-10-16,JG,3,3,32,Y,DIOR,NA,NA,0,NA,NA,NA,NA,NA,NA,NA
1998,F,1998-10-16,JG,3,3,34,Y,NEMI,NA,NA,0,NA,NA,NA,NA,NA,NA,NA
1998,F,1998-10-16,JG,3,3,35,Y,DIOR,NA,NA,0,NA,NA,NA,NA,NA,NA,NA
1998,F,1998-10-16,JG,3,3,37,N,NEMI,M,A,190,N,NA,NA,NA,NA,NA,NA
1998,F,1998-10-16,JG,3,3,45,N,DISP,F,A,125,N,NA,NA,NA,NA,NA,NA
1998,F,1998-10-16,JG,3,3,46,Y,SPSP,NA,NA,0,NA,NA,NA,NA,NA,NA,NA
1998,F,1998-10-16,JG,3,3,50,N,PGFL,M,A,6,N,NA,NA,NA,NA,NA,NA
1998,F,1998-10-16,JG,3,3,55,Y,DIOR,NA,NA,0,NA,NA,NA,NA,NA,NA,NA
1998,F,1998-10-16,JG,3,3,55,Y,DIOR,NA,NA,0,NA,NA,NA,NA,NA,NA,NA
1998,F,1998-10-16,JG,3,3,56,Y,NEMI,NA,NA,0,NA,NA,NA,NA,NA,NA,NA
1998,F,1998-10-16,JG,3,3,57,Y,DIOR,NA,NA,0,NA,NA,NA,NA,NA,NA,NA
1998,F,1998-10-16,JG,3,3,63,Y,DIOR,NA,NA,0,NA,NA,NA,NA,NA,NA,NA
1998,F,1998-10-16,JG,3,3,66,N,SPSP,M,A,105,N,NA,NA,NA,NA,NA,NA
1998,F,1998-10-16,JG,3,3,67,Y,DIOR,NA,NA,0,NA,NA,NA,NA,NA,NA,NA
1998,F,1998-10-16,JG,3,3,71,Y,DIOR,NA,NA,0,NA,NA,NA,NA,NA,NA,NA
1998,F,1998-10-16,JG,3,3,72,Y,DIOR,NA,NA,0,NA,NA,NA,NA,NA,NA,NA
1998,F,1998-10-16,JG,3,3,77,Y,DIOR,NA,NA,0,NA,NA,NA,NA,NA,NA,NA
1998,F,1998-10-16,JG,3,3,78,N,ONLE,F,A,34,N,NA,NA,NA,NA,NA,NA
1998,F,1998-10-16,JG,3,3,80,Y,ONLE,NA,NA,0,NA,NA,NA,NA,NA,NA,NA
1998,F,1998-10-16,JG,3,3,81,N,DISP,F,A,126,Y,V,NA,NA,NA,NA,NA
1998,F,1998-10-16,JG,3,3,82,Y,DISP,NA,NA,0,NA,NA,NA,NA,NA,NA,NA
1998,F,1998-10-16,JG,3,3,83,Y,DISP,NA,NA,0,NA,NA,NA,NA,NA,NA,NA
1998,F,1998-10-16,JG,3,3,86,Y,DIOR,NA,NA,0,NA,NA,NA,NA,NA,NA,NA
1998,F,1998-10-16,JG,3,3,88,Y,SPSP,NA,NA,0,NA,NA,NA,NA,NA,NA,NA
1998,F,1998-10-16,JG,3,3,94,Y,DIOR,NA,NA,0,NA,NA,NA,NA,NA,NA,NA
1998,F,1998-10-16,JG,3,3,96,Y,DIOR,NA,NA,0,NA,NA,NA,NA,NA,NA,NA
1998,F,1998-10-16,JG,3,3,101,Y,DIOR,NA,NA,0,NA,NA,NA,NA,NA,NA,NA
1998,F,1998-10-16,JG,3,3,102,N,DIOR,M,A,51,N,NA,NA,NA,NA,NA,NA
1998,F,1998-10-16,JG,3,3,105,N,DIOR,M,A,57,N,NA,NA,NA,NA,NA,NA
1998,F,1998-10-16,JG,3,3,108,N,SPSP,F,A,110,N,NA,NA,NA,NA,NA,NA
1998,F,1998-10-16,JG,3,3,111,Y,SPSP,NA,NA,0,NA,NA,NA,NA,NA,NA,NA
1998,F,1998-10-16,JG,3,3,114,NA,ONLE,NA,NA,0,NA,NA,Y,U,NA,NA,NA
1998,F,1998-10-16,JG,3,3,115,Y,DIOR,NA,NA,0,NA,NA,NA,NA,NA,NA,NA
1998,F,1998-10-16,JG,3,3,117,Y,DIOR,NA,NA,0,NA,NA,NA,NA,NA,NA,NA
1998,F,1998-10-16,JG,3,3,118,N,DIOR,M,A,52,N,NA,NA,NA,NA,NA,NA
1998,F,1998-10-16,JG,3,3,122,N,DIOR,M,A,44,N,NA,NA,NA,NA,NA,NA
1998,F,1998-10-16,JG,3,3,123,Y,DIOR,NA,NA,0,NA,NA,NA,NA,NA,NA,NA
1998,F,1998-10-16,JG,3,3,126,Y,DISP,NA,NA,0,NA,NA,NA,NA,NA,NA,NA
1998,F,1998-10-16,JG,3,3,127,Y,DIOR,NA,NA,0,NA,NA,NA,NA,NA,NA,NA
1998,F,1998-10-16,JG,3,3,128,Y,DIOR,NA,NA,0,NA,NA,NA,NA,NA,NA,NA
1998,F,1998-10-16,JG,3,3,129,Y,DIOR,NA,NA,0,NA,NA,NA,NA,NA,NA,NA
1998,F,1998-10-16,JG,3,3,130,Y,NEMI,NA,NA,0,NA,NA,NA,NA,NA,NA,NA
1998,F,1998-10-16,JG,3,3,131,Y,DIOR,NA,NA,0,NA,NA,NA,NA,NA,NA,NA
1998,F,1998-10-16,JG,3,3,132,N,SPSP,M,A,112,N,NA,NA,NA,NA,NA,NA
1998,F,1998-10-16,JG,3,3,134,Y,DISP,NA,NA,0,NA,NA,NA,NA,NA,NA,NA
1998,F,1998-10-16,JG,3,3,136,N,ONLE,M,A,31,N,NA,NA,NA,NA,NA,NA
1998,F,1998-10-16,JG,3,3,137,Y,DIOR,NA,NA,0,NA,NA,NA,NA,NA,NA,NA
1998,F,1998-10-16,JG,3,3,138,Y,ONLE,NA,NA,0,NA,NA,NA,NA,NA,NA,NA
1998,F,1998-10-16,JG,3,3,139,Y,SPSP,NA,NA,0,NA,NA,NA,NA,NA,NA,NA
1998,F,1998-10-16,JG,3,3,142,Y,DIOR,NA,NA,0,NA,NA,NA,NA,NA,NA,NA
1998,F,1998-10-16,JG,3,3,143,Y,DIOR,NA,NA,0,NA,NA,NA,NA,NA,NA,NA
1996,F,1996-10-16,JG,1,1,4,N,SPSP,NA,J,72,N,NA,NA,NA,NA,NA,NA
1996,F,1996-10-16,JG,1,1,10,N,DIOR,M,A,55,Y,S,NA,NA,NA,NA,NA
1996,F,1996-10-16,JG,1,1,11,N,SPSP,NA,J,96,N,NA,NA,NA,NA,NA,NA
1996,F,1996-10-16,JG,1,1,12,N,DIOR,M,A,56,Y,S,NA,NA,NA,NA,NA
1996,F,1996-10-16,JG,1,1,21,N,SPSP,NA,J,64,N,NA,NA,NA,NA,NA,NA
1996,F,1996-10-16,JG,1,1,22,N,DIOR,M,A,66,Y,S,NA,NA,NA,NA,NA
1996,F,1996-10-16,JG,1,1,32,N,DIOR,F,A,56,N,NA,NA,NA,NA,NA,NA
1996,F,1996-10-16,JG,1,1,34,N,SPSP,NA,NA,0,NA,NA,Y,N,NA,NA,NA
1996,F,1996-10-16,JG,1,1,46,N,DIOR,F,A,0,N,NA,Y,M,NA,NA,NA
1996,F,1996-10-16,JG,1,1,57,N,DIOR,F,A,48,N,NA,NA,NA,NA,NA,NA
1996,F,1996-10-16,JG,1,1,58,N,DISP,F,A,124,N,NA,NA,NA,NA,NA,NA
1996,F,1996-10-16,JG,1,1,60,N,PGFL,F,A,15,Y,P,NA,NA,NA,NA,NA
1996,F,1996-10-16,JG,1,1,68,N,SPSP,NA,J,73,N,NA,NA,NA,NA,NA,NA
1996,F,1996-10-16,JG,1,1,72,N,DIOR,F,A,63,Y,V,NA,NA,NA,NA,NA
1996,F,1996-10-16,JG,1,1,79,N,DIOR,F,A,33,Y,V,NA,NA,NA,NA,NA
1996,F,1996-10-16,JG,1,1,80,N,NEMI,F,A,160,N,NA,NA,NA,NA,NA,NA
1996,F,1996-10-16,JG,1,1,89,N,DIOR,F,A,65,Y,P,NA,NA,NA,NA,NA
1996,F,1996-10-16,JG,1,1,92,N,DIOR,F,A,69,Y,P,NA,NA,NA,NA,NA
1996,F,1996-10-16,JG,1,1,93,N,DIOR,M,A,56,Y,S,NA,NA,NA,NA,NA
1996,F,1996-10-16,JG,1,1,103,N,DIOR,M,A,64,Y,S,NA,NA,NA,NA,NA
1996,F,1996-10-16,JG,1,1,107,N,DIOR,F,A,57,N,NA,NA,NA,NA,NA,NA
1996,F,1996-10-16,JG,1,1,108,N,SPSP,NA,J,62,N,NA,NA,NA,NA,NA,NA
1996,F,1996-10-16,JG,1,1,114,N,SPSP,NA,J,68,N,NA,NA,NA,NA,NA,NA
1996,F,1996-10-16,JG,1,1,117,N,DIOR,F,A,55,Y,L,NA,NA,NA,NA,NA
1996,F,1996-10-16,JG,1,1,119,N,NEMI,F,A,220,Y,L,NA,NA,NA,NA,NA
1996,F,1996-10-16,JG,1,1,128,N,DISP,M,A,165,Y,S,NA,NA,NA,NA,NA
1996,F,1996-10-16,JG,1,1,130,N,DIOR,M,A,58,Y,S,NA,NA,NA,NA,NA
1996,F,1996-10-16,JG,1,1,131,N,SPSP,F,A,125,Y,L,NA,NA,NA,NA,NA
1996,F,1996-10-16,JG,1,1,132,N,DIOR,NA,J,46,N,NA,NA,NA,NA,NA,NA
1996,F,1996-10-16,JG,1,1,133,N,DISP,M,A,165,Y,S,NA,NA,NA,NA,NA
1996,F,1996-10-16,JG,1,1,136,N,DISP,NA,J,0,N,NA,Y,N,NA,NA,NA
1996,F,1996-10-16,JG,1,1,144,N,DIOR,NA,J,44,N,NA,NA,NA,NA,NA,NA
1996,F,1996-10-16,JG,1,2,5,N,SPSP,M,A,98,N,NA,NA,NA,NA,NA,NA
1996,F,1996-10-16,JG,1,2,8,N,DIOR,F,A,58,N,NA,NA,NA,NA,NA,NA
1996,F,1996-10-16,JG,1,2,10,N,DIOR,NA,NA,0,NA,NA,Y,U,NA,NA,NA
1996,F,1996-10-16,JG,1,2,11,N,DIOR,F,A,54,N,NA,NA,NA,NA,NA,NA
1996,F,1996-10-16,JG,1,2,22,N,DIOR,NA,NA,0,NA,NA,Y,U,NA,NA,NA
1996,F,1996-10-16,JG,1,2,34,N,PGFL,F,A,10,N,NA,NA,NA,NA,NA,NA
1996,F,1996-10-16,JG,1,2,35,N,DIOR,M,A,58,Y,S,NA,NA,NA,NA,NA
1996,F,1996-10-16,JG,1,2,42,N,DIOR,F,A,61,N,NA,NA,NA,NA,NA,NA
1996,F,1996-10-16,JG,1,2,46,N,DIOR,F,A,59,N,NA,NA,NA,NA,NA,NA
1996,F,1996-10-16,JG,1,2,63,N,DIOR,M,A,0,Y,S,Y,M,NA,NA,NA
1996,F,1996-10-16,JG,1,2,66,N,SPSP,NA,J,95,N,NA,NA,NA,NA,NA,NA
1996,F,1996-10-16,JG,1,2,80,N,DISP,M,A,152,Y,S,NA,NA,NA,NA,NA
1996,F,1996-10-16,JG,1,2,84,N,DIOR,F,A,56,N,NA,NA,NA,NA,NA,NA
1996,F,1996-10-16,JG,1,2,94,N,DIOR,M,A,49,Y,S,NA,NA,NA,NA,NA
1996,F,1996-10-16,JG,1,2,101,N,DIOR,F,A,57,N,NA,NA,NA,NA,NA,NA
1996,F,1996-10-16,JG,1,2,103,N,DIOR,M,A,62,Y,S,NA,NA,NA,NA,NA
1996,F,1996-10-16,JG,1,2,104,N,DIOR,F,A,66,N,NA,NA,NA,NA,NA,NA
1996,F,1996-10-16,JG,1,2,106,N,DIOR,F,A,61,N,NA,NA,NA,NA,NA,NA
1996,F,1996-10-16,JG,1,2,108,N,DIOR,M,A,54,Y,S,NA,NA,NA,NA,NA
1996,F,1996-10-16,JG,1,2,113,N,DIOR,M,A,50,Y,S,NA,NA,NA,NA,NA
1996,F,1996-10-16,JG,1,2,116,N,DIOR,NA,J,45,N,NA,NA,NA,NA,NA,NA
1996,F,1996-10-16,JG,1,2,117,N,SPSP,NA,J,62,N,NA,NA,NA,NA,NA,NA
1996,F,1996-10-16,JG,1,2,120,N,DISP,F,A,130,N,NA,NA,NA,NA,NA,NA
1996,F,1996-10-16,JG,1,2,124,N,DIOR,M,A,60,Y,S,NA,NA,NA,NA,NA
1996,F,1996-10-16,JG,1,2,128,N,DIOR,M,A,52,Y,S,NA,NA,NA,NA,NA
1996,F,1996-10-16,JG,1,2,144,N,DIOR,F,A,54,N,NA,NA,NA,NA,NA,NA
1996,F,1996-10-16,JG,1,3,19,N,SPSP,F,A,125,Y,L,NA,NA,NA,NA,NA
1996,F,1996-10-16,JG,1,3,24,N,SPSP,M,A,78,N,NA,NA,NA,NA,NA,NA
1996,F,1996-10-16,JG,1,3,34,N,DIOR,F,A,54,N,NA,NA,NA,NA,NA,NA
1996,F,1996-10-16,JG,1,3,46,N,DIOR,M,A,61,Y,S,NA,NA,NA,NA,NA
1996,F,1996-10-16,JG,1,3,48,N,DIOR,M,A,59,Y,S,NA,NA,NA,NA,NA
1996,F,1996-10-16,JG,1,3,64,N,DIOR,M,A,62,Y,S,NA,NA,NA,NA,NA
1996,F,1996-10-16,JG,1,3,69,N,PGFL,NA,NA,0,NA,NA,Y,U,NA,NA,NA
1996,F,1996-10-16,JG,1,3,71,N,DIOR,F,A,67,N,NA,NA,NA,NA,NA,NA
1996,F,1996-10-16,JG,1,3,84,N,DIOR,F,A,61,Y,L,NA,NA,NA,NA,NA
1996,F,1996-10-16,JG,1,3,93,N,DIOR,M,A,56,N,NA,NA,NA,NA,NA,NA
1996,F,1996-10-16,JG,1,3,106,N,NEMI,M,A,155,N,NA,NA,NA,NA,NA,NA
1996,F,1996-10-16,JG,1,3,107,N,SPSP,F,A,100,N,NA,NA,NA,NA,NA,NA
1996,F,1996-10-16,JG,1,3,111,N,SPSP,NA,J,91,N,NA,NA,NA,NA,NA,NA
1996,F,1996-10-16,JG,1,3,113,N,DIOR,M,A,58,Y,S,NA,NA,NA,NA,NA
1996,F,1996-10-16,JG,1,3,114,N,DISP,NA,A,0,NA,NA,Y,N,NA,NA,NA
1996,F,1996-10-16,JG,1,3,132,N,DIOR,M,A,62,Y,S,NA,NA,NA,NA,NA
1996,F,1996-10-16,JG,1,3,143,N,DIOR,M,A,58,N,NA,NA,NA,NA,NA,NA
1996,F,1996-10-16,JG,1,3,144,N,DIOR,F,A,52,N,NA,NA,NA,NA,NA,NA
1999,F,1999-10-12,JG,1,3,45,N,DIOR,M,A,66,Y,PS,NA,NA,NA,NA,NA
1999,F,1999-10-12,JG,1,3,35,N,DISP,NA,NA,0,NA,NA,Y,U,NA,NA,NA
1999,F,1999-10-12,JG,1,3,20,N,SPSP,NA,J,62,N,NA,NA,NA,NA,NA,NA
1999,F,1999-10-12,JG,1,3,23,N,SPSP,M,A,86,N,NA,NA,NA,NA,NA,NA
1999,F,1999-10-12,JG,1,3,9,N,DIOR,M,A,63,Y,PS,NA,NA,NA,NA,NA
1999,F,1999-10-12,JG,1,2,54,N,DIOR,M,A,67,Y,PS,NA,NA,NA,NA,NA
1999,F,1999-10-12,JG,1,2,58,N,SPSP,NA,J,64,N,NA,NA,NA,NA,NA,NA
1999,F,1999-10-12,JG,1,2,71,N,DIOR,F,A,64,Y,L,NA,NA,NA,NA,NA
1999,F,1999-10-12,JG,1,2,104,N,DIOR,F,A,71,Y,L,NA,NA,NA,NA,NA
1999,F,1999-10-12,JG,1,2,105,N,NEAL,F,A,152,N,NA,NA,NA,NA,NA,NA
1999,F,1999-10-12,JG,1,2,107,N,SPSP,F,A,67,N,NA,NA,NA,NA,NA,NA
1999,F,1999-10-12,JG,1,2,120,N,DIOR,F,A,67,Y,L,NA,NA,NA,NA,NA
1999,F,1999-10-12,JG,1,1,58,N,NEMI,F,A,228,N,NA,NA,NA,NA,NA,NA
1999,F,1999-10-12,JG,1,1,57,N,DIOR,M,A,62,Y,PS,NA,NA,NA,NA,NA
1999,F,1999-10-12,JG,1,1,81,N,DIOR,M,A,67,Y,PS,NA,NA,NA,NA,NA
1999,F,1999-10-12,JG,1,1,92,N,NEAL,M,A,219,N,NA,NA,NA,NA,NA,NA
1999,F,1999-10-13,JG,2,3,83,N,DISP,M,A,0,Y,S,Y,M,NA,NA,NA
1999,F,1999-10-13,JG,2,3,81,N,SPSP,NA,J,68,N,NA,NA,NA,NA,NA,NA
1999,F,1999-10-13,JG,2,3,77,N,SPSP,NA,J,71,N,NA,NA,NA,NA,NA,NA
1999,F,1999-10-13,JG,2,3,71,N,DIOR,F,A,71,Y,L;P,NA,NA,NA,NA,NA
1999,F,1999-10-13,JG,2,3,72,N,NEMI,F,A,278,N,NA,NA,NA,NA,NA,NA
1999,F,1999-10-13,JG,2,3,93,N,SPSP,NA,J,65,N,NA,NA,NA,NA,NA,NA
1999,F,1999-10-13,JG,2,2,48,N,SPSP,F,A,114,Y,L,NA,NA,NA,NA,NA
1999,F,1999-10-13,JG,2,2,46,Y,DIOR,NA,NA,0,NA,NA,NA,NA,NA,NA,NA
1999,F,1999-10-13,JG,2,2,45,Y,DIOR,NA,NA,0,NA,NA,NA,NA,NA,NA,NA
1999,F,1999-10-13,JG,2,2,54,N,DIOR,M,A,62,Y,S,NA,NA,NA,NA,NA
1999,F,1999-10-13,JG,2,2,58,N,NEAL,M,A,159,N,NA,NA,NA,NA,NA,NA
1999,F,1999-10-13,JG,2,2,66,N,SPSP,NA,J,71,N,NA,NA,NA,NA,NA,NA
1999,F,1999-10-13,JG,2,1,58,Y,DIOR,NA,NA,0,NA,NA,NA,NA,NA,NA,NA
1999,F,1999-10-13,JG,2,1,61,N,ONLE,M,A,32,Y,S,NA,NA,NA,NA,NA
1999,F,1999-10-13,JG,2,1,79,Y,DIOR,NA,NA,0,NA,NA,NA,NA,NA,NA,NA
1999,F,1999-10-13,JG,2,1,80,N,SPSP,M,A,108,Y,PS,NA,NA,NA,NA,NA
1999,F,1999-10-13,JG,2,1,67,N,DIOR,F,A,67,Y,L,NA,NA,NA,NA,NA
1999,F,1999-10-13,JG,2,1,92,Y,NEAL,NA,NA,0,NA,NA,NA,NA,NA,NA,NA
1999,F,1999-10-14,JG,3,3,81,Y,SPSP,NA,NA,0,NA,NA,NA,NA,NA,NA,NA
1999,F,1999-10-14,JG,3,3,42,N,DIOR,M,A,65,Y,S,NA,NA,NA,NA,NA
1999,F,1999-10-14,JG,3,3,69,Y,DIOR,NA,NA,0,NA,NA,NA,NA,NA,NA,NA
1999,F,1999-10-14,JG,3,3,72,N,DISP,M,A,145,N,NA,NA,NA,NA,NA,NA
1999,F,1999-10-14,JG,3,3,23,Y,SPSP,NA,NA,0,NA,NA,NA,NA,NA,NA,NA
1999,F,1999-10-14,JG,3,3,22,N,DIOR,F,A,68,Y,P,NA,NA,NA,NA,NA
1999,F,1999-10-14,JG,3,3,17,Y,SPSP,NA,NA,0,NA,NA,NA,NA,NA,NA,NA
1999,F,1999-10-14,JG,3,3,1,Y,DISP,NA,NA,0,NA,NA,NA,NA,NA,NA,NA
1999,F,1999-10-14,JG,3,2,39,N,SPSP,F,A,108,N,NA,NA,NA,NA,NA,NA
1999,F,1999-10-14,JG,3,2,45,Y,DIOR,NA,NA,0,NA,NA,NA,NA,NA,NA,NA
1999,F,1999-10-14,JG,3,2,48,Y,DISP,NA,NA,0,NA,NA,NA,NA,NA,NA,NA
1999,F,1999-10-14,JG,3,2,60,N,DIOR,F,A,68,Y,P,NA,NA,NA,NA,NA
1999,F,1999-10-14,JG,3,2,58,Y,NEAL,NA,NA,0,NA,NA,NA,NA,NA,NA,NA
1999,F,1999-10-14,JG,3,2,105,Y,NEAL,NA,NA,0,NA,NA,NA,NA,NA,NA,NA
1999,F,1999-10-14,JG,3,2,106,Y,NEAL,NA,NA,0,NA,NA,NA,NA,NA,NA,NA
1999,F,1999-10-14,JG,3,2,107,Y,SPSP,NA,NA,0,NA,NA,NA,NA,NA,NA,NA
1999,F,1999-10-14,JG,3,2,115,Y,DIOR,NA,NA,0,NA,NA,NA,NA,NA,NA,NA
1999,F,1999-10-14,JG,3,1,59,Y,DIOR,NA,NA,0,NA,NA,NA,NA,NA,NA,NA
1999,F,1999-10-14,JG,3,1,79,N,NEMI,F,A,304,N,NA,NA,NA,NA,NA,NA
1999,F,1999-10-14,JG,3,1,93,Y,DIOR,NA,NA,0,NA,NA,NA,NA,NA,NA,NA
1999,F,1999-10-14,JG,3,1,92,Y,DIOR,NA,NA,0,NA,NA,NA,NA,NA,NA,NA
1999,F,1999-10-14,JG,3,1,130,Y,DIOR,NA,NA,0,NA,NA,NA,NA,NA,NA,NA
1999,F,1999-10-14,JG,3,1,22,N,DISP,M,A,138,N,NA,NA,NA,NA,NA,NA
1999,F,1999-10-12,JG,1,3,81,N,SPSP,NA,J,71,N,NA,NA,NA,NA,NA,NA
1999,F,1999-10-12,JG,1,3,78,N,NEMI,M,A,295,N,NA,NA,NA,NA,NA,NA
1999,F,1999-10-12,JG,1,3,58,N,DIOR,NA,A,0,NA,NA,Y,U,NA,NA,NA
1999,F,1999-10-12,JG,1,3,71,N,DIOR,M,A,56,Y,S,NA,NA,NA,NA,NA
1999,F,1999-10-12,JG,1,3,138,N,DIOR,F,A,60,N,NA,NA,NA,NA,NA,NA
1999,F,1999-10-12,JG,1,2,36,N,DIOR,M,A,65,Y,S,NA,NA,NA,NA,NA
1999,F,1999-10-12,JG,1,2,19,N,NEAL,NA,A,0,NA,NA,Y,U,NA,NA,NA
1999,F,1999-10-12,JG,1,2,10,N,DIOR,F,A,58,N,NA,NA,NA,NA,NA,NA
1999,F,1999-10-12,JG,1,2,8,N,DISP,F,A,0,N,NA,Y,M,NA,NA,NA
1999,F,1999-10-12,JG,1,2,4,N,ONLE,F,A,37,N,NA,NA,NA,NA,NA,NA
1999,F,1999-10-12,JG,1,1,33,N,DISP,F,A,120,N,NA,NA,NA,NA,NA,NA
1999,F,1999-10-12,JG,1,1,133,N,DIOR,M,A,60,Y,S,NA,NA,NA,NA,NA
1999,F,1999-10-12,JG,1,1,131,N,ONLE,M,A,37,N,NA,NA,NA,NA,NA,NA
1999,F,1999-10-12,JG,1,1,127,N,DIOR,M,A,75,Y,S,NA,NA,NA,NA,NA
1999,F,1999-10-13,JG,2,3,58,Y,NEMI,NA,NA,0,NA,NA,NA,NA,NA,NA,NA
1999,F,1999-10-13,JG,2,3,46,N,DISP,M,A,106,N,NA,NA,NA,NA,NA,NA
1999,F,1999-10-13,JG,2,3,45,N,DIOR,NA,J,36,N,NA,NA,NA,NA,NA,NA
1999,F,1999-10-13,JG,2,3,23,N,SPSP,F,A,140,N,NA,NA,NA,NA,NA,NA
1999,F,1999-10-13,JG,2,3,22,N,SPSP,NA,J,80,N,NA,NA,NA,NA,NA,NA
1999,F,1999-10-13,JG,2,3,21,Y,SPSP,NA,NA,0,NA,NA,NA,NA,NA,NA,NA
1999,F,1999-10-13,JG,2,3,18,Y,DIOR,NA,NA,0,NA,NA,NA,NA,NA,NA,NA
1999,F,1999-10-13,JG,2,2,105,Y,DIOR,NA,NA,0,NA,NA,NA,NA,NA,NA,NA
1999,F,1999-10-13,JG,2,2,101,N,NEAL,F,A,205,N,NA,NA,NA,NA,NA,NA
1999,F,1999-10-13,JG,2,2,107,N,DIOR,M,A,60,N,NA,NA,NA,NA,NA,NA
1999,F,1999-10-13,JG,2,2,120,Y,DIOR,NA,NA,0,NA,NA,NA,NA,NA,NA,NA
1999,F,1999-10-13,JG,2,1,47,N,ONLE,M,A,36,N,NA,NA,NA,NA,NA,NA
1999,F,1999-10-13,JG,2,1,1,Y,DIOR,NA,NA,0,NA,NA,NA,NA,NA,NA,NA
1999,F,1999-10-13,JG,2,1,129,Y,DIOR,NA,NA,0,NA,NA,NA,NA,NA,NA,NA
1999,F,1999-10-14,JG,3,3,107,N,NEMI,NA,J,170,N,NA,NA,NA,NA,NA,NA
1999,F,1999-10-14,JG,3,3,105,Y,SPSP,NA,NA,0,NA,NA,NA,NA,NA,NA,NA
1999,F,1999-10-14,JG,3,3,131,Y,DIOR,NA,NA,0,NA,NA,NA,NA,NA,NA,NA
1999,F,1999-10-14,JG,3,3,120,N,DIOR,M,A,65,N,NA,NA,NA,NA,NA,NA
1999,F,1999-10-14,JG,3,3,117,Y,SPSP,NA,NA,0,NA,NA,NA,NA,NA,NA,NA
1999,F,1999-10-14,JG,3,2,10,Y,DIOR,NA,NA,0,NA,NA,NA,NA,NA,NA,NA
1999,F,1999-10-14,JG,3,2,131,N,DIOR,M,A,65,Y,S,NA,NA,NA,NA,NA
1999,F,1999-10-14,JG,3,2,120,Y,DIOR,NA,NA,0,NA,NA,NA,NA,NA,NA,NA
1999,F,1999-10-14,JG,3,1,4,Y,ONLE,NA,NA,0,NA,NA,NA,NA,NA,NA,NA
1999,F,1999-10-14,JG,3,1,11,N,NEAL,F,A,165,N,NA,NA,NA,NA,NA,NA
1999,F,1999-10-14,JG,3,1,144,N,DIOR,F,A,72,Y,L,NA,NA,NA,NA,NA
1999,F,1999-10-12,JG,1,3,103,N,DIOR,M,A,64,Y,PS,NA,NA,NA,NA,NA
1999,F,1999-10-12,JG,1,3,105,N,ONLE,M,A,28,N,NA,NA,NA,NA,NA,NA
1999,F,1999-10-12,JG,1,3,93,N,NEAL,NA,NA,200,NA,NA,Y,N,NA,NA,NA
1999,F,1999-10-12,JG,1,3,126,N,DIOR,F,A,58,Y,L,NA,NA,NA,NA,NA
1999,F,1999-10-12,JG,1,3,129,N,DISP,M,A,0,Y,S,Y,M,NA,NA,NA
1999,F,1999-10-12,JG,1,3,131,N,SPSP,NA,J,88,N,NA,NA,NA,NA,NA,NA
1999,F,1999-10-12,JG,1,2,47,N,SPSP,M,A,90,N,NA,NA,NA,NA,NA,NA
1999,F,1999-10-12,JG,1,2,41,NA,NA,NA,NA,0,NA,NA,Y,M,NA,NA,NA
1999,F,1999-10-13,JG,2,3,138,N,SPSP,F,A,60,N,NA,NA,NA,NA,NA,NA
1999,F,1999-10-13,JG,2,3,142,Y,DIOR,NA,NA,0,NA,NA,NA,NA,NA,NA,NA
1999,F,1999-10-13,JG,2,3,12,N,ONLE,M,A,35,Y,S,NA,NA,NA,NA,NA
1999,F,1999-10-13,JG,2,3,1,Y,DISP,NA,NA,0,NA,NA,NA,NA,NA,NA,NA
1999,F,1999-10-13,JG,2,3,123,Y,DISP,NA,NA,0,NA,NA,NA,NA,NA,NA,NA
1999,F,1999-10-13,JG,2,3,131,Y,DIOR,NA,NA,0,NA,NA,NA,NA,NA,NA,NA
1999,F,1999-10-13,JG,2,3,105,N,DIOR,F,A,59,Y,L,NA,NA,NA,NA,NA
1999,F,1999-10-13,JG,2,3,95,N,SPSP,F,A,132,Y,L,NA,NA,NA,NA,NA
1999,F,1999-10-13,JG,2,2,33,Y,DIOR,NA,NA,0,NA,NA,NA,NA,NA,NA,NA
1999,F,1999-10-13,JG,2,2,15,N,SPSP,M,A,94,N,NA,NA,NA,NA,NA,NA
1999,F,1999-10-13,JG,2,2,11,Y,DIOR,NA,NA,0,NA,NA,NA,NA,NA,NA,NA
1999,F,1999-10-13,JG,2,2,10,Y,DISP,NA,NA,0,NA,NA,NA,NA,NA,NA,NA
1999,F,1999-10-13,JG,2,2,96,N,DISP,M,A,168,Y,S,NA,NA,NA,NA,NA
1999,F,1999-10-13,JG,2,2,95,Y,DISP,NA,NA,0,NA,NA,NA,NA,NA,NA,NA
1999,F,1999-10-13,JG,2,1,32,Y,DISP,NA,NA,0,NA,NA,NA,NA,NA,NA,NA
1999,F,1999-10-13,JG,2,1,33,Y,DISP,NA,NA,0,NA,NA,NA,NA,NA,NA,NA
1999,F,1999-10-13,JG,2,1,23,N,SPSP,M,A,110,N,NA,NA,NA,NA,NA,NA
1999,F,1999-10-13,JG,2,1,16,N,DIOR,M,A,58,Y,S,NA,NA,NA,NA,NA
1999,F,1999-10-13,JG,2,1,107,N,DIOR,M,A,64,N,NA,NA,NA,NA,NA,NA
1999,F,1999-10-14,JG,3,3,95,N,DIOR,M,A,63,Y,S,NA,NA,NA,NA,NA
1999,F,1999-10-14,JG,3,3,72,N,DISP,F,A,146,Y,L,NA,NA,NA,NA,NA
1999,F,1999-10-14,JG,3,3,70,Y,DIOR,NA,NA,0,NA,NA,NA,NA,NA,NA,NA
1999,F,1999-10-14,JG,3,3,35,Y,SPSP,NA,NA,0,NA,NA,NA,NA,NA,NA,NA
1999,F,1999-10-14,JG,3,3,64,N,DIOR,NA,J,32,N,NA,NA,NA,NA,NA,NA
1999,F,1999-10-14,JG,3,3,135,N,DISP,M,A,166,Y,S,NA,NA,NA,NA,NA
1999,F,1999-10-14,JG,3,3,142,Y,DIOR,NA,NA,0,NA,NA,NA,NA,NA,NA,NA
1999,F,1999-10-14,JG,3,3,144,N,DIOR,M,A,57,Y,PS,NA,NA,NA,NA,NA
1999,F,1999-10-14,JG,3,3,23,Y,NEMI,NA,NA,0,NA,NA,NA,NA,NA,NA,NA
1999,F,1999-10-14,JG,3,3,70,N,SPSP,F,A,136,Y,L,NA,NA,NA,NA,NA
1999,F,1999-10-14,JG,3,3,71,Y,SPSP,NA,NA,0,NA,NA,NA,NA,NA,NA,NA
1999,F,1999-10-14,JG,3,3,89,Y,SPSP,NA,NA,0,NA,NA,NA,NA,NA,NA,NA
1999,F,1999-10-14,JG,3,3,90,N,DIOR,F,A,52,Y,L,NA,NA,NA,NA,NA
1999,F,1999-10-14,JG,3,3,93,Y,DISP,NA,NA,0,NA,NA,NA,NA,NA,NA,NA
1999,F,1999-10-14,JG,3,3,96,Y,DIOR,NA,NA,0,NA,NA,NA,NA,NA,NA,NA
1999,F,1999-10-14,JG,3,3,70,Y,SPSP,NA,NA,0,NA,NA,NA,NA,NA,NA,NA
1999,F,1999-10-14,JG,3,3,68,Y,DIOR,NA,NA,0,NA,NA,NA,NA,NA,NA,NA
1999,F,1999-10-14,JG,3,3,67,N,DIOR,F,A,61,Y,L,NA,NA,NA,NA,NA
1999,F,1999-10-14,JG,3,3,66,Y,DIOR,NA,NA,0,NA,NA,NA,NA,NA,NA,NA
1999,F,1999-10-14,JG,3,3,100,Y,SPSP,NA,NA,0,NA,NA,NA,NA,NA,NA,NA
1999,F,1999-10-14,JG,3,3,107,N,SPSP,NA,J,82,N,NA,NA,NA,NA,NA,NA
1999,F,1999-10-14,JG,3,3,39,Y,DIOR,NA,NA,0,NA,NA,NA,NA,NA,NA,NA
1999,F,1999-10-14,JG,3,3,117,Y,ONLE,NA,NA,0,NA,NA,NA,NA,NA,1,NA
2000,F,2000-10-23,JG,1,3,101,N,ONLE,M,A,32,N,NA,NA,NA,NA,NA,NA
2000,F,2000-10-23,JG,1,3,105,N,NEMI,F,A,218,N,NA,NA,NA,NA,NA,NA
2000,F,2000-10-23,JG,1,3,120,N,DIOR,M,A,48,N,NA,NA,NA,NA,NA,NA
2000,F,2000-10-23,JG,1,3,115,N,DIOR,NA,NA,0,NA,NA,Y,U,NA,NA,NA
2000,F,2000-10-23,JG,1,3,114,N,DIOR,F,A,51,N,NA,NA,NA,NA,NA,NA
2000,F,2000-10-23,JG,1,3,126,N,SPSP,M,A,106,N,NA,NA,NA,NA,NA,NA
2000,F,2000-10-23,JG,1,3,129,N,NEMI,M,A,215,N,NA,NA,NA,NA,NA,NA
2000,F,2000-10-23,JG,1,3,132,N,DIOR,F,A,48,N,NA,NA,NA,NA,NA,NA
2000,F,2000-10-23,JG,1,3,142,N,DIOR,M,A,54,N,NA,NA,NA,NA,NA,NA
2000,F,2000-10-23,JG,1,3,41,N,SPSP,F,A,102,N,NA,NA,NA,NA,NA,NA
2000,F,2000-10-23,JG,1,3,42,N,DIOR,NA,NA,0,NA,NA,Y,U,NA,NA,NA
2000,F,2000-10-23,JG,1,3,44,N,SPSP,F,A,122,N,NA,NA,NA,NA,NA,NA
2000,F,2000-10-23,JG,1,3,45,N,ONAR,M,A,35,N,NA,NA,NA,NA,NA,NA
2000,F,2000-10-23,JG,1,2,80,N,DIOR,F,A,52,N,NA,NA,NA,NA,NA,NA
2000,F,2000-10-23,JG,1,2,127,N,DIOR,F,A,49,N,NA,NA,NA,NA,NA,NA
2000,F,2000-10-23,JG,1,2,131,N,NEAL,M,A,196,N,NA,NA,NA,NA,NA,NA
2000,F,2000-10-23,JG,1,2,132,N,DIOR,F,A,52,N,NA,NA,NA,NA,NA,NA
2000,F,2000-10-23,JG,1,2,144,N,DIOR,M,A,51,N,NA,NA,NA,NA,NA,NA
2000,F,2000-10-23,JG,1,2,141,N,DIOR,M,A,53,N,NA,NA,NA,NA,NA,NA
2000,F,2000-10-23,JG,1,2,138,N,NEAL,NA,J,112,N,NA,NA,NA,NA,NA,NA
2000,F,2000-10-23,JG,1,2,40,N,NEAL,M,A,236,N,NA,NA,NA,NA,NA,NA
2000,F,2000-10-23,JG,1,2,41,N,ONLE,M,A,36,N,NA,NA,NA,NA,NA,NA
2000,F,2000-10-23,JG,1,2,42,N,ONLE,F,A,32,N,NA,NA,NA,NA,NA,NA
2000,F,2000-10-23,JG,1,2,43,N,DIOR,F,A,52,N,NA,NA,NA,NA,NA,NA
2000,F,2000-10-23,JG,1,2,45,N,DIOR,M,A,52,N,NA,NA,NA,NA,NA,NA
2000,F,2000-10-23,JG,1,1,69,N,DIOR,F,A,52,N,NA,NA,NA,NA,NA,NA
2000,F,2000-10-23,JG,1,1,72,N,DIOR,F,A,49,N,NA,NA,NA,NA,NA,NA
2000,F,2000-10-23,JG,1,1,83,N,DIOR,M,A,55,N,NA,NA,NA,NA,NA,NA
2000,F,2000-10-23,JG,1,1,82,N,ONLE,M,A,33,N,NA,NA,NA,NA,NA,NA
2000,F,2000-10-23,JG,1,1,80,N,NEAL,M,A,198,N,NA,NA,NA,NA,NA,NA
2000,F,2000-10-23,JG,1,1,79,N,DIOR,M,A,54,N,NA,NA,NA,NA,NA,NA
2000,F,2000-10-23,JG,1,1,144,N,DIOR,F,A,48,N,NA,NA,NA,NA,NA,NA
2000,F,2000-10-23,JG,1,1,11,N,NEAL,F,A,225,N,NA,NA,NA,NA,NA,NA
2000,F,2000-10-23,JG,1,1,10,N,DIOR,M,A,53,N,NA,NA,NA,NA,NA,NA
2000,F,2000-10-23,JG,1,1,9,N,DIOR,M,A,50,N,NA,NA,NA,NA,NA,NA
2000,F,2000-10-23,JG,1,1,4,N,DIOR,M,A,56,N,NA,NA,NA,NA,NA,NA
2000,F,2000-10-23,JG,1,1,3,N,DIOR,F,A,52,N,NA,NA,NA,NA,NA,NA
2000,F,2000-10-23,JG,1,1,29,N,NEAL,NA,J,78,N,NA,NA,NA,NA,NA,NA
2000,F,2000-10-23,JG,1,1,30,N,ONLE,F,A,35,N,NA,NA,NA,NA,NA,NA
2000,F,2000-10-24,JG,2,3,83,Y,DISP,NA,NA,0,NA,NA,NA,NA,NA,NA,NA
2000,F,2000-10-24,JG,2,3,41,Y,SPSP,NA,NA,0,NA,NA,NA,NA,NA,NA,NA
2000,F,2000-10-24,JG,2,3,46,N,SPSP,NA,J,46,N,NA,NA,NA,NA,NA,NA
2000,F,2000-10-24,JG,2,3,35,Y,DIOR,NA,NA,0,NA,NA,NA,NA,NA,NA,NA
2000,F,2000-10-24,JG,2,2,53,N,NEAL,M,A,210,N,NA,NA,NA,NA,NA,NA
2000,F,2000-10-24,JG,2,2,60,N,DIOR,F,A,51,N,NA,NA,NA,NA,97,NA
2000,F,2000-10-24,JG,2,2,69,N,DIOR,M,A,53,N,NA,NA,NA,NA,NA,NA
2000,F,2000-10-24,JG,2,2,67,N,NEAL,F,A,157,N,NA,NA,NA,NA,NA,NA
2000,F,2000-10-24,JG,2,2,66,N,SPSP,M,A,109,N,NA,NA,NA,NA,NA,NA
2000,F,2000-10-24,JG,2,1,12,Y,DIOR,NA,NA,0,NA,NA,NA,NA,NA,88,NA
2000,F,2000-10-25,JG,3,3,80,Y,DIOR,NA,NA,0,NA,NA,NA,NA,NA,NA,NA
2000,F,2000-10-25,JG,3,3,84,Y,DISP,NA,NA,0,NA,NA,NA,NA,NA,NA,NA
2000,F,2000-10-25,JG,3,3,72,Y,DIOR,NA,NA,0,NA,NA,NA,NA,NA,NA,NA
2000,F,2000-10-25,JG,3,3,71,N,SPSP,M,A,122,N,NA,NA,NA,NA,NA,NA
2000,F,2000-10-25,JG,3,3,45,Y,SPSP,NA,NA,0,NA,NA,NA,NA,NA,NA,NA
2000,F,2000-10-25,JG,3,3,44,N,DIOR,M,A,53,N,NA,NA,NA,NA,NA,NA
2000,F,2000-10-25,JG,3,3,41,Y,NEMI,NA,NA,0,NA,NA,NA,NA,NA,NA,NA
2000,F,2000-10-25,JG,3,3,34,Y,DIOR,NA,NA,0,NA,NA,NA,NA,NA,NA,NA
2000,F,2000-10-25,JG,3,3,36,Y,SPSP,NA,NA,0,NA,NA,NA,NA,NA,NA,NA
2000,F,2000-10-25,JG,3,3,24,Y,DIOR,NA,NA,0,NA,NA,NA,NA,NA,NA,NA
2000,F,2000-10-25,JG,3,3,22,Y,DIOR,NA,NA,0,NA,NA,NA,NA,NA,NA,NA
2000,F,2000-10-25,JG,3,3,21,Y,ONLE,NA,NA,0,NA,NA,NA,NA,NA,NA,NA
2000,F,2000-10-25,JG,3,3,20,Y,DIOR,NA,NA,0,NA,NA,NA,NA,NA,NA,NA
2000,F,2000-10-25,JG,3,3,15,Y,ONLE,NA,NA,0,NA,NA,NA,NA,NA,NA,NA
2000,F,2000-10-25,JG,3,3,120,Y,SPSP,NA,NA,0,NA,NA,NA,NA,NA,NA,NA
2000,F,2000-10-25,JG,3,2,58,Y,DIOR,NA,NA,0,NA,NA,NA,NA,NA,NA,NA
2000,F,2000-10-25,JG,3,2,60,N,DIOR,M,A,58,N,NA,NA,NA,NA,NA,NA
2000,F,2000-10-25,JG,3,2,66,Y,SPSP,NA,NA,0,NA,NA,NA,NA,NA,NA,NA
2000,F,2000-10-25,JG,3,2,62,N,ONLE,F,A,29,N,NA,NA,NA,NA,NA,NA
2000,F,2000-10-25,JG,3,2,101,Y,DIOR,NA,NA,0,NA,NA,NA,NA,NA,NA,NA
2000,F,2000-10-25,JG,3,2,102,N,DIOR,M,A,58,N,NA,NA,NA,NA,NA,NA
2000,F,2000-10-25,JG,3,2,104,Y,DIOR,NA,NA,0,NA,NA,NA,NA,NA,NA,NA
2000,F,2000-10-25,JG,3,2,108,Y,DIOR,NA,NA,0,NA,NA,NA,NA,NA,NA,NA
2000,F,2000-10-25,JG,3,2,117,Y,DIOR,NA,NA,0,NA,NA,NA,NA,NA,NA,NA
2000,F,2000-10-25,JG,3,2,116,N,DIOR,F,A,49,N,NA,NA,NA,NA,NA,NA
2000,F,2000-10-25,JG,3,1,145,Y,DIOR,NA,NA,0,NA,NA,NA,NA,NA,1,NA
2000,F,2000-10-25,JG,3,1,77,Y,DIOR,NA,NA,0,NA,NA,NA,NA,NA,NA,NA
2000,F,2000-10-25,JG,3,1,79,Y,DIOR,NA,NA,0,NA,NA,NA,NA,NA,NA,NA
2000,F,2000-10-25,JG,3,1,80,Y,NEAL,NA,NA,0,NA,NA,NA,NA,NA,NA,NA
2000,F,2000-10-25,JG,3,1,96,N,DIOR,F,A,54,N,NA,NA,NA,NA,NA,NA
2000,F,2000-10-25,JG,3,1,93,Y,DIOR,NA,NA,0,NA,NA,NA,NA,NA,NA,NA
2000,F,2000-10-25,JG,3,1,92,Y,DIOR,NA,NA,0,NA,NA,NA,NA,NA,NA,NA
2000,F,2000-10-25,JG,3,1,6,Y,NEAL,NA,NA,0,NA,NA,NA,NA,NA,NA,NA
2000,F,2000-10-25,JG,3,1,10,N,DIOR,F,A,54,N,NA,NA,NA,NA,NA,NA
2000,F,2000-10-25,JG,3,1,11,Y,NEAL,NA,NA,0,NA,NA,NA,NA,NA,NA,NA
2000,F,2000-10-25,JG,3,1,12,Y,DIOR,NA,NA,0,NA,NA,NA,NA,NA,NA,NA
2000,F,2000-10-25,JG,3,1,24,N,SPSP,M,A,86,N,NA,NA,NA,NA,NA,NA
2000,F,2000-10-25,JG,3,1,23,Y,DIOR,NA,NA,0,NA,NA,NA,NA,NA,NA,NA
2000,F,2000-10-23,JG,1,3,17,N,ONLE,M,A,31,N,NA,NA,NA,NA,NA,NA
2000,F,2000-10-23,JG,1,3,21,N,DIOR,M,A,51,N,NA,NA,NA,NA,NA,NA
2000,F,2000-10-23,JG,1,3,23,N,DIOR,M,A,44,N,NA,NA,NA,NA,NA,NA
2000,F,2000-10-23,JG,1,3,24,N,DIOR,M,A,52,N,NA,NA,NA,NA,NA,NA
2000,F,2000-10-23,JG,1,3,30,N,NEMI,NA,NA,0,NA,NA,Y,U,NA,NA,NA
2000,F,2000-10-23,JG,1,3,8,N,DIOR,M,A,45,N,NA,NA,NA,NA,NA,NA
2000,F,2000-10-23,JG,1,3,11,N,ONLE,M,A,30,N,NA,NA,NA,NA,NA,NA
2000,F,2000-10-23,JG,1,3,12,N,DIOR,F,A,54,N,NA,NA,NA,NA,NA,NA
2000,F,2000-10-23,JG,1,2,112,N,NEAL,NA,J,112,N,NA,NA,NA,NA,NA,NA
2000,F,2000-10-23,JG,1,2,113,N,NEAL,NA,J,95,N,NA,NA,NA,NA,NA,NA
2000,F,2000-10-23,JG,1,2,119,N,DIOR,M,A,52,N,NA,NA,NA,NA,NA,NA
2000,F,2000-10-23,JG,1,2,16,N,DIOR,M,A,53,N,NA,NA,NA,NA,NA,NA
2000,F,2000-10-23,JG,1,2,20,N,NEAL,M,A,250,N,NA,NA,NA,NA,NA,NA
2000,F,2000-10-23,JG,1,2,21,N,DIOR,M,A,50,N,NA,NA,NA,NA,NA,NA
2000,F,2000-10-23,JG,1,2,23,N,DIOR,M,A,58,Y,PS,NA,NA,NA,NA,NA
2000,F,2000-10-23,JG,1,2,10,N,DIOR,M,A,51,N,NA,NA,NA,NA,NA,NA
2000,F,2000-10-23,JG,1,1,97,N,ONLE,M,A,16,N,NA,NA,NA,NA,NA,NA
2000,F,2000-10-23,JG,1,1,102,N,DIOR,M,A,62,Y,S,NA,NA,NA,NA,NA
2000,F,2000-10-23,JG,1,1,93,N,DIOR,F,A,54,N,NA,NA,NA,NA,NA,NA
2000,F,2000-10-23,JG,1,1,42,N,DIOR,F,A,52,N,NA,NA,NA,NA,NA,NA
2000,F,2000-10-23,JG,1,1,47,N,DIOR,M,A,51,Y,S,NA,NA,NA,NA,NA
2000,F,2000-10-24,JG,2,3,108,N,NEAL,F,A,160,N,NA,NA,NA,NA,NA,NA
2000,F,2000-10-24,JG,2,3,65,N,DIOR,M,A,50,N,NA,NA,NA,NA,83,NA
2000,F,2000-10-24,JG,2,3,66,Y,DIOR,NA,NA,0,NA,NA,NA,NA,NA,NA,NA
2000,F,2000-10-24,JG,2,3,11,Y,DIOR,NA,NA,0,NA,NA,NA,NA,NA,NA,NA
2000,F,2000-10-24,JG,2,3,52,Y,DISP,NA,NA,0,NA,NA,NA,NA,NA,NA,NA
2000,F,2000-10-24,JG,2,2,29,Y,DIOR,NA,NA,0,NA,NA,NA,NA,NA,NA,NA
2000,F,2000-10-24,JG,2,2,22,N,DIOR,F,A,64,N,NA,NA,NA,NA,NA,NA
2000,F,2000-10-24,JG,2,2,15,Y,DIOR,NA,NA,0,NA,NA,NA,NA,NA,NA,NA
2000,F,2000-10-24,JG,2,2,14,Y,DIOR,NA,NA,0,NA,NA,NA,NA,NA,NA,NA
2000,F,2000-10-24,JG,2,2,131,N,ONLE,M,A,35,N,NA,NA,NA,NA,NA,NA
2000,F,2000-10-24,JG,2,2,141,Y,DIOR,NA,NA,0,NA,NA,NA,NA,NA,NA,NA
2000,F,2000-10-24,JG,2,1,58,Y,SPSP,NA,NA,0,NA,NA,NA,NA,NA,NA,NA
2000,F,2000-10-24,JG,2,1,123,Y,DIOR,NA,NA,0,NA,NA,NA,NA,NA,NA,NA
2000,F,2000-10-24,JG,2,1,124,Y,DIOR,NA,NA,0,NA,NA,NA,NA,NA,NA,NA
2000,F,2000-10-24,JG,2,1,106,Y,DIOR,NA,NA,0,NA,NA,NA,NA,NA,NA,NA
2000,F,2000-10-24,JG,2,1,132,Y,DIOR,NA,NA,0,NA,NA,NA,NA,NA,NA,NA
2000,F,2000-10-24,JG,2,1,112,Y,DIOR,NA,NA,0,NA,NA,NA,NA,NA,NA,NA
2000,F,2000-10-25,JG,3,3,137,N,ONLE,NA,NA,0,NA,NA,Y,U,NA,NA,NA
2000,F,2000-10-25,JG,3,3,140,Y,DIOR,NA,NA,0,NA,NA,NA,NA,NA,NA,NA
2000,F,2000-10-25,JG,3,2,16,Y,NEAL,NA,NA,0,NA,NA,NA,NA,NA,NA,NA
2000,F,2000-10-25,JG,3,2,17,Y,DIOR,NA,NA,0,NA,NA,NA,NA,NA,NA,NA
2000,F,2000-10-25,JG,3,2,18,N,SPSP,M,A,82,N,NA,NA,NA,NA,NA,NA
2000,F,2000-10-25,JG,3,2,23,Y,DIOR,NA,NA,0,NA,NA,NA,NA,NA,NA,NA
2000,F,2000-10-25,JG,3,2,8,Y,DIOR,NA,NA,0,NA,NA,NA,NA,NA,NA,NA
2000,F,2000-10-25,JG,3,2,133,Y,NEAL,NA,NA,0,NA,NA,NA,NA,NA,NA,NA
2000,F,2000-10-25,JG,3,2,135,Y,DIOR,NA,NA,0,NA,NA,NA,NA,NA,NA,NA
2000,F,2000-10-25,JG,3,2,138,Y,NEAL,NA,NA,0,NA,NA,NA,NA,NA,NA,NA
2000,F,2000-10-25,JG,3,2,141,Y,DIOR,NA,NA,0,NA,NA,NA,NA,NA,NA,NA
2000,F,2000-10-25,JG,3,2,144,Y,DIOR,NA,NA,0,NA,NA,NA,NA,NA,NA,NA
2000,F,2000-10-25,JG,3,2,114,N,DISP,M,A,140,N,NA,NA,NA,NA,NA,NA
2000,F,2000-10-25,JG,3,1,49,N,ONLE,M,A,38,N,NA,NA,NA,NA,NA,NA
2000,F,2000-10-25,JG,3,1,51,N,ONLE,F,A,36,N,NA,NA,NA,NA,NA,NA
2000,F,2000-10-25,JG,3,1,54,Y,DISP,NA,NA,0,NA,NA,NA,NA,NA,NA,NA
2000,F,2000-10-25,JG,3,1,56,Y,ONLE,NA,NA,0,NA,NA,NA,NA,NA,NA,NA
2000,F,2000-10-25,JG,3,1,57,Y,SPSP,NA,NA,0,NA,NA,NA,NA,NA,NA,NA
2000,F,2000-10-25,JG,3,1,25,N,ONLE,M,A,29,N,NA,NA,NA,NA,NA,NA
2000,F,2000-10-25,JG,3,1,29,Y,DIOR,NA,NA,0,NA,NA,NA,NA,NA,NA,NA
2000,F,2000-10-25,JG,3,1,30,Y,ONLE,NA,NA,0,NA,NA,NA,NA,NA,NA,NA
2000,F,2000-10-25,JG,3,1,33,Y,DIOR,NA,NA,0,NA,NA,NA,NA,NA,NA,NA
2000,F,2000-10-25,JG,3,1,35,Y,DISP,NA,NA,0,NA,NA,NA,NA,NA,NA,NA
2000,F,2000-10-23,JG,1,3,94,N,DIOR,M,A,61,N,NA,NA,NA,NA,NA,NA
2000,F,2000-10-23,JG,1,3,65,N,ONLE,M,A,41,N,NA,NA,NA,NA,NA,NA
2000,F,2000-10-23,JG,1,3,69,N,DIOR,F,A,59,N,NA,NA,NA,NA,NA,NA
2000,F,2000-10-23,JG,1,3,70,N,SPSP,M,A,118,N,NA,N,N,NA,NA,NA
2000,F,2000-10-23,JG,1,3,71,N,ONLE,M,A,45,N,NA,NA,NA,NA,NA,NA
2000,F,2000-10-23,JG,1,3,84,N,DISP,M,A,136,Y,S,NA,NA,NA,NA,NA
2000,F,2000-10-23,JG,1,3,83,N,DIOR,M,A,47,N,NA,NA,NA,NA,NA,NA
2000,F,2000-10-23,JG,1,3,73,N,DISP,F,A,124,Y,L,NA,NA,NA,NA,NA
2000,F,2000-10-23,JG,1,3,57,N,DIOR,F,A,59,N,NA,NA,NA,NA,NA,NA
2000,F,2000-10-23,JG,1,2,89,N,DIOR,M,A,65,N,NA,NA,NA,NA,NA,NA
2000,F,2000-10-23,JG,1,2,90,N,DIOR,M,A,57,N,NA,NA,NA,NA,NA,NA
2000,F,2000-10-23,JG,1,2,92,N,DIOR,M,A,58,N,NA,NA,NA,NA,NA,NA
2000,F,2000-10-23,JG,1,2,93,N,DIOR,M,A,60,N,NA,NA,NA,NA,NA,NA
2000,F,2000-10-23,JG,1,2,104,N,DIOR,M,A,54,N,NA,NA,NA,NA,NA,NA
2000,F,2000-10-23,JG,1,2,30,N,DIOR,M,A,59,N,NA,NA,NA,NA,NA,NA
2000,F,2000-10-23,JG,1,2,35,N,NEMI,NA,J,90,N,NA,NA,NA,NA,NA,NA
2000,F,2000-10-23,JG,1,2,46,N,DIOR,M,A,55,Y,S,NA,NA,NA,NA,NA
2000,F,2000-10-23,JG,1,2,9,N,DISP,NA,NA,0,NA,NA,Y,N,NA,NA,NA
2000,F,2000-10-23,JG,1,1,58,N,SPSP,M,A,106,N,NA,NA,NA,NA,NA,NA
2000,F,2000-10-23,JG,1,1,57,N,DIOR,F,A,58,N,NA,NA,NA,NA,NA,NA
2000,F,2000-10-23,JG,1,1,56,N,ONLE,F,A,50,N,NA,NA,NA,NA,NA,NA
2000,F,2000-10-23,JG,1,1,54,N,DIOR,M,A,59,N,NA,NA,NA,NA,NA,NA
2000,F,2000-10-23,JG,1,1,127,N,ONLE,M,A,34,N,NA,NA,NA,NA,NA,NA
2000,F,2000-10-23,JG,1,1,128,N,DIOR,F,A,60,N,NA,NA,NA,NA,NA,NA
2000,F,2000-10-23,JG,1,1,130,N,DIOR,M,A,60,N,NA,NA,NA,NA,NA,NA
2000,F,2000-10-23,JG,1,1,119,N,DIOR,M,A,50,N,NA,NA,NA,NA,NA,NA
2000,F,2000-10-23,JG,1,1,21,N,DIOR,M,A,68,N,NA,NA,NA,NA,NA,NA
2000,F,2000-10-23,JG,1,1,24,N,DIOR,F,A,55,N,NA,NA,NA,NA,NA,NA
2000,F,2000-10-23,JG,1,1,35,N,DISP,F,A,118,N,NA,NA,NA,NA,NA,NA
2000,F,2000-10-23,JG,1,1,33,N,DISP,M,A,130,N,NA,NA,NA,NA,NA,NA
2000,F,2000-10-23,JG,1,1,32,N,DIOR,M,A,61,N,NA,NA,NA,NA,NA,NA
2000,F,2000-10-24,JG,2,3,113,Y,DIOR,NA,NA,0,NA,NA,NA,NA,NA,NA,NA
2000,F,2000-10-24,JG,2,3,132,Y,DIOR,NA,NA,0,NA,NA,NA,NA,NA,NA,NA
2000,F,2000-10-24,JG,2,3,129,Y,NEAL,NA,NA,0,NA,NA,NA,NA,NA,NA,NA
2000,F,2000-10-24,JG,2,3,128,Y,DIOR,NA,NA,0,NA,NA,NA,NA,NA,NA,NA
2000,F,2000-10-24,JG,2,3,14,Y,SPSP,NA,NA,0,NA,NA,NA,NA,NA,NA,NA
2000,F,2000-10-24,JG,2,3,23,Y,DIOR,NA,NA,0,NA,NA,NA,NA,NA,NA,NA
2000,F,2000-10-24,JG,2,3,10,Y,ONLE,NA,NA,0,NA,NA,NA,NA,NA,NA,NA
2000,F,2000-10-24,JG,2,2,96,Y,DIOR,NA,NA,0,NA,NA,NA,NA,NA,NA,NA
2000,F,2000-10-24,JG,2,2,93,N,SPSP,M,A,108,NA,NA,Y,M,NA,NA,NA
2000,F,2000-10-24,JG,2,2,91,Y,DIOR,NA,NA,0,NA,NA,NA,NA,NA,NA,NA
2000,F,2000-10-24,JG,2,2,107,N,DIOR,M,A,57,N,NA,NA,NA,NA,NA,NA
2000,F,2000-10-24,JG,2,2,102,Y,DIOR,NA,NA,0,NA,NA,NA,NA,NA,NA,NA
2000,F,2000-10-24,JG,2,1,80,Y,NEAL,NA,NA,0,NA,NA,NA,NA,NA,NA,NA
2000,F,2000-10-24,JG,2,1,42,Y,DIOR,NA,NA,0,NA,NA,NA,NA,NA,NA,NA
2000,F,2000-10-24,JG,2,1,47,Y,DIOR,NA,NA,0,NA,NA,NA,NA,NA,NA,NA
2000,F,2000-10-24,JG,2,1,25,Y,ONLE,NA,NA,0,NA,NA,NA,NA,NA,NA,NA
2000,F,2000-10-25,JG,3,3,88,Y,ONLE,NA,NA,0,NA,NA,NA,NA,NA,NA,NA
2000,F,2000-10-25,JG,3,3,90,Y,DIOR,NA,NA,0,NA,NA,NA,NA,NA,NA,NA
2000,F,2000-10-25,JG,3,3,95,N,NEMI,NA,J,100,N,NA,NA,NA,NA,2,NA
2000,F,2000-10-25,JG,3,3,107,N,DIOR,M,A,57,N,NA,NA,NA,NA,NA,NA
2000,F,2000-10-25,JG,3,3,102,N,DIOR,M,A,55,N,NA,NA,NA,NA,NA,NA
2000,F,2000-10-25,JG,3,2,47,N,DIOR,M,A,60,N,NA,NA,NA,NA,NA,NA
2000,F,2000-10-25,JG,3,2,46,Y,DIOR,NA,NA,0,NA,NA,NA,NA,NA,NA,NA
2000,F,2000-10-25,JG,3,2,45,N,DIOR,F,A,58,N,NA,NA,NA,NA,NA,NA
2000,F,2000-10-25,JG,3,2,44,Y,NEAL,NA,NA,0,NA,NA,NA,NA,NA,NA,NA
2000,F,2000-10-25,JG,3,2,41,Y,NEAL,NA,NA,0,NA,NA,NA,NA,NA,NA,NA
2000,F,2000-10-25,JG,3,2,40,Y,DIOR,NA,NA,0,NA,NA,NA,NA,NA,4,NA
2000,F,2000-10-25,JG,3,2,96,Y,DIOR,NA,NA,0,NA,NA,NA,NA,NA,NA,NA
2000,F,2000-10-25,JG,3,2,93,Y,SPSP,NA,NA,0,NA,NA,NA,NA,NA,NA,NA
2000,F,2000-10-25,JG,3,2,92,Y,DIOR,NA,NA,0,NA,NA,NA,NA,NA,NA,NA
2000,F,2000-10-25,JG,3,2,131,Y,DIOR,NA,NA,0,NA,NA,NA,NA,NA,NA,NA
2000,F,2000-10-25,JG,3,2,132,Y,DIOR,NA,NA,0,NA,NA,NA,NA,NA,NA,NA
2000,F,2000-10-25,JG,3,2,113,Y,NEAL,NA,NA,0,NA,NA,NA,NA,NA,NA,NA
2000,F,2000-10-25,JG,3,1,107,Y,DIOR,NA,NA,0,NA,NA,NA,NA,NA,NA,NA
2000,F,2000-10-25,JG,3,1,112,Y,DIOR,NA,NA,0,NA,NA,NA,NA,NA,NA,NA
2000,F,2000-10-25,JG,3,1,109,N,DIOR,M,A,65,N,NA,NA,NA,NA,NA,NA
2000,F,2000-10-25,JG,3,1,124,Y,ONLE,NA,NA,0,NA,NA,NA,NA,NA,NA,NA
2000,F,2000-10-25,JG,3,1,126,Y,DIOR,NA,NA,0,NA,NA,NA,NA,NA,NA,NA
2000,F,2000-10-25,JG,3,1,128,N,ONLE,M,A,31,N,NA,NA,NA,NA,NA,NA
2000,F,2000-10-25,JG,3,1,131,Y,DIOR,NA,NA,0,NA,NA,NA,NA,NA,NA,NA
2000,F,2000-10-25,JG,3,1,144,Y,DIOR,NA,NA,0,NA,NA,NA,NA,NA,NA,NA
2000,F,2000-10-25,JG,3,1,140,Y,DIOR,NA,NA,0,NA,NA,NA,NA,NA,NA,NA
2001,F,2001-10-16,JG,1,3,66,N,DIOR,M,A,56,Y,PS,NA,NA,NA,NA,NA
2001,F,2001-10-16,JG,1,3,70,N,DIOR,F,A,54,N,NA,NA,NA,NA,NA,NA
2001,F,2001-10-16,JG,1,3,83,N,DISP,M,A,152,Y,PS,NA,NA,NA,NA,NA
2001,F,2001-10-16,JG,1,3,82,N,DISP,M,A,0,Y,PS,Y,M,NA,NA,NA
2001,F,2001-10-16,JG,1,3,81,N,DIOR,M,A,57,Y,PS,NA,NA,NA,NA,NA
2001,F,2001-10-16,JG,1,3,95,N,DIOR,M,A,61,Y,PS,NA,NA,NA,NA,NA
2001,F,2001-10-16,JG,1,3,96,N,DIOR,F,A,70,N,NA,NA,NA,NA,NA,NA
2001,F,2001-10-16,JG,1,3,108,N,DIOR,M,A,63,Y,PS,NA,NA,NA,NA,NA
2001,F,2001-10-16,JG,1,3,107,N,DIOR,F,A,53,N,NA,NA,NA,NA,NA,NA
2001,F,2001-10-16,JG,1,3,99,N,DIOR,M,A,47,Y,PS,NA,NA,NA,NA,NA
2001,F,2001-10-16,JG,1,3,118,N,DIOR,M,A,67,Y,PS,NA,NA,NA,NA,NA
2001,F,2001-10-16,JG,1,3,120,N,DIOR,F,A,64,N,NA,NA,NA,NA,NA,NA
2001,F,2001-10-16,JG,1,3,131,N,DIOR,F,A,63,N,NA,NA,NA,NA,NA,NA
2001,F,2001-10-16,JG,1,3,128,N,DIOR,M,A,60,Y,PS,NA,NA,NA,NA,NA
2001,F,2001-10-16,JG,1,3,127,N,DIOR,M,A,62,Y,PS,NA,NA,NA,NA,NA
2001,F,2001-10-16,JG,1,2,48,N,DIOR,M,A,61,Y,S,NA,NA,NA,NA,NA
2001,F,2001-10-16,JG,1,2,46,N,DIOR,F,A,60,N,NA,NA,NA,NA,NA,NA
2001,F,2001-10-16,JG,1,2,42,N,DIOR,M,A,64,Y,S,NA,NA,NA,NA,NA
2001,F,2001-10-16,JG,1,2,50,N,DIOR,F,A,68,N,NA,NA,NA,NA,NA,NA
2001,F,2001-10-16,JG,1,2,55,N,DIOR,F,A,65,N,NA,NA,NA,NA,NA,NA
2001,F,2001-10-16,JG,1,2,72,N,DIOR,M,A,71,N,NA,NA,NA,NA,NA,NA
2001,F,2001-10-16,JG,1,2,69,N,NEAL,M,A,102,N,NA,NA,NA,NA,NA,NA
2001,F,2001-10-16,JG,1,2,66,N,NEMI,M,A,110,N,NA,NA,NA,NA,NA,NA
2001,F,2001-10-16,JG,1,2,65,N,DIOR,M,A,46,N,NA,NA,NA,NA,NA,NA
2001,F,2001-10-16,JG,1,2,81,N,DIOR,M,A,61,N,NA,NA,NA,NA,NA,NA
2001,F,2001-10-16,JG,1,2,96,N,DIOR,F,A,63,N,NA,NA,NA,NA,NA,NA
2001,F,2001-10-16,JG,1,2,94,N,DIOR,M,A,64,Y,S,NA,NA,NA,NA,NA
2001,F,2001-10-16,JG,1,2,93,N,DIOR,M,A,56,Y,PS,NA,NA,NA,NA,NA
2001,F,2001-10-16,JG,1,2,91,N,DIOR,M,A,62,Y,PS,NA,NA,NA,NA,NA
2001,F,2001-10-16,JG,1,2,40,N,DIOR,M,A,53,N,NA,NA,NA,NA,NA,NA
2001,F,2001-10-16,JG,1,2,41,N,DIOR,M,A,68,Y,S,NA,NA,NA,NA,NA
2001,F,2001-10-16,JG,1,1,127,N,DIOR,M,A,59,Y,PS,NA,NA,NA,NA,NA
2001,F,2001-10-16,JG,1,1,128,N,NEAL,M,A,160,N,NA,NA,NA,NA,NA,NA
2001,F,2001-10-16,JG,1,1,130,N,DIOR,M,A,61,Y,S,NA,NA,NA,NA,NA
2001,F,2001-10-16,JG,1,1,131,N,DIOR,F,A,65,N,NA,NA,NA,NA,NA,NA
2001,F,2001-10-16,JG,1,1,132,N,NEAL,M,A,184,N,NA,NA,NA,NA,NA,NA
2001,F,2001-10-16,JG,1,1,143,N,DIOR,F,A,55,N,NA,NA,NA,NA,NA,NA
2001,F,2001-10-16,JG,1,1,4,N,DIOR,F,A,51,N,NA,NA,NA,NA,NA,NA
2001,F,2001-10-16,JG,1,1,5,N,DIOR,M,A,63,Y,S,NA,NA,NA,NA,NA
2001,F,2001-10-16,JG,1,1,10,N,DIOR,M,A,58,Y,S,NA,NA,NA,NA,NA
2001,F,2001-10-16,JG,1,1,11,N,DIOR,M,A,64,Y,S,NA,NA,NA,NA,NA
2001,F,2001-10-16,JG,1,1,22,N,DIOR,M,A,72,Y,PS,NA,NA,NA,NA,NA
2001,F,2001-10-16,JG,1,1,16,N,DIOR,F,A,58,N,NA,NA,NA,NA,NA,NA
2001,F,2001-10-17,JG,2,3,95,Y,DIOR,NA,NA,0,NA,NA,NA,NA,NA,NA,NA
2001,F,2001-10-17,JG,2,3,93,Y,DIOR,NA,NA,0,NA,NA,NA,NA,NA,NA,NA
2001,F,2001-10-17,JG,2,3,128,N,DIOR,M,A,63,Y,PS,NA,NA,NA,NA,NA
2001,F,2001-10-17,JG,2,3,129,Y,DIOR,NA,NA,0,NA,NA,NA,NA,NA,NA,NA
2001,F,2001-10-17,JG,2,3,131,Y,DIOR,NA,NA,0,NA,NA,NA,NA,NA,NA,NA
2001,F,2001-10-17,JG,2,3,144,N,ONLE,F,A,35,N,NA,NA,NA,NA,NA,NA
2001,F,2001-10-17,JG,2,3,143,N,NEAL,M,A,132,N,NA,NA,NA,NA,NA,NA
2001,F,2001-10-17,JG,2,3,142,N,DIOR,F,A,60,N,NA,NA,NA,NA,NA,NA
2001,F,2001-10-17,JG,2,3,140,N,ONLE,M,A,32,N,NA,NA,NA,NA,NA,NA
2001,F,2001-10-17,JG,2,3,137,Y,DIOR,NA,NA,0,NA,NA,NA,NA,NA,NA,NA
2001,F,2001-10-17,JG,2,3,135,N,NEMI,NA,J,112,N,NA,NA,NA,NA,NA,NA
2001,F,2001-10-17,JG,2,3,32,N,DIOR,F,A,69,N,NA,NA,NA,NA,NA,NA
2001,F,2001-10-17,JG,2,3,36,N,SPSP,M,A,80,N,NA,NA,NA,NA,NA,NA
2001,F,2001-10-17,JG,2,3,42,Y,DISP,NA,NA,0,NA,NA,NA,NA,NA,NA,NA
2001,F,2001-10-17,JG,2,3,38,N,DISP,F,A,137,N,NA,NA,NA,NA,NA,NA
2001,F,2001-10-17,JG,2,2,16,N,DIOR,F,A,54,Y,V,NA,NA,NA,NA,NA
2001,F,2001-10-17,JG,2,2,57,N,DIOR,M,A,60,Y,PS,NA,NA,NA,NA,NA
2001,F,2001-10-17,JG,2,2,53,N,DIOR,M,A,68,Y,S,NA,NA,NA,NA,NA
2001,F,2001-10-17,JG,2,2,39,Y,DIOR,NA,NA,0,NA,NA,NA,NA,NA,NA,NA
2001,F,2001-10-17,JG,2,2,44,N,DIOR,M,A,45,N,NA,NA,NA,NA,NA,NA
2001,F,2001-10-17,JG,2,2,45,Y,DIOR,NA,NA,0,NA,NA,NA,NA,NA,NA,NA
2001,F,2001-10-17,JG,2,2,47,N,DISP,M,A,132,Y,S,NA,NA,NA,NA,NA
2001,F,2001-10-17,JG,2,2,48,Y,DIOR,NA,NA,0,NA,NA,NA,NA,NA,NA,NA
2001,F,2001-10-17,JG,2,2,36,Y,DIOR,NA,NA,0,NA,NA,NA,NA,NA,NA,NA
2001,F,2001-10-17,JG,2,2,35,N,SPSP,M,A,81,N,NA,NA,NA,NA,NA,NA
2001,F,2001-10-17,JG,2,2,34,Y,DIOR,NA,NA,0,NA,NA,NA,NA,NA,NA,NA
2001,F,2001-10-17,JG,2,2,32,Y,DIOR,NA,NA,0,NA,NA,NA,NA,NA,NA,NA
2001,F,2001-10-17,JG,2,2,111,Y,DIOR,NA,NA,0,NA,NA,NA,NA,NA,NA,NA
2001,F,2001-10-17,JG,2,2,112,Y,DIOR,NA,NA,0,NA,NA,NA,NA,NA,NA,NA
2001,F,2001-10-17,JG,2,2,113,N,DIOR,F,A,73,N,NA,NA,NA,NA,NA,NA
2001,F,2001-10-17,JG,2,2,115,Y,DIOR,NA,NA,0,NA,NA,NA,NA,NA,NA,NA
2001,F,2001-10-17,JG,2,2,119,N,DIOR,F,A,58,N,NA,NA,NA,NA,NA,NA
2001,F,2001-10-17,JG,2,2,120,Y,DIOR,NA,NA,0,NA,NA,NA,NA,NA,NA,NA
2001,F,2001-10-17,JG,2,2,131,Y,DIOR,NA,NA,0,NA,NA,NA,NA,NA,NA,NA
2001,F,2001-10-17,JG,2,2,130,N,DIOR,F,A,56,N,NA,NA,NA,NA,NA,NA
2001,F,2001-10-17,JG,2,2,129,Y,DIOR,NA,NA,0,NA,NA,NA,NA,NA,NA,NA
2001,F,2001-10-17,JG,2,1,72,Y,DIOR,NA,NA,0,NA,NA,NA,NA,NA,NA,NA
2001,F,2001-10-17,JG,2,1,71,Y,SPSP,NA,NA,0,NA,NA,NA,NA,NA,NA,NA
2001,F,2001-10-17,JG,2,1,70,N,NEAL,F,A,142,N,NA,NA,NA,NA,NA,NA
2001,F,2001-10-17,JG,2,1,69,N,DIOR,M,A,0,Y,S,Y,M,NA,NA,NA
2001,F,2001-10-17,JG,2,1,68,N,DIOR,M,A,55,Y,S,NA,NA,NA,NA,NA
2001,F,2001-10-17,JG,2,1,67,N,DISP,M,A,144,Y,S,NA,NA,NA,NA,NA
2001,F,2001-10-17,JG,2,1,66,N,DIOR,F,A,60,N,NA,NA,NA,NA,NA,NA
2001,F,2001-10-17,JG,2,1,115,Y,DIOR,NA,NA,0,NA,NA,NA,NA,NA,NA,NA
2001,F,2001-10-17,JG,2,1,116,Y,DIOR,NA,NA,0,NA,NA,NA,NA,NA,NA,NA
2001,F,2001-10-17,JG,2,1,120,N,SPSP,M,A,118,N,NA,NA,NA,NA,NA,NA
2001,F,2001-10-17,JG,2,1,122,Y,DIOR,NA,NA,0,NA,NA,NA,NA,NA,NA,NA
2001,F,2001-10-17,JG,2,1,131,Y,DIOR,NA,NA,0,NA,NA,NA,NA,NA,NA,NA
2001,F,2001-10-17,JG,2,1,130,N,DIOR,F,A,70,N,NA,NA,NA,NA,NA,NA
2001,F,2001-10-17,JG,2,1,128,N,DIOR,F,A,50,N,NA,NA,NA,NA,NA,NA
2001,F,2001-10-17,JG,2,1,125,N,DIOR,M,A,56,Y,PS,NA,NA,NA,NA,NA
2001,F,2001-10-17,JG,2,1,123,N,DIOR,NA,J,33,N,NA,NA,NA,NA,NA,NA
2001,F,2001-10-17,JG,2,1,20,Y,DIOR,NA,NA,0,NA,NA,NA,NA,NA,NA,NA
2001,F,2001-10-17,JG,2,1,22,Y,DIOR,NA,NA,0,NA,NA,NA,NA,NA,NA,NA
2001,F,2001-10-17,JG,2,1,23,N,DIOR,M,A,65,Y,S,NA,NA,NA,NA,NA
2001,F,2001-10-18,JG,3,3,95,Y,DIOR,NA,NA,0,NA,NA,NA,NA,NA,NA,NA
2001,F,2001-10-18,JG,3,3,88,N,DIOR,M,A,65,Y,PS,NA,NA,NA,NA,NA
2001,F,2001-10-18,JG,3,3,61,N,DIOR,M,A,45,N,NA,NA,NA,NA,NA,NA
2001,F,2001-10-18,JG,3,3,65,Y,DIOR,NA,NA,0,NA,NA,NA,NA,NA,NA,NA
2001,F,2001-10-18,JG,3,3,70,Y,DIOR,NA,NA,0,NA,NA,NA,NA,NA,NA,NA
2001,F,2001-10-18,JG,3,3,83,Y,DISP,NA,NA,0,NA,NA,NA,NA,NA,NA,NA
2001,F,2001-10-18,JG,3,3,79,Y,DIOR,NA,NA,0,NA,NA,NA,NA,NA,NA,NA
2001,F,2001-10-18,JG,3,3,78,Y,DIOR,NA,NA,0,NA,NA,NA,NA,NA,NA,NA
2001,F,2001-10-18,JG,3,3,77,N,DIOR,M,A,63,Y,PS,NA,NA,NA,NA,NA
2001,F,2001-10-18,JG,3,3,14,Y,DIOR,NA,NA,0,NA,NA,NA,NA,NA,NA,NA
2001,F,2001-10-18,JG,3,3,18,Y,DIOR,NA,NA,0,NA,NA,NA,NA,NA,NA,NA
2001,F,2001-10-18,JG,3,3,21,Y,DIOR,NA,NA,0,NA,NA,NA,NA,NA,NA,NA
2001,F,2001-10-18,JG,3,3,22,Y,SPSP,NA,NA,0,NA,NA,NA,NA,NA,NA,NA
2001,F,2001-10-18,JG,3,3,24,Y,DIOR,NA,NA,0,NA,NA,NA,NA,NA,NA,NA
2001,F,2001-10-18,JG,3,3,36,Y,DIOR,NA,NA,0,NA,NA,NA,NA,NA,NA,NA
2001,F,2001-10-18,JG,3,2,58,NA,DIOR,NA,NA,0,NA,NA,Y,U,NA,NA,NA
2001,F,2001-10-18,JG,3,2,57,Y,DIOR,NA,NA,0,NA,NA,NA,NA,NA,NA,NA
2001,F,2001-10-18,JG,3,2,53,Y,NEAL,NA,NA,0,NA,NA,NA,NA,NA,NA,NA
2001,F,2001-10-18,JG,3,2,34,Y,DIOR,NA,NA,0,NA,NA,NA,NA,NA,NA,NA
2001,F,2001-10-18,JG,3,2,35,N,DIOR,M,A,64,Y,PS,NA,NA,NA,NA,NA
2001,F,2001-10-18,JG,3,2,36,Y,DIOR,NA,NA,0,NA,NA,NA,NA,NA,NA,NA
2001,F,2001-10-18,JG,3,2,48,N,SPSP,M,A,80,N,NA,NA,NA,NA,NA,NA
2001,F,2001-10-18,JG,3,2,47,Y,DISP,NA,NA,0,NA,NA,NA,NA,NA,NA,NA
2001,F,2001-10-18,JG,3,2,46,N,PGFL,F,A,7,N,NA,NA,NA,NA,NA,NA
2001,F,2001-10-18,JG,3,2,44,Y,DIOR,NA,NA,0,NA,NA,NA,NA,NA,NA,NA
2001,F,2001-10-16,JG,1,3,14,N,DIOR,M,A,53,Y,PS,NA,NA,NA,NA,NA
2001,F,2001-10-16,JG,1,3,16,N,DIOR,M,A,54,Y,PS,NA,NA,NA,NA,NA
2001,F,2001-10-16,JG,1,3,25,N,DIOR,M,A,62,Y,PS,NA,NA,NA,NA,NA
2001,F,2001-10-16,JG,1,3,24,N,DIOR,F,A,59,N,NA,NA,NA,NA,NA,NA
2001,F,2001-10-16,JG,1,3,36,N,DIOR,M,A,67,Y,PS,NA,NA,NA,NA,NA
2001,F,2001-10-16,JG,1,3,35,N,DIOR,M,A,61,Y,PS,NA,NA,NA,NA,NA
2001,F,2001-10-16,JG,1,3,137,N,DIOR,M,A,45,N,NA,NA,NA,NA,NA,NA
2001,F,2001-10-16,JG,1,3,142,N,DIOR,M,A,64,Y,S,NA,NA,NA,NA,NA
2001,F,2001-10-16,JG,1,3,143,N,DIOR,F,A,58,N,NA,NA,NA,NA,NA,NA
2001,F,2001-10-16,JG,1,3,11,N,DIOR,F,A,60,N,NA,NA,NA,NA,NA,NA
2001,F,2001-10-16,JG,1,3,48,N,DIOR,F,A,63,N,NA,NA,NA,NA,NA,NA
2001,F,2001-10-16,JG,1,3,46,N,SPSP,M,A,90,N,NA,NA,NA,NA,NA,NA
2001,F,2001-10-16,JG,1,3,45,N,ONLE,M,A,30,N,NA,NA,NA,NA,NA,NA
2001,F,2001-10-16,JG,1,3,44,N,ONLE,M,A,39,Y,S,NA,NA,NA,NA,NA
2001,F,2001-10-16,JG,1,3,41,N,DIOR,M,A,50,N,NA,NA,NA,NA,NA,NA
2001,F,2001-10-16,JG,1,3,1,N,DISP,M,A,0,N,NA,Y,M,NA,NA,NA
2001,F,2001-10-16,JG,1,3,7,N,DIOR,F,A,52,N,NA,NA,NA,NA,NA,NA
2001,F,2001-10-16,JG,1,2,138,N,DIOR,M,A,62,Y,PS,NA,NA,NA,NA,NA
2001,F,2001-10-16,JG,1,2,141,N,DIOR,M,A,59,Y,PS,NA,NA,NA,NA,NA
2001,F,2001-10-16,JG,1,2,143,N,DIOR,F,A,61,N,NA,NA,NA,NA,NA,NA
2001,F,2001-10-16,JG,1,2,144,N,DIOR,NA,NA,0,NA,NA,Y,N,NA,NA,NA
2001,F,2001-10-16,JG,1,2,12,N,DIOR,M,A,54,Y,S,NA,NA,NA,NA,NA
2001,F,2001-10-16,JG,1,2,11,N,DISP,M,A,0,Y,PS,Y,M,NA,NA,NA
2001,F,2001-10-16,JG,1,2,10,N,DISP,F,A,155,N,NA,NA,NA,NA,NA,NA
2001,F,2001-10-16,JG,1,2,8,N,DIOR,F,A,62,N,NA,NA,NA,NA,NA,NA
2001,F,2001-10-16,JG,1,2,7,N,DIOR,F,A,61,N,NA,NA,NA,NA,NA,NA
2001,F,2001-10-16,JG,1,2,103,N,DIOR,M,A,62,Y,PS,NA,NA,NA,NA,NA
2001,F,2001-10-16,JG,1,2,104,N,DIOR,F,A,71,Y,P,NA,NA,NA,NA,NA
2001,F,2001-10-16,JG,1,2,107,N,DIOR,F,A,76,Y,P,NA,NA,NA,NA,NA
2001,F,2001-10-16,JG,1,2,116,N,DIOR,M,A,53,Y,PS,NA,NA,NA,NA,NA
2001,F,2001-10-16,JG,1,2,15,N,DIOR,M,A,45,N,NA,NA,NA,NA,NA,NA
2001,F,2001-10-16,JG,1,2,128,N,DIOR,M,A,57,N,NA,NA,NA,NA,NA,NA
2001,F,2001-10-16,JG,1,2,131,N,DIOR,M,A,52,Y,PS,NA,NA,NA,NA,NA
2001,F,2001-10-16,JG,1,2,132,N,DIOR,M,A,54,Y,PS,NA,NA,NA,NA,NA
2001,F,2001-10-16,JG,1,2,119,N,DIOR,M,A,53,Y,PS,NA,NA,NA,NA,NA
2001,F,2001-10-16,JG,1,1,50,N,PGFL,M,A,7,N,NA,NA,NA,NA,NA,NA
2001,F,2001-10-16,JG,1,1,56,N,DIOR,M,A,60,Y,S,NA,NA,NA,NA,NA
2001,F,2001-10-16,JG,1,1,57,N,NEAL,F,A,160,N,NA,NA,NA,NA,NA,NA
2001,F,2001-10-16,JG,1,1,58,N,DIOR,F,A,64,N,NA,NA,NA,NA,NA,NA
2001,F,2001-10-16,JG,1,1,44,N,DIOR,F,A,56,N,NA,NA,NA,NA,NA,NA
2001,F,2001-10-16,JG,1,1,41,N,DIOR,F,A,67,Y,P,NA,NA,NA,NA,NA
2001,F,2001-10-16,JG,1,1,103,N,DIOR,M,A,58,Y,S,NA,NA,NA,NA,NA
2001,F,2001-10-16,JG,1,1,106,N,DIOR,F,A,57,N,NA,NA,NA,NA,NA,NA
2001,F,2001-10-16,JG,1,1,107,N,DIOR,F,A,58,N,NA,NA,NA,NA,NA,NA
2001,F,2001-10-16,JG,1,1,120,N,DIOR,M,A,61,Y,S,NA,NA,NA,NA,NA
2001,F,2001-10-16,JG,1,1,118,N,DIOR,M,A,58,Y,S,NA,NA,NA,NA,NA
2001,F,2001-10-16,JG,1,1,76,N,SPSP,M,A,118,N,NA,NA,NA,NA,NA,NA
2001,F,2001-10-16,JG,1,1,79,N,DIOR,F,A,55,N,NA,NA,NA,NA,NA,NA
2001,F,2001-10-16,JG,1,1,80,N,NEAL,NA,NA,0,NA,NA,Y,N,NA,NA,NA
2001,F,2001-10-16,JG,1,1,95,N,DIOR,M,A,60,Y,PS,NA,NA,NA,NA,NA
2001,F,2001-10-16,JG,1,1,91,N,DIOR,M,A,60,Y,PS,NA,NA,NA,NA,NA
2001,F,2001-10-16,JG,1,1,92,N,NEAL,NA,J,92,N,NA,NA,NA,NA,NA,NA
2001,F,2001-10-16,JG,1,1,89,N,DIOR,F,A,56,N,NA,NA,NA,NA,NA,NA
2001,F,2001-10-16,JG,1,1,85,N,DIOR,M,A,52,Y,S,NA,NA,NA,NA,NA
2001,F,2001-10-16,JG,1,1,25,N,ONLE,F,A,49,N,NA,NA,NA,NA,NA,NA
2001,F,2001-10-16,JG,1,1,32,N,DIOR,F,A,50,N,NA,NA,NA,NA,NA,NA
2001,F,2001-10-17,JG,2,3,118,Y,DIOR,NA,NA,0,NA,NA,NA,NA,NA,NA,NA
2001,F,2001-10-17,JG,2,3,120,Y,DIOR,NA,NA,0,NA,NA,NA,NA,NA,NA,NA
2001,F,2001-10-17,JG,2,3,14,N,NEMI,NA,J,102,N,NA,NA,NA,NA,NA,NA
2001,F,2001-10-17,JG,2,3,19,Y,ONLE,NA,NA,0,NA,NA,NA,NA,NA,NA,NA
2001,F,2001-10-17,JG,2,3,21,Y,DIOR,NA,NA,0,NA,NA,NA,NA,NA,NA,NA
2001,F,2001-10-17,JG,2,3,22,Y,DIOR,NA,NA,0,NA,NA,NA,NA,NA,NA,NA
2001,F,2001-10-17,JG,2,3,24,Y,DIOR,NA,NA,0,NA,NA,NA,NA,NA,NA,NA
2001,F,2001-10-17,JG,2,3,11,Y,DIOR,NA,NA,0,NA,NA,NA,NA,NA,NA,NA
2001,F,2001-10-17,JG,2,3,10,N,DIOR,F,A,57,Y,V,NA,NA,NA,NA,NA
2001,F,2001-10-17,JG,2,3,7,Y,DIOR,NA,NA,0,NA,NA,NA,NA,NA,NA,NA
2001,F,2001-10-17,JG,2,3,1,Y,DIOR,NA,NA,0,NA,NA,NA,NA,NA,NA,NA
2001,F,2001-10-17,JG,2,3,77,N,DIOR,M,A,46,N,NA,NA,NA,NA,NA,NA
2001,F,2001-10-17,JG,2,3,78,N,DIOR,M,A,56,Y,PS,NA,NA,NA,NA,NA
2001,F,2001-10-17,JG,2,3,79,Y,DIOR,NA,NA,0,NA,NA,NA,NA,NA,NA,NA
2001,F,2001-10-17,JG,2,3,82,Y,DISP,NA,NA,0,NA,NA,NA,NA,NA,NA,NA
2001,F,2001-10-17,JG,2,3,72,Y,DIOR,NA,NA,0,NA,NA,NA,NA,NA,NA,NA
2001,F,2001-10-17,JG,2,3,66,Y,DIOR,NA,NA,0,NA,NA,NA,NA,NA,NA,NA
2001,F,2001-10-17,JG,2,3,63,N,DIOR,F,A,56,Y,V,NA,NA,NA,NA,NA
2001,F,2001-10-17,JG,2,3,57,N,DIOR,M,A,53,Y,PS,NA,NA,NA,NA,NA
2001,F,2001-10-17,JG,2,3,48,N,DIOR,M,A,58,Y,PS,NA,NA,NA,NA,NA
2001,F,2001-10-17,JG,2,3,44,N,DIOR,M,A,45,N,NA,NA,NA,NA,NA,NA
2001,F,2001-10-17,JG,2,2,22,Y,DIOR,NA,NA,0,NA,NA,NA,NA,NA,NA,NA
2001,F,2001-10-17,JG,2,2,24,N,DIOR,F,A,58,Y,V,NA,NA,NA,NA,NA
2001,F,2001-10-17,JG,2,2,11,Y,DISP,NA,NA,0,NA,NA,NA,NA,NA,NA,NA
2001,F,2001-10-17,JG,2,2,8,Y,DISP,NA,NA,0,NA,NA,NA,NA,NA,NA,NA
2001,F,2001-10-17,JG,2,2,6,Y,DIOR,NA,NA,0,NA,NA,NA,NA,NA,NA,NA
2001,F,2001-10-17,JG,2,2,138,Y,DIOR,NA,NA,0,NA,NA,NA,NA,NA,NA,NA
2001,F,2001-10-17,JG,2,2,143,N,DIOR,M,A,55,Y,PS,NA,NA,NA,NA,NA
2001,F,2001-10-17,JG,2,2,144,Y,DIOR,NA,NA,0,NA,NA,NA,NA,NA,NA,NA
2001,F,2001-10-17,JG,2,2,124,Y,DIOR,NA,NA,0,NA,NA,NA,NA,NA,NA,NA
2001,F,2001-10-17,JG,2,2,65,Y,DIOR,NA,NA,0,NA,NA,NA,NA,NA,NA,NA
2001,F,2001-10-17,JG,2,2,67,NA,DIOR,NA,NA,0,NA,NA,Y,U,NA,NA,NA
2001,F,2001-10-17,JG,2,2,72,Y,DIOR,NA,NA,0,NA,NA,NA,NA,NA,NA,NA
2001,F,2001-10-17,JG,2,2,84,Y,DIOR,NA,NA,0,NA,NA,NA,NA,NA,NA,NA
2001,F,2001-10-17,JG,2,2,77,Y,DIOR,NA,NA,0,NA,NA,NA,NA,NA,NA,NA
2001,F,2001-10-17,JG,2,2,91,Y,NEAL,NA,NA,0,NA,NA,NA,NA,NA,NA,NA
2001,F,2001-10-17,JG,2,2,93,Y,DIOR,NA,NA,0,NA,NA,NA,NA,NA,NA,NA
2001,F,2001-10-17,JG,2,2,94,Y,DIOR,NA,NA,0,NA,NA,NA,NA,NA,NA,NA
2001,F,2001-10-17,JG,2,2,96,Y,DIOR,NA,NA,0,NA,NA,NA,NA,NA,NA,NA
2001,F,2001-10-17,JG,2,2,107,Y,DIOR,NA,NA,0,NA,NA,NA,NA,NA,NA,NA
2001,F,2001-10-17,JG,2,2,103,Y,DIOR,NA,NA,0,NA,NA,NA,NA,NA,NA,2
2001,F,2001-10-17,JG,2,1,91,Y,DIOR,NA,NA,0,NA,NA,NA,NA,NA,NA,NA
2001,F,2001-10-17,JG,2,1,92,N,SPSP,M,A,86,N,NA,NA,NA,NA,NA,NA
2001,F,2001-10-17,JG,2,1,95,Y,DIOR,NA,NA,0,NA,NA,NA,NA,NA,NA,NA
2001,F,2001-10-17,JG,2,1,107,Y,DIOR,NA,NA,0,NA,NA,NA,NA,NA,NA,NA
2001,F,2001-10-17,JG,2,1,105,N,DIOR,M,A,62,Y,S,NA,NA,NA,NA,NA
2001,F,2001-10-17,JG,2,1,103,Y,DIOR,NA,NA,0,NA,NA,NA,NA,NA,NA,NA
2001,F,2001-10-17,JG,2,1,102,Y,DIOR,NA,NA,0,NA,NA,NA,NA,NA,NA,NA
2001,F,2001-10-17,JG,2,1,101,Y,DIOR,NA,NA,0,NA,NA,NA,NA,NA,NA,NA
2001,F,2001-10-17,JG,2,1,5,Y,DIOR,NA,NA,0,NA,NA,NA,NA,NA,NA,NA
2001,F,2001-10-17,JG,2,1,6,Y,DIOR,NA,NA,0,NA,NA,NA,NA,NA,NA,NA
2001,F,2001-10-17,JG,2,1,11,Y,DIOR,NA,NA,0,NA,NA,NA,NA,NA,NA,NA
2001,F,2001-10-17,JG,2,1,144,Y,DIOR,NA,NA,0,NA,NA,NA,NA,NA,NA,NA
2001,F,2001-10-17,JG,2,1,77,Y,DIOR,NA,NA,0,NA,NA,NA,NA,NA,NA,NA
2001,F,2001-10-17,JG,2,1,79,Y,DIOR,NA,NA,0,NA,NA,NA,NA,NA,NA,NA
2001,F,2001-10-17,JG,2,1,80,N,DISP,M,A,0,N,NA,Y,M,NA,NA,NA
2001,F,2001-10-17,JG,2,1,82,N,DIOR,F,A,56,N,NA,NA,NA,NA,NA,NA
2001,F,2001-10-17,JG,2,1,56,Y,DIOR,NA,NA,0,NA,NA,NA,NA,NA,NA,NA
2001,F,2001-10-17,JG,2,1,52,Y,DIOR,NA,NA,0,NA,NA,NA,NA,NA,NA,NA
2001,F,2001-10-17,JG,2,1,25,Y,DIOR,NA,NA,0,NA,NA,NA,NA,NA,NA,NA
2001,F,2001-10-17,JG,2,1,41,Y,DIOR,NA,NA,0,NA,NA,NA,NA,NA,NA,NA
2001,F,2001-10-17,JG,2,1,44,N,DIOR,M,A,57,Y,S,NA,NA,NA,NA,NA
2001,F,2001-10-17,JG,2,1,34,N,DIOR,M,A,62,Y,PS,NA,NA,NA,NA,NA
2001,F,2001-10-17,JG,2,1,33,Y,DIOR,NA,NA,0,NA,NA,NA,NA,NA,NA,NA
2001,F,2001-10-17,JG,2,1,32,N,SPSP,M,A,72,N,NA,NA,NA,NA,NA,NA
2001,F,2001-10-17,JG,2,1,28,N,NEAL,M,A,84,N,NA,NA,NA,NA,NA,NA
2001,F,2001-10-18,JG,3,3,115,N,DIOR,M,A,61,Y,PS,NA,NA,NA,NA,NA
2001,F,2001-10-18,JG,3,3,117,Y,DIOR,NA,NA,0,NA,NA,NA,NA,NA,NA,NA
2001,F,2001-10-18,JG,3,3,118,N,DIOR,M,A,54,Y,S,NA,NA,NA,NA,NA
2001,F,2001-10-18,JG,3,3,131,Y,DIOR,NA,NA,0,NA,NA,NA,NA,NA,NA,NA
2001,F,2001-10-18,JG,3,3,129,Y,DIOR,NA,NA,0,NA,NA,NA,NA,NA,NA,NA
2001,F,2001-10-18,JG,3,3,128,Y,DIOR,NA,NA,0,NA,NA,NA,NA,NA,NA,NA
2001,F,2001-10-18,JG,3,3,123,Y,DIOR,NA,NA,0,NA,NA,NA,NA,NA,NA,NA
2001,F,2001-10-18,JG,3,3,108,Y,DIOR,NA,NA,0,NA,NA,NA,NA,NA,NA,NA
2001,F,2001-10-18,JG,3,3,107,Y,DIOR,NA,NA,0,NA,NA,NA,NA,NA,NA,NA
2001,F,2001-10-18,JG,3,3,105,N,DIOR,F,A,64,Y,P,NA,NA,NA,NA,NA
2001,F,2001-10-18,JG,3,3,103,Y,DIOR,NA,NA,0,NA,NA,NA,NA,NA,NA,NA
2001,F,2001-10-18,JG,3,3,38,N,DISP,M,A,164,Y,PS,NA,NA,NA,NA,NA
2001,F,2001-10-18,JG,3,3,41,Y,DISP,NA,NA,0,NA,NA,NA,NA,NA,NA,NA
2001,F,2001-10-18,JG,3,3,42,Y,DISP,NA,NA,0,NA,NA,NA,NA,NA,NA,NA
2001,F,2001-10-18,JG,3,3,44,N,PGFL,M,A,16,N,NA,NA,NA,NA,NA,NA
2001,F,2001-10-18,JG,3,3,45,N,DIOR,F,A,62,N,NA,NA,NA,NA,NA,NA
2001,F,2001-10-18,JG,3,3,46,Y,DIOR,NA,NA,0,NA,NA,NA,NA,NA,NA,NA
2001,F,2001-10-18,JG,3,3,48,Y,SPSP,NA,NA,0,NA,NA,NA,NA,NA,NA,NA
2001,F,2001-10-18,JG,3,2,111,Y,DIOR,NA,NA,0,NA,NA,NA,NA,NA,NA,NA
2001,F,2001-10-18,JG,3,2,112,N,DIOR,M,A,56,Y,PS,NA,NA,NA,NA,NA
2001,F,2001-10-18,JG,3,2,113,Y,DIOR,NA,NA,0,NA,NA,NA,NA,NA,NA,NA
2001,F,2001-10-18,JG,3,2,114,Y,DIOR,NA,NA,0,NA,NA,NA,NA,NA,NA,NA
2001,F,2001-10-18,JG,3,2,119,Y,DIOR,NA,NA,0,NA,NA,NA,NA,NA,NA,NA
2001,F,2001-10-18,JG,3,2,120,Y,DIOR,NA,NA,0,NA,NA,NA,NA,NA,NA,NA
2001,F,2001-10-18,JG,3,2,130,Y,DIOR,NA,NA,0,NA,NA,NA,NA,NA,NA,NA
2001,F,2001-10-18,JG,3,2,128,Y,DIOR,NA,NA,0,NA,NA,NA,NA,NA,NA,NA
2001,F,2001-10-18,JG,3,2,126,Y,DIOR,NA,NA,0,NA,NA,NA,NA,NA,NA,NA
2001,F,2001-10-18,JG,3,2,135,Y,DIOR,NA,NA,0,NA,NA,NA,NA,NA,NA,NA
2001,F,2001-10-18,JG,3,2,138,Y,DIOR,NA,NA,0,NA,NA,NA,NA,NA,NA,NA
2001,F,2001-10-18,JG,3,2,141,Y,DIOR,NA,NA,0,NA,NA,NA,NA,NA,NA,NA
2001,F,2001-10-18,JG,3,2,142,N,DIOR,M,A,59,Y,S,NA,NA,NA,NA,NA
2001,F,2001-10-18,JG,3,2,143,Y,DIOR,NA,NA,0,NA,NA,NA,NA,NA,NA,NA
2001,F,2001-10-18,JG,3,2,144,Y,DIOR,NA,NA,0,NA,NA,NA,NA,NA,NA,NA
2001,F,2001-10-18,JG,3,2,12,Y,DISP,NA,NA,0,NA,NA,NA,NA,NA,NA,NA
2001,F,2001-10-18,JG,3,2,11,Y,DIOR,NA,NA,0,NA,NA,NA,NA,NA,NA,NA
2001,F,2001-10-18,JG,3,2,8,N,DIOR,NA,J,42,N,NA,NA,NA,NA,NA,NA
2001,F,2001-10-18,JG,3,2,42,Y,DIOR,NA,NA,0,NA,NA,NA,NA,NA,NA,NA
2001,F,2001-10-18,JG,3,2,41,Y,DIOR,NA,NA,0,NA,NA,NA,NA,NA,NA,NA
2001,F,2001-10-18,JG,3,2,64,Y,DIOR,NA,NA,0,NA,NA,NA,NA,NA,NA,NA
2001,F,2001-10-18,JG,3,2,67,N,DIOR,F,A,67,Y,P,NA,NA,NA,NA,NA
2001,F,2001-10-18,JG,3,2,71,Y,DIOR,NA,NA,0,NA,NA,NA,NA,NA,NA,NA
2001,F,2001-10-18,JG,3,2,84,Y,DIOR,NA,NA,0,NA,NA,NA,NA,NA,NA,NA
2001,F,2001-10-18,JG,3,2,83,N,DIOR,M,A,44,Y,PS,NA,NA,NA,NA,NA
2001,F,2001-10-18,JG,3,2,73,Y,DIOR,NA,NA,0,NA,NA,NA,NA,NA,NA,NA
2001,F,2001-10-18,JG,3,1,6,Y,DIOR,NA,NA,0,NA,NA,NA,NA,NA,NA,NA
2001,F,2001-10-18,JG,3,1,9,Y,DIOR,NA,NA,0,NA,NA,NA,NA,NA,NA,NA
2001,F,2001-10-18,JG,3,1,10,N,DIOR,F,A,46,Y,V,NA,NA,NA,NA,NA
2001,F,2001-10-18,JG,3,1,11,Y,DIOR,NA,NA,0,NA,NA,NA,NA,NA,NA,NA
2001,F,2001-10-18,JG,3,1,24,N,DIOR,F,A,74,Y,P,NA,NA,NA,NA,NA
2001,F,2001-10-18,JG,3,1,23,Y,DIOR,NA,NA,0,NA,NA,NA,NA,NA,NA,NA
2001,F,2001-10-18,JG,3,1,13,Y,DIOR,NA,NA,0,NA,NA,NA,NA,NA,NA,NA
2001,F,2001-10-18,JG,3,1,142,N,DIOR,M,A,59,Y,S,NA,NA,NA,NA,NA
2001,F,2001-10-18,JG,3,1,144,N,DIOR,F,A,55,N,NA,NA,NA,NA,NA,NA
2001,F,2001-10-18,JG,3,1,143,Y,DIOR,NA,NA,0,NA,NA,NA,NA,NA,NA,NA
2001,F,2001-10-18,JG,3,1,91,Y,DIOR,NA,NA,0,NA,NA,NA,NA,NA,NA,NA
2001,F,2001-10-18,JG,3,1,95,Y,DIOR,NA,NA,0,NA,NA,NA,NA,NA,NA,NA
2001,F,2001-10-18,JG,3,1,96,Y,DIOR,NA,NA,0,NA,NA,NA,NA,NA,NA,NA
2001,F,2001-10-18,JG,3,1,107,Y,DIOR,NA,NA,0,NA,NA,NA,NA,NA,NA,NA
2001,F,2001-10-18,JG,3,1,102,Y,DIOR,NA,NA,0,NA,NA,NA,NA,NA,NA,NA
2001,F,2001-10-18,JG,3,1,101,Y,DIOR,NA,NA,0,NA,NA,NA,NA,NA,NA,NA
2001,F,2001-10-18,JG,3,1,113,N,NEAL,F,A,108,N,NA,NA,NA,NA,NA,NA
2001,F,2001-10-18,JG,3,1,116,Y,DIOR,NA,NA,0,NA,NA,NA,NA,NA,NA,NA
2001,F,2001-10-18,JG,3,1,120,Y,SPSP,NA,NA,0,NA,NA,NA,NA,NA,NA,NA
2001,F,2001-10-18,JG,3,1,132,Y,DIOR,NA,NA,0,NA,NA,NA,NA,NA,NA,NA
2001,F,2001-10-18,JG,3,1,131,Y,DIOR,NA,NA,0,NA,NA,NA,NA,NA,NA,NA
2001,F,2001-10-18,JG,3,1,130,Y,DIOR,NA,NA,0,NA,NA,NA,NA,NA,NA,NA
2001,F,2001-10-18,JG,3,1,128,Y,DIOR,NA,NA,0,NA,NA,NA,NA,NA,NA,NA
2001,F,2001-10-18,JG,3,1,127,N,PGFL,F,A,7,N,NA,NA,NA,NA,NA,NA
2001,F,2001-10-18,JG,3,1,123,Y,DIOR,NA,NA,0,NA,NA,NA,NA,NA,NA,NA
2001,F,2001-10-18,JG,3,1,68,Y,DIOR,NA,NA,0,NA,NA,NA,NA,NA,NA,NA
2001,F,2001-10-18,JG,3,1,71,N,DIOR,F,A,70,Y,P,NA,NA,NA,NA,NA
2001,F,2001-10-18,JG,3,1,72,Y,DIOR,NA,NA,0,NA,NA,NA,NA,NA,NA,NA
2001,F,2001-10-18,JG,3,1,76,N,DIOR,M,A,51,N,NA,NA,NA,NA,NA,NA
2001,F,2001-10-18,JG,3,1,80,Y,NEAL,NA,NA,0,NA,NA,NA,NA,NA,NA,NA
2001,F,2001-10-18,JG,3,3,55,Y,DIOR,NA,NA,0,NA,NA,NA,NA,NA,NA,NA
2001,F,2001-10-18,JG,3,3,58,Y,DIOR,NA,NA,0,NA,NA,NA,NA,NA,NA,NA
2001,F,2001-10-18,JG,3,3,60,Y,ONLE,NA,NA,0,NA,NA,NA,NA,NA,NA,NA
2001,F,2001-10-18,JG,3,3,8,Y,DIOR,NA,NA,0,NA,NA,NA,NA,NA,NA,NA
2001,F,2001-10-18,JG,3,3,9,Y,DIOR,NA,NA,0,NA,NA,NA,NA,NA,NA,NA
2001,F,2001-10-18,JG,3,3,10,Y,ONLE,NA,NA,0,NA,NA,NA,NA,NA,NA,NA
2001,F,2001-10-18,JG,3,3,12,N,DIOR,M,A,58,Y,S,NA,NA,NA,NA,NA
2001,F,2001-10-18,JG,3,3,144,Y,DIOR,NA,NA,0,NA,NA,NA,NA,NA,NA,NA
2001,F,2001-10-18,JG,3,3,142,N,DIOR,M,A,60,Y,S,NA,NA,NA,NA,NA
2001,F,2001-10-18,JG,3,3,140,N,DIOR,M,A,59,Y,S,NA,NA,NA,NA,NA
2001,F,2001-10-18,JG,3,3,138,Y,DIOR,NA,NA,0,NA,NA,NA,NA,NA,NA,NA
2001,F,2001-10-18,JG,3,3,134,Y,NEMI,NA,NA,0,NA,NA,NA,NA,NA,NA,NA
2001,F,2001-10-18,JG,3,2,90,Y,DIOR,NA,NA,0,NA,NA,NA,NA,NA,NA,NA
2001,F,2001-10-18,JG,3,2,94,Y,DIOR,NA,NA,0,NA,NA,NA,NA,NA,NA,NA
2001,F,2001-10-18,JG,3,2,96,N,DIOR,F,A,39,N,NA,NA,NA,NA,NA,NA
2001,F,2001-10-18,JG,3,2,107,N,NEAL,M,A,132,N,NA,NA,NA,NA,NA,NA
2001,F,2001-10-18,JG,3,2,104,Y,DIOR,NA,NA,0,NA,NA,NA,NA,NA,NA,NA
2001,F,2001-10-18,JG,3,2,103,Y,DIOR,NA,NA,0,NA,NA,NA,NA,NA,NA,NA
2001,F,2001-10-18,JG,3,2,43,Y,DIOR,NA,NA,0,NA,NA,NA,NA,NA,NA,NA
2001,F,2001-10-18,JG,3,2,15,Y,DIOR,NA,NA,0,NA,NA,NA,NA,NA,NA,NA
2001,F,2001-10-18,JG,3,2,20,Y,DISP,NA,NA,0,NA,NA,NA,NA,NA,NA,NA
2001,F,2001-10-18,JG,3,2,21,Y,DIOR,NA,NA,0,NA,NA,NA,NA,NA,NA,NA
2001,F,2001-10-18,JG,3,2,23,Y,DIOR,NA,NA,0,NA,NA,NA,NA,NA,NA,NA
2001,F,2001-10-18,JG,3,2,24,Y,DIOR,NA,NA,0,NA,NA,NA,NA,NA,NA,NA
2001,F,2001-10-18,JG,3,1,53,Y,DISP,NA,NA,0,NA,NA,NA,NA,NA,NA,NA
2001,F,2001-10-18,JG,3,1,54,Y,DIOR,NA,NA,0,NA,NA,NA,NA,NA,NA,NA
2001,F,2001-10-18,JG,3,1,43,N,DISP,F,A,144,N,NA,NA,NA,NA,NA,NA
2001,F,2001-10-18,JG,3,1,41,Y,DIOR,NA,NA,0,NA,NA,NA,NA,NA,NA,NA
2001,F,2001-10-18,JG,3,1,38,N,PGFL,M,A,7,Y,S,NA,NA,NA,NA,NA
2001,F,2001-10-18,JG,3,1,28,Y,NEAL,NA,NA,0,NA,NA,NA,NA,NA,NA,NA
2001,F,2001-10-18,JG,3,1,79,N,DIOR,M,A,54,Y,S,NA,NA,NA,NA,NA
2001,F,2001-10-18,JG,3,1,81,N,DIOR,F,A,54,N,NA,NA,NA,NA,NA,NA
2002,F,2002-10-16,JG,1,3,63,N,DISP,M,A,158,Y,PS,NA,NA,NA,7,NA
2002,F,2002-10-16,JG,1,3,65,N,DIOR,M,A,47,Y,PS,NA,NA,NA,NA,NA
2002,F,2002-10-16,JG,1,3,68,N,DIOR,F,A,48,Y,L,NA,NA,NA,NA,NA
2002,F,2002-10-16,JG,1,3,12,N,DIOR,M,A,46,N,NA,NA,NA,NA,NA,NA
2002,F,2002-10-16,JG,1,3,24,N,CHPE,M,A,13,N,NA,NA,NA,NA,NA,NA
2002,F,2002-10-16,JG,1,3,23,N,DIOR,M,A,53,N,NA,NA,NA,NA,NA,NA
2002,F,2002-10-16,JG,1,3,22,N,DIOR,M,A,60,N,NA,NA,NA,NA,NA,NA
2002,F,2002-10-16,JG,1,3,17,N,ONLE,F,A,41,Y,P,NA,NA,NA,NA,NA
2002,F,2002-10-16,JG,1,3,14,N,CHPE,M,A,14,N,NA,NA,NA,NA,NA,NA
2002,F,2002-10-16,JG,1,2,68,N,DIOR,M,A,64,Y,PS,NA,NA,NA,NA,NA
2002,F,2002-10-16,JG,1,2,69,N,DIOR,M,A,55,N,NA,NA,NA,NA,NA,NA
2002,F,2002-10-16,JG,1,2,70,N,DIOR,M,A,57,Y,PS,NA,NA,NA,NA,NA
2002,F,2002-10-16,JG,1,2,72,N,DIOR,F,A,62,Y,L,NA,NA,NA,NA,NA
2002,F,2002-10-16,JG,1,2,56,N,DIOR,F,A,53,N,NA,NA,NA,NA,NA,NA
2002,F,2002-10-16,JG,1,2,43,N,DIOR,F,A,55,N,NA,NA,NA,NA,NA,NA
2002,F,2002-10-16,JG,1,2,46,N,ONLE,M,A,45,N,NA,NA,NA,NA,NA,NA
2002,F,2002-10-16,JG,1,2,47,N,DIOR,M,A,55,N,NA,NA,NA,NA,NA,NA
2002,F,2002-10-16,JG,1,2,48,N,DISP,F,A,128,N,NA,NA,NA,NA,NA,NA
2002,F,2002-10-16,JG,1,2,45,N,DIOR,M,A,57,Y,PS,NA,NA,NA,NA,NA
2002,F,2002-10-16,JG,1,2,22,N,DIOR,F,A,52,N,NA,NA,NA,NA,NA,NA
2002,F,2002-10-16,JG,1,2,114,N,DISP,M,A,110,N,NA,NA,NA,NA,NA,NA
2002,F,2002-10-16,JG,1,1,50,N,ONLE,M,A,40,N,NA,NA,NA,NA,11,NA
2002,F,2002-10-16,JG,1,1,52,N,DIOR,M,A,58,Y,PS,NA,NA,NA,NA,NA
2002,F,2002-10-16,JG,1,1,55,N,DISP,M,A,120,N,NA,NA,NA,NA,NA,NA
2002,F,2002-10-16,JG,1,1,59,N,DIOR,M,A,56,Y,PS,NA,NA,NA,NA,NA
2002,F,2002-10-16,JG,1,1,34,N,DIOR,M,A,54,Y,PS,NA,NA,NA,NA,NA
2002,F,2002-10-16,JG,1,1,23,N,DIOR,F,A,54,N,NA,NA,NA,NA,NA,NA
2002,F,2002-10-16,JG,1,1,9,N,DIOR,M,A,55,Y,PS,NA,NA,NA,NA,NA
2002,F,2002-10-16,JG,1,1,10,N,ONLE,F,A,40,Y,L,NA,NA,NA,NA,NA
2002,F,2002-10-17,JG,2,3,59,N,DIOR,F,A,56,N,NA,NA,NA,NA,NA,NA
2002,F,2002-10-17,JG,2,3,60,Y,DIOR,NA,NA,0,NA,NA,NA,NA,NA,NA,NA
2002,F,2002-10-17,JG,2,3,45,Y,DIOR,NA,NA,0,NA,NA,NA,NA,NA,4,NA
2002,F,2002-10-17,JG,2,3,41,N,ONLE,F,A,31,N,NA,NA,NA,NA,NA,NA
2002,F,2002-10-17,JG,2,3,39,Y,DISP,NA,NA,0,NA,NA,NA,NA,NA,NA,NA
2002,F,2002-10-17,JG,2,3,34,Y,DIOR,NA,NA,0,NA,NA,NA,NA,NA,NA,NA
2002,F,2002-10-17,JG,2,3,35,N,DIOR,M,A,60,N,NA,NA,NA,NA,NA,NA
2002,F,2002-10-17,JG,2,3,24,Y,DIOR,NA,NA,0,NA,NA,NA,NA,NA,NA,NA
2002,F,2002-10-17,JG,2,3,23,Y,CHPE,NA,NA,0,NA,NA,NA,NA,NA,NA,NA
2002,F,2002-10-17,JG,2,3,14,Y,CHPE,NA,NA,0,NA,NA,NA,NA,NA,NA,NA
2002,F,2002-10-17,JG,2,2,48,Y,DIOR,NA,NA,0,NA,NA,NA,NA,NA,NA,NA
2002,F,2002-10-17,JG,2,2,46,N,DIOR,F,A,61,N,NA,NA,NA,NA,NA,NA
2002,F,2002-10-17,JG,2,2,45,Y,DIOR,NA,NA,0,NA,NA,NA,NA,NA,NA,NA
2002,F,2002-10-17,JG,2,2,43,N,DIOR,F,A,60,Y,L,NA,NA,NA,NA,NA
2002,F,2002-10-17,JG,2,2,35,Y,DIOR,NA,NA,0,NA,NA,NA,NA,NA,NA,NA
2002,F,2002-10-17,JG,2,2,23,Y,DIOR,NA,NA,0,NA,NA,NA,NA,NA,NA,NA
2002,F,2002-10-17,JG,2,2,22,N,PGFL,NA,J,6,N,NA,NA,NA,NA,NA,NA
2002,F,2002-10-17,JG,2,2,19,Y,CHPE,NA,NA,0,NA,NA,NA,NA,NA,NA,NA
2002,F,2002-10-17,JG,2,2,15,N,DIOR,M,A,61,Y,PS,NA,NA,NA,NA,NA
2002,F,2002-10-17,JG,2,2,128,Y,DIOR,NA,NA,0,NA,NA,NA,NA,NA,NA,NA
2002,F,2002-10-17,JG,2,2,132,Y,DIOR,NA,NA,0,NA,NA,NA,NA,NA,NA,NA
2002,F,2002-10-17,JG,2,2,119,Y,DIOR,NA,NA,0,NA,NA,NA,NA,NA,NA,NA
2002,F,2002-10-17,JG,2,2,117,Y,DIOR,NA,NA,0,NA,NA,NA,NA,NA,NA,NA
2002,F,2002-10-17,JG,2,1,54,Y,DISP,NA,NA,0,NA,NA,NA,NA,NA,NA,NA
2002,F,2002-10-17,JG,2,1,58,Y,DIOR,NA,NA,0,NA,NA,NA,NA,NA,NA,NA
2002,F,2002-10-17,JG,2,1,59,Y,DIOR,NA,NA,0,NA,NA,NA,NA,NA,NA,NA
2002,F,2002-10-17,JG,2,1,72,Y,DIOR,NA,NA,0,NA,NA,NA,NA,NA,NA,NA
2002,F,2002-10-17,JG,2,1,71,Y,DIOR,NA,NA,0,NA,NA,NA,NA,NA,NA,NA
2002,F,2002-10-17,JG,2,1,70,Y,DIOR,NA,NA,0,NA,NA,NA,NA,NA,1,NA
2002,F,2002-10-17,JG,2,1,80,Y,DIOR,NA,NA,0,NA,NA,NA,NA,NA,NA,NA
2002,F,2002-10-17,JG,2,1,81,Y,DIOR,NA,NA,0,NA,NA,NA,NA,NA,NA,NA
2002,F,2002-10-17,JG,2,1,84,Y,DIOR,NA,NA,0,NA,NA,NA,NA,NA,NA,NA
2002,F,2002-10-17,JG,2,1,95,Y,DIOR,NA,NA,0,NA,NA,NA,NA,NA,NA,NA
2002,F,2002-10-17,JG,2,1,92,Y,DIOR,NA,NA,0,NA,NA,NA,NA,NA,NA,NA
2002,F,2002-10-17,JG,2,1,119,Y,DIOR,NA,NA,0,NA,NA,NA,NA,NA,NA,NA
2002,F,2002-10-17,JG,2,1,120,N,DIOR,M,A,48,N,NA,NA,NA,NA,NA,NA
2002,F,2002-10-18,JG,3,3,84,Y,DISP,NA,NA,0,NA,NA,NA,NA,NA,NA,NA
2002,F,2002-10-18,JG,3,3,41,Y,DISP,NA,NA,0,NA,NA,NA,NA,NA,NA,NA
2002,F,2002-10-18,JG,3,3,44,Y,DIOR,NA,NA,0,NA,NA,NA,NA,NA,NA,NA
2002,F,2002-10-18,JG,3,3,46,Y,DIOR,NA,NA,0,NA,NA,NA,NA,NA,NA,NA
2002,F,2002-10-18,JG,3,3,35,Y,SPSP,NA,NA,0,NA,NA,NA,NA,NA,NA,NA
2002,F,2002-10-18,JG,3,3,34,Y,ONLE,NA,NA,0,NA,NA,NA,NA,NA,NA,NA
2002,F,2002-10-18,JG,3,3,14,N,CHPE,F,A,13,N,NA,NA,NA,NA,NA,NA
2002,F,2002-10-18,JG,3,3,17,Y,SPSP,NA,NA,0,NA,NA,NA,NA,NA,NA,NA
2002,F,2002-10-18,JG,3,3,21,Y,DIOR,NA,NA,0,NA,NA,NA,NA,NA,NA,NA
2002,F,2002-10-18,JG,3,3,24,Y,CHPE,NA,NA,0,NA,NA,NA,NA,NA,NA,NA
2002,F,2002-10-18,JG,3,3,12,Y,DIOR,NA,NA,0,NA,NA,NA,NA,NA,NA,NA
2002,F,2002-10-18,JG,3,3,5,N,DIOR,F,A,51,Y,L,NA,NA,NA,NA,NA
2002,F,2002-10-18,JG,3,3,1,Y,ONLE,NA,NA,0,NA,NA,NA,NA,NA,NA,NA
2002,F,2002-10-18,JG,3,3,124,N,PGFL,F,A,7,Y,L,NA,NA,NA,NA,NA
2002,F,2002-10-18,JG,3,2,72,Y,DIOR,NA,NA,0,NA,NA,NA,NA,NA,NA,NA
2002,F,2002-10-18,JG,3,2,69,Y,DIOR,NA,NA,0,NA,NA,NA,NA,NA,NA,NA
2002,F,2002-10-18,JG,3,2,68,Y,DIOR,NA,NA,0,NA,NA,NA,NA,NA,NA,NA
2002,F,2002-10-18,JG,3,2,66,N,NEAL,NA,J,100,N,NA,NA,NA,NA,NA,NA
2002,F,2002-10-18,JG,3,2,63,Y,DIOR,NA,NA,0,NA,NA,NA,NA,NA,5,NA
2002,F,2002-10-18,JG,3,2,56,N,DIOR,F,A,64,Y,L,NA,NA,NA,NA,NA
2002,F,2002-10-18,JG,3,2,58,Y,DIOR,NA,NA,0,NA,NA,NA,NA,NA,NA,NA
2002,F,2002-10-18,JG,3,2,59,Y,DIOR,NA,NA,0,NA,NA,NA,NA,NA,NA,NA
2002,F,2002-10-18,JG,3,2,47,Y,DIOR,NA,NA,0,NA,NA,NA,NA,NA,NA,NA
2002,F,2002-10-18,JG,3,2,45,Y,DIOR,NA,NA,0,NA,NA,NA,NA,NA,NA,NA
2002,F,2002-10-18,JG,3,2,42,Y,DIOR,NA,NA,0,NA,NA,NA,NA,NA,NA,NA
2002,F,2002-10-18,JG,3,2,41,Y,ONLE,NA,NA,0,NA,NA,NA,NA,NA,NA,NA
2002,F,2002-10-18,JG,3,2,39,Y,DIOR,NA,NA,0,NA,NA,NA,NA,NA,NA,NA
2002,F,2002-10-18,JG,3,2,35,N,DIOR,M,A,64,Y,PS,NA,NA,NA,NA,NA
2002,F,2002-10-18,JG,3,1,54,Y,DIOR,NA,NA,0,NA,NA,NA,NA,NA,NA,NA
2002,F,2002-10-18,JG,3,1,59,Y,DIOR,NA,NA,0,NA,NA,NA,NA,NA,NA,NA
2002,F,2002-10-18,JG,3,1,60,Y,DISP,NA,NA,0,NA,NA,NA,NA,NA,NA,NA
2002,F,2002-10-18,JG,3,1,72,Y,DIOR,NA,NA,0,NA,NA,NA,NA,NA,NA,NA
2002,F,2002-10-18,JG,3,1,71,Y,DIOR,NA,NA,0,NA,NA,NA,NA,NA,NA,NA
2002,F,2002-10-18,JG,3,1,70,N,DIOR,M,A,56,Y,PS,NA,NA,NA,NA,NA
2002,F,2002-10-18,JG,3,1,68,Y,DIOR,NA,NA,0,NA,NA,NA,NA,NA,NA,NA
2002,F,2002-10-18,JG,3,1,79,Y,DIOR,NA,NA,0,NA,NA,NA,NA,NA,NA,NA
2002,F,2002-10-18,JG,3,1,80,Y,DIOR,NA,NA,0,NA,NA,NA,NA,NA,NA,NA
2002,F,2002-10-18,JG,3,1,84,Y,DIOR,NA,NA,0,NA,NA,NA,NA,NA,NA,NA
2002,F,2002-10-18,JG,3,1,122,N,SPSP,M,A,78,Y,S,NA,NA,NA,NA,NA
2002,F,2002-10-16,JG,1,3,90,N,SPSP,M,A,62,N,NA,NA,NA,NA,NA,NA
2002,F,2002-10-16,JG,1,3,93,N,DIOR,M,A,59,Y,PS,NA,NA,NA,NA,NA
2002,F,2002-10-16,JG,1,3,95,N,DIOR,F,A,54,Y,L,NA,NA,NA,NA,NA
2002,F,2002-10-16,JG,1,3,84,N,DIOR,F,A,57,Y,L,N,N,NA,NA,NA
2002,F,2002-10-16,JG,1,3,83,N,DISP,M,A,132,Y,S,NA,NA,NA,NA,NA
2002,F,2002-10-16,JG,1,3,82,N,DIOR,M,A,48,N,NA,NA,NA,NA,NA,NA
2002,F,2002-10-16,JG,1,3,140,N,DIOR,M,A,49,N,NA,NA,NA,NA,NA,NA
2002,F,2002-10-16,JG,1,3,142,N,CHPE,M,A,15,N,NA,NA,NA,NA,NA,NA
2002,F,2002-10-16,JG,1,3,143,N,DIOR,F,A,44,N,NA,NA,NA,NA,NA,NA
2002,F,2002-10-16,JG,1,2,133,N,DIOR,M,A,51,Y,PS,NA,NA,NA,3,NA
2002,F,2002-10-16,JG,1,2,142,N,SPSP,M,A,92,N,NA,NA,NA,NA,NA,NA
2002,F,2002-10-16,JG,1,2,143,N,DIOR,M,A,53,Y,PS,NA,NA,NA,NA,NA
2002,F,2002-10-16,JG,1,2,144,N,ONLE,M,A,32,N,NA,NA,NA,NA,NA,NA
2002,F,2002-10-16,JG,1,2,129,N,DIOR,M,A,54,Y,PS,NA,NA,NA,NA,NA
2002,F,2002-10-16,JG,1,2,127,N,SPSP,M,A,69,N,NA,NA,NA,NA,NA,NA
2002,F,2002-10-16,JG,1,2,126,N,DIOR,M,A,54,Y,S,NA,NA,NA,NA,NA
2002,F,2002-10-16,JG,1,2,4,N,CHPE,M,A,16,Y,S,NA,NA,NA,NA,NA
2002,F,2002-10-16,JG,1,1,72,N,DIOR,M,A,54,Y,S,NA,NA,NA,NA,NA
2002,F,2002-10-16,JG,1,1,70,N,DIOR,M,A,54,Y,PS,NA,NA,NA,NA,NA
2002,F,2002-10-16,JG,1,1,67,N,DIOR,F,A,56,Y,L,NA,NA,NA,NA,NA
2002,F,2002-10-16,JG,1,1,121,N,CHPE,M,A,13,N,NA,NA,NA,NA,NA,NA
2002,F,2002-10-16,JG,1,1,127,N,DIOR,M,A,48,Y,PS,NA,NA,NA,NA,NA
2002,F,2002-10-16,JG,1,1,120,N,DIOR,F,A,47,N,NA,NA,NA,NA,NA,NA
2002,F,2002-10-16,JG,1,1,119,N,DIOR,M,A,56,Y,PS,NA,NA,NA,NA,NA
2002,F,2002-10-16,JG,1,1,104,N,DIOR,M,A,50,Y,PS,NA,NA,NA,NA,NA
2002,F,2002-10-16,JG,1,1,106,N,DIOR,M,A,58,Y,PS,NA,NA,NA,NA,NA
2002,F,2002-10-17,JG,2,3,115,Y,DIOR,NA,NA,0,NA,NA,NA,NA,NA,NA,NA
2002,F,2002-10-17,JG,2,3,120,Y,DIOR,NA,NA,0,NA,NA,NA,NA,NA,NA,NA
2002,F,2002-10-17,JG,2,3,131,Y,DIOR,NA,NA,0,NA,NA,NA,NA,NA,NA,NA
2002,F,2002-10-17,JG,2,3,130,N,DIOR,F,A,56,Y,L,NA,NA,NA,NA,NA
2002,F,2002-10-17,JG,2,3,129,Y,DIOR,NA,NA,0,NA,NA,NA,NA,NA,NA,NA
2002,F,2002-10-17,JG,2,3,1,Y,SPSP,NA,NA,0,NA,NA,NA,NA,NA,NA,NA
2002,F,2002-10-17,JG,2,3,136,Y,DIOR,NA,NA,0,NA,NA,NA,NA,NA,NA,NA
2002,F,2002-10-17,JG,2,3,141,Y,DIOR,NA,NA,0,NA,NA,NA,NA,NA,NA,NA
2002,F,2002-10-17,JG,2,3,143,Y,CHPE,NA,NA,0,NA,NA,NA,NA,NA,NA,NA
2002,F,2002-10-17,JG,2,3,12,N,DIOR,M,A,57,Y,PS,NA,NA,NA,NA,NA
2002,F,2002-10-17,JG,2,2,63,N,DIME,NA,J,27,N,NA,NA,NA,NA,NA,NA
2002,F,2002-10-17,JG,2,2,64,Y,DIOR,NA,NA,0,NA,NA,NA,NA,NA,NA,NA
2002,F,2002-10-17,JG,2,2,68,N,DIOR,M,A,59,Y,S,NA,NA,NA,NA,NA
2002,F,2002-10-17,JG,2,2,69,Y,DIOR,NA,NA,0,NA,NA,NA,NA,NA,NA,NA
2002,F,2002-10-17,JG,2,2,72,Y,DIOR,NA,NA,0,NA,NA,NA,NA,NA,NA,NA
2002,F,2002-10-17,JG,2,2,84,N,DIOR,M,A,48,Y,S,NA,NA,NA,NA,NA
2002,F,2002-10-17,JG,2,2,82,Y,DIOR,NA,NA,0,NA,NA,NA,NA,NA,NA,NA
2002,F,2002-10-17,JG,2,2,104,N,CHPE,F,A,15,Y,L,NA,NA,NA,NA,NA
2002,F,2002-10-17,JG,2,2,105,Y,DIOR,NA,NA,0,NA,NA,NA,NA,NA,NA,NA
2002,F,2002-10-17,JG,2,2,106,N,DIOR,M,A,46,Y,PS,NA,NA,NA,NA,NA
2002,F,2002-10-17,JG,2,2,107,N,DIOR,M,A,58,Y,S,NA,NA,NA,NA,NA
2002,F,2002-10-17,JG,2,2,36,N,DIOR,F,A,62,Y,L,NA,NA,NA,2,NA
2002,F,2002-10-17,JG,2,2,31,Y,DIOR,NA,NA,0,NA,NA,NA,NA,NA,NA,NA
2002,F,2002-10-17,JG,2,2,29,Y,DIOR,NA,NA,0,NA,NA,NA,NA,NA,NA,NA
2002,F,2002-10-17,JG,2,2,101,Y,DIOR,NA,NA,0,NA,NA,NA,NA,NA,NA,NA
2002,F,2002-10-17,JG,2,2,103,Y,DIOR,NA,NA,0,NA,NA,NA,NA,NA,NA,NA
2002,F,2002-10-17,JG,2,2,108,Y,DIOR,NA,NA,0,NA,NA,NA,NA,NA,NA,NA
2002,F,2002-10-17,JG,2,2,136,Y,DIOR,NA,NA,0,NA,NA,NA,NA,NA,NA,NA
2002,F,2002-10-17,JG,2,2,135,Y,CHPE,NA,NA,0,NA,NA,NA,NA,NA,NA,NA
2002,F,2002-10-18,JG,3,3,89,Y,CHPE,NA,NA,0,NA,NA,NA,NA,NA,NA,NA
2002,F,2002-10-18,JG,3,3,92,Y,DIOR,NA,NA,0,NA,NA,NA,NA,NA,NA,NA
2002,F,2002-10-18,JG,3,3,93,Y,DIOR,NA,NA,0,NA,NA,NA,NA,NA,NA,NA
2002,F,2002-10-18,JG,3,3,95,Y,DIOR,NA,NA,0,NA,NA,NA,NA,NA,NA,NA
2002,F,2002-10-18,JG,3,3,96,N,CHPE,M,A,15,Y,S,NA,NA,NA,NA,NA
2002,F,2002-10-18,JG,3,3,104,Y,DIOR,NA,NA,0,NA,NA,NA,NA,NA,NA,NA
2002,F,2002-10-18,JG,3,3,101,Y,SPSP,NA,NA,0,NA,NA,NA,NA,NA,NA,NA
2002,F,2002-10-18,JG,3,3,133,Y,DIOR,NA,NA,0,NA,NA,NA,NA,NA,NA,NA
2002,F,2002-10-18,JG,3,3,135,Y,DIOR,NA,NA,0,NA,NA,NA,NA,NA,NA,NA
2002,F,2002-10-18,JG,3,3,136,Y,DIOR,NA,NA,0,NA,NA,NA,NA,NA,NA,NA
2002,F,2002-10-18,JG,3,3,141,Y,CHPE,NA,NA,0,NA,NA,NA,NA,NA,NA,NA
2002,F,2002-10-18,JG,3,3,144,Y,DIOR,NA,NA,0,NA,NA,NA,NA,NA,NA,NA
2002,F,2002-10-18,JG,3,3,143,Y,DIOR,NA,NA,0,NA,NA,NA,NA,NA,NA,NA
2002,F,2002-10-18,JG,3,2,81,Y,DIOR,NA,NA,0,NA,NA,NA,NA,NA,NA,NA
2002,F,2002-10-18,JG,3,2,96,Y,DIOR,NA,NA,0,NA,NA,NA,NA,NA,NA,NA
2002,F,2002-10-18,JG,3,2,94,Y,DIOR,NA,NA,0,NA,NA,NA,NA,NA,NA,NA
2002,F,2002-10-18,JG,3,2,128,Y,DIOR,NA,NA,0,NA,NA,NA,NA,NA,NA,NA
2002,F,2002-10-18,JG,3,2,143,Y,SPSP,NA,NA,0,NA,NA,NA,NA,NA,NA,NA
2002,F,2002-10-18,JG,3,2,144,Y,DIOR,NA,NA,0,NA,NA,NA,NA,NA,NA,NA
2002,F,2002-10-18,JG,3,2,142,Y,DIOR,NA,NA,0,NA,NA,NA,NA,NA,NA,NA
2002,F,2002-10-18,JG,3,2,4,Y,CHPE,NA,NA,0,NA,NA,NA,NA,NA,NA,NA
2002,F,2002-10-18,JG,3,2,6,Y,CHPE,NA,NA,0,NA,NA,NA,NA,NA,NA,NA
2002,F,2002-10-18,JG,3,2,7,N,ONLE,M,A,33,N,NA,NA,NA,NA,NA,NA
2002,F,2002-10-18,JG,3,1,38,N,CHPE,F,A,17,Y,L,NA,NA,NA,3,NA
2002,F,2002-10-18,JG,3,1,28,Y,CHPE,NA,NA,0,NA,NA,NA,NA,NA,NA,NA
2002,F,2002-10-18,JG,3,1,33,NA,DIPO1,NA,NA,0,NA,NA,Y,N,NA,NA,NA
2002,F,2002-10-18,JG,3,1,35,Y,DISP,NA,NA,0,NA,NA,NA,NA,NA,NA,NA
2002,F,2002-10-18,JG,3,1,36,Y,DIOR,NA,NA,0,NA,NA,NA,NA,NA,NA,NA
2002,F,2002-10-18,JG,3,1,22,Y,DIOR,NA,NA,0,NA,NA,NA,NA,NA,NA,NA
2002,F,2002-10-18,JG,3,1,21,N,NEAL,M,A,118,N,NA,NA,NA,NA,NA,NA
2002,F,2002-10-18,JG,3,1,20,N,DIOR,F,A,59,Y,L,NA,NA,NA,NA,NA
2002,F,2002-10-18,JG,3,1,92,Y,DIOR,NA,NA,0,NA,NA,NA,NA,NA,NA,NA
2002,F,2002-10-18,JG,3,1,95,Y,DIOR,NA,NA,0,NA,NA,NA,NA,NA,NA,NA
2002,F,2002-10-18,JG,3,1,106,Y,DIOR,NA,NA,0,NA,NA,NA,NA,NA,NA,NA
2002,F,2002-10-18,JG,3,1,101,Y,DIOR,NA,NA,0,NA,NA,NA,NA,NA,NA,NA
2002,F,2002-10-16,JG,1,3,45,N,DIOR,M,A,52,Y,PS,NA,NA,NA,NA,NA
2002,F,2002-10-16,JG,1,3,36,N,SPSP,M,A,78,N,NA,NA,NA,NA,NA,NA
2002,F,2002-10-16,JG,1,3,35,N,DIOR,M,A,57,Y,PS,NA,NA,NA,NA,NA
2002,F,2002-10-16,JG,1,3,34,N,SPSP,M,A,90,N,NA,NA,NA,NA,NA,NA
2002,F,2002-10-16,JG,1,3,98,N,DIOR,M,A,43,N,NA,NA,NA,NA,NA,NA
2002,F,2002-10-16,JG,1,3,118,N,DIOR,F,A,52,N,NA,NA,NA,NA,NA,NA
2002,F,2002-10-16,JG,1,3,120,N,DIOR,M,A,48,N,NA,NA,NA,NA,NA,NA
2002,F,2002-10-16,JG,1,3,106,N,DIOR,M,A,48,Y,PS,NA,NA,NA,NA,NA
2002,F,2002-10-16,JG,1,3,126,N,DIOR,M,A,47,Y,PS,NA,NA,NA,NA,NA
2002,F,2002-10-16,JG,1,3,129,N,DIOR,F,A,44,N,NA,NA,NA,NA,NA,NA
2002,F,2002-10-16,JG,1,3,132,N,DIOR,F,A,42,N,NA,NA,NA,NA,NA,NA
2002,F,2002-10-16,JG,1,2,98,N,DIOR,M,A,55,Y,PS,NA,NA,NA,NA,NA
2002,F,2002-10-16,JG,1,2,94,N,DIOR,M,A,54,N,NA,NA,NA,NA,NA,NA
2002,F,2002-10-16,JG,1,2,96,N,DIOR,M,A,56,Y,PS,NA,NA,NA,NA,NA
2002,F,2002-10-16,JG,1,2,80,N,DIOR,M,A,49,Y,PS,NA,NA,NA,NA,NA
2002,F,2002-10-16,JG,1,2,104,N,DIOR,F,A,54,Y,L,NA,NA,NA,NA,NA
2002,F,2002-10-16,JG,1,2,105,N,DIOR,M,A,53,Y,PS,NA,NA,NA,NA,NA
2002,F,2002-10-16,JG,1,2,106,N,NEMI,M,A,230,N,NA,NA,NA,NA,NA,NA
2002,F,2002-10-16,JG,1,2,108,N,DIOR,M,A,46,Y,PS,NA,NA,NA,NA,NA
2002,F,2002-10-16,JG,1,2,119,N,DIOR,F,A,51,Y,L,NA,NA,NA,NA,NA
2002,F,2002-10-16,JG,1,2,117,N,DIOR,F,A,58,N,NA,NA,NA,NA,NA,NA
2002,F,2002-10-16,JG,1,1,79,N,DIOR,F,A,48,N,NA,NA,NA,NA,NA,NA
2002,F,2002-10-16,JG,1,1,80,N,DIOR,F,A,48,N,NA,NA,NA,NA,NA,NA
2002,F,2002-10-16,JG,1,1,81,N,DIOR,M,A,44,N,NA,NA,NA,NA,NA,NA
2002,F,2002-10-16,JG,1,1,84,N,DIOR,F,A,48,N,NA,NA,NA,NA,NA,NA
2002,F,2002-10-16,JG,1,1,96,N,DIOR,M,A,54,Y,PS,NA,NA,NA,NA,NA
2002,F,2002-10-16,JG,1,1,95,N,DIOR,M,A,45,N,NA,NA,NA,NA,NA,NA
2002,F,2002-10-16,JG,1,1,135,N,DISP,M,A,140,Y,PS,NA,NA,NA,NA,NA
2002,F,2002-10-16,JG,1,1,136,N,DIOR,M,A,46,Y,PS,NA,NA,NA,NA,NA
2002,F,2002-10-16,JG,1,1,137,N,DIOR,F,A,42,N,NA,NA,NA,NA,NA,NA
2002,F,2002-10-16,JG,1,1,140,N,DIOR,F,A,49,N,NA,NA,NA,NA,NA,NA
2002,F,2002-10-16,JG,1,1,12,N,DIOR,F,A,42,Y,V,NA,NA,NA,NA,NA
2002,F,2002-10-17,JG,2,3,65,Y,SPSP,NA,NA,0,NA,NA,NA,NA,NA,NA,NA
2002,F,2002-10-17,JG,2,3,66,Y,DIOR,NA,NA,0,NA,NA,NA,NA,NA,NA,NA
2002,F,2002-10-17,JG,2,3,83,Y,DIOR,NA,NA,0,NA,NA,NA,NA,NA,NA,NA
2002,F,2002-10-17,JG,2,3,92,N,NEAL,NA,J,72,N,NA,NA,NA,NA,NA,NA
2002,F,2002-10-17,JG,2,3,93,Y,DIOR,NA,NA,0,NA,NA,NA,NA,NA,NA,NA
2002,F,2002-10-17,JG,2,3,94,N,DIOR,F,A,55,Y,P,NA,NA,NA,NA,NA
2002,F,2002-10-17,JG,2,3,95,Y,DIOR,NA,NA,0,NA,NA,NA,NA,NA,NA,NA
2002,F,2002-10-17,JG,2,3,107,Y,DIOR,NA,NA,0,NA,NA,NA,NA,NA,NA,NA
2002,F,2002-10-17,JG,2,3,104,N,DIOR,M,A,54,Y,PS,NA,NA,NA,NA,NA
2002,F,2002-10-17,JG,2,3,101,Y,DIOR,NA,NA,0,NA,NA,NA,NA,NA,NA,NA
2002,F,2002-10-17,JG,2,2,135,N,DIOR,F,A,53,N,NA,NA,NA,NA,NA,NA
2002,F,2002-10-17,JG,2,2,143,N,DIOR,F,A,47,N,NA,NA,NA,NA,NA,NA
2002,F,2002-10-17,JG,2,2,144,Y,DIOR,NA,NA,0,NA,NA,NA,NA,NA,NA,NA
2002,F,2002-10-17,JG,2,2,4,N,CHPE,M,A,14,N,NA,NA,NA,NA,NA,NA
2002,F,2002-10-17,JG,2,2,60,Y,DIOR,NA,NA,0,NA,NA,NA,NA,NA,NA,NA
2002,F,2002-10-17,JG,2,2,93,Y,DIOR,NA,NA,0,NA,NA,NA,NA,NA,NA,NA
2002,F,2002-10-17,JG,2,2,94,Y,DIOR,NA,NA,0,NA,NA,NA,NA,NA,NA,NA
2002,F,2002-10-17,JG,2,2,95,Y,DISP,NA,NA,0,NA,NA,NA,NA,NA,NA,NA
2002,F,2002-10-17,JG,2,2,96,Y,DIOR,NA,NA,0,NA,NA,NA,NA,NA,NA,NA
2002,F,2002-10-17,JG,2,2,116,Y,DIOR,NA,NA,0,NA,NA,NA,NA,NA,NA,NA
2002,F,2002-10-17,JG,2,1,1,N,DISP,F,A,0,N,NA,Y,M,NA,NA,NA
2002,F,2002-10-17,JG,2,1,2,Y,ONLE,NA,NA,0,NA,NA,NA,NA,NA,NA,NA
2002,F,2002-10-17,JG,2,1,3,Y,DISP,NA,NA,0,NA,NA,NA,NA,NA,NA,NA
2002,F,2002-10-17,JG,2,1,9,Y,DIOR,NA,NA,0,NA,NA,NA,NA,NA,NA,NA
2002,F,2002-10-17,JG,2,1,12,Y,DIOR,NA,NA,0,NA,NA,NA,NA,NA,NA,NA
2002,F,2002-10-17,JG,2,1,23,Y,DIOR,NA,NA,0,NA,NA,NA,NA,NA,NA,NA
2002,F,2002-10-17,JG,2,1,22,N,DIOR,F,A,48,N,NA,NA,NA,NA,NA,NA
2002,F,2002-10-17,JG,2,1,128,Y,DIOR,NA,NA,0,NA,NA,NA,NA,NA,NA,NA
2002,F,2002-10-17,JG,2,1,131,N,SPSP,M,A,98,N,NA,NA,NA,NA,NA,NA
2002,F,2002-10-17,JG,2,1,144,Y,DIOR,NA,NA,0,NA,NA,NA,NA,NA,NA,NA
2002,F,2002-10-17,JG,2,1,143,N,DIOR,M,A,42,Y,S,NA,NA,NA,NA,NA
2002,F,2002-10-18,JG,3,3,59,Y,DIOR,NA,NA,0,NA,NA,NA,NA,NA,NA,NA
2002,F,2002-10-18,JG,3,3,58,Y,DIOR,NA,NA,0,NA,NA,NA,NA,NA,NA,NA
2002,F,2002-10-18,JG,3,3,71,N,CHPE,M,A,16,N,NA,NA,NA,NA,NA,NA
2002,F,2002-10-18,JG,3,3,115,Y,DIOR,NA,NA,0,NA,NA,NA,NA,NA,NA,NA
2002,F,2002-10-18,JG,3,3,117,Y,DIOR,NA,NA,0,NA,NA,NA,NA,NA,NA,NA
2002,F,2002-10-18,JG,3,3,120,Y,DIOR,NA,NA,0,NA,NA,NA,NA,NA,NA,NA
2002,F,2002-10-18,JG,3,3,131,Y,DIOR,NA,NA,0,NA,NA,NA,NA,NA,NA,NA
2002,F,2002-10-18,JG,3,3,129,Y,DIOR,NA,NA,0,NA,NA,NA,NA,NA,NA,NA
2002,F,2002-10-18,JG,3,2,100,Y,DIOR,NA,NA,0,NA,NA,NA,NA,NA,NA,NA
2002,F,2002-10-18,JG,3,2,102,Y,CHPE,NA,NA,0,NA,NA,NA,NA,NA,NA,NA
2002,F,2002-10-18,JG,3,2,104,Y,DIOR,NA,NA,0,NA,NA,NA,NA,NA,NA,NA
2002,F,2002-10-18,JG,3,2,105,Y,DISP,NA,NA,0,NA,NA,NA,NA,NA,NA,NA
2002,F,2002-10-18,JG,3,2,119,Y,SPSP,NA,NA,0,NA,NA,NA,NA,NA,NA,NA
2002,F,2002-10-18,JG,3,2,117,Y,DIOR,NA,NA,0,NA,NA,NA,NA,NA,NA,NA
2002,F,2002-10-18,JG,3,2,116,Y,DIOR,NA,NA,0,NA,NA,NA,NA,NA,NA,NA
2002,F,2002-10-18,JG,3,2,114,Y,DIOR,NA,NA,0,NA,NA,NA,NA,NA,NA,NA
2002,F,2002-10-18,JG,3,2,113,Y,DIOR,NA,NA,0,NA,NA,NA,NA,NA,NA,NA
2002,F,2002-10-18,JG,3,2,20,Y,DIOR,NA,NA,0,NA,NA,NA,NA,NA,NA,NA
2002,F,2002-10-18,JG,3,2,22,Y,DIOR,NA,NA,0,NA,NA,NA,NA,NA,NA,NA
2002,F,2002-10-18,JG,3,2,23,N,DIOR,M,A,55,N,NA,NA,NA,NA,NA,NA
2002,F,2002-10-18,JG,3,2,24,N,DIOR,F,A,46,N,NA,NA,NA,NA,NA,NA
2002,F,2002-10-18,JG,3,1,2,Y,DISP,NA,NA,0,NA,NA,NA,NA,NA,NA,NA
2002,F,2002-10-18,JG,3,1,3,N,DISP,M,A,130,Y,PS,NA,NA,NA,NA,NA
2002,F,2002-10-18,JG,3,1,6,Y,DIOR,NA,NA,0,NA,NA,NA,NA,NA,NA,NA
2002,F,2002-10-18,JG,3,1,9,Y,DIOR,NA,NA,0,NA,NA,NA,NA,NA,NA,NA
2002,F,2002-10-18,JG,3,1,11,Y,DIOR,NA,NA,0,NA,NA,NA,NA,NA,NA,NA
2002,F,2002-10-18,JG,3,1,12,N,DIOR,M,A,50,N,NA,NA,NA,NA,NA,NA
2002,F,2002-10-18,JG,3,1,116,Y,DIOR,NA,NA,0,NA,NA,NA,NA,NA,NA,NA
2002,F,2002-10-18,JG,3,1,132,Y,DIOR,NA,NA,0,NA,NA,NA,NA,NA,NA,NA
2002,F,2002-10-18,JG,3,1,131,Y,ONLE,NA,NA,0,NA,NA,NA,NA,NA,NA,NA
2002,F,2002-10-18,JG,3,1,127,N,DIOR,M,A,48,N,NA,NA,NA,NA,NA,NA
2002,F,2002-10-18,JG,3,1,126,N,CHPE,M,A,15,N,NA,NA,NA,NA,NA,NA
2002,F,2002-10-18,JG,3,1,124,Y,DIOR,NA,NA,0,NA,NA,NA,NA,NA,NA,NA
2004,F,2004-10-13,JG,1,3,25,N,CHPE,F,A,20,Y,P,NA,NA,NA,NA,NA
2004,F,2004-10-13,JG,1,3,137,N,CHPE,F,A,14,N,NA,NA,NA,NA,2,NA
2004,F,2004-10-13,JG,1,2,69,N,DIOR,M,A,59,Y,S,NA,NA,NA,NA,NA
2004,F,2004-10-13,JG,1,2,103,N,CHPE,F,A,16,Y,P,NA,NA,NA,NA,NA
2004,F,2004-10-13,JG,1,2,107,N,DIOR,F,A,58,Y,L,NA,NA,NA,NA,NA
2004,F,2004-10-13,JG,1,2,93,N,CHPE,F,A,12,N,NA,NA,NA,NA,NA,NA
2004,F,2004-10-13,JG,1,2,91,N,DISP,F,A,144,Y,L,NA,NA,NA,NA,NA
2004,F,2004-10-13,JG,1,2,89,N,DISP,M,A,171,Y,S,NA,NA,NA,NA,NA
2004,F,2004-10-13,JG,1,1,56,N,DIOR,F,A,53,Y,L,NA,NA,NA,NA,NA
2004,F,2004-10-13,JG,1,1,54,N,CHPE,F,A,15,Y,L,NA,NA,NA,NA,NA
2004,F,2004-10-13,JG,1,1,50,N,CHPE,M,A,14,N,NA,NA,NA,NA,4,NA
2004,F,2004-10-13,JG,1,1,95,N,SPSP,M,A,90,Y,PS,NA,NA,NA,NA,NA
2004,F,2004-10-13,JG,1,1,73,N,ONLE,M,A,44,Y,S,NA,NA,NA,NA,NA
2004,F,2004-10-13,JG,1,1,77,N,DIOR,F,A,69,Y,L,NA,NA,NA,NA,NA
2004,F,2004-10-14,JG,2,3,108,N,CHPE,F,A,17,Y,L,NA,NA,NA,4,NA
2004,F,2004-10-14,JG,2,3,96,N,DIOR,F,A,62,Y,L,NA,NA,NA,NA,NA
2004,F,2004-10-14,JG,2,3,92,N,CHPE,M,A,15,N,NA,NA,NA,NA,NA,NA
2004,F,2004-10-14,JG,2,3,113,Y,CHPE,NA,NA,0,NA,NA,NA,NA,NA,NA,NA
2004,F,2004-10-14,JG,2,3,119,N,CHPE,M,A,17,N,NA,NA,NA,NA,NA,NA
2004,F,2004-10-14,JG,2,3,132,N,CHPE,F,A,14,N,NA,NA,NA,NA,NA,NA
2004,F,2004-10-14,JG,2,3,129,N,DIOR,M,A,71,Y,S,NA,NA,NA,NA,NA
2004,F,2004-10-14,JG,2,3,137,Y,CHPE,NA,NA,0,NA,NA,NA,NA,NA,NA,NA
2004,F,2004-10-14,JG,2,2,58,N,ONLE,F,A,33,Y,P,NA,NA,NA,NA,NA
2004,F,2004-10-14,JG,2,2,72,N,SPSP,M,A,82,N,NA,NA,NA,NA,NA,NA
2004,F,2004-10-14,JG,2,2,69,N,DIOR,M,A,64,Y,S,NA,NA,NA,NA,NA
2004,F,2004-10-14,JG,2,2,75,Y,DISP,NA,NA,0,NA,NA,NA,NA,NA,NA,NA
2004,F,2004-10-14,JG,2,2,77,Y,CHPE,NA,NA,0,NA,NA,NA,NA,NA,NA,NA
2004,F,2004-10-14,JG,2,2,82,N,DIOR,F,A,63,Y,L,NA,NA,NA,NA,NA
2004,F,2004-10-14,JG,2,2,93,N,CHPE,F,A,14,Y,L,NA,NA,NA,NA,NA
2004,F,2004-10-14,JG,2,2,91,Y,DISP,NA,NA,0,NA,NA,NA,NA,NA,NA,NA
2004,F,2004-10-14,JG,2,2,103,Y,DIOR,NA,NA,0,NA,NA,NA,NA,NA,3,NA
2004,F,2004-10-14,JG,2,2,105,Y,DIOR,NA,NA,0,NA,NA,NA,NA,NA,NA,NA
2004,F,2004-10-14,JG,2,2,120,N,CHPE,M,A,14,N,NA,NA,NA,NA,NA,NA
2004,F,2004-10-14,JG,2,2,115,N,DIOR,M,A,68,Y,S,NA,NA,NA,NA,NA
2004,F,2004-10-14,JG,2,2,113,Y,DIOR,NA,NA,0,NA,NA,NA,NA,NA,NA,NA
2004,F,2004-10-14,JG,2,1,74,N,ONLE,M,A,42,Y,S,NA,NA,NA,NA,NA
2004,F,2004-10-14,JG,2,1,75,N,CHPE,M,A,14,N,NA,NA,NA,NA,NA,NA
2004,F,2004-10-14,JG,2,1,77,NA,DIPO1,NA,NA,0,NA,NA,Y,N,NA,NA,NA
2004,F,2004-10-14,JG,2,1,102,N,CHPE,F,A,14,N,NA,NA,NA,NA,9,NA
2004,F,2004-10-14,JG,2,1,104,N,DIOR,M,A,60,Y,S,NA,NA,NA,NA,NA
2004,F,2004-10-14,JG,2,1,105,Y,DIOR,NA,NA,0,NA,NA,NA,NA,NA,NA,NA
2004,F,2004-10-14,JG,2,1,106,N,DIOR,M,A,53,Y,S,NA,NA,NA,NA,NA
2004,F,2004-10-14,JG,2,1,108,N,DIOR,F,A,65,Y,P,NA,NA,NA,NA,NA
2004,F,2004-10-14,JG,2,1,129,N,DIOR,M,A,59,Y,S,NA,NA,NA,NA,NA
2004,F,2004-10-14,JG,2,1,132,N,SPSP,NA,J,53,N,NA,NA,NA,NA,NA,NA
2004,F,2004-10-14,JG,2,1,144,Y,SPSP,NA,NA,0,NA,NA,NA,NA,NA,NA,NA
2004,F,2004-10-14,JG,2,1,143,Y,SPSP,NA,NA,0,NA,NA,NA,NA,NA,NA,NA
2004,F,2004-10-14,JG,2,1,141,Y,SPSP,NA,NA,0,NA,NA,NA,NA,NA,NA,NA
2004,F,2004-10-15,JG,3,1,100,Y,CHPE,NA,NA,0,NA,NA,NA,NA,NA,5,NA
2004,F,2004-10-15,JG,3,1,102,Y,CHPE,NA,NA,0,NA,NA,NA,NA,NA,NA,NA
2004,F,2004-10-15,JG,3,1,107,N,CHPE,M,A,15,N,NA,NA,NA,NA,NA,NA
2004,F,2004-10-15,JG,3,1,108,Y,SPSP,NA,NA,0,NA,NA,NA,NA,NA,NA,NA
2004,F,2004-10-15,JG,3,1,125,N,SPSP,F,A,98,Y,L,NA,NA,NA,NA,NA
2004,F,2004-10-15,JG,3,1,127,Y,DIOR,NA,NA,0,NA,NA,NA,NA,NA,NA,NA
2004,F,2004-10-15,JG,3,1,128,Y,DIOR,NA,NA,0,NA,NA,NA,NA,NA,NA,NA
2004,F,2004-10-15,JG,3,1,144,N,SPSP,NA,J,53,N,NA,NA,NA,NA,NA,NA
2004,F,2004-10-15,JG,3,1,143,N,SPSP,NA,J,51,N,NA,NA,NA,NA,NA,NA
2004,F,2004-10-15,JG,3,1,143,N,SPSP,NA,J,53,N,NA,NA,NA,NA,NA,NA
2004,F,2004-10-15,JG,3,1,140,Y,SPSP,NA,NA,0,NA,NA,NA,NA,NA,NA,NA
2004,F,2004-10-15,JG,3,1,5,N,ONLE,F,A,33,N,NA,NA,NA,NA,NA,NA
2004,F,2004-10-15,JG,3,1,6,Y,DIOR,NA,NA,0,NA,NA,NA,NA,NA,NA,NA
2004,F,2004-10-15,JG,3,1,9,Y,DIOR,NA,NA,0,NA,NA,NA,NA,NA,NA,NA
2004,F,2004-10-15,JG,3,1,10,N,ONLE,F,A,31,N,NA,NA,NA,NA,NA,NA
2004,F,2004-10-15,JG,3,2,23,N,DIOR,F,A,56,Y,L;V,NA,NA,NA,NA,NA
2004,F,2004-10-15,JG,3,2,22,Y,DISP,NA,NA,0,NA,NA,NA,NA,NA,NA,NA
2004,F,2004-10-15,JG,3,2,19,Y,CHPE,NA,NA,0,NA,NA,NA,NA,NA,NA,NA
2004,F,2004-10-15,JG,3,2,17,N,ONLE,F,A,36,Y,P,NA,NA,NA,NA,NA
2004,F,2004-10-15,JG,3,2,15,Y,DIOR,NA,NA,0,NA,NA,NA,NA,NA,NA,NA
2004,F,2004-10-15,JG,3,2,48,Y,CHPE,NA,NA,0,NA,NA,NA,NA,NA,5,NA
2004,F,2004-10-15,JG,3,2,47,Y,DISP,NA,NA,0,NA,NA,NA,NA,NA,NA,NA
2004,F,2004-10-15,JG,3,2,40,Y,DIOR,NA,NA,0,NA,NA,NA,NA,NA,NA,NA
2004,F,2004-10-15,JG,3,3,137,Y,CHPE,NA,NA,0,NA,NA,NA,NA,NA,NA,NA
2004,F,2004-10-15,JG,3,3,139,N,CHPE,F,A,16,Y,L,NA,NA,NA,NA,NA
2004,F,2004-10-15,JG,3,3,19,N,DIOR,F,A,60,Y,L,NA,NA,NA,NA,NA
2004,F,2004-10-15,JG,3,3,22,Y,CHPE,NA,NA,0,NA,NA,NA,NA,NA,NA,NA
2004,F,2004-10-15,JG,3,3,23,Y,CHPE,NA,NA,0,NA,NA,NA,NA,NA,1,NA
2004,F,2004-10-15,JG,3,3,41,Y,DISP,NA,NA,0,NA,NA,NA,NA,NA,NA,NA
2004,F,2004-10-15,JG,3,3,60,Y,DISP,NA,NA,0,NA,NA,NA,NA,NA,NA,NA
2004,F,2004-10-13,JG,1,3,113,N,CHPE,M,A,15,N,NA,NA,NA,NA,NA,NA
2004,F,2004-10-13,JG,1,2,19,N,CHPE,F,A,16,N,NA,NA,NA,NA,NA,NA
2004,F,2004-10-13,JG,1,1,145,N,CHPE,M,A,14,N,NA,NA,NA,NA,NA,NA
2004,F,2004-10-13,JG,1,1,144,N,SPSP,NA,J,51,N,NA,NA,NA,NA,NA,NA
2004,F,2004-10-13,JG,1,1,143,N,SPSP,NA,J,53,N,NA,NA,NA,NA,NA,NA
2004,F,2004-10-13,JG,1,1,143,N,SPSP,NA,J,54,N,NA,NA,NA,NA,NA,NA
2004,F,2004-10-14,JG,2,3,22,N,CHPE,M,A,15,N,NA,NA,NA,NA,NA,NA
2004,F,2004-10-14,JG,2,2,46,N,DISP,F,A,130,N,NA,NA,NA,NA,NA,NA
2004,F,2004-10-14,JG,2,2,21,N,DISP,F,A,177,N,NA,NA,NA,NA,NA,NA
2004,F,2004-10-14,JG,2,2,18,N,SPSP,M,A,58,N,NA,NA,NA,NA,NA,NA
2004,F,2004-10-14,JG,2,1,58,N,DISP,F,A,145,N,NA,NA,NA,NA,NA,NA
2004,F,2004-10-14,JG,2,1,31,N,CHPE,F,A,14,N,NA,NA,NA,NA,NA,NA
2004,F,2004-10-14,JG,2,1,7,N,CHPE,M,A,12,N,NA,NA,NA,NA,NA,NA
2004,F,2004-10-15,JG,3,1,34,N,CHPE,F,A,13,N,NA,NA,NA,NA,NA,NA
2004,F,2004-10-15,JG,3,1,48,N,SPSP,F,A,82,N,NA,NA,NA,NA,NA,NA
2004,F,2004-10-15,JG,3,2,67,N,SPSP,M,A,90,N,NA,NA,NA,NA,NA,NA
2004,F,2004-10-15,JG,3,2,105,N,DIOR,F,A,58,N,NA,NA,NA,NA,NA,NA
2004,F,2004-10-15,JG,3,3,123,N,SPSP,M,A,88,N,NA,NA,NA,NA,NA,NA
2004,F,2004-10-15,JG,3,3,120,N,SPSP,NA,J,52,N,NA,NA,NA,NA,NA,NA
2004,F,2004-10-15,JG,3,3,91,N,SPSP,NA,J,78,N,NA,NA,NA,NA,NA,NA
2004,F,2004-10-14,JG,2,2,8,N,DISP,F,A,145,N,NA,NA,NA,NA,NA,NA
2004,F,2004-10-14,JG,2,1,12,N,DIOR,F,A,76,Y,V,NA,NA,NA,NA,NA
2004,F,2004-10-13,JG,1,3,41,N,DISP,M,A,140,Y,S,NA,NA,NA,NA,NA
2004,F,2004-10-13,JG,1,3,60,N,DIOR,M,A,48,Y,S,NA,NA,NA,NA,NA
2004,F,2004-10-13,JG,1,2,23,N,DIOR,M,A,58,Y,S,NA,NA,NA,3,NA
2004,F,2004-10-13,JG,1,2,113,N,DIOR,M,A,62,Y,S,NA,NA,NA,NA,NA
2004,F,2004-10-13,JG,1,2,114,N,DIOR,M,A,62,Y,S,NA,NA,NA,NA,NA
2004,F,2004-10-13,JG,1,2,86,N,DIOR,M,A,63,Y,S,NA,NA,NA,NA,NA
2004,F,2004-10-13,JG,1,1,127,N,DIOR,F,A,72,Y,P,NA,NA,NA,NA,NA
2004,F,2004-10-13,JG,1,1,131,N,DIOR,M,A,59,Y,S,NA,NA,NA,NA,NA
2004,F,2004-10-14,JG,2,3,65,N,DISP,M,A,0,Y,S,Y,M,NA,NA,NA
2004,F,2004-10-14,JG,2,3,76,N,PGFL,F,A,11,Y,P,NA,NA,NA,NA,NA
2004,F,2004-10-14,JG,2,2,35,N,DIOR,F,A,72,Y,P,NA,NA,NA,NA,NA
2004,F,2004-10-14,JG,2,1,53,N,DIOR,M,A,61,Y,S,NA,NA,NA,NA,NA
2004,F,2004-10-14,JG,2,1,5,N,DIOR,M,A,49,Y,S,NA,NA,NA,NA,NA
2004,F,2004-10-14,JG,2,1,11,N,DIOR,F,A,61,Y,L,NA,NA,NA,NA,NA
2004,F,2004-10-15,JG,3,1,35,N,DIOR,M,A,55,Y,S,NA,NA,NA,NA,NA
2004,F,2004-10-15,JG,3,2,119,N,DIOR,F,A,57,Y,L,NA,NA,NA,NA,NA
2004,F,2004-10-15,JG,3,2,113,N,DIOR,M,A,65,Y,S,NA,NA,NA,NA,NA
2004,F,2004-10-15,JG,3,3,129,N,SPSP,F,A,115,Y,L,NA,NA,NA,NA,NA
2004,F,2004-10-15,JG,3,3,83,N,SPSP,F,A,130,Y,L,NA,NA,NA,NA,NA
2004,F,2004-10-13,JG,1,1,10,N,ONLE,NA,NA,0,NA,NA,Y,U,NA,NA,NA
2004,F,2004-10-14,JG,2,3,41,Y,DISP,NA,NA,0,NA,NA,NA,NA,NA,NA,NA
2004,F,2004-10-14,JG,2,3,59,Y,DISP,NA,NA,0,NA,NA,NA,NA,NA,NA,NA
2004,F,2004-10-14,JG,2,3,70,Y,DIOR,NA,NA,0,NA,NA,NA,NA,NA,NA,NA
2004,F,2004-10-14,JG,2,3,82,Y,DIOR,NA,NA,0,NA,NA,NA,NA,NA,NA,NA
2004,F,2004-10-14,JG,2,3,24,Y,CHPE,NA,NA,0,NA,NA,NA,NA,NA,NA,NA
2004,F,2004-10-14,JG,2,2,41,Y,DIOR,NA,NA,0,NA,NA,NA,NA,NA,NA,NA
2004,F,2004-10-14,JG,2,2,48,Y,CHPE,NA,NA,0,NA,NA,NA,NA,NA,NA,NA
2004,F,2004-10-14,JG,2,2,19,Y,CHPE,NA,NA,0,NA,NA,NA,NA,NA,NA,NA
2004,F,2004-10-14,JG,2,2,144,Y,DIOR,NA,NA,0,NA,NA,NA,NA,NA,NA,NA
2004,F,2004-10-14,JG,2,1,61,Y,SPSP,NA,NA,0,NA,NA,NA,NA,NA,NA,NA
2004,F,2004-10-14,JG,2,1,65,Y,DIOR,NA,NA,0,NA,NA,NA,NA,NA,NA,NA
2004,F,2004-10-14,JG,2,1,70,Y,CHPE,NA,NA,0,NA,NA,NA,NA,NA,NA,NA
2004,F,2004-10-14,JG,2,1,26,Y,CHPE,NA,NA,0,NA,NA,NA,NA,NA,NA,NA
2004,F,2004-10-14,JG,2,1,28,Y,DISP,NA,NA,0,NA,NA,NA,NA,NA,NA,NA
2004,F,2004-10-14,JG,2,1,35,Y,DISP,NA,NA,0,NA,NA,NA,NA,NA,NA,NA
2004,F,2004-10-14,JG,2,1,36,Y,DIOR,NA,NA,0,NA,NA,NA,NA,NA,NA,NA
2004,F,2004-10-15,JG,3,1,33,Y,DIOR,NA,NA,0,NA,NA,NA,NA,NA,NA,NA
2004,F,2004-10-15,JG,3,1,37,Y,DIOR,NA,NA,0,NA,NA,NA,NA,NA,NA,NA
2004,F,2004-10-15,JG,3,1,50,Y,CHPE,NA,NA,0,NA,NA,NA,NA,NA,NA,NA
2004,F,2004-10-15,JG,3,1,52,Y,DIOR,NA,NA,0,NA,NA,NA,NA,NA,NA,NA
2004,F,2004-10-15,JG,3,1,54,Y,DIOR,NA,NA,0,NA,NA,NA,NA,NA,NA,NA
2004,F,2004-10-15,JG,3,1,59,Y,DISP,NA,NA,0,NA,NA,NA,NA,NA,NA,NA
2004,F,2004-10-15,JG,3,1,70,Y,DISP,NA,NA,0,NA,NA,NA,NA,NA,NA,NA
2004,F,2004-10-15,JG,3,2,66,Y,DIOR,NA,NA,0,NA,NA,NA,NA,NA,NA,NA
2004,F,2004-10-15,JG,3,2,96,Y,DIOR,NA,NA,0,NA,NA,NA,NA,NA,NA,NA
2004,F,2004-10-15,JG,3,2,91,Y,DISP,NA,NA,0,NA,NA,NA,NA,NA,NA,NA
2004,F,2004-10-15,JG,3,2,90,Y,DISP,NA,NA,0,NA,NA,NA,NA,NA,NA,NA
2004,F,2004-10-15,JG,3,2,89,Y,CHPE,NA,NA,0,NA,NA,NA,NA,NA,NA,NA
2004,F,2004-10-15,JG,3,2,117,Y,DIOR,NA,NA,0,NA,NA,NA,NA,NA,NA,NA
2004,F,2004-10-15,JG,3,3,113,Y,CHPE,NA,NA,0,NA,NA,NA,NA,NA,NA,NA
2004,F,2004-10-15,JG,3,3,108,Y,CHPE,NA,NA,0,NA,NA,NA,NA,NA,NA,NA
2004,F,2004-10-15,JG,3,3,95,Y,DIOR,NA,NA,0,NA,NA,NA,NA,NA,NA,NA
2004,F,2004-10-15,JG,3,3,82,Y,DIOR,NA,NA,0,NA,NA,NA,NA,NA,NA,NA
2004,F,2004-10-13,JG,1,3,71,N,DISP,M,A,137,N,NA,NA,NA,NA,NA,NA
2004,F,2004-10-13,JG,1,3,80,N,DIOR,F,A,50,Y,L,NA,NA,NA,NA,NA
2004,F,2004-10-13,JG,1,2,43,N,DIOR,F,A,56,Y,L,NA,NA,NA,NA,NA
2004,F,2004-10-13,JG,1,2,44,N,DISP,M,A,133,Y,S,NA,NA,NA,NA,NA
2004,F,2004-10-13,JG,1,2,45,N,CHPE,F,A,18,N,NA,NA,NA,NA,NA,NA
2004,F,2004-10-13,JG,1,2,53,N,DISP,F,A,84,Y,L,NA,NA,NA,NA,NA
2004,F,2004-10-13,JG,1,2,144,N,CHPE,M,A,15,NA,NA,Y,M,NA,NA,NA
2004,F,2004-10-13,JG,1,1,25,N,DISP,M,A,160,Y,S,NA,NA,NA,NA,NA
2004,F,2004-10-13,JG,1,1,36,N,DIOR,F,A,55,Y,L,NA,NA,NA,NA,NA
2004,F,2004-10-13,JG,1,1,70,N,CHPE,F,A,13,N,NA,NA,NA,NA,NA,NA
2004,F,2004-10-13,JG,1,1,72,N,DISP,M,A,171,Y,S,NA,NA,NA,NA,NA
2005,F,2005-10-04,JG,1,3,44,N,DIOR,F,A,62,Y,L,NA,NA,NA,NA,NA
2005,F,2005-10-04,JG,1,3,45,N,CHPE,M,A,14,N,NA,NA,NA,NA,NA,NA
2005,F,2005-10-04,JG,1,3,111,N,CHPE,M,A,15,N,NA,NA,NA,NA,NA,NA
2005,F,2005-10-04,JG,1,3,112,N,CHPE,M,A,0,N,NA,Y,M,NA,NA,NA
2005,F,2005-10-04,JG,1,2,17,N,CHPE,M,A,15,N,NA,NA,NA,NA,NA,NA
2005,F,2005-10-04,JG,1,2,20,N,SPSP,M,A,80,Y,PS,NA,NA,NA,3,NA
2005,F,2005-10-04,JG,1,2,32,N,ONLE,NA,NA,0,NA,NA,Y,U,NA,NA,NA
2005,F,2005-10-04,JG,1,2,28,N,CHPE,F,A,16,Y,L,NA,NA,NA,NA,NA
2005,F,2005-10-04,JG,1,1,65,N,DIOR,M,A,60,Y,S,NA,NA,NA,NA,NA
2005,F,2005-10-04,JG,1,1,80,N,CHPE,F,A,17,N,NA,NA,NA,NA,NA,NA
2005,F,2005-10-04,JG,1,1,75,N,DIOR,F,A,64,Y,L,NA,NA,NA,NA,NA
2005,F,2005-10-04,JG,1,1,25,N,DIOR,M,A,68,Y,S,NA,NA,NA,NA,NA
2005,F,2005-10-04,JG,1,1,32,N,SPSP,M,A,82,N,NA,NA,NA,NA,NA,NA
2005,F,2005-10-04,JG,1,1,36,N,ONLE,M,A,35,N,NA,NA,NA,NA,NA,NA
2005,F,2005-10-05,JG,2,1,89,N,DIOR,M,A,63,Y,S,NA,NA,NA,NA,NA
2005,F,2005-10-05,JG,2,1,105,N,CHPE,F,A,16,N,NA,NA,NA,NA,NA,NA
2005,F,2005-10-05,JG,2,1,100,N,PGFL,F,A,6,N,NA,NA,NA,NA,NA,NA
2005,F,2005-10-05,JG,2,1,99,Y,CHPE,NA,NA,0,NA,NA,NA,NA,NA,NA,NA
2005,F,2005-10-05,JG,2,1,98,Y,DIOR,NA,NA,0,NA,NA,NA,NA,NA,NA,NA
2005,F,2005-10-05,JG,2,1,18,Y,CHPE,NA,NA,0,NA,NA,NA,NA,NA,NA,NA
2005,F,2005-10-05,JG,2,1,30,N,DIOR,F,A,59,Y,L,NA,NA,NA,NA,NA
2005,F,2005-10-05,JG,2,1,58,N,CHPE,F,A,14,N,NA,NA,NA,NA,NA,NA
2005,F,2005-10-05,JG,2,2,43,N,DIOR,M,A,63,Y,S,NA,NA,NA,NA,NA
2005,F,2005-10-05,JG,2,2,45,N,DIOR,M,A,61,Y,S,NA,NA,NA,NA,NA
2005,F,2005-10-05,JG,2,2,46,N,CHPE,M,A,17,N,NA,NA,NA,NA,6,NA
2005,F,2005-10-05,JG,2,2,48,N,CHPE,F,A,16,N,NA,NA,NA,NA,NA,NA
2005,F,2005-10-05,JG,2,2,49,N,DIOR,M,A,58,Y,S,NA,NA,NA,NA,NA
2005,F,2005-10-05,JG,2,2,112,Y,DIOR,NA,NA,0,NA,NA,NA,NA,NA,NA,NA
2005,F,2005-10-05,JG,2,2,114,N,DIOR,M,A,72,Y,S,NA,NA,NA,NA,NA
2005,F,2005-10-05,JG,2,2,116,N,CHPE,M,A,17,N,NA,NA,NA,NA,NA,NA
2005,F,2005-10-05,JG,2,3,21,Y,CHPE,NA,NA,0,NA,NA,NA,NA,NA,NA,NA
2005,F,2005-10-05,JG,2,3,35,Y,SPSP,NA,NA,0,NA,NA,NA,NA,NA,4,NA
2005,F,2005-10-05,JG,2,3,27,N,CHPE,F,A,18,Y,L,NA,NA,NA,NA,NA
2005,F,2005-10-05,JG,2,3,135,Y,CHPE,NA,NA,0,NA,NA,NA,NA,NA,NA,NA
2005,F,2005-10-05,JG,2,3,142,N,CHPE,F,A,13,N,NA,NA,NA,NA,NA,NA
2005,F,2005-10-05,JG,2,3,123,N,DIME,F,A,44,Y,V,NA,NA,NA,NA,NA
2005,F,2005-10-06,JG,3,3,71,N,DIME,M,A,62,Y,S,NA,NA,NA,NA,NA
2005,F,2005-10-06,JG,3,3,72,N,CHPE,F,A,15,N,NA,NA,NA,NA,NA,NA
2005,F,2005-10-06,JG,3,3,84,N,CHPE,F,A,16,Y,L,NA,NA,NA,NA,NA
2005,F,2005-10-06,JG,3,3,82,N,DISP,F,A,110,N,NA,NA,NA,NA,NA,NA
2005,F,2005-10-06,JG,3,3,81,Y,CHPE,NA,NA,0,NA,NA,NA,NA,NA,NA,NA
2005,F,2005-10-06,JG,3,3,80,N,DIOR,F,A,53,Y,L,NA,NA,NA,NA,NA
2005,F,2005-10-06,JG,3,3,77,Y,SPSP,NA,NA,0,NA,NA,NA,NA,NA,NA,NA
2005,F,2005-10-06,JG,3,3,76,Y,CHPE,NA,NA,0,NA,NA,NA,NA,NA,NA,NA
2005,F,2005-10-06,JG,3,3,75,N,PGFL,M,A,7,N,NA,NA,NA,NA,NA,NA
2005,F,2005-10-06,JG,3,3,73,Y,CHPE,NA,NA,0,NA,NA,NA,NA,NA,NA,NA
2005,F,2005-10-06,JG,3,3,92,Y,CHPE,NA,NA,0,NA,NA,NA,NA,NA,NA,NA
2005,F,2005-10-06,JG,3,3,93,N,DIOR,F,A,54,Y,L,NA,NA,NA,NA,NA
2005,F,2005-10-06,JG,3,3,125,N,PGFL,M,A,6,N,NA,NA,NA,NA,NA,NA
2005,F,2005-10-06,JG,3,2,42,N,DIOR,F,A,53,Y,L,NA,NA,NA,NA,NA
2005,F,2005-10-06,JG,3,2,43,N,CHPE,F,A,16,Y,L,NA,NA,NA,NA,NA
2005,F,2005-10-06,JG,3,2,44,Y,DIOR,NA,NA,0,NA,NA,NA,NA,NA,NA,NA
2005,F,2005-10-06,JG,3,2,45,Y,CHPE,NA,NA,0,NA,NA,NA,NA,NA,NA,NA
2005,F,2005-10-06,JG,3,2,47,Y,DIOR,NA,NA,0,NA,NA,NA,NA,NA,NA,NA
2005,F,2005-10-06,JG,3,2,48,N,CHPE,M,A,14,N,NA,NA,NA,NA,NA,NA
2005,F,2005-10-06,JG,3,2,53,Y,CHPE,NA,NA,0,NA,NA,NA,NA,NA,NA,NA
2005,F,2005-10-06,JG,3,2,86,Y,DIOR,NA,NA,0,NA,NA,NA,NA,NA,NA,NA
2005,F,2005-10-06,JG,3,2,89,Y,SPSP,NA,NA,0,NA,NA,NA,NA,NA,NA,NA
2005,F,2005-10-06,JG,3,2,94,N,DIOR,F,A,72,Y,P,NA,NA,NA,NA,NA
2005,F,2005-10-06,JG,3,2,96,Y,CHPE,NA,NA,0,NA,NA,NA,NA,NA,NA,NA
2005,F,2005-10-06,JG,3,2,107,N,CHPE,F,A,16,Y,L,NA,NA,NA,NA,NA
2005,F,2005-10-06,JG,3,2,106,N,CHPE,M,A,15,N,NA,NA,NA,NA,NA,NA
2005,F,2005-10-06,JG,3,1,68,Y,DISP,NA,NA,0,NA,NA,NA,NA,NA,NA,NA
2005,F,2005-10-06,JG,3,1,69,N,CHPE,M,A,15,N,NA,NA,NA,NA,NA,NA
2005,F,2005-10-06,JG,3,1,84,N,DIOR,F,A,57,N,NA,NA,NA,NA,NA,NA
2005,F,2005-10-06,JG,3,1,80,Y,CHPE,NA,NA,0,NA,NA,NA,NA,NA,NA,NA
2005,F,2005-10-06,JG,3,1,78,Y,CHPE,NA,NA,0,NA,NA,NA,NA,NA,6,NA
2005,F,2005-10-06,JG,3,1,119,Y,CHPE,NA,NA,0,NA,NA,NA,NA,NA,NA,NA
2005,F,2005-10-06,JG,3,1,132,Y,DIOR,NA,NA,0,NA,NA,NA,NA,NA,NA,NA
2005,F,2005-10-06,JG,3,1,131,N,DIOR,F,A,74,Y,P,NA,NA,NA,NA,NA
2005,F,2005-10-06,JG,3,1,127,Y,DIOR,NA,NA,0,NA,NA,NA,NA,NA,NA,NA
2005,F,2005-10-06,JG,3,1,123,N,SPSP,NA,J,95,N,NA,NA,NA,NA,NA,NA
2005,F,2005-10-06,JG,3,1,122,Y,DISP,NA,NA,0,NA,NA,NA,NA,NA,NA,NA
2005,F,2005-10-04,JG,1,3,65,N,CHPE,M,A,13,Y,S,NA,NA,NA,NA,NA
2005,F,2005-10-04,JG,1,3,84,N,CHPE,M,A,15,Y,S,NA,NA,NA,NA,NA
2005,F,2005-10-04,JG,1,3,76,N,CHPE,M,A,13,Y,S,NA,NA,NA,NA,NA
2005,F,2005-10-04,JG,1,3,93,N,DIOR,M,A,61,Y,S,NA,NA,NA,NA,NA
2005,F,2005-10-04,JG,1,3,94,N,DIOR,M,A,53,Y,S,NA,NA,NA,NA,NA
2005,F,2005-10-04,JG,1,3,95,N,CHPE,M,A,12,N,NA,NA,NA,NA,3,NA
2005,F,2005-10-04,JG,1,2,110,N,DIOR,M,A,42,N,NA,NA,NA,NA,NA,NA
2005,F,2005-10-04,JG,1,2,131,N,DIOR,M,A,50,Y,S,NA,NA,NA,NA,NA
2005,F,2005-10-04,JG,1,2,121,N,DIOR,M,A,55,N,NA,NA,NA,NA,NA,NA
2005,F,2005-10-04,JG,1,2,48,N,ONAR,M,A,19,N,NA,NA,NA,NA,NA,NA
2005,F,2005-10-04,JG,1,2,54,N,CHPE,F,A,12,Y,L,NA,NA,NA,NA,NA
2005,F,2005-10-04,JG,1,1,88,N,CHPE,M,A,12,N,NA,NA,NA,NA,NA,NA
2005,F,2005-10-04,JG,1,1,105,N,CHPE,M,A,12,N,NA,NA,NA,NA,7,NA
2005,F,2005-10-04,JG,1,1,141,N,DIOR,M,A,55,Y,S,NA,NA,NA,NA,NA
2005,F,2005-10-04,JG,1,1,4,N,CHPE,F,A,15,N,NA,NA,NA,NA,NA,NA
2005,F,2005-10-04,JG,1,1,41,N,CHPE,M,A,12,N,NA,NA,NA,NA,NA,NA
2005,F,2005-10-04,JG,1,1,45,N,CHPE,M,A,14,N,NA,NA,NA,NA,NA,NA
2005,F,2005-10-04,JG,1,1,59,N,DIOR,M,A,54,Y,PS,NA,NA,NA,NA,NA
2005,F,2005-10-05,JG,2,1,66,Y,DIOR,NA,NA,0,NA,NA,NA,NA,NA,NA,NA
2005,F,2005-10-05,JG,2,1,67,N,CHPE,M,A,15,N,NA,NA,NA,NA,NA,NA
2005,F,2005-10-05,JG,2,1,70,N,DIOR,M,A,0,Y,S,Y,M,NA,NA,NA
2005,F,2005-10-05,JG,2,1,71,N,DISP,M,A,130,Y,S,NA,NA,NA,NA,NA
2005,F,2005-10-05,JG,2,1,83,N,DIOR,F,A,65,Y,P,NA,NA,NA,10,NA
2005,F,2005-10-05,JG,2,1,80,N,CHPE,M,A,12,N,NA,NA,NA,NA,NA,NA
2005,F,2005-10-05,JG,2,1,79,Y,CHPE,NA,NA,0,NA,NA,NA,NA,NA,NA,NA
2005,F,2005-10-05,JG,2,1,135,N,DIOR,M,A,49,Y,S,NA,NA,NA,NA,NA
2005,F,2005-10-05,JG,2,1,139,N,DIOR,M,A,52,N,NA,NA,NA,NA,NA,NA
2005,F,2005-10-05,JG,2,1,143,Y,DIOR,NA,NA,0,NA,NA,NA,NA,NA,NA,NA
2005,F,2005-10-05,JG,2,1,6,Y,DIOR,NA,NA,0,NA,NA,NA,NA,NA,NA,NA
2005,F,2005-10-05,JG,2,1,4,Y,CHPE,NA,NA,0,NA,NA,NA,NA,NA,NA,NA
2005,F,2005-10-05,JG,2,2,133,Y,DIOR,NA,NA,0,NA,NA,NA,NA,NA,NA,NA
2005,F,2005-10-05,JG,2,2,139,Y,DIOR,NA,NA,0,NA,NA,NA,NA,NA,NA,NA
2005,F,2005-10-05,JG,2,2,144,Y,CHPE,NA,NA,0,NA,NA,NA,NA,NA,NA,NA
2005,F,2005-10-05,JG,2,2,62,Y,SPSP,NA,NA,0,NA,NA,NA,NA,NA,NA,NA
2005,F,2005-10-05,JG,2,2,66,Y,CHPE,NA,NA,0,NA,NA,NA,NA,NA,NA,NA
2005,F,2005-10-05,JG,2,2,69,N,SPSP,M,A,90,Y,S,NA,NA,NA,NA,NA
2005,F,2005-10-05,JG,2,2,71,N,CHPE,M,A,13,N,NA,NA,NA,NA,NA,NA
2005,F,2005-10-05,JG,2,2,72,N,CHPE,M,A,15,N,NA,NA,NA,NA,NA,NA
2005,F,2005-10-05,JG,2,2,83,N,DIOR,M,A,53,Y,S,NA,NA,NA,NA,NA
2005,F,2005-10-05,JG,2,2,126,N,DIOR,M,A,41,N,NA,NA,NA,NA,NA,NA
2005,F,2005-10-05,JG,2,2,129,N,DIOR,F,A,55,Y,P,NA,NA,NA,NA,NA
2005,F,2005-10-05,JG,2,2,131,Y,DIOR,NA,NA,0,NA,NA,NA,NA,NA,NA,NA
2005,F,2005-10-05,JG,2,2,120,N,CHPE,M,A,12,N,NA,NA,NA,NA,NA,NA
2005,F,2005-10-05,JG,2,3,72,N,SPSP,NA,J,50,N,NA,NA,NA,NA,NA,NA
2005,F,2005-10-05,JG,2,3,79,N,CHPE,M,A,13,N,NA,NA,NA,NA,NA,NA
2005,F,2005-10-05,JG,2,3,76,Y,CHPE,NA,NA,0,NA,NA,NA,NA,NA,NA,NA
2005,F,2005-10-05,JG,2,3,90,N,DIOR,NA,NA,0,NA,NA,Y,N,NA,NA,NA
2005,F,2005-10-05,JG,2,3,92,N,CHPE,M,A,12,N,NA,NA,NA,NA,NA,NA
2005,F,2005-10-05,JG,2,3,93,N,DIOR,M,A,0,Y,S,Y,M,NA,NA,NA
2005,F,2005-10-05,JG,2,3,132,N,DIOR,M,A,50,N,NA,NA,NA,NA,NA,NA
2005,F,2005-10-06,JG,3,3,18,Y,CHPE,NA,NA,0,NA,NA,NA,NA,NA,NA,NA
2005,F,2005-10-06,JG,3,3,19,N,CHPE,M,A,15,N,NA,NA,NA,NA,NA,NA
2005,F,2005-10-06,JG,3,3,20,N,DIOR,M,A,49,N,NA,NA,NA,NA,2,NA
2005,F,2005-10-06,JG,3,3,35,N,SPSP,F,A,110,N,NA,NA,NA,NA,NA,NA
2005,F,2005-10-06,JG,3,3,33,Y,SPSP,NA,NA,0,NA,NA,NA,NA,NA,NA,NA
2005,F,2005-10-06,JG,3,3,28,Y,CHPE,NA,NA,0,NA,NA,NA,NA,NA,NA,NA
2005,F,2005-10-06,JG,3,3,27,Y,DIOR,NA,NA,0,NA,NA,NA,NA,NA,NA,NA
2005,F,2005-10-06,JG,3,3,25,N,DIOR,M,A,50,Y,S,NA,NA,NA,NA,NA
2005,F,2005-10-06,JG,3,3,142,N,CHPE,M,A,15,N,NA,NA,NA,NA,NA,NA
2005,F,2005-10-06,JG,3,3,143,N,CHPE,M,A,12,N,NA,NA,NA,NA,NA,NA
2005,F,2005-10-06,JG,3,3,12,N,SPSP,NA,J,45,N,NA,NA,NA,NA,NA,NA
2005,F,2005-10-06,JG,3,2,139,N,SPSP,M,A,80,N,NA,NA,NA,NA,NA,NA
2005,F,2005-10-06,JG,3,2,141,N,DIOR,M,A,50,Y,S,NA,NA,NA,NA,NA
2005,F,2005-10-06,JG,3,2,142,Y,CHPE,NA,NA,0,NA,NA,NA,NA,NA,NA,NA
2005,F,2005-10-06,JG,3,2,143,N,DIOR,M,A,46,Y,S,NA,NA,NA,3,NA
2005,F,2005-10-06,JG,3,2,3,Y,DIOR,NA,NA,0,NA,NA,NA,NA,NA,NA,NA
2005,F,2005-10-06,JG,3,2,109,Y,DIOR,NA,NA,0,NA,NA,NA,NA,NA,NA,NA
2005,F,2005-10-06,JG,3,2,111,N,ONLE,M,A,41,N,NA,NA,NA,NA,NA,NA
2005,F,2005-10-06,JG,3,2,113,Y,DIOR,NA,NA,0,NA,NA,NA,NA,NA,NA,NA
2005,F,2005-10-06,JG,3,2,114,Y,DIOR,NA,NA,0,NA,NA,NA,NA,NA,NA,NA
2005,F,2005-10-06,JG,3,2,116,Y,CHPE,NA,NA,0,NA,NA,NA,NA,NA,NA,NA
2005,F,2005-10-06,JG,3,2,120,N,DIOR,F,A,54,N,NA,NA,NA,NA,NA,NA
2005,F,2005-10-06,JG,3,2,132,Y,DIOR,NA,NA,0,NA,NA,NA,NA,NA,NA,NA
2005,F,2005-10-06,JG,3,2,129,Y,DIOR,NA,NA,0,NA,NA,NA,NA,NA,NA,NA
2005,F,2005-10-06,JG,3,2,125,N,PGFL,M,A,5,N,NA,NA,NA,NA,NA,NA
2005,F,2005-10-06,JG,3,1,41,Y,CHPE,NA,NA,0,NA,NA,NA,NA,NA,NA,NA
2005,F,2005-10-06,JG,3,1,42,Y,CHPE,NA,NA,0,NA,NA,NA,NA,NA,NA,NA
2005,F,2005-10-06,JG,3,1,48,N,DIOR,M,A,35,Y,PS,NA,NA,NA,NA,NA
2005,F,2005-10-06,JG,3,1,59,Y,CHPE,NA,NA,0,NA,NA,NA,NA,NA,NA,NA
2005,F,2005-10-06,JG,3,1,58,N,CHPE,M,A,11,N,NA,NA,NA,NA,NA,NA
2005,F,2005-10-06,JG,3,1,54,N,SPSP,M,A,0,N,NA,Y,M,NA,NA,NA
2005,F,2005-10-06,JG,3,1,53,Y,DIOR,NA,NA,0,NA,NA,NA,NA,NA,NA,NA
2005,F,2005-10-06,JG,3,1,52,N,CHPE,M,A,11,N,NA,NA,NA,NA,NA,NA
2005,F,2005-10-06,JG,3,1,51,Y,DIOR,NA,NA,0,NA,NA,NA,NA,NA,NA,NA
2005,F,2005-10-06,JG,3,1,50,Y,PGFL,NA,NA,0,NA,NA,NA,NA,NA,NA,NA
2005,F,2005-10-06,JG,3,1,135,Y,CHPE,NA,NA,0,NA,NA,NA,NA,NA,NA,NA
2005,F,2005-10-06,JG,3,1,143,N,DIOR,M,A,53,Y,S,NA,NA,NA,NA,NA
2005,F,2005-10-06,JG,3,1,11,N,CHPE,M,A,11,N,NA,NA,NA,NA,NA,NA
2005,F,2005-10-04,JG,1,3,20,N,CHPE,M,A,14,N,NA,NA,NA,NA,NA,NA
2005,F,2005-10-04,JG,1,3,36,N,SPSP,NA,J,79,N,NA,NA,NA,NA,NA,NA
2005,F,2005-10-04,JG,1,3,34,N,SPSP,NA,J,72,N,NA,NA,NA,NA,NA,NA
2005,F,2005-10-04,JG,1,3,138,N,ONLE,NA,NA,0,NA,NA,Y,U,NA,NA,NA
2005,F,2005-10-04,JG,1,3,140,N,ONLE,F,A,36,Y,L,NA,NA,NA,NA,NA
2005,F,2005-10-04,JG,1,2,139,N,DIOR,M,A,55,Y,S,NA,NA,NA,NA,NA
2005,F,2005-10-04,JG,1,2,144,N,CHPE,M,A,14,N,NA,NA,NA,NA,NA,NA
2005,F,2005-10-04,JG,1,2,72,N,SPSP,M,A,0,NA,NA,Y,N,NA,NA,NA
2005,F,2005-10-04,JG,1,2,106,N,DIOR,F,A,66,Y,L;V,NA,NA,NA,NA,NA
2005,F,2005-10-04,JG,1,1,118,N,DIOR,M,A,53,N,NA,NA,NA,NA,NA,NA
2005,F,2005-10-04,JG,1,1,119,N,NEMI,NA,J,146,N,NA,NA,NA,NA,NA,NA
2005,F,2005-10-04,JG,1,1,128,N,ONLE,M,A,34,Y,S,NA,NA,NA,NA,NA
2005,F,2005-10-04,JG,1,1,124,N,DISP,M,A,158,Y,S,NA,NA,NA,NA,NA
2005,F,2005-10-04,JG,1,1,17,N,CHPE,F,A,16,Y,L,NA,NA,NA,NA,NA
2005,F,2005-10-04,JG,1,1,24,N,CHPE,M,A,13,N,NA,NA,NA,NA,NA,NA
2005,F,2005-10-05,JG,2,1,115,Y,DIOR,NA,NA,0,NA,NA,NA,NA,NA,NA,NA
2005,F,2005-10-05,JG,2,1,119,N,CHPE,M,A,13,N,NA,NA,NA,NA,NA,NA
2005,F,2005-10-05,JG,2,1,137,N,PGFL,F,A,7,N,NA,NA,NA,NA,NA,NA
2005,F,2005-10-05,JG,2,1,124,Y,ONLE,NA,NA,0,NA,NA,NA,NA,NA,NA,NA
2005,F,2005-10-05,JG,2,1,123,Y,DISP,NA,NA,0,NA,NA,NA,NA,NA,NA,NA
2005,F,2005-10-05,JG,2,1,121,N,PGFL,M,A,7,N,NA,NA,NA,NA,NA,NA
2005,F,2005-10-05,JG,2,1,41,Y,CHPE,NA,NA,0,NA,NA,NA,NA,NA,NA,NA
2005,F,2005-10-05,JG,2,1,142,Y,CHPE,NA,NA,0,NA,NA,NA,NA,NA,NA,NA
2005,F,2005-10-05,JG,2,1,59,Y,DIOR,NA,NA,0,NA,NA,NA,NA,NA,NA,NA
2005,F,2005-10-05,JG,2,2,15,Y,CHPE,NA,NA,0,NA,NA,NA,NA,NA,NA,NA
2005,F,2005-10-05,JG,2,2,17,N,CHPE,NA,NA,0,NA,NA,Y,U,NA,NA,NA
2005,F,2005-10-05,JG,2,2,19,N,DIOR,M,A,51,Y,S,NA,NA,NA,NA,NA
2005,F,2005-10-05,JG,2,2,22,N,DISP,M,A,128,N,NA,NA,NA,NA,NA,NA
2005,F,2005-10-05,JG,2,2,89,N,CHPE,F,A,13,N,NA,NA,NA,NA,NA,NA
2005,F,2005-10-05,JG,2,2,96,N,CHPE,M,A,14,Y,S,NA,NA,NA,NA,NA
2005,F,2005-10-05,JG,2,2,103,Y,DIOR,NA,NA,0,NA,NA,NA,NA,NA,NA,NA
2005,F,2005-10-05,JG,2,3,41,N,DISP,M,A,112,N,NA,NA,NA,NA,NA,NA
2005,F,2005-10-05,JG,2,3,44,Y,DIOR,NA,NA,0,NA,NA,NA,NA,NA,NA,NA
2005,F,2005-10-05,JG,2,3,45,Y,CHPE,NA,NA,0,NA,NA,NA,NA,NA,NA,NA
2005,F,2005-10-05,JG,2,3,46,N,ONLE,M,A,34,Y,S,NA,NA,NA,NA,NA
2005,F,2005-10-05,JG,2,3,60,N,DIOR,F,A,58,Y,L,NA,NA,NA,NA,NA
2005,F,2005-10-05,JG,2,3,59,N,DIOR,M,A,57,Y,S,NA,NA,NA,NA,NA
2005,F,2005-10-05,JG,2,3,112,Y,CHPE,NA,NA,0,NA,NA,NA,NA,NA,NA,NA
2005,F,2005-10-05,JG,2,3,118,N,CHPE,F,A,14,Y,L,NA,NA,NA,NA,NA
2005,F,2005-10-06,JG,3,3,37,Y,ONLE,NA,NA,0,NA,NA,NA,NA,NA,NA,NA
2005,F,2005-10-06,JG,3,3,39,N,NEMI,NA,J,130,N,NA,NA,NA,NA,NA,NA
2005,F,2005-10-06,JG,3,3,42,Y,DISP,NA,NA,0,NA,NA,NA,NA,NA,NA,NA
2005,F,2005-10-06,JG,3,3,45,Y,CHPE,NA,NA,0,NA,NA,NA,NA,NA,NA,NA
2005,F,2005-10-06,JG,3,3,46,Y,DIOR,NA,NA,0,NA,NA,NA,NA,NA,NA,NA
2005,F,2005-10-06,JG,3,3,60,Y,DIOR,NA,NA,0,NA,NA,NA,NA,NA,NA,NA
2005,F,2005-10-06,JG,3,3,59,Y,DIOR,NA,NA,0,NA,NA,NA,NA,NA,NA,NA
2005,F,2005-10-06,JG,3,3,58,N,CHPE,M,A,14,Y,S,NA,NA,NA,NA,NA
2005,F,2005-10-06,JG,3,3,57,N,PGFL,M,A,8,N,NA,NA,NA,NA,NA,NA
2005,F,2005-10-06,JG,3,3,110,Y,DIOR,NA,NA,0,NA,NA,NA,NA,NA,NA,NA
2005,F,2005-10-06,JG,3,3,112,Y,CHPE,NA,NA,0,NA,NA,NA,NA,NA,NA,NA
2005,F,2005-10-06,JG,3,3,116,Y,DIOR,NA,NA,0,NA,NA,NA,NA,NA,NA,NA
2005,F,2005-10-06,JG,3,3,117,N,DIOR,M,A,69,Y,S,NA,NA,NA,NA,NA
2005,F,2005-10-06,JG,3,3,118,Y,CHPE,NA,NA,0,NA,NA,NA,NA,NA,NA,NA
2005,F,2005-10-06,JG,3,3,120,N,DIOR,F,A,58,Y,L,NA,NA,NA,NA,NA
2005,F,2005-10-06,JG,3,3,132,N,DIOR,M,A,60,Y,S,NA,NA,NA,NA,NA
2005,F,2005-10-06,JG,3,3,129,N,ONLE,F,A,27,Y,L,NA,NA,NA,NA,NA
2005,F,2005-10-06,JG,3,2,16,Y,CHPE,NA,NA,0,NA,NA,NA,NA,NA,NA,NA
2005,F,2005-10-06,JG,3,2,17,N,CHPE,M,A,13,N,NA,NA,NA,NA,NA,NA
2005,F,2005-10-06,JG,3,2,19,N,CHPE,F,A,13,N,NA,NA,NA,NA,NA,NA
2005,F,2005-10-06,JG,3,2,124,N,DIOR,F,A,59,Y,L;V,NA,NA,NA,NA,NA
2005,F,2005-10-06,JG,3,2,36,N,DIOR,F,A,41,Y,V,NA,NA,NA,NA,NA
2005,F,2005-10-06,JG,3,2,33,Y,SPSP,NA,NA,0,NA,NA,NA,NA,NA,NA,NA
2005,F,2005-10-06,JG,3,2,28,Y,CHPE,NA,NA,0,NA,NA,NA,NA,NA,NA,NA
2005,F,2005-10-06,JG,3,2,62,N,SPSP,NA,J,70,N,NA,NA,NA,NA,NA,NA
2005,F,2005-10-06,JG,3,2,68,N,DIOR,M,A,56,Y,S,NA,NA,NA,NA,NA
2005,F,2005-10-06,JG,3,2,69,Y,CHPE,NA,NA,0,NA,NA,NA,NA,NA,NA,NA
2005,F,2005-10-06,JG,3,2,71,Y,CHPE,NA,NA,0,NA,NA,NA,NA,NA,NA,NA
2005,F,2005-10-06,JG,3,2,83,N,CHPE,M,A,12,N,NA,NA,NA,NA,NA,NA
2005,F,2005-10-06,JG,3,2,75,Y,CHPE,NA,NA,0,NA,NA,NA,NA,NA,NA,NA
2005,F,2005-10-06,JG,3,1,36,Y,CHPE,NA,NA,0,NA,NA,NA,NA,NA,NA,NA
2005,F,2005-10-06,JG,3,1,35,N,CHPE,F,A,14,N,NA,NA,NA,NA,NA,NA
2005,F,2005-10-06,JG,3,1,30,Y,SPSP,NA,NA,0,NA,NA,NA,NA,NA,NA,NA
2005,F,2005-10-06,JG,3,1,24,Y,CHPE,NA,NA,0,NA,NA,NA,NA,NA,NA,NA
2005,F,2005-10-06,JG,3,1,25,Y,DIOR,NA,NA,0,NA,NA,NA,NA,NA,NA,NA
2005,F,2005-10-06,JG,3,1,88,N,CHPE,F,A,12,N,NA,NA,NA,NA,NA,NA
2005,F,2005-10-06,JG,3,1,89,Y,CHPE,NA,NA,0,NA,NA,NA,NA,NA,NA,NA
2005,F,2005-10-06,JG,3,1,92,Y,DIOR,NA,NA,0,NA,NA,NA,NA,NA,NA,NA
2005,F,2005-10-06,JG,3,1,93,N,CHPE,F,A,16,Y,L,NA,NA,NA,NA,NA
2005,F,2005-10-06,JG,3,1,106,N,DIOR,F,A,53,Y,L,NA,NA,NA,NA,NA
2005,F,2005-10-06,JG,3,1,105,Y,CHPE,NA,NA,0,NA,NA,NA,NA,NA,NA,NA
2005,F,2005-10-06,JG,3,1,102,Y,DIOR,NA,NA,0,NA,NA,NA,NA,NA,NA,NA
2003,F,2003-10-29,JG,1,3,101,N,DIOR,M,A,61,N,NA,NA,NA,NA,NA,NA
2003,F,2003-10-29,JG,1,3,120,N,DIOR,F,A,54,Y,L,NA,NA,NA,NA,NA
2003,F,2003-10-29,JG,1,3,118,N,DIOR,M,A,51,Y,S,NA,NA,NA,NA,NA
2003,F,2003-10-29,JG,1,3,123,N,DIOR,M,A,0,Y,S,Y,M,NA,NA,NA
2003,F,2003-10-29,JG,1,3,139,N,DIOR,F,A,47,Y,L,NA,NA,NA,NA,NA
2003,F,2003-10-29,JG,1,3,144,N,DIOR,M,A,53,Y,PS,NA,NA,NA,NA,NA
2003,F,2003-10-29,JG,1,2,34,N,DIOR,M,A,54,Y,S,NA,NA,NA,NA,NA
2003,F,2003-10-29,JG,1,2,32,N,DIOR,F,A,58,Y,L,NA,NA,NA,NA,NA
2003,F,2003-10-29,JG,1,2,72,N,DIOR,F,A,56,Y,L,NA,NA,NA,NA,NA
2003,F,2003-10-29,JG,1,2,69,N,DIOR,F,A,59,Y,L,NA,NA,NA,5,NA
2003,F,2003-10-29,JG,1,2,66,N,DIOR,M,A,61,Y,S,NA,NA,NA,NA,NA
2003,F,2003-10-29,JG,1,2,63,N,DIOR,F,A,56,Y,L,NA,NA,NA,NA,NA
2003,F,2003-10-29,JG,1,2,95,N,DIOR,M,A,59,Y,S,NA,NA,NA,NA,NA
2003,F,2003-10-29,JG,1,2,84,N,DIOR,M,A,58,Y,S,NA,NA,NA,NA,NA
2003,F,2003-10-29,JG,1,2,73,N,DIOR,NA,NA,0,NA,NA,Y,N,NA,NA,NA
2003,F,2003-10-29,JG,1,1,80,N,DIOR,F,A,55,Y,L,NA,NA,NA,6,NA
2003,F,2003-10-29,JG,1,1,100,N,DIOR,F,A,68,Y,L,NA,NA,NA,NA,NA
2003,F,2003-10-29,JG,1,1,102,N,CHPE,M,A,14,N,NA,NA,NA,NA,NA,NA
2003,F,2003-10-29,JG,1,1,103,N,DIOR,M,A,60,Y,S,NA,NA,NA,NA,NA
2003,F,2003-10-29,JG,1,1,104,N,DIOR,F,A,44,N,NA,NA,NA,NA,NA,NA
2003,F,2003-10-29,JG,1,1,106,N,ONLE,NA,NA,32,NA,NA,Y,M,NA,NA,NA
2003,F,2003-10-29,JG,1,1,108,N,DIOR,M,A,58,Y,S,NA,NA,NA,NA,NA
2003,F,2003-10-29,JG,1,1,95,N,DIOR,M,A,63,Y,S,NA,NA,NA,NA,NA
2003,F,2003-10-29,JG,1,1,92,N,DIOR,F,A,45,Y,V,NA,NA,NA,NA,NA
2003,F,2003-10-29,JG,1,1,127,N,DIOR,M,A,51,Y,S,NA,NA,NA,NA,NA
2003,F,2003-10-29,JG,1,1,132,N,DIOR,F,A,45,N,NA,NA,NA,NA,NA,NA
2003,F,2003-10-30,JG,2,2,66,NA,CHPE,NA,NA,0,NA,NA,Y,U,NA,NA,NA
2003,F,2003-10-30,JG,2,2,70,N,DIOR,M,A,55,Y,S,NA,NA,NA,3,NA
2003,F,2003-10-30,JG,2,2,72,Y,DIOR,NA,NA,0,NA,NA,NA,NA,NA,NA,NA
2003,F,2003-10-30,JG,2,2,81,Y,DIOR,NA,NA,0,NA,NA,NA,NA,NA,NA,NA
2003,F,2003-10-30,JG,2,2,76,Y,DIOR,NA,NA,0,NA,NA,NA,NA,NA,NA,NA
2003,F,2003-10-30,JG,2,2,74,N,CHPE,M,A,13,N,NA,NA,NA,NA,NA,NA
2003,F,2003-10-30,JG,2,2,90,Y,DISP,NA,NA,0,NA,NA,NA,NA,NA,NA,NA
2003,F,2003-10-30,JG,2,2,93,Y,DIOR,NA,NA,0,NA,NA,NA,NA,NA,NA,NA
2003,F,2003-10-30,JG,2,2,95,N,DIOR,F,A,51,Y,L,NA,NA,NA,NA,NA
2003,F,2003-10-30,JG,2,2,108,Y,DIOR,NA,NA,0,NA,NA,NA,NA,NA,NA,NA
2003,F,2003-10-30,JG,2,2,114,N,ONLE,M,A,40,N,NA,NA,NA,NA,NA,NA
2003,F,2003-10-30,JG,2,1,60,Y,DISP,NA,NA,0,NA,NA,NA,NA,NA,NA,NA
2003,F,2003-10-30,JG,2,1,58,Y,DIOR,NA,NA,0,NA,NA,NA,NA,NA,NA,NA
2003,F,2003-10-30,JG,2,1,56,Y,DIOR,NA,NA,0,NA,NA,NA,NA,NA,NA,NA
2003,F,2003-10-30,JG,2,1,53,Y,DIOR,NA,NA,0,NA,NA,NA,NA,NA,NA,NA
2003,F,2003-10-30,JG,2,1,3,Y,DISP,NA,NA,0,NA,NA,NA,NA,NA,NA,NA
2003,F,2003-10-30,JG,2,1,11,Y,DIOR,NA,NA,0,NA,NA,NA,NA,NA,NA,NA
2003,F,2003-10-30,JG,2,1,144,Y,DIOR,NA,NA,0,NA,NA,NA,NA,NA,NA,NA
2003,F,2003-10-30,JG,2,1,128,Y,DIOR,NA,NA,0,NA,NA,NA,NA,NA,NA,NA
2003,F,2003-10-30,JG,2,1,129,Y,DIOR,NA,NA,0,NA,NA,NA,NA,NA,NA,NA
2003,F,2003-10-30,JG,2,1,131,N,DIOR,M,A,52,Y,S,NA,NA,NA,NA,NA
2003,F,2003-10-30,JG,2,1,132,N,CHPE,M,A,14,N,NA,NA,NA,NA,NA,NA
2003,F,2003-10-30,JG,2,1,116,Y,DIOR,NA,NA,0,NA,NA,NA,NA,NA,NA,NA
2003,F,2003-10-30,JG,2,1,115,Y,DIOR,NA,NA,0,NA,NA,NA,NA,NA,NA,NA
2003,F,2003-10-30,JG,2,1,92,Y,DIOR,NA,NA,0,NA,NA,NA,NA,NA,NA,NA
2003,F,2003-10-30,JG,2,1,95,Y,DIOR,NA,NA,0,NA,NA,NA,NA,NA,NA,NA
2003,F,2003-10-31,JG,3,3,87,Y,DIOR,NA,NA,0,NA,NA,NA,NA,NA,NA,NA
2003,F,2003-10-31,JG,3,3,93,Y,DIOR,NA,NA,0,NA,NA,NA,NA,NA,NA,NA
2003,F,2003-10-31,JG,3,3,95,Y,DIOR,NA,NA,0,NA,NA,NA,NA,NA,8,NA
2003,F,2003-10-31,JG,3,3,119,Y,DIOR,NA,NA,0,NA,NA,NA,NA,NA,NA,NA
2003,F,2003-10-31,JG,3,3,120,Y,DIOR,NA,NA,0,NA,NA,NA,NA,NA,NA,NA
2003,F,2003-10-31,JG,3,3,135,Y,DIOR,NA,NA,0,NA,NA,NA,NA,NA,NA,NA
2003,F,2003-10-31,JG,3,3,140,Y,DIOR,NA,NA,0,NA,NA,NA,NA,NA,NA,NA
2003,F,2003-10-31,JG,3,3,142,Y,DIOR,NA,NA,0,NA,NA,NA,NA,NA,NA,NA
2003,F,2003-10-31,JG,3,3,143,Y,DIOR,NA,NA,0,NA,NA,NA,NA,NA,NA,NA
2003,F,2003-10-31,JG,3,3,1,Y,SPSP,NA,NA,0,NA,NA,NA,NA,NA,NA,NA
2003,F,2003-10-31,JG,3,1,80,Y,DIOR,NA,NA,0,NA,NA,NA,NA,NA,NA,NA
2003,F,2003-10-31,JG,3,1,90,Y,CHPE,NA,NA,0,NA,NA,NA,NA,NA,NA,NA
2003,F,2003-10-31,JG,3,1,92,Y,DIOR,NA,NA,0,NA,NA,NA,NA,NA,NA,NA
2003,F,2003-10-31,JG,3,1,95,Y,DIOR,NA,NA,0,NA,NA,NA,NA,NA,NA,NA
2003,F,2003-10-31,JG,3,1,108,Y,DIOR,NA,NA,0,NA,NA,NA,NA,NA,NA,NA
2003,F,2003-10-31,JG,3,1,106,Y,DIOR,NA,NA,0,NA,NA,NA,NA,NA,NA,NA
2003,F,2003-10-31,JG,3,1,103,Y,DIOR,NA,NA,0,NA,NA,NA,NA,NA,NA,NA
2003,F,2003-10-31,JG,3,1,101,Y,DIOR,NA,NA,0,NA,NA,NA,NA,NA,NA,NA
2003,F,2003-10-31,JG,3,1,132,Y,DIOR,NA,NA,0,NA,NA,NA,NA,NA,NA,NA
2003,F,2003-10-31,JG,3,1,131,Y,CHPE,NA,NA,0,NA,NA,NA,NA,NA,NA,NA
2003,F,2003-10-31,JG,3,1,130,Y,DIOR,NA,NA,0,NA,NA,NA,NA,NA,NA,NA
2003,F,2003-10-31,JG,3,1,128,Y,DIOR,NA,NA,0,NA,NA,NA,NA,NA,NA,NA
2003,F,2003-10-31,JG,3,1,142,Y,DIOR,NA,NA,0,NA,NA,NA,NA,NA,NA,NA
2003,F,2003-10-31,JG,3,2,131,Y,DIOR,NA,NA,0,NA,NA,NA,NA,NA,NA,NA
2003,F,2003-10-31,JG,3,2,138,Y,DIOR,NA,NA,0,NA,NA,NA,NA,NA,NA,NA
2003,F,2003-10-31,JG,3,2,143,Y,DIOR,NA,NA,0,NA,NA,NA,NA,NA,NA,NA
2003,F,2003-10-31,JG,3,2,16,Y,ONLE,NA,NA,0,NA,NA,NA,NA,NA,1,NA
2003,F,2003-10-31,JG,3,2,22,Y,DIOR,NA,NA,0,NA,NA,NA,NA,NA,NA,NA
2003,F,2003-10-31,JG,3,2,123,Y,DIOR,NA,NA,0,NA,NA,NA,NA,NA,NA,NA
2003,F,2003-10-31,JG,3,2,36,Y,DIOR,NA,NA,0,NA,NA,NA,NA,NA,NA,NA
2003,F,2003-10-31,JG,3,2,40,Y,DIOR,NA,NA,0,NA,NA,NA,NA,NA,NA,NA
2003,F,2003-10-31,JG,3,2,41,Y,DIOR,NA,NA,0,NA,NA,NA,NA,NA,NA,NA
2003,F,2003-10-31,JG,3,2,43,N,DIOR,M,A,55,Y,S,NA,NA,NA,NA,NA
2003,F,2003-10-31,JG,3,2,46,Y,DIOR,NA,NA,0,NA,NA,NA,NA,NA,NA,NA
2003,F,2003-10-30,JG,2,3,82,Y,DISP,NA,NA,0,NA,NA,NA,NA,NA,NA,NA
2003,F,2003-10-30,JG,2,3,79,Y,DIOR,NA,NA,0,NA,NA,NA,NA,NA,2,NA
2003,F,2003-10-30,JG,2,3,71,N,DIOR,M,A,58,Y,S,NA,NA,NA,NA,NA
2003,F,2003-10-30,JG,2,3,72,Y,DIOR,NA,NA,0,NA,NA,NA,NA,NA,NA,NA
2003,F,2003-10-30,JG,2,3,59,N,CHPE,M,A,13,N,NA,NA,NA,NA,NA,NA
2003,F,2003-10-30,JG,2,3,58,Y,DIOR,NA,NA,0,NA,NA,NA,NA,NA,NA,NA
2003,F,2003-10-30,JG,2,3,40,N,DISP,M,A,140,Y,S,NA,NA,NA,NA,NA
2003,F,2003-10-30,JG,2,3,41,Y,DISP,NA,NA,0,NA,NA,NA,NA,NA,NA,NA
2003,F,2003-10-30,JG,2,3,46,Y,DIOR,NA,NA,0,NA,NA,NA,NA,NA,NA,NA
2003,F,2003-10-30,JG,2,3,14,N,CHPE,M,A,14,N,NA,NA,NA,NA,NA,NA
2003,F,2003-10-30,JG,2,3,16,N,CHPE,M,A,14,N,NA,NA,NA,NA,NA,NA
2003,F,2003-10-30,JG,2,3,21,Y,DIOR,NA,NA,0,NA,NA,NA,NA,NA,NA,NA
2003,F,2003-10-30,JG,2,2,56,N,CHPE,M,A,12,N,NA,NA,NA,NA,NA,NA
2003,F,2003-10-30,JG,2,2,145,Y,DIOR,NA,NA,0,NA,NA,NA,NA,NA,NA,NA
2003,F,2003-10-30,JG,2,2,32,Y,DIOR,NA,NA,0,NA,NA,NA,NA,NA,NA,NA
2003,F,2003-10-30,JG,2,2,48,Y,CHPE,NA,NA,0,NA,NA,NA,NA,NA,NA,NA
2003,F,2003-10-30,JG,2,2,47,Y,DIOR,NA,NA,0,NA,NA,NA,NA,NA,NA,NA
2003,F,2003-10-30,JG,2,2,46,Y,CHPE,NA,NA,0,NA,NA,NA,NA,NA,NA,NA
2003,F,2003-10-30,JG,2,2,42,Y,DIOR,NA,NA,0,NA,NA,NA,NA,NA,NA,NA
2003,F,2003-10-30,JG,2,2,23,N,DIOR,F,A,43,N,NA,NA,NA,NA,NA,NA
2003,F,2003-10-30,JG,2,2,22,Y,DIOR,NA,NA,0,NA,NA,NA,NA,NA,NA,NA
2003,F,2003-10-30,JG,2,2,18,N,ONLE,F,A,32,N,NA,NA,NA,NA,NA,NA
2003,F,2003-10-30,JG,2,2,143,Y,DIOR,NA,NA,0,NA,NA,NA,NA,NA,NA,NA
2003,F,2003-10-30,JG,2,2,131,N,CHPE,M,A,12,N,NA,NA,NA,NA,NA,NA
2003,F,2003-10-30,JG,2,2,111,N,SPSP,M,A,100,N,NA,NA,NA,NA,NA,NA
2003,F,2003-10-30,JG,2,2,119,Y,DIOR,NA,NA,0,NA,NA,NA,NA,NA,NA,NA
2003,F,2003-10-30,JG,2,1,145,Y,DIOR,NA,NA,0,NA,NA,NA,NA,NA,NA,NA
2003,F,2003-10-30,JG,2,1,27,N,CHPE,M,A,12,N,NA,NA,NA,NA,NA,NA
2003,F,2003-10-30,JG,2,1,35,Y,DIOR,NA,NA,0,NA,NA,NA,NA,NA,NA,NA
2003,F,2003-10-30,JG,2,1,24,Y,DIOR,NA,NA,0,NA,NA,NA,NA,NA,NA,NA
2003,F,2003-10-30,JG,2,1,21,N,CHPE,M,A,17,N,NA,NA,NA,NA,NA,NA
2003,F,2003-10-30,JG,2,1,18,Y,DIOR,NA,NA,0,NA,NA,NA,NA,NA,NA,NA
2003,F,2003-10-30,JG,2,1,65,Y,DISP,NA,NA,0,NA,NA,NA,NA,NA,NA,NA
2003,F,2003-10-30,JG,2,1,69,N,DISP,NA,NA,0,NA,NA,Y,U,NA,NA,NA
2003,F,2003-10-30,JG,2,1,70,N,CHPE,M,A,14,N,NA,NA,NA,NA,NA,NA
2003,F,2003-10-30,JG,2,1,80,Y,DIOR,NA,NA,0,NA,NA,NA,NA,NA,NA,NA
2003,F,2003-10-30,JG,2,1,79,N,CHPE,M,A,13,N,NA,NA,NA,NA,NA,NA
2003,F,2003-10-30,JG,2,1,75,Y,DIOR,NA,NA,0,NA,NA,NA,NA,NA,1,NA
2003,F,2003-10-30,JG,2,1,100,Y,CHPE,NA,NA,0,NA,NA,NA,NA,NA,NA,NA
2003,F,2003-10-30,JG,2,1,103,Y,DIOR,NA,NA,0,NA,NA,NA,NA,NA,NA,NA
2003,F,2003-10-30,JG,2,1,107,Y,ONLE,NA,NA,0,NA,NA,NA,NA,NA,NA,NA
2003,F,2003-10-30,JG,2,1,108,N,DIOR,M,A,50,Y,S,NA,NA,NA,NA,NA
2003,F,2003-10-29,JG,1,3,77,N,DIOR,M,A,46,N,NA,NA,NA,NA,NA,NA
2003,F,2003-10-29,JG,1,3,72,N,DIOR,F,A,50,N,NA,NA,NA,NA,NA,NA
2003,F,2003-10-29,JG,1,3,58,N,DISP,M,A,129,N,NA,NA,NA,NA,NA,NA
2003,F,2003-10-29,JG,1,3,56,N,DIOR,M,A,55,Y,S,NA,NA,NA,NA,NA
2003,F,2003-10-29,JG,1,3,55,N,DISP,M,A,110,Y,S,NA,NA,NA,NA,NA
2003,F,2003-10-29,JG,1,3,41,N,DISP,M,A,110,N,NA,NA,NA,NA,NA,NA
2003,F,2003-10-29,JG,1,3,47,N,DIOR,M,A,40,N,NA,NA,NA,NA,NA,NA
2003,F,2003-10-29,JG,1,3,21,N,DIOR,M,A,48,Y,S,NA,NA,NA,2,NA
2003,F,2003-10-29,JG,1,3,12,N,DIOR,M,A,52,N,NA,NA,NA,NA,NA,NA
2003,F,2003-10-29,JG,1,3,93,N,DIOR,NA,NA,0,NA,NA,Y,N,NA,NA,NA
2003,F,2003-10-29,JG,1,3,94,N,DIOR,M,A,52,Y,S,NA,NA,NA,NA,NA
2003,F,2003-10-29,JG,1,3,95,N,DIOR,M,A,53,N,NA,NA,NA,NA,NA,NA
2003,F,2003-10-29,JG,1,2,48,N,CHPE,F,A,13,N,NA,NA,NA,NA,NA,NA
2003,F,2003-10-29,JG,1,2,46,N,CHPE,M,A,18,N,NA,NA,NA,NA,NA,NA
2003,F,2003-10-29,JG,1,2,44,N,DIOR,M,A,60,Y,S,NA,NA,NA,NA,NA
2003,F,2003-10-29,JG,1,2,23,N,DIOR,M,A,58,Y,S,NA,NA,NA,NA,NA
2003,F,2003-10-29,JG,1,2,136,N,DIOR,M,A,60,Y,S,NA,NA,NA,NA,NA
2003,F,2003-10-29,JG,1,2,139,N,DIOR,F,A,62,Y,P,NA,NA,NA,NA,NA
2003,F,2003-10-29,JG,1,2,142,N,DIOR,M,A,55,Y,S,NA,NA,NA,NA,NA
2003,F,2003-10-29,JG,1,2,144,N,DIOR,F,A,54,Y,V,NA,NA,NA,NA,NA
2003,F,2003-10-29,JG,1,2,115,N,DIOR,M,A,52,Y,S,NA,NA,NA,NA,NA
2003,F,2003-10-29,JG,1,2,120,N,DIOR,F,A,55,N,NA,NA,NA,NA,NA,NA
2003,F,2003-10-29,JG,1,2,108,N,DISP,F,A,141,N,NA,NA,NA,NA,NA,NA
2003,F,2003-10-29,JG,1,2,103,N,DIME,M,A,49,Y,S,NA,NA,NA,NA,NA
2003,F,2003-10-29,JG,1,2,102,N,DISP,M,A,120,N,NA,NA,NA,NA,NA,NA
2003,F,2003-10-29,JG,1,1,70,NA,DIOR,NA,NA,0,NA,NA,Y,U,NA,NA,NA
2003,F,2003-10-29,JG,1,1,51,N,DIOR,M,A,51,Y,S,NA,NA,NA,NA,NA
2003,F,2003-10-29,JG,1,1,52,N,DIOR,F,A,61,N,NA,NA,NA,NA,NA,NA
2003,F,2003-10-29,JG,1,1,55,N,DISP,M,A,145,Y,PS,NA,NA,NA,NA,NA
2003,F,2003-10-29,JG,1,1,56,N,DIOR,F,A,56,N,NA,NA,NA,NA,NA,NA
2003,F,2003-10-29,JG,1,1,58,N,DIOR,M,A,33,N,NA,NA,NA,NA,NA,NA
2003,F,2003-10-29,JG,1,1,59,N,DISP,F,A,119,N,NA,NA,NA,NA,NA,NA
2003,F,2003-10-29,JG,1,1,46,N,DIOR,M,A,35,N,NA,NA,NA,NA,NA,NA
2003,F,2003-10-29,JG,1,1,28,N,CHPE,M,A,12,N,NA,NA,NA,NA,NA,NA
2003,F,2003-10-29,JG,1,1,32,N,DIOR,M,A,56,N,NA,NA,NA,NA,NA,NA
2003,F,2003-10-29,JG,1,1,34,N,DIOR,F,A,55,N,NA,NA,NA,NA,NA,NA
2003,F,2003-10-29,JG,1,1,24,N,DIOR,F,A,53,N,NA,NA,NA,NA,NA,NA
2003,F,2003-10-29,JG,1,1,4,N,DISP,M,A,150,Y,S,NA,NA,NA,NA,NA
2003,F,2003-10-29,JG,1,1,9,N,DIOR,M,A,48,N,NA,NA,NA,NA,NA,NA
2003,F,2003-10-29,JG,1,1,144,N,DIOR,M,A,50,N,NA,NA,NA,NA,NA,NA
2003,F,2003-10-29,JG,1,1,135,N,DIOR,F,A,55,Y,V,NA,NA,NA,NA,NA
2003,F,2003-10-29,JG,1,1,119,N,DIOR,F,A,51,N,NA,NA,NA,NA,NA,NA
2003,F,2003-10-31,JG,3,3,81,Y,DISP,NA,NA,0,NA,NA,NA,NA,NA,NA,NA
2003,F,2003-10-31,JG,3,3,70,Y,DIOR,NA,NA,0,NA,NA,NA,NA,NA,NA,NA
2003,F,2003-10-31,JG,3,3,71,Y,ONLE,NA,NA,0,NA,NA,NA,NA,NA,NA,NA
2003,F,2003-10-31,JG,3,3,72,Y,DIOR,NA,NA,0,NA,NA,NA,NA,NA,NA,NA
2003,F,2003-10-31,JG,3,3,59,Y,DIOR,NA,NA,0,NA,NA,NA,NA,NA,NA,NA
2003,F,2003-10-31,JG,3,3,37,Y,DISP,NA,NA,0,NA,NA,NA,NA,NA,NA,NA
2003,F,2003-10-31,JG,3,3,36,N,CHPE,M,A,14,N,NA,NA,NA,NA,NA,NA
2003,F,2003-10-31,JG,3,3,14,Y,CHPE,NA,NA,0,NA,NA,NA,NA,NA,NA,NA
2003,F,2003-10-31,JG,3,3,0,Y,CHPE,NA,NA,0,NA,NA,NA,NA,NA,NA,NA
2003,F,2003-10-31,JG,3,3,20,Y,DIOR,NA,NA,0,NA,NA,NA,NA,NA,NA,NA
2003,F,2003-10-31,JG,3,3,12,N,CHPE,M,A,14,N,NA,NA,NA,NA,NA,NA
2003,F,2003-10-31,JG,3,1,70,NA,CHPE,NA,NA,0,NA,NA,Y,U,NA,NA,NA
2003,F,2003-10-31,JG,3,1,49,NA,CHPE,NA,NA,0,NA,NA,Y,U,NA,NA,NA
2003,F,2003-10-31,JG,3,1,50,Y,DIOR,NA,NA,0,NA,NA,NA,NA,NA,NA,NA
2003,F,2003-10-31,JG,3,1,53,Y,DISP,NA,NA,0,NA,NA,NA,NA,NA,NA,NA
2003,F,2003-10-31,JG,3,1,56,Y,DIOR,NA,NA,0,NA,NA,NA,NA,NA,NA,NA
2003,F,2003-10-31,JG,3,1,57,N,DISP,M,A,110,N,NA,NA,NA,NA,NA,NA
2003,F,2003-10-31,JG,3,1,58,Y,DISP,NA,NA,0,NA,NA,NA,NA,NA,NA,NA
2003,F,2003-10-31,JG,3,1,59,N,DIOR,M,A,56,Y,S,NA,NA,NA,NA,NA
2003,F,2003-10-31,JG,3,1,48,Y,DIOR,NA,NA,0,NA,NA,NA,NA,NA,NA,NA
2003,F,2003-10-31,JG,3,1,42,Y,DIOR,NA,NA,0,NA,NA,NA,NA,NA,1,NA
2003,F,2003-10-31,JG,3,1,35,Y,DIOR,NA,NA,0,NA,NA,NA,NA,NA,NA,NA
2003,F,2003-10-31,JG,3,1,1,Y,DISP,NA,NA,0,NA,NA,NA,NA,NA,NA,NA
2003,F,2003-10-31,JG,3,1,2,N,DIOR,M,A,51,Y,S,NA,NA,NA,NA,NA
2003,F,2003-10-31,JG,3,1,6,Y,DIOR,NA,NA,0,NA,NA,NA,NA,NA,NA,NA
2003,F,2003-10-31,JG,3,1,9,Y,DIOR,NA,NA,0,NA,NA,NA,NA,NA,NA,NA
2003,F,2003-10-31,JG,3,1,10,N,DIOR,M,A,56,Y,S,NA,NA,NA,NA,NA
2003,F,2003-10-31,JG,3,1,11,Y,CHPE,NA,NA,0,NA,NA,NA,NA,NA,NA,NA
2003,F,2003-10-31,JG,3,1,12,N,DIOR,M,A,56,Y,S,NA,NA,NA,NA,NA
2003,F,2003-10-31,JG,3,2,119,Y,DIOR,NA,NA,0,NA,NA,NA,NA,NA,NA,NA
2003,F,2003-10-31,JG,3,2,117,Y,DIOR,NA,NA,0,NA,NA,NA,NA,NA,NA,NA
2003,F,2003-10-31,JG,3,2,115,Y,ONLE,NA,NA,0,NA,NA,NA,NA,NA,NA,NA
2003,F,2003-10-31,JG,3,2,96,Y,DIOR,NA,NA,0,NA,NA,NA,NA,NA,NA,NA
2003,F,2003-10-31,JG,3,2,95,N,DIOR,M,A,52,Y,S,NA,NA,NA,NA,NA
2003,F,2003-10-31,JG,3,2,93,Y,DIOR,NA,NA,0,NA,NA,NA,NA,NA,NA,NA
2003,F,2003-10-31,JG,3,2,92,N,DIOR,M,A,50,N,NA,NA,NA,NA,NA,NA
2003,F,2003-10-31,JG,3,2,90,Y,DISP,NA,NA,0,NA,NA,NA,NA,NA,NA,NA
2003,F,2003-10-31,JG,3,2,76,Y,DIOR,NA,NA,0,NA,NA,NA,NA,NA,NA,NA
2003,F,2003-10-31,JG,3,2,81,Y,DIOR,NA,NA,0,NA,NA,NA,NA,NA,NA,NA
2003,F,2003-10-31,JG,3,2,69,Y,DIOR,NA,NA,0,NA,NA,NA,NA,NA,NA,NA
2003,F,2003-10-31,JG,3,2,68,Y,DIOR,NA,NA,0,NA,NA,NA,NA,NA,NA,NA
2003,F,2003-10-31,JG,3,2,63,Y,SPSP,NA,NA,0,NA,NA,NA,NA,NA,1,NA
2003,F,2003-10-31,JG,3,2,56,Y,CHPE,NA,NA,0,NA,NA,NA,NA,NA,NA,NA
2003,F,2003-10-31,JG,3,2,48,Y,CHPE,NA,NA,0,NA,NA,NA,NA,NA,NA,NA
1995,S,1995-04-04,JG,1,1,11,N,ONLE,F,A,38,Y,P,NA,NA,NA,NA,NA
1995,S,1995-04-04,JG,1,1,101,N,DIOR,M,A,61,Y,S,NA,NA,NA,NA,NA
1995,S,1995-04-04,JG,1,1,120,N,DIOR,F,A,60,N,NA,NA,NA,NA,NA,NA
1995,S,1995-04-04,JG,1,2,105,N,DIOR,F,A,61,N,NA,NA,NA,NA,NA,NA
1995,S,1995-04-04,JG,1,2,144,N,NEMI,F,A,268,Y,P,NA,NA,NA,NA,NA
1995,S,1995-04-04,JG,1,3,33,N,DIOR,F,A,59,N,NA,NA,NA,NA,NA,NA
1995,S,1995-04-04,JG,1,3,34,N,DIOR,M,A,67,N,NA,NA,NA,NA,NA,NA
1995,S,1995-04-05,JG,2,1,33,N,DIOR,M,A,63,N,NA,NA,NA,NA,NA,NA
1995,S,1995-04-05,JG,2,1,59,N,NEMI,F,A,244,Y,L,NA,NA,NA,NA,NA
1995,S,1995-04-05,JG,2,1,140,Y,DIOR,NA,NA,0,NA,NA,NA,NA,NA,NA,NA
1995,S,1995-04-05,JG,2,3,12,N,SPSP,F,A,106,N,NA,NA,NA,NA,NA,NA
1995,S,1995-04-06,JG,3,1,113,Y,DIOR,NA,NA,0,NA,NA,NA,NA,NA,NA,NA
1995,S,1995-04-06,JG,3,1,120,N,SPSP,M,A,129,N,NA,NA,NA,NA,NA,NA
1995,S,1995-04-06,JG,3,3,12,Y,SPSP,NA,NA,0,NA,NA,NA,NA,NA,NA,NA
1995,S,1995-04-06,JG,3,3,36,Y,DIOR,NA,NA,0,NA,NA,NA,NA,NA,NA,NA
1995,S,1995-04-06,JG,3,3,120,N,DIOR,F,A,67,Y,P,NA,NA,NA,NA,NA
1996,S,1996-04-09,JG,1,1,4,N,DIOR,M,A,56,Y,S,NA,NA,NA,NA,NA
1996,S,1996-04-09,JG,1,1,5,N,DIOR,F,A,55,Y,P,NA,NA,NA,NA,NA
1996,S,1996-04-09,JG,1,1,11,N,DIOR,F,A,51,N,NA,NA,NA,NA,NA,NA
1996,S,1996-04-09,JG,1,1,21,N,DIOR,M,A,56,Y,S,NA,NA,NA,NA,NA
1996,S,1996-04-09,JG,1,1,23,N,DIOR,NA,J,35,N,NA,NA,NA,NA,NA,NA
1996,S,1996-04-09,JG,1,1,35,N,DIOR,M,A,54,N,NA,NA,NA,NA,NA,NA
1996,S,1996-04-09,JG,1,1,46,N,DIOR,F,A,44,N,NA,NA,NA,NA,NA,NA
1996,S,1996-04-09,JG,1,1,56,N,DIOR,M,A,56,Y,S,NA,NA,NA,NA,NA
1996,S,1996-04-09,JG,1,1,65,N,DIOR,M,A,45,N,NA,NA,NA,NA,NA,NA
1996,S,1996-04-09,JG,1,1,81,N,DIOR,M,A,51,Y,S,NA,NA,NA,NA,NA
1996,S,1996-04-09,JG,1,1,82,N,DIOR,NA,J,33,N,NA,NA,NA,NA,NA,NA
1996,S,1996-04-09,JG,1,1,89,N,DIOR,F,A,44,N,NA,NA,NA,NA,NA,NA
1996,S,1996-04-09,JG,1,1,105,N,DIOR,F,A,33,N,NA,NA,NA,NA,NA,NA
1996,S,1996-04-09,JG,1,1,118,N,DIOR,F,A,46,N,NA,NA,NA,NA,NA,NA
1996,S,1996-04-09,JG,1,1,119,N,DIOR,M,A,56,N,NA,NA,NA,NA,NA,NA
1996,S,1996-04-09,JG,1,1,120,N,DIOR,M,A,52,N,NA,NA,NA,NA,NA,NA
1996,S,1996-04-09,JG,1,1,123,N,DIOR,NA,NA,0,NA,NA,Y,U,NA,NA,NA
1996,S,1996-04-09,JG,1,1,127,N,DIOR,M,A,46,N,NA,NA,NA,NA,NA,NA
1996,S,1996-04-09,JG,1,1,130,N,DIOR,M,A,48,Y,S,NA,NA,NA,NA,NA
1996,S,1996-04-09,JG,1,1,131,N,DIOR,M,A,55,Y,S,NA,NA,NA,NA,NA
1996,S,1996-04-09,JG,1,1,140,N,DIOR,M,A,53,Y,S,NA,NA,NA,NA,NA
1996,S,1996-04-09,JG,1,2,11,N,DIME,M,A,54,N,NA,NA,NA,NA,NA,NA
1996,S,1996-04-09,JG,1,2,19,N,DIOR,NA,J,30,N,NA,NA,NA,NA,NA,NA
1996,S,1996-04-09,JG,1,2,21,N,DIOR,F,A,62,N,NA,NA,NA,NA,NA,NA
1996,S,1996-04-09,JG,1,2,40,N,DIOR,M,A,50,Y,S,NA,NA,NA,NA,NA
1996,S,1996-04-09,JG,1,2,44,N,DIOR,F,A,54,Y,V,NA,NA,NA,NA,NA
1996,S,1996-04-09,JG,1,2,45,N,DIOR,M,A,52,Y,S,NA,NA,NA,NA,NA
1996,S,1996-04-09,JG,1,2,47,N,DIOR,F,A,58,N,NA,NA,NA,NA,NA,NA
1996,S,1996-04-09,JG,1,2,48,N,ONLE,F,A,36,N,NA,NA,NA,NA,NA,NA
1996,S,1996-04-09,JG,1,2,53,N,DIOR,F,A,59,N,NA,NA,NA,NA,NA,NA
1996,S,1996-04-09,JG,1,2,66,N,DIOR,M,A,51,Y,S,NA,NA,NA,NA,NA
1996,S,1996-04-09,JG,1,2,68,N,DISP,F,A,105,N,NA,NA,NA,NA,NA,NA
1996,S,1996-04-09,JG,1,2,96,N,DIOR,M,A,58,Y,S,NA,NA,NA,NA,NA
1996,S,1996-04-09,JG,1,2,104,N,ONLE,F,A,29,N,NA,NA,NA,NA,NA,NA
1996,S,1996-04-09,JG,1,2,106,N,SPSP,M,A,118,Y,S,NA,NA,NA,NA,NA
1996,S,1996-04-09,JG,1,2,107,N,DIOR,F,A,53,Y,V,NA,NA,NA,NA,NA
1996,S,1996-04-09,JG,1,2,114,N,DIOR,F,A,52,N,NA,NA,NA,NA,NA,NA
1996,S,1996-04-09,JG,1,2,119,N,DIOR,M,A,58,Y,S,NA,NA,NA,NA,NA
1996,S,1996-04-09,JG,1,2,120,N,ONLE,M,A,34,Y,S,NA,NA,NA,NA,NA
1996,S,1996-04-09,JG,1,2,129,N,DIOR,F,A,52,N,NA,NA,NA,NA,NA,NA
1996,S,1996-04-09,JG,1,2,139,N,DIOR,M,A,56,Y,S,NA,NA,NA,NA,NA
1996,S,1996-04-09,JG,1,2,144,N,DIOR,M,A,50,Y,S,NA,NA,NA,NA,NA
1996,S,1996-04-09,JG,1,2,145,N,DIOR,NA,J,32,N,NA,NA,NA,NA,NA,NA
1996,S,1996-04-09,JG,1,3,11,N,DIOR,M,A,44,Y,S,NA,NA,NA,NA,NA
1996,S,1996-04-09,JG,1,3,24,N,ONLE,M,A,28,N,NA,NA,NA,NA,NA,NA
1996,S,1996-04-09,JG,1,3,32,N,ONLE,M,A,36,N,NA,NA,NA,NA,NA,NA
1996,S,1996-04-09,JG,1,3,34,N,DIOR,M,A,53,Y,S,NA,NA,NA,NA,NA
1996,S,1996-04-09,JG,1,3,43,N,DIOR,M,A,53,Y,S,NA,NA,NA,NA,NA
1996,S,1996-04-09,JG,1,3,59,N,SPSP,M,A,101,Y,S,NA,NA,NA,NA,NA
1996,S,1996-04-09,JG,1,3,71,N,DIOR,M,A,0,Y,S,Y,M,NA,NA,NA
1996,S,1996-04-09,JG,1,3,77,N,DIOR,M,A,44,N,NA,NA,NA,NA,NA,NA
1996,S,1996-04-09,JG,1,3,83,N,DIOR,F,A,57,N,NA,NA,NA,NA,NA,NA
1996,S,1996-04-09,JG,1,3,84,N,SPSP,M,A,128,Y,S,NA,NA,NA,NA,NA
1996,S,1996-04-09,JG,1,3,87,N,DIOR,NA,J,39,N,NA,NA,NA,NA,NA,NA
1996,S,1996-04-09,JG,1,3,92,N,SPSP,F,A,98,N,NA,NA,NA,NA,NA,NA
1996,S,1996-04-09,JG,1,3,93,N,SPSP,M,A,106,Y,S,NA,NA,NA,NA,NA
1996,S,1996-04-09,JG,1,3,107,N,DIOR,F,A,46,N,NA,NA,NA,NA,NA,NA
1996,S,1996-04-09,JG,1,3,113,N,DIOR,M,A,42,N,NA,NA,NA,NA,NA,NA
1996,S,1996-04-09,JG,1,3,141,N,DIOR,F,A,67,Y,P,NA,NA,NA,NA,NA
1996,S,1996-04-09,JG,1,3,144,N,DIOR,M,A,54,Y,S,NA,NA,NA,NA,NA
1996,S,1996-04-09,JG,1,3,145,N,DIOR,NA,J,35,N,NA,NA,NA,NA,NA,NA
1996,S,1996-04-10,JG,2,1,5,Y,DIOR,NA,NA,0,NA,NA,NA,NA,NA,NA,NA
1996,S,1996-04-10,JG,2,1,11,N,PGFL,F,A,10,N,NA,NA,NA,NA,NA,NA
1996,S,1996-04-10,JG,2,1,12,N,DIOR,M,A,38,N,NA,NA,NA,NA,NA,NA
1996,S,1996-04-10,JG,2,1,21,Y,DIOR,NA,NA,0,NA,NA,NA,NA,NA,NA,NA
1996,S,1996-04-10,JG,2,1,22,Y,DIOR,NA,NA,0,NA,NA,NA,NA,NA,NA,NA
1996,S,1996-04-10,JG,2,1,24,N,DIOR,F,A,51,N,NA,NA,NA,NA,NA,NA
1996,S,1996-04-10,JG,2,1,32,N,DIOR,F,A,36,Y,V,NA,NA,NA,NA,NA
1996,S,1996-04-10,JG,2,1,33,N,SPSP,M,A,118,N,NA,NA,NA,NA,NA,NA
1996,S,1996-04-10,JG,2,1,45,Y,DIOR,NA,NA,0,NA,NA,NA,NA,NA,NA,NA
1996,S,1996-04-10,JG,2,1,46,N,DIOR,F,A,47,Y,P,NA,NA,NA,NA,NA
1996,S,1996-04-10,JG,2,1,58,N,DIOR,F,A,54,N,NA,NA,NA,NA,NA,NA
1996,S,1996-04-10,JG,2,1,65,N,PGFL,NA,NA,0,NA,NA,Y,M,NA,NA,NA
1996,S,1996-04-10,JG,2,1,81,Y,DIOR,NA,NA,0,NA,NA,NA,NA,NA,NA,NA
1996,S,1996-04-10,JG,2,1,82,N,NEMI,F,A,185,Y,L,NA,NA,NA,NA,NA
1996,S,1996-04-10,JG,2,1,85,N,PGFL,M,A,10,N,NA,NA,NA,NA,NA,NA
1996,S,1996-04-10,JG,2,1,101,Y,DIOR,NA,NA,0,NA,NA,NA,NA,NA,NA,NA
1996,S,1996-04-10,JG,2,1,102,N,SPSP,F,A,89,N,NA,NA,NA,NA,NA,NA
1996,S,1996-04-10,JG,2,1,118,N,ONLE,M,A,41,N,NA,NA,NA,NA,NA,NA
1996,S,1996-04-10,JG,2,1,119,Y,DIOR,NA,NA,0,NA,NA,NA,NA,NA,NA,NA
1996,S,1996-04-10,JG,2,1,122,Y,DIOR,NA,NA,0,NA,NA,NA,NA,NA,NA,NA
1996,S,1996-04-10,JG,2,1,120,Y,DIOR,NA,NA,0,NA,NA,NA,NA,NA,NA,NA
1996,S,1996-04-10,JG,2,1,130,Y,DIOR,NA,NA,0,NA,NA,NA,NA,NA,NA,NA
1996,S,1996-04-10,JG,2,1,131,N,SPSP,F,A,82,N,NA,NA,NA,NA,NA,NA
1996,S,1996-04-10,JG,2,1,132,N,ONLE,F,A,33,Y,P,NA,NA,NA,NA,NA
1996,S,1996-04-10,JG,2,1,138,N,PGFL,M,A,14,N,NA,NA,NA,NA,NA,NA
1996,S,1996-04-10,JG,2,2,6,N,PGFL,F,A,7,N,NA,NA,NA,NA,NA,NA
1996,S,1996-04-10,JG,2,2,11,N,DIOR,F,A,44,Y,V,NA,NA,NA,NA,NA
1996,S,1996-04-10,JG,2,2,35,N,DIOR,NA,J,24,N,NA,NA,NA,NA,NA,NA
1996,S,1996-04-10,JG,2,2,40,N,DIOR,M,A,55,N,NA,NA,NA,NA,NA,NA
1996,S,1996-04-10,JG,2,2,42,Y,DIOR,NA,NA,0,NA,NA,NA,NA,NA,NA,NA
1996,S,1996-04-10,JG,2,2,44,Y,DIOR,NA,NA,0,NA,NA,NA,NA,NA,NA,NA
1996,S,1996-04-10,JG,2,2,46,N,PGFL,F,A,9,Y,V,NA,NA,NA,NA,NA
1996,S,1996-04-10,JG,2,2,47,Y,DIOR,NA,NA,0,NA,NA,NA,NA,NA,NA,NA
1996,S,1996-04-10,JG,2,2,48,Y,ONLE,NA,NA,0,NA,NA,NA,NA,NA,NA,NA
1996,S,1996-04-10,JG,2,2,58,N,DIOR,F,A,41,N,NA,NA,NA,NA,NA,NA
1996,S,1996-04-10,JG,2,2,64,Y,DIOR,NA,NA,0,NA,NA,NA,NA,NA,NA,NA
1996,S,1996-04-10,JG,2,2,85,N,PGFL,F,A,10,Y,P,NA,NA,NA,NA,NA
1996,S,1996-04-10,JG,2,2,93,N,DIOR,NA,J,23,N,NA,NA,NA,NA,NA,NA
1996,S,1996-04-10,JG,2,2,94,N,DIOR,M,A,42,N,NA,NA,NA,NA,NA,NA
1996,S,1996-04-10,JG,2,2,107,N,NEMI,F,A,190,Y,L,NA,NA,NA,NA,NA
1996,S,1996-04-10,JG,2,2,108,N,ONLE,M,A,0,N,NA,Y,M,NA,NA,NA
1996,S,1996-04-10,JG,2,2,109,N,DIOR,F,A,52,N,NA,NA,NA,NA,NA,NA
1996,S,1996-04-10,JG,2,2,110,Y,DIOR,NA,NA,0,NA,NA,NA,NA,NA,NA,NA
1996,S,1996-04-10,JG,2,2,129,Y,ONLE,NA,NA,0,NA,NA,NA,NA,NA,NA,NA
1996,S,1996-04-10,JG,2,2,130,Y,DIOR,NA,NA,0,NA,NA,NA,NA,NA,NA,NA
1996,S,1996-04-10,JG,2,2,135,Y,DIOR,NA,NA,0,NA,NA,NA,NA,NA,NA,NA
1996,S,1996-04-10,JG,2,3,11,Y,ONLE,NA,NA,0,NA,NA,NA,NA,NA,NA,NA
1996,S,1996-04-10,JG,2,3,12,Y,DIOR,NA,NA,0,NA,NA,NA,NA,NA,NA,NA
1996,S,1996-04-10,JG,2,3,24,N,SPSP,M,A,104,N,NA,NA,NA,NA,NA,NA
1996,S,1996-04-10,JG,2,3,32,N,DIOR,M,A,58,Y,S,NA,NA,NA,NA,NA
1996,S,1996-04-10,JG,2,3,34,N,DIOR,F,A,44,N,NA,NA,NA,NA,NA,NA
1996,S,1996-04-10,JG,2,3,36,Y,ONLE,NA,NA,0,NA,NA,NA,NA,NA,NA,NA
1996,S,1996-04-10,JG,2,3,46,Y,DIOR,NA,NA,0,NA,NA,NA,NA,NA,NA,NA
1996,S,1996-04-10,JG,2,3,60,N,SPSP,NA,J,71,N,NA,NA,NA,NA,NA,NA
1996,S,1996-04-10,JG,2,3,71,Y,DIOR,NA,NA,0,NA,NA,NA,NA,NA,NA,NA
1996,S,1996-04-10,JG,2,3,83,Y,DIOR,NA,NA,0,NA,NA,NA,NA,NA,NA,NA
1996,S,1996-04-10,JG,2,3,84,Y,DIOR,NA,NA,0,NA,NA,NA,NA,NA,NA,NA
1996,S,1996-04-10,JG,2,3,93,Y,DIOR,NA,NA,0,NA,NA,NA,NA,NA,NA,NA
1996,S,1996-04-10,JG,2,3,102,Y,SPSP,NA,NA,0,NA,NA,NA,NA,NA,NA,NA
1996,S,1996-04-10,JG,2,3,105,Y,DIOR,NA,NA,0,NA,NA,NA,NA,NA,NA,NA
1996,S,1996-04-10,JG,2,3,112,Y,DIOR,NA,NA,0,NA,NA,NA,NA,NA,NA,NA
1996,S,1996-04-10,JG,2,3,129,Y,DIOR,NA,NA,0,NA,NA,NA,NA,NA,NA,NA
1996,S,1996-04-10,JG,2,3,132,N,DIOR,M,A,52,Y,S,NA,NA,NA,NA,NA
1996,S,1996-04-10,JG,2,3,143,Y,DIOR,NA,NA,0,NA,NA,NA,NA,NA,NA,NA
1996,S,1996-04-10,JG,2,3,144,N,DIOR,F,A,26,Y,V,NA,NA,NA,NA,NA
1996,S,1996-04-11,JG,3,1,4,Y,DIOR,NA,NA,0,NA,NA,NA,NA,NA,NA,NA
1996,S,1996-04-11,JG,3,1,11,N,ONLE,NA,NA,0,NA,NA,Y,U,NA,NA,NA
1996,S,1996-04-11,JG,3,1,23,Y,ONLE,NA,NA,0,NA,NA,NA,NA,NA,NA,NA
1996,S,1996-04-11,JG,3,1,24,Y,DIOR,NA,NA,0,NA,NA,NA,NA,NA,NA,NA
1996,S,1996-04-11,JG,3,1,34,Y,DIOR,NA,NA,0,NA,NA,NA,NA,NA,NA,NA
1996,S,1996-04-11,JG,3,1,45,Y,DIOR,NA,NA,0,NA,NA,NA,NA,NA,NA,NA
1996,S,1996-04-11,JG,3,1,46,N,DIOR,M,A,60,Y,S,NA,NA,NA,NA,NA
1996,S,1996-04-11,JG,3,1,55,Y,DIOR,NA,NA,0,NA,NA,NA,NA,NA,NA,NA
1996,S,1996-04-11,JG,3,1,56,Y,DIOR,NA,NA,0,NA,NA,NA,NA,NA,NA,NA
1996,S,1996-04-11,JG,3,1,65,N,DIOR,NA,J,26,N,NA,NA,NA,NA,NA,NA
1996,S,1996-04-11,JG,3,1,69,N,DIOR,M,A,51,Y,S,NA,NA,NA,NA,NA
1996,S,1996-04-11,JG,3,1,72,Y,DIOR,NA,NA,0,NA,NA,NA,NA,NA,NA,NA
1996,S,1996-04-11,JG,3,1,89,Y,DIOR,NA,NA,0,NA,NA,NA,NA,NA,NA,NA
1996,S,1996-04-11,JG,3,1,92,N,DIOR,F,A,51,N,NA,NA,NA,NA,NA,NA
1996,S,1996-04-11,JG,3,1,102,N,SPSP,M,A,105,Y,S,NA,NA,NA,NA,NA
1996,S,1996-04-11,JG,3,1,106,N,ONLE,M,A,39,Y,S,NA,NA,NA,NA,NA
1996,S,1996-04-11,JG,3,1,107,Y,DIOR,NA,NA,0,NA,NA,NA,NA,NA,NA,NA
1996,S,1996-04-11,JG,3,1,108,N,DIOR,NA,J,38,N,NA,NA,NA,NA,NA,NA
1996,S,1996-04-11,JG,3,1,113,Y,DIOR,NA,NA,0,NA,NA,NA,NA,NA,NA,NA
1996,S,1996-04-11,JG,3,1,119,Y,DIOR,NA,NA,0,NA,NA,NA,NA,NA,NA,NA
1996,S,1996-04-11,JG,3,1,122,N,DIOR,F,A,54,Y,V,NA,NA,NA,NA,NA
1996,S,1996-04-11,JG,3,1,130,Y,DIOR,NA,NA,0,NA,NA,NA,NA,NA,NA,NA
1996,S,1996-04-11,JG,3,1,131,Y,SPSP,NA,NA,0,NA,NA,NA,NA,NA,NA,NA
1996,S,1996-04-11,JG,3,1,135,Y,PGFL,NA,NA,0,NA,NA,NA,NA,NA,NA,NA
1996,S,1996-04-11,JG,3,1,136,Y,DIOR,NA,NA,0,NA,NA,NA,NA,NA,NA,NA
1996,S,1996-04-11,JG,3,1,140,N,DIOR,M,A,48,Y,S,NA,NA,NA,NA,NA
1996,S,1996-04-11,JG,3,1,141,Y,ONLE,NA,NA,0,NA,NA,NA,NA,NA,NA,NA
1996,S,1996-04-11,JG,3,1,143,N,SPSP,M,A,118,N,NA,NA,NA,NA,NA,NA
1996,S,1996-04-11,JG,3,2,11,Y,DIOR,NA,NA,0,NA,NA,NA,NA,NA,NA,NA
1996,S,1996-04-11,JG,3,2,12,N,DIOR,F,A,61,N,NA,NA,NA,NA,NA,NA
1996,S,1996-04-11,JG,3,2,16,Y,DIOR,NA,NA,0,NA,NA,NA,NA,NA,NA,NA
1996,S,1996-04-11,JG,3,2,20,Y,DIOR,NA,NA,0,NA,NA,NA,NA,NA,NA,NA
1996,S,1996-04-11,JG,3,2,22,N,PGFL,M,A,10,Y,S,NA,NA,NA,NA,NA
1996,S,1996-04-11,JG,3,2,33,N,DIOR,NA,J,24,N,NA,NA,NA,NA,NA,NA
1996,S,1996-04-11,JG,3,2,35,Y,DIOR,NA,NA,0,NA,NA,NA,NA,NA,NA,NA
1996,S,1996-04-11,JG,3,2,40,Y,DIOR,NA,NA,0,NA,NA,NA,NA,NA,NA,NA
1996,S,1996-04-11,JG,3,2,41,N,DIOR,NA,J,25,N,NA,NA,NA,NA,NA,NA
1996,S,1996-04-11,JG,3,2,42,Y,DIOR,NA,NA,0,NA,NA,NA,NA,NA,NA,NA
1996,S,1996-04-11,JG,3,2,46,Y,PGFL,NA,NA,0,NA,NA,NA,NA,NA,NA,NA
1996,S,1996-04-11,JG,3,2,58,Y,DIOR,NA,NA,0,NA,NA,NA,NA,NA,NA,NA
1996,S,1996-04-11,JG,3,2,63,Y,DIOR,NA,NA,0,NA,NA,NA,NA,NA,NA,NA
1996,S,1996-04-11,JG,3,2,66,Y,DIOR,NA,NA,0,NA,NA,NA,NA,NA,NA,NA
1996,S,1996-04-11,JG,3,2,82,N,SPSP,M,A,85,N,NA,NA,NA,NA,NA,NA
1996,S,1996-04-11,JG,3,2,93,Y,DIOR,NA,NA,0,NA,NA,NA,NA,NA,NA,NA
1996,S,1996-04-11,JG,3,2,94,Y,DIOR,NA,NA,0,NA,NA,NA,NA,NA,NA,NA
1996,S,1996-04-11,JG,3,2,95,N,DIOR,F,A,52,N,NA,NA,NA,NA,NA,NA
1996,S,1996-04-11,JG,3,2,98,Y,DIOR,NA,NA,0,NA,NA,NA,NA,NA,NA,NA
1996,S,1996-04-11,JG,3,2,105,Y,DIOR,NA,NA,0,NA,NA,NA,NA,NA,NA,NA
1996,S,1996-04-11,JG,3,2,106,N,DIOR,NA,J,25,N,NA,NA,NA,NA,NA,NA
1996,S,1996-04-11,JG,3,2,108,N,DIOR,NA,J,27,N,NA,NA,NA,NA,NA,NA
1996,S,1996-04-11,JG,3,2,115,N,DIOR,M,A,58,Y,S,NA,NA,NA,NA,NA
1996,S,1996-04-11,JG,3,2,119,N,DIOR,F,A,52,N,NA,NA,NA,NA,NA,NA
1996,S,1996-04-11,JG,3,2,130,Y,DIOR,NA,NA,0,NA,NA,NA,NA,NA,NA,NA
1996,S,1996-04-11,JG,3,2,131,Y,DIOR,NA,NA,0,NA,NA,NA,NA,NA,NA,NA
1996,S,1996-04-11,JG,3,2,139,Y,DIOR,NA,NA,0,NA,NA,NA,NA,NA,NA,NA
1996,S,1996-04-11,JG,3,2,143,Y,DIOR,NA,NA,0,NA,NA,NA,NA,NA,NA,NA
1996,S,1996-04-11,JG,3,2,144,N,DIOR,F,A,39,N,NA,NA,NA,NA,NA,NA
1996,S,1996-04-11,JG,3,3,9,Y,DIOR,NA,NA,0,NA,NA,NA,NA,NA,NA,NA
1996,S,1996-04-11,JG,3,3,11,Y,ONLE,NA,NA,0,NA,NA,NA,NA,NA,NA,NA
1996,S,1996-04-11,JG,3,3,12,N,SPSP,NA,J,74,N,NA,NA,NA,NA,NA,NA
1996,S,1996-04-11,JG,3,3,18,Y,DIOR,NA,NA,0,NA,NA,NA,NA,NA,NA,NA
1996,S,1996-04-11,JG,3,3,84,Y,SPSP,NA,NA,0,NA,NA,NA,NA,NA,NA,NA
1996,S,1996-04-11,JG,3,3,31,N,NEMI,F,A,155,N,NA,NA,NA,NA,NA,NA
1996,S,1996-04-11,JG,3,3,32,Y,DIOR,NA,NA,0,NA,NA,NA,NA,NA,NA,NA
1996,S,1996-04-11,JG,3,3,46,N,PGFL,M,A,8,Y,S,NA,NA,NA,NA,NA
1996,S,1996-04-11,JG,3,3,47,N,SPSP,M,A,89,Y,S,NA,NA,NA,NA,NA
1996,S,1996-04-11,JG,3,3,59,Y,SPSP,NA,NA,0,NA,NA,NA,NA,NA,NA,NA
1996,S,1996-04-11,JG,3,3,70,Y,SPSP,NA,NA,0,NA,NA,NA,NA,NA,NA,NA
1996,S,1996-04-11,JG,3,3,71,N,DIOR,F,A,52,Y,V,NA,NA,NA,NA,NA
1996,S,1996-04-11,JG,3,3,72,N,SPSP,M,A,98,N,NA,NA,NA,NA,NA,NA
1996,S,1996-04-11,JG,3,3,78,N,SPSP,M,A,128,Y,S,NA,NA,NA,NA,NA
1996,S,1996-04-11,JG,3,3,80,Y,DIOR,NA,NA,0,NA,NA,NA,NA,NA,NA,NA
1996,S,1996-04-11,JG,3,3,87,N,PGFL,M,A,7,N,NA,NA,NA,NA,NA,NA
1996,S,1996-04-11,JG,3,3,93,Y,SPSP,NA,NA,0,NA,NA,NA,NA,NA,NA,NA
1996,S,1996-04-11,JG,3,3,101,Y,DIME,NA,NA,0,NA,NA,NA,NA,NA,NA,NA
1996,S,1996-04-11,JG,3,3,105,N,PGFL,M,A,10,Y,S,NA,NA,NA,NA,NA
1996,S,1996-04-11,JG,3,3,106,Y,DIOR,NA,NA,0,NA,NA,NA,NA,NA,NA,NA
1996,S,1996-04-11,JG,3,3,107,N,SPSP,NA,J,89,N,NA,NA,NA,NA,NA,NA
1996,S,1996-04-11,JG,3,3,120,N,DIOR,M,A,51,N,NA,NA,NA,NA,NA,NA
1996,S,1996-04-11,JG,3,3,130,Y,DIOR,NA,NA,0,NA,NA,NA,NA,NA,NA,NA
1996,S,1996-04-11,JG,3,3,142,Y,DIOR,NA,NA,0,NA,NA,NA,NA,NA,NA,NA
1996,S,1996-04-11,JG,3,3,144,Y,DIOR,NA,NA,0,NA,NA,NA,NA,NA,NA,NA
1997,S,1997-04-08,JG,1,1,0,N,DIOR,F,A,58,N,NA,NA,NA,NA,NA,NA
1997,S,1997-04-08,JG,1,1,4,N,DIOR,F,A,57,N,NA,NA,NA,NA,NA,NA
1997,S,1997-04-08,JG,1,1,6,N,DIOR,NA,J,33,N,NA,NA,NA,NA,NA,NA
1997,S,1997-04-08,JG,1,1,10,N,DIOR,M,A,51,Y,S,NA,NA,NA,NA,NA
1997,S,1997-04-08,JG,1,1,11,N,DIOR,M,A,46,Y,S,NA,NA,NA,NA,NA
1997,S,1997-04-08,JG,1,1,12,N,SPSP,M,A,88,N,NA,NA,NA,NA,NA,NA
1997,S,1997-04-08,JG,1,1,16,N,DIOR,M,A,50,Y,S,NA,NA,NA,NA,NA
1997,S,1997-04-08,JG,1,1,18,N,DIOR,F,A,51,N,NA,NA,NA,NA,NA,NA
1997,S,1997-04-08,JG,1,1,19,N,SPSP,F,A,88,N,NA,NA,NA,NA,NA,NA
1997,S,1997-04-08,JG,1,1,23,N,DIOR,M,A,0,Y,S,Y,M,NA,NA,NA
1997,S,1997-04-08,JG,1,1,24,N,DIOR,M,A,60,Y,S,NA,NA,NA,NA,NA
1997,S,1997-04-08,JG,1,1,28,N,DIOR,NA,J,36,N,NA,NA,NA,NA,NA,NA
1997,S,1997-04-08,JG,1,1,29,N,DIOR,NA,J,32,N,NA,NA,NA,NA,NA,NA
1997,S,1997-04-08,JG,1,1,30,N,DIOR,F,A,46,N,NA,NA,NA,NA,NA,NA
1997,S,1997-04-08,JG,1,1,32,N,DIOR,NA,J,31,N,NA,NA,NA,NA,NA,NA
1997,S,1997-04-08,JG,1,1,33,N,ONLE,M,A,33,Y,S,NA,NA,NA,NA,NA
1997,S,1997-04-08,JG,1,1,34,N,DIOR,M,A,46,Y,S,NA,NA,NA,NA,NA
1997,S,1997-04-08,JG,1,1,44,N,DIOR,F,A,48,N,NA,NA,NA,NA,NA,NA
1997,S,1997-04-08,JG,1,1,53,N,DIOR,F,A,46,N,NA,NA,NA,NA,NA,NA
1997,S,1997-04-08,JG,1,1,56,N,ONLE,F,A,49,Y,P,NA,NA,NA,NA,NA
1997,S,1997-04-08,JG,1,1,64,N,DIOR,M,A,58,Y,S,NA,NA,NA,NA,NA
1997,S,1997-04-08,JG,1,1,67,N,DIOR,M,A,48,N,NA,NA,NA,NA,NA,NA
1997,S,1997-04-08,JG,1,1,68,N,SPSP,F,A,98,N,NA,NA,NA,NA,NA,NA
1997,S,1997-04-08,JG,1,1,69,N,DIOR,M,A,54,Y,S,NA,NA,NA,NA,NA
1997,S,1997-04-08,JG,1,1,71,N,DIOR,F,A,52,N,NA,NA,NA,NA,NA,NA
1997,S,1997-04-08,JG,1,1,77,N,ONLE,M,A,38,N,NA,NA,NA,NA,NA,NA
1997,S,1997-04-08,JG,1,1,79,N,DIOR,F,A,52,N,NA,NA,NA,NA,NA,NA
1997,S,1997-04-08,JG,1,1,80,N,DIOR,M,A,55,Y,S,NA,NA,NA,NA,NA
1997,S,1997-04-08,JG,1,1,81,N,DISP,NA,J,92,N,NA,NA,NA,NA,NA,NA
1997,S,1997-04-08,JG,1,1,84,N,DIOR,M,A,52,Y,S,NA,NA,NA,NA,NA
1997,S,1997-04-08,JG,1,1,90,N,ONLE,F,A,39,N,NA,NA,NA,NA,NA,NA
1997,S,1997-04-08,JG,1,1,92,N,DIOR,M,A,44,N,NA,NA,NA,NA,NA,NA
1997,S,1997-04-08,JG,1,1,94,N,DISP,M,A,155,Y,S,NA,NA,NA,NA,NA
1997,S,1997-04-08,JG,1,1,97,N,SPSP,M,A,90,Y,S,NA,NA,NA,NA,NA
1997,S,1997-04-08,JG,1,1,102,N,DIOR,M,A,59,Y,S,NA,NA,NA,NA,NA
1997,S,1997-04-08,JG,1,1,105,N,DIOR,F,A,0,N,NA,Y,M,NA,NA,NA
1997,S,1997-04-08,JG,1,1,107,N,DIOR,M,A,57,Y,S,NA,NA,NA,NA,NA
1997,S,1997-04-08,JG,1,1,117,N,DIOR,M,A,52,N,NA,NA,NA,NA,NA,NA
1997,S,1997-04-08,JG,1,1,119,N,DIOR,F,A,48,N,NA,NA,NA,NA,NA,NA
1997,S,1997-04-08,JG,1,1,120,N,DIOR,F,A,46,N,NA,NA,NA,NA,NA,NA
1997,S,1997-04-08,JG,1,1,126,N,DIOR,F,A,0,Y,V,Y,M,NA,NA,NA
1997,S,1997-04-08,JG,1,1,128,N,DIOR,F,A,54,N,NA,NA,NA,NA,NA,NA
1997,S,1997-04-08,JG,1,1,131,N,DIOR,F,A,48,N,NA,NA,NA,NA,NA,NA
1997,S,1997-04-08,JG,1,1,132,N,DISP,M,A,170,Y,S,NA,NA,NA,NA,NA
1997,S,1997-04-08,JG,1,1,133,N,DIOR,F,A,50,N,NA,NA,NA,NA,NA,NA
1997,S,1997-04-08,JG,1,1,138,N,DIOR,M,A,40,Y,S,NA,NA,NA,NA,NA
1997,S,1997-04-08,JG,1,1,139,N,DIOR,M,A,50,Y,S,NA,NA,NA,NA,NA
1997,S,1997-04-08,JG,1,1,140,N,SPSP,F,A,83,N,NA,NA,NA,NA,NA,NA
1997,S,1997-04-08,JG,1,1,141,N,DIOR,M,A,51,Y,S,NA,NA,NA,NA,NA
1997,S,1997-04-08,JG,1,1,0,N,DIOR,M,A,48,Y,S,NA,NA,NA,NA,NA
1997,S,1997-04-08,JG,1,3,10,N,DIOR,F,A,38,Y,V,NA,NA,NA,NA,NA
1997,S,1997-04-08,JG,1,3,11,N,ONLE,F,A,38,N,NA,NA,NA,NA,NA,NA
1997,S,1997-04-08,JG,1,3,13,N,DIOR,M,A,46,N,NA,NA,NA,NA,NA,NA
1997,S,1997-04-08,JG,1,3,20,N,DIOR,F,A,38,N,NA,NA,NA,NA,NA,NA
1997,S,1997-04-08,JG,1,3,21,N,DIOR,M,A,0,Y,S,Y,M,NA,NA,NA
1997,S,1997-04-08,JG,1,3,22,N,DISP,M,A,148,Y,S,NA,NA,NA,NA,NA
1997,S,1997-04-08,JG,1,3,32,N,DIOR,M,A,56,Y,S,NA,NA,NA,NA,NA
1997,S,1997-04-08,JG,1,3,33,N,DIOR,F,A,42,N,NA,NA,NA,NA,NA,NA
1997,S,1997-04-08,JG,1,3,34,N,DIOR,M,A,53,Y,S,NA,NA,NA,NA,NA
1997,S,1997-04-08,JG,1,3,40,N,PGFL,F,A,8,N,NA,NA,NA,NA,NA,NA
1997,S,1997-04-08,JG,1,3,44,N,DIOR,M,A,48,N,NA,NA,NA,NA,NA,NA
1997,S,1997-04-08,JG,1,3,46,N,DIOR,M,A,47,N,NA,NA,NA,NA,NA,NA
1997,S,1997-04-08,JG,1,3,47,N,DIOR,M,A,51,N,NA,NA,NA,NA,NA,NA
1997,S,1997-04-08,JG,1,3,48,N,DIOR,M,A,55,Y,S,NA,NA,NA,NA,NA
1997,S,1997-04-08,JG,1,3,53,N,DIOR,M,A,52,Y,S,NA,NA,NA,NA,NA
1997,S,1997-04-08,JG,1,3,58,N,DIOR,M,A,55,N,NA,NA,NA,NA,NA,NA
1997,S,1997-04-08,JG,1,3,59,N,DIOR,M,A,56,Y,S,NA,NA,NA,NA,NA
1997,S,1997-04-08,JG,1,3,65,N,DIOR,NA,J,36,N,NA,NA,NA,NA,NA,NA
1997,S,1997-04-08,JG,1,3,66,N,DIOR,F,A,52,N,NA,NA,NA,NA,NA,NA
1997,S,1997-04-08,JG,1,3,69,N,DIOR,NA,J,36,N,NA,NA,NA,NA,NA,NA
1997,S,1997-04-08,JG,1,3,70,N,DISP,NA,J,48,N,NA,NA,NA,NA,NA,NA
1997,S,1997-04-08,JG,1,3,71,N,DIOR,F,A,57,Y,V,NA,NA,NA,NA,NA
1997,S,1997-04-08,JG,1,3,78,N,DIOR,F,A,36,N,NA,NA,NA,NA,NA,NA
1997,S,1997-04-08,JG,1,3,83,N,DIOR,M,A,52,Y,S,NA,NA,NA,NA,NA
1997,S,1997-04-08,JG,1,3,84,N,DISP,M,A,142,Y,S,NA,NA,NA,NA,NA
1997,S,1997-04-08,JG,1,3,94,N,DIOR,F,A,60,N,NA,NA,NA,NA,NA,NA
1997,S,1997-04-08,JG,1,3,95,N,DIOR,M,A,46,N,NA,NA,NA,NA,NA,NA
1997,S,1997-04-08,JG,1,3,102,N,DIOR,M,A,53,Y,S,NA,NA,NA,NA,NA
1997,S,1997-04-08,JG,1,3,106,N,NEMI,M,A,0,N,NA,Y,M,NA,NA,NA
1997,S,1997-04-08,JG,1,3,107,N,DIOR,F,A,55,N,NA,NA,NA,NA,NA,NA
1997,S,1997-04-08,JG,1,3,114,N,DIOR,F,A,58,N,NA,NA,NA,NA,NA,NA
1997,S,1997-04-08,JG,1,3,120,N,DIOR,M,A,52,Y,S,NA,NA,NA,NA,NA
1997,S,1997-04-08,JG,1,3,126,N,DISP,F,A,155,N,NA,NA,NA,NA,NA,NA
1997,S,1997-04-08,JG,1,3,128,N,DISP,NA,J,94,N,NA,NA,NA,NA,NA,NA
1997,S,1997-04-08,JG,1,3,131,N,PGFL,F,A,9,N,NA,NA,NA,NA,NA,NA
1997,S,1997-04-08,JG,1,3,132,N,DIOR,M,A,57,Y,S,NA,NA,NA,NA,NA
1997,S,1997-04-08,JG,1,3,140,N,DIOR,F,A,49,N,NA,NA,NA,NA,NA,NA
1997,S,1997-04-08,JG,1,3,142,N,DIOR,F,A,53,N,NA,NA,NA,NA,NA,NA
1997,S,1997-04-08,JG,1,3,144,N,DIOR,M,A,51,N,NA,NA,NA,NA,NA,NA
1997,S,1997-04-09,JG,2,1,4,Y,SPSP,NA,NA,0,NA,NA,NA,NA,NA,NA,NA
1997,S,1997-04-09,JG,2,1,10,Y,DIOR,NA,NA,0,NA,NA,NA,NA,NA,NA,NA
1997,S,1997-04-09,JG,2,1,11,Y,ONLE,NA,NA,0,NA,NA,NA,NA,NA,NA,NA
1997,S,1997-04-09,JG,2,1,12,Y,DIOR,NA,NA,0,NA,NA,NA,NA,NA,NA,NA
1997,S,1997-04-09,JG,2,1,18,Y,DIOR,NA,NA,0,NA,NA,NA,NA,NA,NA,NA
1997,S,1997-04-09,JG,2,1,21,Y,SPSP,NA,NA,0,NA,NA,NA,NA,NA,NA,NA
1997,S,1997-04-09,JG,2,1,23,Y,DIOR,NA,NA,0,NA,NA,NA,NA,NA,NA,NA
1997,S,1997-04-09,JG,2,1,26,N,DIOR,F,A,48,Y,V,NA,NA,NA,NA,NA
1997,S,1997-04-09,JG,2,1,28,Y,DIOR,NA,NA,0,NA,NA,NA,NA,NA,NA,NA
1997,S,1997-04-09,JG,2,1,29,Y,DIOR,NA,NA,0,NA,NA,NA,NA,NA,NA,NA
1997,S,1997-04-09,JG,2,1,30,Y,DIOR,NA,NA,0,NA,NA,NA,NA,NA,NA,NA
1997,S,1997-04-09,JG,2,1,31,Y,DIOR,NA,NA,0,NA,NA,NA,NA,NA,NA,NA
1997,S,1997-04-09,JG,2,1,32,Y,DIOR,NA,NA,0,NA,NA,NA,NA,NA,NA,NA
1997,S,1997-04-09,JG,2,1,33,N,ONLE,NA,J,28,N,NA,NA,NA,NA,NA,NA
1997,S,1997-04-09,JG,2,1,96,N,DIOR,M,A,59,Y,S,NA,NA,NA,NA,NA
1997,S,1997-04-09,JG,2,1,48,Y,DIOR,NA,NA,0,NA,NA,NA,NA,NA,NA,NA
1997,S,1997-04-09,JG,2,1,49,N,PGFL,M,A,9,Y,S,NA,NA,NA,NA,NA
1997,S,1997-04-09,JG,2,1,54,Y,DIOR,NA,NA,0,NA,NA,NA,NA,NA,NA,NA
1997,S,1997-04-09,JG,2,1,55,N,DISP,NA,J,94,N,NA,NA,NA,NA,NA,NA
1997,S,1997-04-09,JG,2,1,56,N,DIOR,M,A,0,Y,S,Y,M,NA,NA,NA
1997,S,1997-04-09,JG,2,1,57,N,SPSP,M,A,110,Y,S,NA,NA,NA,NA,NA
1997,S,1997-04-09,JG,2,1,58,N,DIOR,M,A,44,N,NA,NA,NA,NA,NA,NA
1997,S,1997-04-09,JG,2,1,59,Y,DIOR,NA,NA,0,NA,NA,NA,NA,NA,NA,NA
1997,S,1997-04-09,JG,2,1,65,N,DIOR,F,A,34,Y,V,NA,NA,NA,NA,NA
1997,S,1997-04-09,JG,2,1,67,Y,DIOR,NA,NA,0,NA,NA,NA,NA,NA,NA,NA
1997,S,1997-04-09,JG,2,1,68,N,DIOR,M,A,35,N,NA,NA,NA,NA,NA,NA
1997,S,1997-04-09,JG,2,1,69,Y,DIOR,NA,NA,0,NA,NA,NA,NA,NA,NA,NA
1997,S,1997-04-09,JG,2,1,70,Y,SPSP,NA,NA,0,NA,NA,NA,NA,NA,NA,NA
1997,S,1997-04-09,JG,2,1,71,Y,ONLE,NA,NA,0,NA,NA,NA,NA,NA,NA,NA
1997,S,1997-04-09,JG,2,1,73,N,PGFL,M,A,9,Y,S,NA,NA,NA,NA,NA
1997,S,1997-04-09,JG,2,1,77,N,ONLE,M,A,34,N,NA,NA,NA,NA,NA,NA
1997,S,1997-04-09,JG,2,1,78,N,DIOR,M,A,40,N,NA,NA,NA,NA,NA,NA
1997,S,1997-04-09,JG,2,1,79,Y,DIOR,NA,NA,0,NA,NA,NA,NA,NA,NA,NA
1997,S,1997-04-09,JG,2,1,80,Y,DIOR,NA,NA,0,NA,NA,NA,NA,NA,NA,NA
1997,S,1997-04-09,JG,2,1,81,Y,DIOR,NA,NA,0,NA,NA,NA,NA,NA,NA,NA
1997,S,1997-04-09,JG,2,1,90,N,PGFL,F,A,8,N,NA,NA,NA,NA,NA,NA
1997,S,1997-04-09,JG,2,1,91,Y,SPSP,NA,NA,0,NA,NA,NA,NA,NA,NA,NA
1997,S,1997-04-09,JG,2,1,92,Y,DIOR,NA,NA,0,NA,NA,NA,NA,NA,NA,NA
1997,S,1997-04-09,JG,2,1,93,Y,DIOR,NA,NA,0,NA,NA,NA,NA,NA,NA,NA
1997,S,1997-04-09,JG,2,1,100,Y,DIOR,NA,NA,0,NA,NA,NA,NA,NA,NA,NA
1997,S,1997-04-09,JG,2,1,101,Y,DIOR,NA,NA,0,NA,NA,NA,NA,NA,NA,NA
1997,S,1997-04-09,JG,2,1,105,Y,DIOR,NA,NA,0,NA,NA,NA,NA,NA,NA,NA
1997,S,1997-04-09,JG,2,1,107,N,DIOR,M,A,53,Y,S,NA,NA,NA,NA,NA
1997,S,1997-04-09,JG,2,1,117,Y,DIOR,NA,NA,0,NA,NA,NA,NA,NA,NA,NA
1997,S,1997-04-09,JG,2,1,120,N,DIOR,NA,J,21,N,NA,NA,NA,NA,NA,NA
1997,S,1997-04-09,JG,2,1,128,Y,DIOR,NA,NA,0,NA,NA,NA,NA,NA,NA,NA
1997,S,1997-04-09,JG,2,1,130,Y,DISP,NA,NA,0,NA,NA,NA,NA,NA,NA,NA
1997,S,1997-04-09,JG,2,1,133,N,PGFL,M,A,8,Y,S,NA,NA,NA,NA,NA
1997,S,1997-04-09,JG,2,1,135,N,DISP,NA,J,90,N,NA,NA,NA,NA,NA,NA
1997,S,1997-04-09,JG,2,1,136,Y,DIOR,NA,NA,0,NA,NA,NA,NA,NA,NA,NA
1997,S,1997-04-09,JG,2,1,139,N,DIOR,F,A,48,N,NA,NA,NA,NA,NA,NA
1997,S,1997-04-09,JG,2,1,140,Y,SPSP,NA,NA,0,NA,NA,NA,NA,NA,NA,NA
1997,S,1997-04-09,JG,2,1,141,Y,DIOR,NA,NA,0,NA,NA,NA,NA,NA,NA,NA
1997,S,1997-04-09,JG,2,1,142,N,DIOR,M,A,48,N,NA,NA,NA,NA,NA,NA
1997,S,1997-04-09,JG,2,1,143,N,DIOR,F,A,38,Y,V,NA,NA,NA,NA,NA
1997,S,1997-04-08,JG,1,2,6,N,DIOR,F,A,46,Y,V,NA,NA,NA,NA,NA
1997,S,1997-04-08,JG,1,2,9,N,DIOR,NA,NA,0,NA,NA,Y,U,NA,NA,NA
1997,S,1997-04-08,JG,1,2,10,N,DIOR,M,A,61,Y,S,NA,NA,NA,NA,NA
1997,S,1997-04-08,JG,1,2,15,N,DIOR,M,A,62,Y,S,NA,NA,NA,NA,NA
1997,S,1997-04-08,JG,1,2,16,N,DIOR,F,A,39,N,NA,NA,NA,NA,NA,NA
1997,S,1997-04-08,JG,1,2,17,N,DIOR,F,A,46,N,NA,NA,NA,NA,NA,NA
1997,S,1997-04-08,JG,1,2,19,N,NEMI,F,A,139,N,NA,NA,NA,NA,NA,NA
1997,S,1997-04-08,JG,1,2,21,N,DIOR,M,A,49,Y,S,NA,NA,NA,NA,NA
1997,S,1997-04-08,JG,1,2,24,N,DIOR,M,A,60,Y,S,NA,NA,NA,NA,NA
1997,S,1997-04-08,JG,1,2,30,N,DIOR,M,A,53,Y,S,NA,NA,NA,NA,NA
1997,S,1997-04-08,JG,1,2,31,N,DIOR,F,A,46,N,NA,NA,NA,NA,NA,NA
1997,S,1997-04-08,JG,1,2,34,N,DIOR,F,A,44,N,NA,NA,NA,NA,NA,NA
1997,S,1997-04-08,JG,1,2,36,N,DIOR,M,A,56,Y,S,NA,NA,NA,NA,NA
1997,S,1997-04-08,JG,1,2,40,N,SPSP,M,A,112,Y,S,NA,NA,NA,NA,NA
1997,S,1997-04-08,JG,1,2,41,N,DIOR,F,A,42,N,NA,NA,NA,NA,NA,NA
1997,S,1997-04-08,JG,1,2,42,N,DIOR,F,A,58,N,NA,NA,NA,NA,NA,NA
1997,S,1997-04-08,JG,1,2,44,N,DIOR,M,A,53,Y,S,NA,NA,NA,NA,NA
1997,S,1997-04-08,JG,1,2,46,N,DIOR,F,A,42,N,NA,NA,NA,NA,NA,NA
1997,S,1997-04-08,JG,1,2,47,N,SPSP,F,A,92,N,NA,NA,NA,NA,NA,NA
1997,S,1997-04-08,JG,1,2,48,N,DIOR,F,A,41,Y,V,NA,NA,NA,NA,NA
1997,S,1997-04-08,JG,1,2,53,N,SPSP,M,A,95,Y,S,NA,NA,NA,NA,NA
1997,S,1997-04-08,JG,1,2,54,N,DIOR,M,A,51,Y,S,NA,NA,NA,NA,NA
1997,S,1997-04-08,JG,1,2,55,N,DISP,M,A,178,N,NA,NA,NA,NA,NA,NA
1997,S,1997-04-08,JG,1,2,57,N,DIOR,F,A,50,N,NA,NA,NA,NA,NA,NA
1997,S,1997-04-08,JG,1,2,58,N,DIOR,M,A,49,Y,S,NA,NA,NA,NA,NA
1997,S,1997-04-08,JG,1,2,59,N,DIOR,M,A,43,N,NA,NA,NA,NA,NA,NA
1997,S,1997-04-08,JG,1,2,60,N,DIOR,F,A,47,Y,V,NA,NA,NA,NA,NA
1997,S,1997-04-08,JG,1,2,64,N,DIOR,M,A,49,N,NA,NA,NA,NA,NA,NA
1997,S,1997-04-08,JG,1,2,67,N,DIOR,F,A,55,Y,V,NA,NA,NA,NA,NA
1997,S,1997-04-08,JG,1,2,69,N,SPSP,F,A,124,Y,P,NA,NA,NA,NA,NA
1997,S,1997-04-08,JG,1,2,71,N,DIOR,M,A,51,Y,S,NA,NA,NA,NA,NA
1997,S,1997-04-08,JG,1,2,72,N,DIOR,F,A,48,N,NA,NA,NA,NA,NA,NA
1997,S,1997-04-08,JG,1,2,77,N,ONLE,F,A,34,N,NA,NA,NA,NA,NA,NA
1997,S,1997-04-08,JG,1,2,78,N,DIOR,F,A,56,Y,V,NA,NA,NA,NA,NA
1997,S,1997-04-08,JG,1,2,82,N,DIOR,M,A,54,Y,S,NA,NA,NA,NA,NA
1997,S,1997-04-08,JG,1,2,84,N,DIOR,F,A,39,N,NA,NA,NA,NA,NA,NA
1997,S,1997-04-08,JG,1,2,86,N,DIOR,F,A,43,N,NA,NA,NA,NA,NA,NA
1997,S,1997-04-08,JG,1,2,89,N,DIOR,F,A,56,N,NA,NA,NA,NA,NA,NA
1997,S,1997-04-08,JG,1,2,90,N,DIOR,M,A,46,N,NA,NA,NA,NA,NA,NA
1997,S,1997-04-08,JG,1,2,92,N,PGFL,F,A,7,N,NA,NA,NA,NA,NA,NA
1997,S,1997-04-08,JG,1,2,93,N,DIOR,F,A,39,Y,V,NA,NA,NA,NA,NA
1997,S,1997-04-08,JG,1,2,96,N,DIOR,F,A,57,N,NA,NA,NA,NA,NA,NA
1997,S,1997-04-08,JG,1,2,101,N,DIOR,F,A,49,N,NA,NA,NA,NA,NA,NA
1997,S,1997-04-08,JG,1,2,102,N,DIOR,M,A,48,N,NA,NA,NA,NA,NA,NA
1997,S,1997-04-08,JG,1,2,103,N,DIOR,M,A,59,Y,S,NA,NA,NA,NA,NA
1997,S,1997-04-08,JG,1,2,104,N,DISP,F,A,122,N,NA,NA,NA,NA,NA,NA
1997,S,1997-04-08,JG,1,2,105,N,DIOR,M,A,54,Y,S,NA,NA,NA,NA,NA
1997,S,1997-04-08,JG,1,2,106,N,DIOR,F,A,33,N,NA,NA,NA,NA,NA,NA
1997,S,1997-04-08,JG,1,2,107,N,DIOR,F,A,59,N,NA,NA,NA,NA,NA,NA
1997,S,1997-04-08,JG,1,2,108,N,DIOR,M,A,58,Y,S,NA,NA,NA,NA,NA
1997,S,1997-04-08,JG,1,2,112,N,DIOR,M,A,54,Y,S,NA,NA,NA,NA,NA
1997,S,1997-04-08,JG,1,2,115,N,DIOR,M,A,52,Y,S,NA,NA,NA,NA,NA
1997,S,1997-04-08,JG,1,2,117,N,DIOR,M,A,54,N,NA,NA,NA,NA,NA,NA
1997,S,1997-04-08,JG,1,2,119,N,DIOR,M,A,51,Y,S,NA,NA,NA,NA,NA
1997,S,1997-04-08,JG,1,2,120,N,DISP,NA,NA,0,NA,NA,Y,U,NA,NA,NA
1997,S,1997-04-08,JG,1,2,129,N,DIOR,M,A,49,Y,S,NA,NA,NA,NA,NA
1997,S,1997-04-08,JG,1,2,130,N,DIOR,F,A,49,N,NA,NA,NA,NA,NA,NA
1997,S,1997-04-08,JG,1,2,132,N,DIOR,F,A,40,N,NA,NA,NA,NA,NA,NA
1997,S,1997-04-08,JG,1,2,139,N,DIOR,F,A,57,N,NA,NA,NA,NA,NA,NA
1997,S,1997-04-08,JG,1,2,143,N,DIOR,F,A,40,Y,V,NA,NA,NA,NA,NA
1997,S,1997-04-08,JG,1,2,144,N,DIOR,F,A,59,Y,V,NA,NA,NA,NA,NA
1997,S,1997-04-09,JG,2,2,6,N,SPSP,F,A,105,Y,P,NA,NA,NA,NA,NA
1997,S,1997-04-09,JG,2,2,7,Y,DIOR,NA,NA,0,NA,NA,NA,NA,NA,NA,NA
1997,S,1997-04-09,JG,2,2,8,Y,DIOR,NA,NA,0,NA,NA,NA,NA,NA,NA,NA
1997,S,1997-04-09,JG,2,2,9,N,SPSP,M,A,98,N,NA,NA,NA,NA,NA,NA
1997,S,1997-04-09,JG,2,2,10,N,DIOR,F,A,52,N,NA,NA,NA,NA,NA,NA
1997,S,1997-04-09,JG,2,2,11,N,SPSP,F,A,82,N,NA,NA,NA,NA,NA,NA
1997,S,1997-04-09,JG,2,2,12,Y,DIOR,NA,NA,0,NA,NA,NA,NA,NA,NA,NA
1997,S,1997-04-09,JG,2,2,13,N,PGFL,F,A,9,N,NA,NA,NA,NA,NA,NA
1997,S,1997-04-09,JG,2,2,16,Y,DIOR,NA,NA,0,NA,NA,NA,NA,NA,NA,NA
1997,S,1997-04-09,JG,2,2,17,Y,DIOR,NA,NA,0,NA,NA,NA,NA,NA,NA,NA
1997,S,1997-04-09,JG,2,2,19,N,SPSP,F,A,115,Y,V,NA,NA,NA,NA,NA
1997,S,1997-04-09,JG,2,2,21,N,DIOR,F,A,51,N,NA,NA,NA,NA,NA,NA
1997,S,1997-04-09,JG,2,2,23,N,DIOR,NA,J,27,N,NA,NA,NA,NA,NA,NA
1997,S,1997-04-09,JG,2,2,28,Y,DIOR,NA,NA,0,NA,NA,NA,NA,NA,NA,NA
1997,S,1997-04-09,JG,2,2,30,N,DIOR,F,A,55,N,NA,NA,NA,NA,NA,NA
1997,S,1997-04-09,JG,2,2,31,N,DIOR,F,A,0,N,NA,Y,M,NA,NA,NA
1997,S,1997-04-09,JG,2,2,33,N,DIOR,M,A,52,Y,S,NA,NA,NA,NA,NA
1997,S,1997-04-09,JG,2,2,34,Y,DIOR,NA,NA,0,NA,NA,NA,NA,NA,NA,NA
1997,S,1997-04-09,JG,2,2,36,N,DIOR,F,A,58,N,NA,NA,NA,NA,NA,NA
1997,S,1997-04-09,JG,2,2,37,N,PGFL,F,A,7,N,NA,NA,NA,NA,NA,NA
1997,S,1997-04-09,JG,2,2,41,Y,DIOR,NA,NA,0,NA,NA,NA,NA,NA,NA,NA
1997,S,1997-04-09,JG,2,2,42,Y,DIOR,NA,NA,0,NA,NA,NA,NA,NA,NA,NA
1997,S,1997-04-09,JG,2,2,44,Y,SPSP,NA,NA,0,NA,NA,NA,NA,NA,NA,NA
1997,S,1997-04-09,JG,2,2,46,Y,DIOR,NA,NA,0,NA,NA,NA,NA,NA,NA,NA
1997,S,1997-04-09,JG,2,2,47,N,SPSP,M,A,96,Y,S,NA,NA,NA,NA,NA
1997,S,1997-04-09,JG,2,2,52,N,DIOR,M,A,40,N,NA,NA,NA,NA,NA,NA
1997,S,1997-04-09,JG,2,2,53,N,SPSP,M,A,99,Y,S,NA,NA,NA,NA,NA
1997,S,1997-04-09,JG,2,2,55,N,DIOR,M,A,48,N,NA,NA,NA,NA,NA,NA
1997,S,1997-04-09,JG,2,2,58,NA,DIOR,NA,NA,0,NA,NA,Y,U,NA,NA,NA
1997,S,1997-04-09,JG,2,2,60,N,DIOR,M,A,50,Y,S,NA,NA,NA,NA,NA
1997,S,1997-04-09,JG,2,2,63,Y,DIOR,NA,NA,0,NA,NA,NA,NA,NA,NA,NA
1997,S,1997-04-09,JG,2,2,68,N,SPSP,M,A,95,Y,S,NA,NA,NA,NA,NA
1997,S,1997-04-09,JG,2,2,69,Y,DISP,NA,NA,0,NA,NA,NA,NA,NA,NA,NA
1997,S,1997-04-09,JG,2,2,71,Y,DIOR,NA,NA,0,NA,NA,NA,NA,NA,NA,NA
1997,S,1997-04-09,JG,2,2,72,Y,DIOR,NA,NA,0,NA,NA,NA,NA,NA,NA,NA
1997,S,1997-04-09,JG,2,2,75,Y,DIOR,NA,NA,0,NA,NA,NA,NA,NA,NA,NA
1997,S,1997-04-09,JG,2,2,80,Y,DIOR,NA,NA,0,NA,NA,NA,NA,NA,NA,NA
1997,S,1997-04-09,JG,2,2,82,Y,SPSP,NA,NA,0,NA,NA,NA,NA,NA,NA,NA
1997,S,1997-04-09,JG,2,2,84,Y,DIOR,NA,NA,0,NA,NA,NA,NA,NA,NA,NA
1997,S,1997-04-09,JG,2,2,90,Y,DIOR,NA,NA,0,NA,NA,NA,NA,NA,NA,NA
1997,S,1997-04-09,JG,2,2,94,N,SPSP,M,A,98,N,NA,NA,NA,NA,NA,NA
1997,S,1997-04-09,JG,2,2,101,Y,DIOR,NA,NA,0,NA,NA,NA,NA,NA,NA,NA
1997,S,1997-04-09,JG,2,2,104,Y,DISP,NA,NA,0,NA,NA,NA,NA,NA,NA,NA
1997,S,1997-04-09,JG,2,2,105,Y,DIOR,NA,NA,0,NA,NA,NA,NA,NA,NA,NA
1997,S,1997-04-09,JG,2,2,106,Y,ONLE,NA,NA,0,NA,NA,NA,NA,NA,NA,NA
1997,S,1997-04-09,JG,2,2,107,Y,DIOR,NA,NA,0,NA,NA,NA,NA,NA,NA,NA
1997,S,1997-04-09,JG,2,2,108,Y,DIOR,NA,NA,0,NA,NA,NA,NA,NA,NA,NA
1997,S,1997-04-09,JG,2,2,112,N,DIOR,M,A,0,Y,S,Y,M,NA,NA,NA
1997,S,1997-04-09,JG,2,2,113,Y,SPSP,NA,NA,0,NA,NA,NA,NA,NA,NA,NA
1997,S,1997-04-09,JG,2,2,117,Y,DIOR,NA,NA,0,NA,NA,NA,NA,NA,NA,NA
1997,S,1997-04-09,JG,2,2,119,Y,DISP,NA,NA,0,NA,NA,NA,NA,NA,NA,NA
1997,S,1997-04-09,JG,2,2,128,Y,DIOR,NA,NA,0,NA,NA,NA,NA,NA,NA,NA
1997,S,1997-04-09,JG,2,2,130,Y,DIOR,NA,NA,0,NA,NA,NA,NA,NA,NA,NA
1997,S,1997-04-09,JG,2,2,131,Y,DIOR,NA,NA,0,NA,NA,NA,NA,NA,NA,NA
1997,S,1997-04-09,JG,2,2,136,Y,DIOR,NA,NA,0,NA,NA,NA,NA,NA,NA,NA
1997,S,1997-04-09,JG,2,2,138,Y,DIOR,NA,NA,0,NA,NA,NA,NA,NA,NA,NA
1997,S,1997-04-09,JG,2,2,141,Y,DIOR,NA,NA,0,NA,NA,NA,NA,NA,NA,NA
1997,S,1997-04-09,JG,2,2,144,Y,DIOR,NA,NA,0,NA,NA,NA,NA,NA,NA,NA
1997,S,1997-04-09,JG,2,3,6,Y,DISP,NA,NA,0,NA,NA,NA,NA,NA,NA,NA
1997,S,1997-04-09,JG,2,3,9,N,DIOR,M,A,47,N,NA,NA,NA,NA,NA,NA
1997,S,1997-04-09,JG,2,3,11,Y,DIOR,NA,NA,0,NA,NA,NA,NA,NA,NA,NA
1997,S,1997-04-09,JG,2,3,12,N,SPSP,F,A,94,N,NA,NA,NA,NA,NA,NA
1997,S,1997-04-09,JG,2,3,14,Y,DIOR,NA,NA,0,NA,NA,NA,NA,NA,NA,NA
1997,S,1997-04-09,JG,2,3,20,Y,DIOR,NA,NA,0,NA,NA,NA,NA,NA,NA,NA
1997,S,1997-04-09,JG,2,3,21,Y,DIOR,NA,NA,0,NA,NA,NA,NA,NA,NA,NA
1997,S,1997-04-09,JG,2,3,22,N,ONLE,NA,J,31,N,NA,NA,NA,NA,NA,NA
1997,S,1997-04-09,JG,2,3,24,N,DIOR,F,A,57,N,NA,NA,NA,NA,NA,NA
1997,S,1997-04-09,JG,2,3,32,Y,DIOR,NA,NA,0,NA,NA,NA,NA,NA,NA,NA
1997,S,1997-04-09,JG,2,3,33,Y,DIOR,NA,NA,0,NA,NA,NA,NA,NA,NA,NA
1997,S,1997-04-09,JG,2,3,35,Y,DIOR,NA,NA,0,NA,NA,NA,NA,NA,NA,NA
1997,S,1997-04-09,JG,2,3,41,Y,ONLE,NA,NA,0,NA,NA,NA,NA,NA,NA,NA
1997,S,1997-04-09,JG,2,3,46,Y,DIOR,NA,NA,0,NA,NA,NA,NA,NA,NA,NA
1997,S,1997-04-09,JG,2,3,47,Y,DIOR,NA,NA,0,NA,NA,NA,NA,NA,NA,NA
1997,S,1997-04-09,JG,2,3,53,Y,DIOR,NA,NA,0,NA,NA,NA,NA,NA,NA,NA
1997,S,1997-04-09,JG,2,3,55,N,PGFL,M,A,9,Y,S,NA,NA,NA,NA,NA
1997,S,1997-04-09,JG,2,3,57,Y,DIOR,NA,NA,0,NA,NA,NA,NA,NA,NA,NA
1997,S,1997-04-09,JG,2,3,65,Y,DIOR,NA,NA,0,NA,NA,NA,NA,NA,NA,NA
1997,S,1997-04-09,JG,2,3,66,N,DIOR,F,A,52,Y,V,NA,NA,NA,NA,NA
1997,S,1997-04-09,JG,2,3,67,N,SPSP,F,A,83,Y,V,NA,NA,NA,NA,NA
1997,S,1997-04-09,JG,2,3,70,Y,DIOR,NA,NA,0,NA,NA,NA,NA,NA,NA,NA
1997,S,1997-04-09,JG,2,3,71,Y,DIOR,NA,NA,0,NA,NA,NA,NA,NA,NA,NA
1997,S,1997-04-09,JG,2,3,72,Y,DIOR,NA,NA,0,NA,NA,NA,NA,NA,NA,NA
1997,S,1997-04-09,JG,2,3,78,Y,DIOR,NA,NA,0,NA,NA,NA,NA,NA,NA,NA
1997,S,1997-04-09,JG,2,3,83,N,SPSP,F,A,105,N,NA,NA,NA,NA,NA,NA
1997,S,1997-04-09,JG,2,3,84,Y,DISP,NA,NA,0,NA,NA,NA,NA,NA,NA,NA
1997,S,1997-04-09,JG,2,3,93,N,NEMI,NA,A,0,NA,NA,Y,U,NA,NA,NA
1997,S,1997-04-09,JG,2,3,95,N,DIOR,M,A,0,Y,S,Y,M,NA,NA,NA
1997,S,1997-04-09,JG,2,2,99,Y,DIOR,NA,NA,0,NA,NA,NA,NA,NA,NA,NA
1997,S,1997-04-09,JG,2,3,100,Y,PGFL,NA,NA,0,NA,NA,NA,NA,NA,NA,NA
1997,S,1997-04-09,JG,2,3,101,Y,DIOR,NA,NA,0,NA,NA,NA,NA,NA,NA,NA
1997,S,1997-04-09,JG,2,3,102,N,SPSP,M,A,88,N,NA,NA,NA,NA,NA,NA
1997,S,1997-04-09,JG,2,3,106,Y,DIOR,NA,NA,0,NA,NA,NA,NA,NA,NA,NA
1997,S,1997-04-09,JG,2,3,108,N,DIOR,M,A,51,Y,S,NA,NA,NA,NA,NA
1997,S,1997-04-09,JG,2,3,113,N,DIOR,F,A,52,N,NA,NA,NA,NA,NA,NA
1997,S,1997-04-09,JG,2,3,114,Y,DIOR,NA,NA,0,NA,NA,NA,NA,NA,NA,NA
1997,S,1997-04-09,JG,2,3,118,Y,DIOR,NA,NA,0,NA,NA,NA,NA,NA,NA,NA
1997,S,1997-04-09,JG,2,3,120,N,SPSP,M,A,91,Y,S,NA,NA,NA,NA,NA
1997,S,1997-04-09,JG,2,3,126,Y,DISP,NA,NA,0,NA,NA,NA,NA,NA,NA,NA
1997,S,1997-04-09,JG,2,3,127,Y,DISP,NA,NA,0,NA,NA,NA,NA,NA,NA,NA
1997,S,1997-04-09,JG,2,3,128,N,DISP,NA,J,92,N,NA,NA,NA,NA,NA,NA
1997,S,1997-04-09,JG,2,3,135,Y,DIOR,NA,NA,0,NA,NA,NA,NA,NA,NA,NA
1997,S,1997-04-09,JG,2,3,139,Y,DISP,NA,NA,0,NA,NA,NA,NA,NA,NA,NA
1997,S,1997-04-09,JG,2,3,140,Y,DIOR,NA,NA,0,NA,NA,NA,NA,NA,NA,NA
1997,S,1997-04-09,JG,2,3,142,Y,DIOR,NA,NA,0,NA,NA,NA,NA,NA,NA,NA
1997,S,1997-04-09,JG,2,3,144,Y,DIOR,NA,NA,0,NA,NA,NA,NA,NA,NA,NA
1997,S,1997-04-10,JG,3,1,9,Y,SPSP,NA,NA,0,NA,NA,NA,NA,NA,NA,NA
1997,S,1997-04-10,JG,3,1,11,N,DIOR,M,A,53,Y,S,NA,NA,NA,NA,NA
1997,S,1997-04-10,JG,3,1,12,Y,DIOR,NA,NA,0,NA,NA,NA,NA,NA,NA,NA
1997,S,1997-04-10,JG,3,1,14,N,DIOR,M,A,62,Y,S,NA,NA,NA,NA,NA
1997,S,1997-04-10,JG,3,1,18,Y,DIOR,NA,NA,0,NA,NA,NA,NA,NA,NA,NA
1997,S,1997-04-10,JG,3,1,22,Y,DIOR,NA,NA,0,NA,NA,NA,NA,NA,NA,NA
1997,S,1997-04-10,JG,3,1,23,N,DIOR,M,A,52,Y,S,NA,NA,NA,NA,NA
1997,S,1997-04-10,JG,3,1,24,Y,DIOR,NA,NA,0,NA,NA,NA,NA,NA,NA,NA
1997,S,1997-04-10,JG,3,1,27,Y,DIOR,NA,NA,0,NA,NA,NA,NA,NA,NA,NA
1997,S,1997-04-10,JG,3,1,28,Y,DIOR,NA,NA,0,NA,NA,NA,NA,NA,NA,NA
1997,S,1997-04-10,JG,3,1,30,Y,DIOR,NA,NA,0,NA,NA,NA,NA,NA,NA,NA
1997,S,1997-04-10,JG,3,1,31,Y,DIOR,NA,NA,0,NA,NA,NA,NA,NA,NA,NA
1997,S,1997-04-10,JG,3,1,32,Y,DIOR,NA,NA,0,NA,NA,NA,NA,NA,NA,NA
1997,S,1997-04-10,JG,3,1,33,N,SPSP,M,A,90,Y,S,NA,NA,NA,NA,NA
1997,S,1997-04-10,JG,3,1,34,N,SPSP,F,A,98,N,NA,NA,NA,NA,NA,NA
1997,S,1997-04-10,JG,3,1,44,Y,DIOR,NA,NA,0,NA,NA,NA,NA,NA,NA,NA
1997,S,1997-04-10,JG,3,1,46,N,DISP,NA,J,104,N,NA,NA,NA,NA,NA,NA
1997,S,1997-04-10,JG,3,1,47,Y,DIOR,NA,NA,0,NA,NA,NA,NA,NA,NA,NA
1997,S,1997-04-10,JG,3,1,48,Y,DIOR,NA,NA,0,NA,NA,NA,NA,NA,NA,NA
1997,S,1997-04-10,JG,3,1,49,Y,PGFL,NA,NA,0,NA,NA,NA,NA,NA,NA,NA
1997,S,1997-04-10,JG,3,1,55,N,DISP,F,A,130,Y,L,NA,NA,NA,NA,NA
1997,S,1997-04-10,JG,3,1,57,Y,ONLE,NA,NA,0,NA,NA,NA,NA,NA,NA,NA
1997,S,1997-04-10,JG,3,1,58,Y,SPSP,NA,NA,0,NA,NA,NA,NA,NA,NA,NA
1997,S,1997-04-10,JG,3,1,59,Y,DISP,NA,NA,0,NA,NA,NA,NA,NA,NA,NA
1997,S,1997-04-10,JG,3,1,61,Y,DIOR,NA,NA,0,NA,NA,NA,NA,NA,NA,NA
1997,S,1997-04-10,JG,3,1,65,Y,DIOR,NA,NA,0,NA,NA,NA,NA,NA,NA,NA
1997,S,1997-04-10,JG,3,1,67,N,NEMI,F,A,290,Y,L,NA,NA,NA,NA,NA
1997,S,1997-04-10,JG,3,1,68,Y,DIOR,NA,NA,0,NA,NA,NA,NA,NA,NA,NA
1997,S,1997-04-10,JG,3,1,69,Y,DIOR,NA,NA,0,NA,NA,NA,NA,NA,NA,NA
1997,S,1997-04-10,JG,3,1,70,Y,SPSP,NA,NA,0,NA,NA,NA,NA,NA,NA,NA
1997,S,1997-04-10,JG,3,1,71,Y,DIOR,NA,NA,0,NA,NA,NA,NA,NA,NA,NA
1997,S,1997-04-10,JG,3,1,77,Y,DIOR,NA,NA,0,NA,NA,NA,NA,NA,NA,NA
1997,S,1997-04-10,JG,3,1,78,N,DIOR,M,A,48,N,NA,NA,NA,NA,NA,NA
1997,S,1997-04-10,JG,3,1,79,Y,DIOR,NA,NA,0,NA,NA,NA,NA,NA,NA,NA
1997,S,1997-04-10,JG,3,1,80,Y,DIOR,NA,NA,0,NA,NA,NA,NA,NA,NA,NA
1997,S,1997-04-10,JG,3,1,92,Y,DISP,NA,NA,0,NA,NA,NA,NA,NA,NA,NA
1997,S,1997-04-10,JG,3,1,93,Y,ONLE,NA,NA,0,NA,NA,NA,NA,NA,NA,NA
1997,S,1997-04-10,JG,3,1,94,Y,DIOR,NA,NA,0,NA,NA,NA,NA,NA,NA,NA
1997,S,1997-04-10,JG,3,1,96,Y,DIOR,NA,NA,0,NA,NA,NA,NA,NA,NA,NA
1997,S,1997-04-10,JG,3,1,97,Y,DISP,NA,NA,0,NA,NA,NA,NA,NA,NA,NA
1997,S,1997-04-10,JG,3,1,103,Y,DIOR,NA,NA,0,NA,NA,NA,NA,NA,NA,NA
1997,S,1997-04-10,JG,3,1,105,Y,DIOR,NA,NA,0,NA,NA,NA,NA,NA,NA,NA
1997,S,1997-04-10,JG,3,1,111,Y,DIOR,NA,NA,0,NA,NA,NA,NA,NA,NA,NA
1997,S,1997-04-10,JG,3,1,117,Y,DIOR,NA,NA,0,NA,NA,NA,NA,NA,NA,NA
1997,S,1997-04-10,JG,3,1,120,N,DIOR,M,A,40,N,NA,NA,NA,NA,NA,NA
1997,S,1997-04-10,JG,3,1,126,Y,DIOR,NA,NA,0,NA,NA,NA,NA,NA,NA,NA
1997,S,1997-04-10,JG,3,1,127,Y,DIOR,NA,NA,0,NA,NA,NA,NA,NA,NA,NA
1997,S,1997-04-10,JG,3,1,128,N,PGFL,F,A,7,N,NA,NA,NA,NA,NA,NA
1997,S,1997-04-10,JG,3,1,130,Y,SPSP,NA,NA,0,NA,NA,NA,NA,NA,NA,NA
1997,S,1997-04-10,JG,3,1,131,N,PGFL,F,A,8,N,NA,NA,NA,NA,NA,NA
1997,S,1997-04-10,JG,3,1,132,Y,DISP,NA,NA,0,NA,NA,NA,NA,NA,NA,NA
1997,S,1997-04-10,JG,3,1,135,Y,DISP,NA,NA,0,NA,NA,NA,NA,NA,NA,NA
1997,S,1997-04-10,JG,3,1,136,Y,DIOR,NA,NA,0,NA,NA,NA,NA,NA,NA,NA
1997,S,1997-04-10,JG,3,1,139,Y,DIOR,NA,NA,0,NA,NA,NA,NA,NA,NA,NA
1997,S,1997-04-10,JG,3,1,140,N,SPSP,F,A,106,N,NA,NA,NA,NA,NA,NA
1997,S,1997-04-10,JG,3,1,141,N,PGFL,M,A,6,N,NA,NA,NA,NA,NA,NA
1997,S,1997-04-10,JG,3,1,142,Y,DIOR,NA,NA,0,NA,NA,NA,NA,NA,NA,NA
1997,S,1997-04-10,JG,3,1,143,Y,DIOR,NA,NA,0,NA,NA,NA,NA,NA,NA,NA
1997,S,1997-04-10,JG,3,2,1,N,SPSP,M,A,90,Y,S,NA,NA,NA,NA,NA
1997,S,1997-04-10,JG,3,2,7,Y,DIOR,NA,NA,0,NA,NA,NA,NA,NA,NA,NA
1997,S,1997-04-10,JG,3,2,8,Y,DIOR,NA,NA,0,NA,NA,NA,NA,NA,NA,NA
1997,S,1997-04-10,JG,3,2,10,Y,DIOR,NA,NA,0,NA,NA,NA,NA,NA,NA,NA
1997,S,1997-04-10,JG,3,2,28,Y,DIOR,NA,NA,0,NA,NA,NA,NA,NA,NA,NA
1997,S,1997-04-10,JG,3,2,30,Y,DIOR,NA,NA,0,NA,NA,NA,NA,NA,NA,NA
1997,S,1997-04-10,JG,3,2,31,Y,DIOR,NA,NA,0,NA,NA,NA,NA,NA,NA,NA
1997,S,1997-04-10,JG,3,2,33,Y,NEMI,NA,NA,0,NA,NA,NA,NA,NA,NA,NA
1997,S,1997-04-10,JG,3,2,37,Y,DIOR,NA,NA,0,NA,NA,NA,NA,NA,NA,NA
1997,S,1997-04-10,JG,3,2,39,Y,DIOR,NA,NA,0,NA,NA,NA,NA,NA,NA,NA
1997,S,1997-04-10,JG,3,2,41,Y,DIOR,NA,NA,0,NA,NA,NA,NA,NA,NA,NA
1997,S,1997-04-10,JG,3,2,42,Y,DIOR,NA,NA,0,NA,NA,NA,NA,NA,NA,NA
1997,S,1997-04-10,JG,3,2,46,Y,DIOR,NA,NA,0,NA,NA,NA,NA,NA,NA,NA
1997,S,1997-04-10,JG,3,2,47,Y,DIOR,NA,NA,0,NA,NA,NA,NA,NA,NA,NA
1997,S,1997-04-10,JG,3,2,48,N,DIOR,M,A,57,Y,S,NA,NA,NA,NA,NA
1997,S,1997-04-10,JG,3,2,51,Y,DIOR,NA,NA,0,NA,NA,NA,NA,NA,NA,NA
1997,S,1997-04-10,JG,3,2,53,Y,SPSP,NA,NA,0,NA,NA,NA,NA,NA,NA,NA
1997,S,1997-04-10,JG,3,2,58,N,DIOR,F,A,35,Y,V,NA,NA,NA,NA,NA
1997,S,1997-04-10,JG,3,2,60,N,SPSP,F,A,91,N,NA,NA,NA,NA,NA,NA
1997,S,1997-04-10,JG,3,2,63,N,DIOR,M,A,52,N,NA,NA,NA,NA,NA,NA
1997,S,1997-04-10,JG,3,2,64,Y,DIOR,NA,NA,0,NA,NA,NA,NA,NA,NA,NA
1997,S,1997-04-10,JG,3,2,67,Y,DIOR,NA,NA,0,NA,NA,NA,NA,NA,NA,NA
1997,S,1997-04-10,JG,3,2,69,N,PGFL,M,A,8,Y,S,NA,NA,NA,NA,NA
1997,S,1997-04-10,JG,3,2,72,Y,DIOR,NA,NA,0,NA,NA,NA,NA,NA,NA,NA
1997,S,1997-04-10,JG,3,2,78,Y,DIOR,NA,NA,0,NA,NA,NA,NA,NA,NA,NA
1997,S,1997-04-10,JG,3,2,80,Y,DISP,NA,NA,0,NA,NA,NA,NA,NA,NA,NA
1997,S,1997-04-10,JG,3,2,81,Y,SPSP,NA,NA,0,NA,NA,NA,NA,NA,NA,NA
1997,S,1997-04-10,JG,3,2,82,Y,DIOR,NA,NA,0,NA,NA,NA,NA,NA,NA,NA
1997,S,1997-04-10,JG,3,2,90,Y,SPSP,NA,NA,0,NA,NA,NA,NA,NA,NA,NA
1997,S,1997-04-10,JG,3,2,93,Y,DIOR,NA,NA,0,NA,NA,NA,NA,NA,NA,NA
1997,S,1997-04-10,JG,3,2,99,Y,DIOR,NA,NA,0,NA,NA,NA,NA,NA,NA,NA
1997,S,1997-04-10,JG,3,2,101,Y,DIOR,NA,NA,0,NA,NA,NA,NA,NA,NA,NA
1997,S,1997-04-10,JG,3,2,103,Y,DIOR,NA,NA,0,NA,NA,NA,NA,NA,NA,NA
1997,S,1997-04-10,JG,3,2,104,Y,DISP,NA,NA,0,NA,NA,NA,NA,NA,NA,NA
1997,S,1997-04-10,JG,3,2,105,Y,DIOR,NA,NA,0,NA,NA,NA,NA,NA,NA,NA
1997,S,1997-04-10,JG,3,2,106,N,DIOR,F,A,45,Y,V,NA,NA,NA,NA,NA
1997,S,1997-04-10,JG,3,2,107,Y,DIOR,NA,NA,0,NA,NA,NA,NA,NA,NA,NA
1997,S,1997-04-10,JG,3,2,108,N,SPSP,F,A,0,NA,NA,Y,U,NA,NA,NA
1997,S,1997-04-10,JG,3,2,113,N,DIOR,F,A,45,N,NA,NA,NA,NA,NA,NA
1997,S,1997-04-10,JG,3,2,115,Y,DIOR,NA,NA,0,NA,NA,NA,NA,NA,NA,NA
1997,S,1997-04-10,JG,3,2,117,Y,DIOR,NA,NA,0,NA,NA,NA,NA,NA,NA,NA
1997,S,1997-04-10,JG,3,2,119,Y,DISP,NA,NA,0,NA,NA,NA,NA,NA,NA,NA
1997,S,1997-04-10,JG,3,2,120,N,SPSP,F,A,105,N,NA,NA,NA,NA,NA,NA
1997,S,1997-04-10,JG,3,2,128,N,DIOR,F,A,48,Y,V,NA,NA,NA,NA,NA
1997,S,1997-04-10,JG,3,2,129,Y,DIOR,NA,NA,0,NA,NA,NA,NA,NA,NA,NA
1997,S,1997-04-10,JG,3,2,131,Y,DIOR,NA,NA,0,NA,NA,NA,NA,NA,NA,NA
1997,S,1997-04-10,JG,3,2,132,Y,SPSP,NA,NA,0,NA,NA,NA,NA,NA,NA,NA
1997,S,1997-04-10,JG,3,2,136,Y,DIOR,NA,NA,0,NA,NA,NA,NA,NA,NA,NA
1997,S,1997-04-10,JG,3,2,139,N,DIOR,F,A,37,N,NA,NA,NA,NA,NA,NA
1997,S,1997-04-10,JG,3,2,143,Y,SPSP,NA,NA,0,NA,NA,NA,NA,NA,NA,NA
1997,S,1997-04-10,JG,3,3,6,Y,DIOR,NA,NA,0,NA,NA,NA,NA,NA,NA,NA
1997,S,1997-04-10,JG,3,3,9,Y,DIOR,NA,NA,0,NA,NA,NA,NA,NA,NA,NA
1997,S,1997-04-10,JG,3,3,10,Y,ONLE,NA,NA,0,NA,NA,NA,NA,NA,NA,NA
1997,S,1997-04-10,JG,3,3,12,Y,DISP,NA,NA,0,NA,NA,NA,NA,NA,NA,NA
1997,S,1997-04-10,JG,3,3,14,Y,DIOR,NA,NA,0,NA,NA,NA,NA,NA,NA,NA
1997,S,1997-04-10,JG,3,3,20,Y,DIOR,NA,NA,0,NA,NA,NA,NA,NA,NA,NA
1997,S,1997-04-10,JG,3,3,21,Y,ONLE,NA,NA,0,NA,NA,NA,NA,NA,NA,NA
1997,S,1997-04-10,JG,3,3,22,Y,DIOR,NA,NA,0,NA,NA,NA,NA,NA,NA,NA
1997,S,1997-04-10,JG,3,3,23,N,NEMI,F,A,135,N,NA,NA,NA,NA,NA,NA
1997,S,1997-04-10,JG,3,3,24,N,DIOR,M,A,53,Y,S,NA,NA,NA,NA,NA
1997,S,1997-04-10,JG,3,3,33,Y,DISP,NA,NA,0,NA,NA,NA,NA,NA,NA,NA
1997,S,1997-04-10,JG,3,3,34,Y,DIOR,NA,NA,0,NA,NA,NA,NA,NA,NA,NA
1997,S,1997-04-10,JG,3,3,42,Y,DIOR,NA,NA,0,NA,NA,NA,NA,NA,NA,NA
1997,S,1997-04-10,JG,3,3,46,Y,DIOR,NA,NA,0,NA,NA,NA,NA,NA,NA,NA
1997,S,1997-04-10,JG,3,3,47,Y,DIOR,NA,NA,0,NA,NA,NA,NA,NA,NA,NA
1997,S,1997-04-10,JG,3,3,48,N,SPSP,M,A,115,N,NA,NA,NA,NA,NA,NA
1997,S,1997-04-10,JG,3,3,53,Y,DIOR,NA,NA,0,NA,NA,NA,NA,NA,NA,NA
1997,S,1997-04-10,JG,3,3,57,Y,DIOR,NA,NA,0,NA,NA,NA,NA,NA,NA,NA
1997,S,1997-04-10,JG,3,3,65,Y,DIOR,NA,NA,0,NA,NA,NA,NA,NA,NA,NA
1997,S,1997-04-10,JG,3,3,67,Y,DIOR,NA,NA,0,NA,NA,NA,NA,NA,NA,NA
1997,S,1997-04-10,JG,3,3,70,Y,DIOR,NA,NA,0,NA,NA,NA,NA,NA,NA,NA
1997,S,1997-04-10,JG,3,3,71,Y,SPSP,NA,NA,0,NA,NA,NA,NA,NA,NA,NA
1997,S,1997-04-10,JG,3,3,72,Y,SPSP,NA,NA,0,NA,NA,NA,NA,NA,NA,NA
1997,S,1997-04-10,JG,3,3,77,Y,DIOR,NA,NA,0,NA,NA,NA,NA,NA,NA,NA
1997,S,1997-04-10,JG,3,3,83,Y,DISP,NA,NA,0,NA,NA,NA,NA,NA,NA,NA
1997,S,1997-04-10,JG,3,3,84,Y,DIOR,NA,NA,0,NA,NA,NA,NA,NA,NA,NA
1997,S,1997-04-10,JG,3,3,90,N,DIOR,M,A,48,N,NA,NA,NA,NA,NA,NA
1997,S,1997-04-10,JG,3,3,93,Y,DIOR,NA,NA,0,NA,NA,NA,NA,NA,NA,NA
1997,S,1997-04-09,JG,2,1,94,N,ONLE,F,A,42,Y,L,NA,NA,NA,NA,NA
1997,S,1997-04-10,JG,3,3,95,Y,DIOR,NA,NA,0,NA,NA,NA,NA,NA,NA,NA
1997,S,1997-04-10,JG,3,3,101,Y,DIOR,NA,NA,0,NA,NA,NA,NA,NA,NA,NA
1997,S,1997-04-10,JG,3,3,102,Y,DIOR,NA,NA,0,NA,NA,NA,NA,NA,NA,NA
1997,S,1997-04-10,JG,3,3,105,N,PGFL,M,A,8,Y,S,NA,NA,NA,NA,NA
1997,S,1997-04-10,JG,3,3,106,Y,DIOR,NA,NA,0,NA,NA,NA,NA,NA,NA,NA
1997,S,1997-04-10,JG,3,3,108,N,SPSP,F,A,96,N,NA,NA,NA,NA,NA,NA
1997,S,1997-04-10,JG,3,3,118,Y,DIOR,NA,NA,0,NA,NA,NA,NA,NA,NA,NA
1997,S,1997-04-10,JG,3,3,120,N,DISP,NA,J,96,N,NA,NA,NA,NA,NA,NA
1997,S,1997-04-10,JG,3,3,125,Y,DISP,NA,NA,0,NA,NA,NA,NA,NA,NA,NA
1997,S,1997-04-10,JG,3,3,126,Y,SPSP,NA,NA,0,NA,NA,NA,NA,NA,NA,NA
1997,S,1997-04-10,JG,3,3,127,Y,DISP,NA,NA,0,NA,NA,NA,NA,NA,NA,NA
1997,S,1997-04-10,JG,3,3,128,N,DISP,F,A,135,N,NA,NA,NA,NA,NA,NA
1997,S,1997-04-10,JG,3,3,129,N,DISP,NA,J,138,N,NA,NA,NA,NA,NA,NA
1997,S,1997-04-10,JG,3,3,132,Y,DIOR,NA,NA,0,NA,NA,NA,NA,NA,NA,NA
1997,S,1997-04-10,JG,3,3,138,N,PGFL,M,A,10,Y,S,NA,NA,NA,NA,NA
1997,S,1997-04-10,JG,3,3,142,Y,DIOR,NA,NA,0,NA,NA,NA,NA,NA,NA,NA
1997,S,1997-04-10,JG,3,3,144,Y,DIOR,NA,NA,0,NA,NA,NA,NA,NA,NA,NA
1998,S,1998-04-22,JG,1,1,1,N,DIOR,NA,NA,0,NA,NA,Y,U,NA,NA,NA
1998,S,1998-04-22,JG,1,1,3,N,DIOR,M,A,51,Y,S,NA,NA,NA,NA,NA
1998,S,1998-04-22,JG,1,1,5,N,ONAR,M,A,37,Y,S,NA,NA,NA,NA,NA
1998,S,1998-04-22,JG,1,1,7,N,DIOR,M,A,47,N,NA,NA,NA,NA,NA,NA
1998,S,1998-04-22,JG,1,1,10,N,SPSP,M,A,98,Y,S,NA,NA,NA,NA,NA
1998,S,1998-04-22,JG,1,1,11,N,SPSP,M,A,83,N,NA,NA,NA,NA,NA,NA
1998,S,1998-04-22,JG,1,1,12,N,DIOR,F,A,46,N,NA,NA,NA,NA,NA,NA
1998,S,1998-04-22,JG,1,1,18,N,DIOR,F,A,52,N,NA,NA,NA,NA,NA,NA
1998,S,1998-04-22,JG,1,1,22,N,DIOR,NA,J,38,N,NA,NA,NA,NA,NA,NA
1998,S,1998-04-22,JG,1,1,23,N,DIOR,M,A,48,N,NA,NA,NA,NA,NA,NA
1998,S,1998-04-22,JG,1,1,24,N,SPSP,M,A,100,Y,S,NA,NA,NA,NA,NA
1998,S,1998-04-22,JG,1,1,26,N,DIOR,F,A,49,N,NA,NA,NA,NA,NA,NA
1998,S,1998-04-22,JG,1,1,32,N,DIOR,F,A,58,N,NA,NA,NA,NA,NA,NA
1998,S,1998-04-22,JG,1,1,33,N,DISP,F,A,147,N,NA,NA,NA,NA,NA,NA
1998,S,1998-04-22,JG,1,1,34,N,DIOR,M,A,50,Y,S,NA,NA,NA,NA,NA
1998,S,1998-04-22,JG,1,1,42,N,DIOR,F,A,51,Y,V,NA,NA,NA,NA,NA
1998,S,1998-04-22,JG,1,1,43,N,DIOR,M,A,54,N,NA,NA,NA,NA,NA,NA
1998,S,1998-04-22,JG,1,1,54,N,DISP,F,A,138,N,NA,NA,NA,NA,NA,NA
1998,S,1998-04-22,JG,1,1,55,N,DISP,F,A,128,Y,V,NA,NA,NA,NA,NA
1998,S,1998-04-22,JG,1,1,56,N,DIOR,M,A,51,N,NA,NA,NA,NA,NA,NA
1998,S,1998-04-22,JG,1,1,57,N,DIOR,M,A,56,Y,S,NA,NA,NA,NA,NA
1998,S,1998-04-22,JG,1,1,63,N,DIOR,NA,NA,0,NA,NA,Y,U,NA,NA,NA
1998,S,1998-04-22,JG,1,1,64,N,DIOR,M,A,58,Y,S,NA,NA,NA,NA,NA
1998,S,1998-04-22,JG,1,1,67,N,DIOR,F,A,47,N,NA,NA,NA,NA,NA,NA
1998,S,1998-04-22,JG,1,1,68,N,SPSP,M,A,105,Y,S,NA,NA,NA,NA,NA
1998,S,1998-04-22,JG,1,1,71,N,DIOR,M,A,0,NA,NA,Y,U,NA,NA,NA
1998,S,1998-04-22,JG,1,1,72,N,DIOR,M,A,59,Y,S,NA,NA,NA,NA,NA
1998,S,1998-04-22,JG,1,1,77,N,DIOR,F,A,53,N,NA,NA,NA,NA,NA,NA
1998,S,1998-04-22,JG,1,1,78,N,ONLE,F,A,54,N,NA,NA,NA,NA,NA,NA
1998,S,1998-04-22,JG,1,1,79,N,DIOR,F,A,148,N,NA,NA,NA,NA,NA,NA
1998,S,1998-04-22,JG,1,1,81,N,DIOR,M,A,52,Y,S,NA,NA,NA,NA,NA
1998,S,1998-04-22,JG,1,1,82,N,DIOR,F,A,55,N,NA,NA,NA,NA,NA,NA
1998,S,1998-04-22,JG,1,1,88,N,DIOR,F,A,51,N,NA,NA,NA,NA,NA,NA
1998,S,1998-04-22,JG,1,1,91,N,DIOR,M,A,54,Y,S,NA,NA,NA,NA,NA
1998,S,1998-04-22,JG,1,1,92,N,DIOR,M,A,53,Y,S,NA,NA,NA,NA,NA
1998,S,1998-04-22,JG,1,1,95,N,SPSP,F,A,51,N,NA,NA,NA,NA,NA,NA
1998,S,1998-04-22,JG,1,1,96,N,DIOR,M,A,50,Y,S,NA,NA,NA,NA,NA
1998,S,1998-04-22,JG,1,1,101,N,DIOR,F,A,37,Y,V,NA,NA,NA,NA,NA
1998,S,1998-04-22,JG,1,1,104,N,DIOR,F,A,51,Y,V,NA,NA,NA,NA,NA
1998,S,1998-04-22,JG,1,1,106,N,SPSP,NA,J,84,N,NA,NA,NA,NA,NA,NA
1998,S,1998-04-22,JG,1,1,107,N,DIOR,M,A,51,N,NA,NA,NA,NA,NA,NA
1998,S,1998-04-22,JG,1,1,114,N,DIOR,M,A,50,N,NA,NA,NA,NA,NA,NA
1998,S,1998-04-22,JG,1,1,117,N,DIOR,M,A,54,Y,S,NA,NA,NA,NA,NA
1998,S,1998-04-22,JG,1,1,118,N,DIOR,F,A,0,NA,NA,Y,U,NA,NA,NA
1998,S,1998-04-22,JG,1,1,119,N,DIOR,M,A,57,Y,S,NA,NA,NA,NA,NA
1998,S,1998-04-22,JG,1,1,124,N,DIOR,M,A,54,Y,S,NA,NA,NA,NA,NA
1998,S,1998-04-22,JG,1,1,127,N,ONLE,M,A,36,Y,S,NA,NA,NA,NA,NA
1998,S,1998-04-22,JG,1,1,128,N,DIOR,F,A,46,N,NA,NA,NA,NA,NA,NA
1998,S,1998-04-22,JG,1,1,129,N,DIOR,F,A,47,N,NA,NA,NA,NA,NA,NA
1998,S,1998-04-22,JG,1,1,130,N,DIOR,NA,NA,0,NA,NA,Y,U,NA,NA,NA
1998,S,1998-04-22,JG,1,1,131,N,SPSP,M,A,89,N,NA,NA,NA,NA,NA,NA
1998,S,1998-04-22,JG,1,1,132,N,DIOR,F,A,55,N,NA,NA,NA,NA,NA,NA
1998,S,1998-04-22,JG,1,1,140,N,DIOR,M,A,54,Y,S,NA,NA,NA,NA,NA
1998,S,1998-04-22,JG,1,1,142,N,DIOR,F,A,44,N,NA,NA,NA,NA,NA,NA
1998,S,1998-04-22,JG,1,1,143,N,DISP,F,A,128,N,NA,NA,NA,NA,NA,NA
1998,S,1998-04-23,JG,2,1,5,Y,SPSP,NA,NA,0,NA,NA,NA,NA,NA,NA,NA
1998,S,1998-04-23,JG,2,1,7,Y,DIOR,NA,NA,0,NA,NA,NA,NA,NA,NA,NA
1998,S,1998-04-23,JG,2,1,9,Y,DIOR,NA,NA,0,NA,NA,NA,NA,NA,NA,NA
1998,S,1998-04-23,JG,2,1,10,N,DIOR,NA,J,30,N,NA,NA,NA,NA,NA,NA
1998,S,1998-04-23,JG,2,1,11,Y,DIOR,NA,NA,0,NA,NA,NA,NA,NA,NA,NA
1998,S,1998-04-23,JG,2,1,12,N,DIOR,NA,J,41,N,NA,NA,NA,NA,NA,NA
1998,S,1998-04-23,JG,2,1,16,N,DIOR,F,A,46,Y,V,NA,NA,NA,NA,NA
1998,S,1998-04-23,JG,2,1,18,Y,DIOR,NA,NA,0,NA,NA,NA,NA,NA,NA,NA
1998,S,1998-04-23,JG,2,1,20,N,DIOR,F,A,49,Y,V,NA,NA,NA,NA,NA
1998,S,1998-04-23,JG,2,1,22,Y,DIOR,NA,NA,0,NA,NA,NA,NA,NA,NA,NA
1998,S,1998-04-23,JG,2,1,23,Y,DIOR,NA,NA,0,NA,NA,NA,NA,NA,NA,NA
1998,S,1998-04-23,JG,2,1,30,N,DIOR,M,A,53,N,NA,NA,NA,NA,NA,NA
1998,S,1998-04-23,JG,2,1,31,N,DIOR,F,A,0,N,NA,Y,M,NA,NA,NA
1998,S,1998-04-23,JG,2,1,33,N,SPSP,M,A,108,Y,S,NA,NA,NA,NA,NA
1998,S,1998-04-23,JG,2,1,42,N,DIOR,M,A,53,N,NA,NA,NA,NA,NA,NA
1998,S,1998-04-23,JG,2,1,43,N,NEMI,NA,J,102,N,NA,NA,NA,NA,NA,NA
1998,S,1998-04-23,JG,2,1,48,Y,DIOR,NA,NA,0,NA,NA,NA,NA,NA,NA,NA
1998,S,1998-04-23,JG,2,1,65,N,DIOR,M,A,50,Y,S,NA,NA,NA,NA,NA
1998,S,1998-04-23,JG,2,1,81,N,DISP,M,A,145,N,NA,NA,NA,NA,NA,NA
1998,S,1998-04-23,JG,2,1,93,Y,DIOR,NA,NA,0,NA,NA,NA,NA,NA,NA,NA
1998,S,1998-04-23,JG,2,1,113,N,NEAL,F,A,135,N,NA,NA,NA,NA,NA,NA
1998,S,1998-04-23,JG,2,1,124,Y,DIOR,NA,NA,0,NA,NA,NA,NA,NA,NA,NA
1998,S,1998-04-23,JG,2,1,128,Y,DIOR,NA,NA,0,NA,NA,NA,NA,NA,NA,NA
1998,S,1998-04-23,JG,2,1,140,Y,DIOR,NA,NA,0,NA,NA,NA,NA,NA,NA,NA
1998,S,1998-04-23,JG,2,1,142,Y,DIOR,NA,NA,0,NA,NA,NA,NA,NA,NA,NA
1998,S,1998-04-23,JG,2,1,143,Y,DISP,NA,NA,0,NA,NA,NA,NA,NA,NA,NA
1998,S,1998-04-22,JG,1,2,4,N,DIOR,F,A,47,N,NA,NA,NA,NA,NA,NA
1998,S,1998-04-22,JG,1,2,7,N,DIOR,M,A,48,N,NA,NA,NA,NA,NA,NA
1998,S,1998-04-22,JG,1,2,8,N,DIOR,M,A,45,N,NA,NA,NA,NA,NA,NA
1998,S,1998-04-22,JG,1,2,9,N,DISP,M,A,156,Y,S,NA,NA,NA,NA,NA
1998,S,1998-04-22,JG,1,2,10,N,DIOR,NA,NA,0,NA,NA,Y,U,NA,NA,NA
1998,S,1998-04-22,JG,1,2,11,N,DIOR,F,A,50,N,NA,NA,NA,NA,NA,NA
1998,S,1998-04-22,JG,1,2,12,N,DIOR,M,A,53,Y,S,NA,NA,NA,NA,NA
1998,S,1998-04-22,JG,1,2,16,N,NEMI,F,A,268,N,NA,NA,NA,NA,NA,NA
1998,S,1998-04-22,JG,1,2,20,N,DIOR,F,A,51,N,NA,NA,NA,NA,NA,NA
1998,S,1998-04-22,JG,1,2,21,N,DIOR,M,A,47,N,NA,NA,NA,NA,NA,NA
1998,S,1998-04-22,JG,1,2,22,N,DIOR,NA,NA,0,NA,NA,Y,U,NA,NA,NA
1998,S,1998-04-22,JG,1,2,23,N,DIOR,NA,NA,0,NA,NA,Y,U,NA,NA,NA
1998,S,1998-04-22,JG,1,2,33,N,SPSP,M,A,102,Y,S,NA,NA,NA,NA,NA
1998,S,1998-04-22,JG,1,2,35,N,DIOR,M,A,51,Y,S,NA,NA,NA,NA,NA
1998,S,1998-04-22,JG,1,2,36,N,ONLE,F,A,38,N,NA,NA,NA,NA,NA,NA
1998,S,1998-04-22,JG,1,2,38,N,DIOR,M,A,54,Y,S,NA,NA,NA,NA,NA
1998,S,1998-04-22,JG,1,2,40,N,DIOR,M,A,45,N,NA,NA,NA,NA,NA,NA
1998,S,1998-04-22,JG,1,2,41,N,DISP,F,A,152,N,NA,NA,NA,NA,NA,NA
1998,S,1998-04-22,JG,1,2,43,N,DIOR,M,A,56,Y,S,NA,NA,NA,NA,NA
1998,S,1998-04-22,JG,1,2,45,N,DIOR,F,A,54,N,NA,NA,NA,NA,NA,NA
1998,S,1998-04-22,JG,1,2,46,N,DIOR,F,A,54,N,NA,NA,NA,NA,NA,NA
1998,S,1998-04-22,JG,1,2,47,N,DIOR,M,A,51,N,NA,NA,NA,NA,NA,NA
1998,S,1998-04-22,JG,1,2,48,N,SPSP,M,A,84,N,NA,NA,NA,NA,NA,NA
1998,S,1998-04-22,JG,1,2,55,N,DIOR,NA,J,41,N,NA,NA,NA,NA,NA,NA
1998,S,1998-04-22,JG,1,2,57,N,DIOR,M,A,49,Y,S,NA,NA,NA,NA,NA
1998,S,1998-04-22,JG,1,2,58,N,SPSP,M,A,98,N,NA,NA,NA,NA,NA,NA
1998,S,1998-04-22,JG,1,2,60,N,SPSP,M,A,100,Y,S,NA,NA,NA,NA,NA
1998,S,1998-04-22,JG,1,2,63,N,DIOR,F,A,48,N,NA,NA,NA,NA,NA,NA
1998,S,1998-04-22,JG,1,2,69,N,DIOR,M,A,48,N,NA,NA,NA,NA,NA,NA
1998,S,1998-04-22,JG,1,2,72,N,DIOR,F,A,51,N,NA,NA,NA,NA,NA,NA
1998,S,1998-04-22,JG,1,2,79,N,DIOR,NA,J,39,N,NA,NA,NA,NA,NA,NA
1998,S,1998-04-22,JG,1,2,80,N,DIOR,M,A,49,N,NA,NA,NA,NA,NA,NA
1998,S,1998-04-22,JG,1,2,83,N,DIOR,M,A,58,Y,S,NA,NA,NA,NA,NA
1998,S,1998-04-22,JG,1,2,84,N,DIOR,NA,J,34,N,NA,NA,NA,NA,NA,NA
1998,S,1998-04-22,JG,1,2,88,N,DIOR,F,A,50,N,NA,NA,NA,NA,NA,NA
1998,S,1998-04-22,JG,1,2,89,N,DIOR,NA,J,26,N,NA,NA,NA,NA,NA,NA
1998,S,1998-04-22,JG,1,2,91,N,DIOR,F,A,48,N,NA,NA,NA,NA,NA,NA
1998,S,1998-04-22,JG,1,2,93,N,DIOR,M,A,53,Y,S,NA,NA,NA,NA,NA
1998,S,1998-04-22,JG,1,2,94,N,DIOR,F,A,49,N,NA,NA,NA,NA,NA,NA
1998,S,1998-04-22,JG,1,2,97,N,DIOR,M,A,60,Y,S,NA,NA,NA,NA,NA
1998,S,1998-04-22,JG,1,2,98,N,DIOR,M,A,46,N,NA,NA,NA,NA,NA,NA
1998,S,1998-04-22,JG,1,2,99,N,ONLE,F,A,40,Y,P,NA,NA,NA,NA,NA
1998,S,1998-04-22,JG,1,2,102,N,DIOR,F,A,53,N,NA,NA,NA,NA,NA,NA
1998,S,1998-04-22,JG,1,2,103,N,DIOR,M,A,0,Y,S,Y,M,NA,NA,NA
1998,S,1998-04-22,JG,1,2,104,N,SPSP,M,A,84,Y,S,NA,NA,NA,NA,NA
1998,S,1998-04-22,JG,1,2,105,N,NEAL,F,A,0,N,NA,Y,M,NA,NA,NA
1998,S,1998-04-22,JG,1,2,106,N,DISP,F,A,118,N,NA,NA,NA,NA,NA,NA
1998,S,1998-04-22,JG,1,2,107,N,DIOR,M,A,58,Y,S,NA,NA,NA,NA,NA
1998,S,1998-04-22,JG,1,2,108,N,DISP,NA,J,49,N,NA,NA,NA,NA,NA,NA
1998,S,1998-04-22,JG,1,2,112,N,DIOR,M,A,49,N,NA,NA,NA,NA,NA,NA
1998,S,1998-04-22,JG,1,2,116,N,DIOR,F,A,0,N,NA,Y,M,NA,NA,NA
1998,S,1998-04-22,JG,1,2,117,N,DIOR,M,A,59,Y,S,NA,NA,NA,NA,NA
1998,S,1998-04-22,JG,1,2,119,N,DIOR,M,A,52,Y,S,NA,NA,NA,NA,NA
1998,S,1998-04-22,JG,1,2,120,N,DISP,M,A,155,Y,S,NA,NA,NA,NA,NA
1998,S,1998-04-22,JG,1,2,124,N,DIOR,NA,J,40,N,NA,NA,NA,NA,NA,NA
1998,S,1998-04-22,JG,1,2,128,N,DIOR,F,A,49,N,NA,NA,NA,NA,NA,NA
1998,S,1998-04-22,JG,1,2,129,N,DISP,F,A,146,N,NA,NA,NA,NA,NA,NA
1998,S,1998-04-22,JG,1,2,130,N,SPSP,M,A,100,Y,S,NA,NA,NA,NA,NA
1998,S,1998-04-22,JG,1,2,131,N,SPSP,M,A,120,Y,S,NA,NA,NA,NA,NA
1998,S,1998-04-22,JG,1,2,132,N,DIOR,F,A,49,N,NA,NA,NA,NA,NA,NA
1998,S,1998-04-22,JG,1,2,139,N,DIOR,M,A,56,N,NA,NA,NA,NA,NA,NA
1998,S,1998-04-22,JG,1,2,141,N,DIOR,M,A,56,Y,S,NA,NA,NA,NA,NA
1998,S,1998-04-22,JG,1,2,142,N,DIOR,NA,J,36,N,NA,NA,NA,NA,NA,NA
1998,S,1998-04-22,JG,1,2,143,N,DIOR,F,A,52,N,NA,NA,NA,NA,NA,NA
1998,S,1998-04-22,JG,1,2,144,N,SPSP,M,A,108,Y,S,NA,NA,NA,NA,NA
1998,S,1998-04-23,JG,2,2,4,N,DIOR,M,A,56,Y,S,NA,NA,NA,NA,NA
1998,S,1998-04-23,JG,2,2,8,Y,DIOR,NA,NA,0,NA,NA,NA,NA,NA,NA,NA
1998,S,1998-04-23,JG,2,2,10,Y,DISP,NA,NA,0,NA,NA,NA,NA,NA,NA,NA
1998,S,1998-04-23,JG,2,2,11,Y,NEAL,NA,NA,0,NA,NA,NA,NA,NA,NA,NA
1998,S,1998-04-23,JG,2,2,12,N,DIOR,M,A,58,Y,S,NA,NA,NA,NA,NA
1998,S,1998-04-23,JG,2,2,15,Y,DIOR,NA,NA,0,NA,NA,NA,NA,NA,NA,NA
1998,S,1998-04-23,JG,2,2,18,Y,DIOR,NA,NA,0,NA,NA,NA,NA,NA,NA,NA
1998,S,1998-04-23,JG,2,2,18,N,DIOR,NA,NA,0,NA,NA,Y,U,NA,NA,NA
1998,S,1998-04-23,JG,2,2,21,Y,DIOR,NA,NA,0,NA,NA,NA,NA,NA,NA,NA
1998,S,1998-04-23,JG,2,2,23,N,DIOR,M,A,46,Y,S,NA,NA,NA,NA,NA
1998,S,1998-04-23,JG,2,2,30,N,DIOR,F,A,48,N,NA,NA,NA,NA,NA,NA
1998,S,1998-04-23,JG,2,2,31,Y,DIOR,NA,NA,0,NA,NA,NA,NA,NA,NA,NA
1998,S,1998-04-23,JG,2,2,33,Y,SPSP,NA,NA,0,NA,NA,NA,NA,NA,NA,NA
1998,S,1998-04-23,JG,2,2,35,N,SPSP,M,A,82,N,NA,NA,NA,NA,NA,NA
1998,S,1998-04-23,JG,2,2,36,N,DIOR,M,A,52,N,NA,NA,NA,NA,NA,NA
1998,S,1998-04-23,JG,2,2,40,Y,DIOR,NA,NA,0,NA,NA,NA,NA,NA,NA,NA
1998,S,1998-04-23,JG,2,2,41,Y,DIOR,NA,NA,0,NA,NA,NA,NA,NA,NA,NA
1998,S,1998-04-23,JG,2,2,42,Y,DISP,NA,NA,0,NA,NA,NA,NA,NA,NA,NA
1998,S,1998-04-23,JG,2,2,45,Y,DIOR,NA,NA,0,NA,NA,NA,NA,NA,NA,NA
1998,S,1998-04-23,JG,2,2,46,Y,DIOR,NA,NA,0,NA,NA,NA,NA,NA,NA,NA
1998,S,1998-04-23,JG,2,2,47,N,DISP,M,A,162,N,NA,NA,NA,NA,NA,NA
1998,S,1998-04-23,JG,2,2,56,Y,DIOR,NA,NA,0,NA,NA,NA,NA,NA,NA,NA
1998,S,1998-04-23,JG,2,2,57,Y,DIOR,NA,NA,0,NA,NA,NA,NA,NA,NA,NA
1998,S,1998-04-23,JG,2,2,58,N,SPSP,M,A,115,Y,S,NA,NA,NA,NA,NA
1998,S,1998-04-23,JG,2,2,63,Y,DIOR,NA,NA,0,NA,NA,NA,NA,NA,NA,NA
1998,S,1998-04-23,JG,2,2,66,Y,DIOR,NA,NA,0,NA,NA,NA,NA,NA,NA,NA
1998,S,1998-04-23,JG,2,2,69,N,DIOR,F,A,52,N,NA,NA,NA,NA,NA,NA
1998,S,1998-04-23,JG,2,2,70,N,SPSP,M,A,100,N,NA,NA,NA,NA,NA,NA
1998,S,1998-04-23,JG,2,2,71,N,DIOR,M,A,51,Y,S,NA,NA,NA,NA,NA
1998,S,1998-04-23,JG,2,2,72,Y,DIOR,NA,NA,0,NA,NA,NA,NA,NA,NA,NA
1998,S,1998-04-23,JG,2,2,78,Y,DIOR,NA,NA,0,NA,NA,NA,NA,NA,NA,NA
1998,S,1998-04-23,JG,2,2,79,Y,DIOR,NA,NA,0,NA,NA,NA,NA,NA,NA,NA
1998,S,1998-04-23,JG,2,2,80,Y,DIOR,NA,NA,0,NA,NA,NA,NA,NA,NA,NA
1998,S,1998-04-23,JG,2,2,82,Y,SPSP,NA,NA,0,NA,NA,NA,NA,NA,NA,NA
1998,S,1998-04-23,JG,2,2,88,Y,DIOR,NA,NA,0,NA,NA,NA,NA,NA,NA,NA
1998,S,1998-04-23,JG,2,2,89,Y,SPSP,NA,NA,0,NA,NA,NA,NA,NA,NA,NA
1998,S,1998-04-23,JG,2,2,91,Y,DIOR,NA,NA,0,NA,NA,NA,NA,NA,NA,NA
1998,S,1998-04-23,JG,2,2,94,N,SPSP,F,A,102,N,NA,NA,NA,NA,NA,NA
1998,S,1998-04-23,JG,2,2,97,Y,DIOR,NA,NA,0,NA,NA,NA,NA,NA,NA,NA
1998,S,1998-04-23,JG,2,2,99,Y,ONLE,NA,NA,0,NA,NA,NA,NA,NA,NA,NA
1998,S,1998-04-23,JG,2,2,101,Y,DIOR,NA,NA,0,NA,NA,NA,NA,NA,NA,NA
1998,S,1998-04-23,JG,2,2,101,Y,DIOR,NA,NA,0,NA,NA,NA,NA,NA,NA,NA
1998,S,1998-04-23,JG,2,2,102,Y,SPSP,NA,NA,0,NA,NA,NA,NA,NA,NA,NA
1998,S,1998-04-23,JG,2,2,103,Y,DIOR,NA,NA,0,NA,NA,NA,NA,NA,NA,NA
1998,S,1998-04-23,JG,2,2,105,N,NEAL,M,A,185,N,NA,NA,NA,NA,NA,NA
1998,S,1998-04-23,JG,2,2,106,N,DIOR,M,A,54,N,NA,NA,NA,NA,NA,NA
1998,S,1998-04-23,JG,2,2,107,Y,DISP,NA,NA,0,NA,NA,NA,NA,NA,NA,NA
1998,S,1998-04-23,JG,2,2,108,N,SPSP,M,A,108,Y,S,NA,NA,NA,NA,NA
1998,S,1998-04-23,JG,2,2,109,Y,DIOR,NA,NA,0,NA,NA,NA,NA,NA,NA,NA
1998,S,1998-04-23,JG,2,2,111,N,DIOR,NA,NA,0,NA,NA,Y,U,NA,NA,NA
1998,S,1998-04-23,JG,2,2,112,N,NEAL,M,A,175,N,NA,NA,NA,NA,NA,NA
1998,S,1998-04-23,JG,2,2,113,Y,DIOR,NA,NA,0,NA,NA,NA,NA,NA,NA,NA
1998,S,1998-04-23,JG,2,2,116,Y,DIOR,NA,NA,0,NA,NA,NA,NA,NA,NA,NA
1998,S,1998-04-23,JG,2,2,117,N,DIOR,M,A,52,N,NA,NA,NA,NA,NA,NA
1998,S,1998-04-23,JG,2,2,119,Y,DISP,NA,NA,0,NA,NA,NA,NA,NA,NA,NA
1998,S,1998-04-23,JG,2,2,120,Y,SPSP,NA,NA,0,NA,NA,NA,NA,NA,NA,NA
1998,S,1998-04-23,JG,2,2,124,Y,DIOR,NA,NA,0,NA,NA,NA,NA,NA,NA,NA
1998,S,1998-04-23,JG,2,2,128,Y,DIOR,NA,NA,0,NA,NA,NA,NA,NA,NA,NA
1998,S,1998-04-23,JG,2,2,129,Y,DIOR,NA,NA,0,NA,NA,NA,NA,NA,NA,NA
1998,S,1998-04-23,JG,2,2,130,N,DIOR,M,A,51,Y,S,NA,NA,NA,NA,NA
1998,S,1998-04-23,JG,2,2,135,N,ONLE,M,A,38,Y,S,NA,NA,NA,NA,NA
1998,S,1998-04-23,JG,2,2,139,Y,DIOR,NA,NA,0,NA,NA,NA,NA,NA,NA,NA
1998,S,1998-04-23,JG,2,2,140,Y,DIOR,NA,NA,0,NA,NA,NA,NA,NA,NA,NA
1998,S,1998-04-23,JG,2,2,141,Y,DIOR,NA,NA,0,NA,NA,NA,NA,NA,NA,NA
1998,S,1998-04-23,JG,2,2,143,Y,DIOR,NA,NA,0,NA,NA,NA,NA,NA,NA,NA
1998,S,1998-04-23,JG,2,2,144,Y,SPSP,NA,NA,0,NA,NA,NA,NA,NA,NA,NA
1998,S,1998-04-22,JG,1,3,6,N,DISP,NA,J,120,N,NA,NA,NA,NA,NA,NA
1998,S,1998-04-22,JG,1,3,8,N,DIOR,F,A,49,N,NA,NA,NA,NA,NA,NA
1998,S,1998-04-22,JG,1,3,11,N,DIOR,M,A,50,N,NA,NA,NA,NA,NA,NA
1998,S,1998-04-22,JG,1,3,12,N,DIOR,M,A,58,N,NA,NA,NA,NA,NA,NA
1998,S,1998-04-22,JG,1,3,18,N,DIOR,F,A,52,N,NA,NA,NA,NA,NA,NA
1998,S,1998-04-22,JG,1,3,20,N,DIOR,M,A,49,N,NA,NA,NA,NA,NA,NA
1998,S,1998-04-22,JG,1,3,24,N,DIOR,M,A,53,Y,S,NA,NA,NA,NA,NA
1998,S,1998-04-22,JG,1,3,29,N,DIOR,NA,J,31,N,NA,NA,NA,NA,NA,NA
1998,S,1998-04-22,JG,1,3,30,N,SPSP,NA,J,80,N,NA,NA,NA,NA,NA,NA
1998,S,1998-04-22,JG,1,3,31,N,DISP,NA,J,105,N,NA,NA,NA,NA,NA,NA
1998,S,1998-04-22,JG,1,3,32,N,DIOR,NA,J,32,N,NA,NA,NA,NA,NA,NA
1998,S,1998-04-22,JG,1,3,33,N,DIOR,M,A,45,N,NA,NA,NA,NA,NA,NA
1998,S,1998-04-22,JG,1,3,34,N,DIOR,F,A,46,N,NA,NA,NA,NA,NA,NA
1998,S,1998-04-22,JG,1,3,35,N,DISP,M,A,164,Y,S,NA,NA,NA,NA,NA
1998,S,1998-04-22,JG,1,3,36,N,DIOR,F,A,49,N,NA,NA,NA,NA,NA,NA
1998,S,1998-04-22,JG,1,3,39,N,NEMI,NA,J,98,N,NA,NA,NA,NA,NA,NA
1998,S,1998-04-22,JG,1,3,41,N,SPSP,M,A,120,Y,S,NA,NA,NA,NA,NA
1998,S,1998-04-22,JG,1,3,44,N,DIOR,M,A,52,Y,S,NA,NA,NA,NA,NA
1998,S,1998-04-22,JG,1,3,47,N,DIOR,M,A,56,Y,S,NA,NA,NA,NA,NA
1998,S,1998-04-22,JG,1,3,56,N,DIOR,M,A,59,N,NA,NA,NA,NA,NA,NA
1998,S,1998-04-22,JG,1,3,57,N,DIOR,M,A,52,N,NA,NA,NA,NA,NA,NA
1998,S,1998-04-22,JG,1,3,62,N,SPSP,M,A,78,N,NA,NA,NA,NA,NA,NA
1998,S,1998-04-22,JG,1,3,63,N,SPSP,M,A,91,N,NA,NA,NA,NA,NA,NA
1998,S,1998-04-22,JG,1,3,66,N,DIOR,NA,J,32,N,NA,NA,NA,NA,NA,NA
1998,S,1998-04-22,JG,1,3,69,N,DIOR,F,A,52,N,NA,NA,NA,NA,NA,NA
1998,S,1998-04-22,JG,1,3,70,N,DIOR,F,A,55,N,NA,NA,NA,NA,NA,NA
1998,S,1998-04-22,JG,1,3,72,N,DIOR,M,A,56,Y,S,NA,NA,NA,NA,NA
1998,S,1998-04-22,JG,1,3,77,N,DIOR,F,A,51,N,NA,NA,NA,NA,NA,NA
1998,S,1998-04-22,JG,1,3,80,N,DIOR,M,A,53,Y,S,NA,NA,NA,NA,NA
1998,S,1998-04-22,JG,1,3,82,N,DISP,M,A,144,Y,S,NA,NA,NA,NA,NA
1998,S,1998-04-22,JG,1,3,84,N,SPSP,M,A,112,Y,S,NA,NA,NA,NA,NA
1998,S,1998-04-22,JG,1,3,92,N,NEMI,F,A,210,N,NA,NA,NA,NA,NA,NA
1998,S,1998-04-22,JG,1,3,94,N,DIOR,F,A,59,Y,P,NA,NA,NA,NA,NA
1998,S,1998-04-22,JG,1,3,95,N,DIOR,F,A,57,N,NA,NA,NA,NA,NA,NA
1998,S,1998-04-22,JG,1,3,96,N,DIOR,F,A,61,Y,P,NA,NA,NA,NA,NA
1998,S,1998-04-22,JG,1,3,101,N,DIOR,M,A,52,N,NA,NA,NA,NA,NA,NA
1998,S,1998-04-22,JG,1,3,105,N,DIOR,F,A,49,N,NA,NA,NA,NA,NA,NA
1998,S,1998-04-22,JG,1,3,108,N,DIOR,M,A,58,Y,S,NA,NA,NA,NA,NA
1998,S,1998-04-22,JG,1,3,111,N,DIOR,M,A,60,Y,S,NA,NA,NA,NA,NA
1998,S,1998-04-22,JG,1,3,113,N,ONLE,F,A,0,N,NA,Y,M,NA,NA,NA
1998,S,1998-04-22,JG,1,3,114,N,DIOR,M,A,41,N,NA,NA,NA,NA,NA,NA
1998,S,1998-04-22,JG,1,3,120,N,DIOR,F,A,48,N,NA,NA,NA,NA,NA,NA
1998,S,1998-04-22,JG,1,3,126,N,DISP,F,A,148,N,NA,NA,NA,NA,NA,NA
1998,S,1998-04-22,JG,1,3,129,N,DIOR,M,A,52,N,NA,NA,NA,NA,NA,NA
1998,S,1998-04-22,JG,1,3,130,N,DIOR,M,A,56,Y,S,NA,NA,NA,NA,NA
1998,S,1998-04-22,JG,1,3,131,N,DIOR,F,A,52,N,NA,NA,NA,NA,NA,NA
1998,S,1998-04-22,JG,1,3,132,N,DIOR,F,A,50,N,NA,NA,NA,NA,NA,NA
1998,S,1998-04-22,JG,1,3,140,N,DIOR,M,A,54,N,NA,NA,NA,NA,NA,NA
1998,S,1998-04-22,JG,1,3,142,N,DISP,F,A,128,N,NA,NA,NA,NA,NA,NA
1998,S,1998-04-22,JG,1,3,143,N,DIOR,F,A,48,N,NA,NA,NA,NA,NA,NA
1998,S,1998-04-22,JG,1,3,144,N,SPSP,NA,NA,0,NA,NA,Y,U,NA,NA,NA
1998,S,1998-04-23,JG,2,3,5,N,DIOR,F,A,65,N,NA,NA,NA,NA,NA,NA
1998,S,1998-04-23,JG,2,3,6,Y,DISP,NA,NA,0,NA,NA,NA,NA,NA,NA,NA
1998,S,1998-04-23,JG,2,3,8,Y,DIOR,NA,NA,0,NA,NA,NA,NA,NA,NA,NA
1998,S,1998-04-23,JG,2,3,9,Y,DIOR,NA,NA,0,NA,NA,NA,NA,NA,NA,NA
1998,S,1998-04-23,JG,2,3,11,N,SPSP,M,A,122,N,NA,NA,NA,NA,NA,NA
1998,S,1998-04-23,JG,2,3,14,N,ONLE,F,A,37,N,NA,NA,NA,NA,NA,NA
1998,S,1998-04-23,JG,2,3,17,Y,DIOR,NA,NA,0,NA,NA,NA,NA,NA,NA,NA
1998,S,1998-04-23,JG,2,3,20,N,DIOR,F,A,47,N,NA,NA,NA,NA,NA,NA
1998,S,1998-04-23,JG,2,3,21,Y,DIOR,NA,NA,0,NA,NA,NA,NA,NA,NA,NA
1998,S,1998-04-23,JG,2,3,22,N,DIOR,M,A,53,N,NA,NA,NA,NA,NA,NA
1998,S,1998-04-23,JG,2,1,24,N,DIOR,M,A,51,Y,S,NA,NA,NA,NA,NA
1998,S,1998-04-23,JG,2,3,24,N,SPSP,M,A,98,N,NA,NA,NA,NA,NA,NA
1998,S,1998-04-23,JG,2,1,27,Y,DIOR,NA,NA,0,NA,NA,NA,NA,NA,NA,NA
1998,S,1998-04-23,JG,2,3,28,N,PGFL,M,A,8,N,NA,NA,NA,NA,NA,NA
1998,S,1998-04-23,JG,2,3,30,Y,NEAL,NA,NA,0,NA,NA,NA,NA,NA,NA,NA
1998,S,1998-04-23,JG,2,3,31,Y,DISP,NA,NA,0,NA,NA,NA,NA,NA,NA,NA
1998,S,1998-04-23,JG,2,3,32,Y,DIOR,NA,NA,0,NA,NA,NA,NA,NA,NA,NA
1998,S,1998-04-23,JG,2,1,32,Y,DISP,NA,NA,0,NA,NA,NA,NA,NA,NA,NA
1998,S,1998-04-23,JG,2,3,33,Y,DIOR,NA,NA,0,NA,NA,NA,NA,NA,NA,NA
1998,S,1998-04-23,JG,2,3,34,Y,DIOR,NA,NA,0,NA,NA,NA,NA,NA,NA,NA
1998,S,1998-04-23,JG,2,1,35,Y,DIOR,NA,NA,0,NA,NA,NA,NA,NA,NA,NA
1998,S,1998-04-23,JG,2,3,35,Y,DISP,NA,NA,0,NA,NA,NA,NA,NA,NA,NA
1998,S,1998-04-23,JG,2,3,41,Y,DIOR,NA,NA,0,NA,NA,NA,NA,NA,NA,NA
1998,S,1998-04-23,JG,2,3,44,Y,DIOR,NA,NA,0,NA,NA,NA,NA,NA,NA,NA
1998,S,1998-04-23,JG,2,1,47,Y,DIOR,NA,NA,0,NA,NA,NA,NA,NA,NA,NA
1998,S,1998-04-23,JG,2,3,47,Y,DIOR,NA,NA,0,NA,NA,NA,NA,NA,NA,NA
1998,S,1998-04-23,JG,2,1,50,Y,DISP,NA,NA,0,NA,NA,NA,NA,NA,NA,NA
1998,S,1998-04-23,JG,2,3,53,Y,DIOR,NA,NA,0,NA,NA,NA,NA,NA,NA,NA
1998,S,1998-04-23,JG,2,1,53,Y,DIOR,NA,NA,0,NA,NA,NA,NA,NA,NA,NA
1998,S,1998-04-23,JG,2,1,54,Y,DIOR,NA,NA,0,NA,NA,NA,NA,NA,NA,NA
1998,S,1998-04-23,JG,2,1,55,Y,DISP,NA,NA,0,NA,NA,NA,NA,NA,NA,NA
1998,S,1998-04-23,JG,2,3,55,Y,SPSP,NA,NA,0,NA,NA,NA,NA,NA,NA,NA
1998,S,1998-04-23,JG,2,3,56,Y,DIOR,NA,NA,0,NA,NA,NA,NA,NA,NA,NA
1998,S,1998-04-23,JG,2,1,66,Y,DIOR,NA,NA,0,NA,NA,NA,NA,NA,NA,NA
1998,S,1998-04-23,JG,2,3,67,Y,SPSP,NA,NA,0,NA,NA,NA,NA,NA,NA,NA
1998,S,1998-04-23,JG,2,1,68,Y,DIOR,NA,NA,0,NA,NA,NA,NA,NA,NA,NA
1998,S,1998-04-23,JG,2,1,69,Y,DIOR,NA,NA,0,NA,NA,NA,NA,NA,NA,NA
1998,S,1998-04-23,JG,2,3,70,Y,DIOR,NA,NA,0,NA,NA,NA,NA,NA,NA,NA
1998,S,1998-04-23,JG,2,3,71,N,DIOR,M,A,49,N,NA,NA,NA,NA,NA,NA
1998,S,1998-04-23,JG,2,1,72,N,DIOR,M,A,54,Y,S,NA,NA,NA,NA,NA
1998,S,1998-04-23,JG,2,3,72,Y,DIOR,NA,NA,0,NA,NA,NA,NA,NA,NA,NA
1998,S,1998-04-23,JG,2,1,76,N,DIOR,M,A,57,Y,S,NA,NA,NA,NA,NA
1998,S,1998-04-23,JG,2,1,77,N,DIOR,F,A,58,N,NA,NA,NA,NA,NA,NA
1998,S,1998-04-23,JG,2,3,77,Y,DIOR,NA,NA,0,NA,NA,NA,NA,NA,NA,NA
1998,S,1998-04-23,JG,2,1,78,Y,DIOR,NA,NA,0,NA,NA,NA,NA,NA,NA,NA
1998,S,1998-04-23,JG,2,1,79,N,NEMI,F,A,252,N,NA,NA,NA,NA,NA,NA
1998,S,1998-04-23,JG,2,3,80,N,DIOR,M,A,43,N,NA,NA,NA,NA,NA,NA
1998,S,1998-04-23,JG,2,3,81,Y,DIOR,NA,NA,0,NA,NA,NA,NA,NA,NA,NA
1998,S,1998-04-23,JG,2,3,82,Y,DISP,NA,NA,0,NA,NA,NA,NA,NA,NA,NA
1998,S,1998-04-23,JG,2,3,84,N,SPSP,M,A,106,Y,S,NA,NA,NA,NA,NA
1998,S,1998-04-23,JG,2,1,92,Y,DIOR,NA,NA,0,NA,NA,NA,NA,NA,NA,NA
1998,S,1998-04-23,JG,2,1,94,Y,DIOR,NA,NA,0,NA,NA,NA,NA,NA,NA,NA
1998,S,1998-04-23,JG,2,3,94,Y,DIOR,NA,NA,0,NA,NA,NA,NA,NA,NA,NA
1998,S,1998-04-23,JG,2,3,95,Y,DIOR,NA,NA,0,NA,NA,NA,NA,NA,NA,NA
1998,S,1998-04-23,JG,2,3,96,Y,DIOR,NA,NA,0,NA,NA,NA,NA,NA,NA,NA
1998,S,1998-04-23,JG,2,3,98,N,DIOR,NA,J,32,N,NA,NA,NA,NA,NA,NA
1998,S,1998-04-23,JG,2,3,101,Y,DIOR,NA,NA,0,NA,NA,NA,NA,NA,NA,NA
1998,S,1998-04-23,JG,2,1,102,Y,DIOR,NA,NA,0,NA,NA,NA,NA,NA,NA,NA
1998,S,1998-04-23,JG,2,3,103,N,DIOR,M,A,51,N,NA,NA,NA,NA,NA,NA
1998,S,1998-04-23,JG,2,3,105,Y,DIOR,NA,NA,0,NA,NA,NA,NA,NA,NA,NA
1998,S,1998-04-23,JG,2,1,106,Y,SPSP,NA,NA,0,NA,NA,NA,NA,NA,NA,NA
1998,S,1998-04-23,JG,2,3,107,N,DIOR,F,A,49,N,NA,NA,NA,NA,NA,NA
1998,S,1998-04-23,JG,2,1,107,N,SPSP,M,A,131,Y,S,NA,NA,NA,NA,NA
1998,S,1998-04-23,JG,2,1,111,Y,DIOR,NA,NA,0,NA,NA,NA,NA,NA,NA,NA
1998,S,1998-04-23,JG,2,3,113,Y,SPSP,NA,NA,0,NA,NA,NA,NA,NA,NA,NA
1998,S,1998-04-23,JG,2,3,114,N,DIOR,NA,J,32,N,NA,NA,NA,NA,NA,NA
1998,S,1998-04-23,JG,2,1,114,Y,SPSP,NA,NA,0,NA,NA,NA,NA,NA,NA,NA
1998,S,1998-04-23,JG,2,3,117,N,DIOR,M,A,45,N,NA,NA,NA,NA,NA,NA
1998,S,1998-04-23,JG,2,1,117,N,DIOR,NA,J,27,N,NA,NA,NA,NA,NA,NA
1998,S,1998-04-23,JG,2,3,118,Y,DIOR,NA,NA,0,NA,NA,NA,NA,NA,NA,NA
1998,S,1998-04-23,JG,2,3,120,Y,DIOR,NA,NA,0,NA,NA,NA,NA,NA,NA,NA
1998,S,1998-04-23,JG,2,1,120,N,SPSP,M,A,79,N,NA,NA,NA,NA,NA,NA
1998,S,1998-04-23,JG,2,3,126,Y,DISP,NA,NA,0,NA,NA,NA,NA,NA,NA,NA
1998,S,1998-04-23,JG,2,3,127,Y,DIOR,NA,NA,0,NA,NA,NA,NA,NA,NA,NA
1998,S,1998-04-23,JG,2,1,127,N,SPSP,M,A,102,Y,S,NA,NA,NA,NA,NA
1998,S,1998-04-23,JG,2,3,128,Y,DIOR,NA,NA,0,NA,NA,NA,NA,NA,NA,NA
1998,S,1998-04-23,JG,2,3,129,N,DIOR,M,A,0,N,NA,Y,M,NA,NA,NA
1998,S,1998-04-23,JG,2,3,130,Y,DIOR,NA,NA,0,NA,NA,NA,NA,NA,NA,NA
1998,S,1998-04-23,JG,2,3,131,Y,DIOR,NA,NA,0,NA,NA,NA,NA,NA,NA,NA
1998,S,1998-04-23,JG,2,3,132,N,SPSP,M,A,118,Y,S,NA,NA,NA,NA,NA
1998,S,1998-04-23,JG,2,3,138,Y,DIOR,NA,NA,0,NA,NA,NA,NA,NA,NA,NA
1998,S,1998-04-23,JG,2,3,139,N,DIOR,M,A,55,Y,S,NA,NA,NA,NA,NA
1998,S,1998-04-23,JG,2,1,139,N,ONLE,NA,J,21,N,NA,NA,NA,NA,NA,NA
1998,S,1998-04-23,JG,2,3,142,Y,DISP,NA,NA,0,NA,NA,NA,NA,NA,NA,NA
1998,S,1998-04-23,JG,2,3,143,N,SPSP,M,A,85,Y,S,NA,NA,NA,NA,NA
1998,S,1998-04-23,JG,2,3,144,N,SPSP,F,A,82,N,NA,NA,NA,NA,NA,NA
1998,S,1998-04-24,JG,3,1,1,N,SPSP,F,A,98,Y,V,NA,NA,NA,NA,NA
1998,S,1998-04-24,JG,3,1,5,Y,DISP,NA,NA,0,NA,NA,NA,NA,NA,NA,NA
1998,S,1998-04-24,JG,3,1,9,N,DIOR,M,A,55,N,NA,NA,NA,NA,NA,NA
1998,S,1998-04-24,JG,3,1,10,Y,DISP,NA,NA,0,NA,NA,NA,NA,NA,NA,NA
1998,S,1998-04-24,JG,3,1,12,N,DIOR,M,A,51,Y,S,NA,NA,NA,NA,NA
1998,S,1998-04-24,JG,3,1,19,Y,DIOR,NA,NA,0,NA,NA,NA,NA,NA,NA,NA
1998,S,1998-04-24,JG,3,1,20,Y,DIOR,NA,NA,0,NA,NA,NA,NA,NA,NA,NA
1998,S,1998-04-24,JG,3,1,21,N,DIOR,F,A,50,N,NA,NA,NA,NA,NA,NA
1998,S,1998-04-24,JG,3,1,22,Y,DIOR,NA,NA,0,NA,NA,NA,NA,NA,NA,NA
1998,S,1998-04-24,JG,3,1,23,Y,DIOR,NA,NA,0,NA,NA,NA,NA,NA,NA,NA
1998,S,1998-04-24,JG,3,1,24,Y,DIOR,NA,NA,0,NA,NA,NA,NA,NA,NA,NA
1998,S,1998-04-24,JG,3,1,25,Y,DIOR,NA,NA,0,NA,NA,NA,NA,NA,NA,NA
1998,S,1998-04-24,JG,3,1,26,Y,DIOR,NA,NA,0,NA,NA,NA,NA,NA,NA,NA
1998,S,1998-04-24,JG,3,1,29,Y,DIOR,NA,NA,0,NA,NA,NA,NA,NA,NA,NA
1998,S,1998-04-24,JG,3,1,32,Y,DISP,NA,NA,0,NA,NA,NA,NA,NA,NA,NA
1998,S,1998-04-24,JG,3,1,33,Y,DIOR,NA,NA,0,NA,NA,NA,NA,NA,NA,NA
1998,S,1998-04-24,JG,3,1,34,Y,DIOR,NA,NA,0,NA,NA,NA,NA,NA,NA,NA
1998,S,1998-04-24,JG,3,1,34,N,SPSP,NA,NA,0,NA,NA,Y,U,NA,NA,NA
1998,S,1998-04-24,JG,3,1,35,N,DIOR,F,A,53,N,NA,NA,NA,NA,NA,NA
1998,S,1998-04-24,JG,3,1,37,Y,DIOR,NA,NA,0,NA,NA,NA,NA,NA,NA,NA
1998,S,1998-04-24,JG,3,1,39,Y,DISP,NA,NA,0,NA,NA,NA,NA,NA,NA,NA
1998,S,1998-04-24,JG,3,1,42,Y,DIOR,NA,NA,0,NA,NA,NA,NA,NA,NA,NA
1998,S,1998-04-24,JG,3,1,47,Y,DISP,NA,NA,0,NA,NA,NA,NA,NA,NA,NA
1998,S,1998-04-24,JG,3,1,48,Y,SPSP,NA,NA,0,NA,NA,NA,NA,NA,NA,NA
1998,S,1998-04-24,JG,3,1,54,Y,DISP,NA,NA,0,NA,NA,NA,NA,NA,NA,NA
1998,S,1998-04-24,JG,3,1,56,Y,DISP,NA,NA,0,NA,NA,NA,NA,NA,NA,NA
1998,S,1998-04-24,JG,3,1,57,Y,SPSP,NA,NA,0,NA,NA,NA,NA,NA,NA,NA
1998,S,1998-04-24,JG,3,1,58,N,DIOR,M,A,45,N,NA,NA,NA,NA,NA,NA
1998,S,1998-04-24,JG,3,1,58,Y,DISP,NA,NA,0,NA,NA,NA,NA,NA,NA,NA
1998,S,1998-04-24,JG,3,1,59,Y,DIOR,NA,NA,0,NA,NA,NA,NA,NA,NA,NA
1998,S,1998-04-24,JG,3,1,60,N,DIOR,M,A,49,Y,S,NA,NA,NA,NA,NA
1998,S,1998-04-24,JG,3,1,65,Y,DISP,NA,NA,0,NA,NA,NA,NA,NA,NA,NA
1998,S,1998-04-24,JG,3,1,66,Y,DISP,NA,NA,0,NA,NA,NA,NA,NA,NA,NA
1998,S,1998-04-24,JG,3,1,68,Y,DISP,NA,NA,0,NA,NA,NA,NA,NA,NA,NA
1998,S,1998-04-24,JG,3,1,69,Y,DISP,NA,NA,0,NA,NA,NA,NA,NA,NA,NA
1998,S,1998-04-24,JG,3,1,72,N,DIOR,F,A,50,N,NA,NA,NA,NA,NA,NA
1998,S,1998-04-24,JG,3,1,77,Y,DIOR,NA,NA,0,NA,NA,NA,NA,NA,NA,NA
1998,S,1998-04-24,JG,3,1,78,Y,DIOR,NA,NA,0,NA,NA,NA,NA,NA,NA,NA
1998,S,1998-04-24,JG,3,1,79,Y,DIOR,NA,NA,0,NA,NA,NA,NA,NA,NA,NA
1998,S,1998-04-24,JG,3,1,81,Y,SPSP,NA,NA,0,NA,NA,NA,NA,NA,NA,NA
1998,S,1998-04-24,JG,3,1,91,Y,DIOR,NA,NA,0,NA,NA,NA,NA,NA,NA,NA
1998,S,1998-04-24,JG,3,1,92,Y,DIOR,NA,NA,0,NA,NA,NA,NA,NA,NA,NA
1998,S,1998-04-24,JG,3,1,94,Y,DIOR,NA,NA,0,NA,NA,NA,NA,NA,NA,NA
1998,S,1998-04-24,JG,3,1,95,N,SPSP,M,A,82,N,NA,NA,NA,NA,NA,NA
1998,S,1998-04-24,JG,3,1,100,Y,DIOR,NA,NA,0,NA,NA,NA,NA,NA,NA,NA
1998,S,1998-04-24,JG,3,1,101,Y,DIOR,NA,NA,0,NA,NA,NA,NA,NA,NA,NA
1998,S,1998-04-24,JG,3,1,106,Y,ONLE,NA,NA,0,NA,NA,NA,NA,NA,NA,NA
1998,S,1998-04-24,JG,3,1,107,N,SPSP,M,A,111,Y,S,NA,NA,NA,NA,NA
1998,S,1998-04-24,JG,3,1,109,Y,SPSP,NA,NA,0,NA,NA,NA,NA,NA,NA,NA
1998,S,1998-04-24,JG,3,1,117,Y,DIOR,NA,NA,0,NA,NA,NA,NA,NA,NA,NA
1998,S,1998-04-24,JG,3,1,118,N,DIOR,F,A,54,N,NA,NA,NA,NA,NA,NA
1998,S,1998-04-24,JG,3,1,119,Y,SPSP,NA,NA,0,NA,NA,NA,NA,NA,NA,NA
1998,S,1998-04-24,JG,3,1,122,Y,DIOR,NA,NA,0,NA,NA,NA,NA,NA,NA,NA
1998,S,1998-04-24,JG,3,1,124,Y,DIOR,NA,NA,0,NA,NA,NA,NA,NA,NA,NA
1998,S,1998-04-24,JG,3,1,127,Y,DIOR,NA,NA,0,NA,NA,NA,NA,NA,NA,NA
1998,S,1998-04-24,JG,3,1,128,Y,SPSP,NA,NA,0,NA,NA,NA,NA,NA,NA,NA
1998,S,1998-04-24,JG,3,1,131,Y,SPSP,NA,NA,0,NA,NA,NA,NA,NA,NA,NA
1998,S,1998-04-24,JG,3,1,132,Y,SPSP,NA,NA,0,NA,NA,NA,NA,NA,NA,NA
1998,S,1998-04-24,JG,3,1,136,N,DIOR,M,A,48,N,NA,NA,NA,NA,NA,NA
1998,S,1998-04-24,JG,3,1,138,Y,DISP,NA,NA,0,NA,NA,NA,NA,NA,NA,NA
1998,S,1998-04-24,JG,3,1,139,Y,DISP,NA,NA,0,NA,NA,NA,NA,NA,NA,NA
1998,S,1998-04-24,JG,3,1,140,N,ONLE,M,A,43,N,NA,NA,NA,NA,NA,NA
1998,S,1998-04-24,JG,3,1,142,Y,SPSP,NA,NA,0,NA,NA,NA,NA,NA,NA,NA
1998,S,1998-04-24,JG,3,2,4,Y,DIOR,NA,NA,0,NA,NA,NA,NA,NA,NA,NA
1998,S,1998-04-24,JG,3,2,7,Y,DIOR,NA,NA,0,NA,NA,NA,NA,NA,NA,NA
1998,S,1998-04-24,JG,3,2,8,Y,DIOR,NA,NA,0,NA,NA,NA,NA,NA,NA,NA
1998,S,1998-04-24,JG,3,2,10,Y,DISP,NA,NA,0,NA,NA,NA,NA,NA,NA,NA
1998,S,1998-04-24,JG,3,2,11,Y,DIOR,NA,NA,0,NA,NA,NA,NA,NA,NA,NA
1998,S,1998-04-24,JG,3,2,12,Y,DIOR,NA,NA,0,NA,NA,NA,NA,NA,NA,NA
1998,S,1998-04-24,JG,3,2,15,Y,DIOR,NA,NA,0,NA,NA,NA,NA,NA,NA,NA
1998,S,1998-04-24,JG,3,2,17,Y,DIOR,NA,NA,0,NA,NA,NA,NA,NA,NA,NA
1998,S,1998-04-24,JG,3,2,18,Y,DIOR,NA,NA,0,NA,NA,NA,NA,NA,NA,NA
1998,S,1998-04-24,JG,3,2,21,Y,DIOR,NA,NA,0,NA,NA,NA,NA,NA,NA,NA
1998,S,1998-04-24,JG,3,2,23,Y,SPSP,NA,NA,0,NA,NA,NA,NA,NA,NA,NA
1998,S,1998-04-24,JG,3,2,25,Y,DIOR,NA,NA,0,NA,NA,NA,NA,NA,NA,NA
1998,S,1998-04-24,JG,3,2,26,Y,DIOR,NA,NA,0,NA,NA,NA,NA,NA,NA,NA
1998,S,1998-04-24,JG,3,2,31,Y,DIOR,NA,NA,0,NA,NA,NA,NA,NA,NA,NA
1998,S,1998-04-24,JG,3,2,32,Y,SPSP,NA,NA,0,NA,NA,NA,NA,NA,NA,NA
1998,S,1998-04-24,JG,3,2,33,Y,DIOR,NA,NA,0,NA,NA,NA,NA,NA,NA,NA
1998,S,1998-04-24,JG,3,2,35,Y,SPSP,NA,NA,0,NA,NA,NA,NA,NA,NA,NA
1998,S,1998-04-24,JG,3,2,36,Y,SPSP,NA,NA,0,NA,NA,NA,NA,NA,NA,NA
1998,S,1998-04-24,JG,3,2,38,Y,DIOR,NA,NA,0,NA,NA,NA,NA,NA,NA,NA
1998,S,1998-04-24,JG,3,2,40,Y,DISP,NA,NA,0,NA,NA,NA,NA,NA,NA,NA
1998,S,1998-04-24,JG,3,2,41,Y,SPSP,NA,NA,0,NA,NA,NA,NA,NA,NA,NA
1998,S,1998-04-24,JG,3,2,43,Y,DIOR,NA,NA,0,NA,NA,NA,NA,NA,NA,NA
1998,S,1998-04-24,JG,3,2,44,N,PGFL,M,A,6,N,NA,NA,NA,NA,NA,NA
1998,S,1998-04-24,JG,3,2,45,Y,DIOR,NA,NA,0,NA,NA,NA,NA,NA,NA,NA
1998,S,1998-04-24,JG,3,2,47,N,DIOR,M,A,0,Y,S,Y,M,NA,NA,NA
1998,S,1998-04-24,JG,3,2,55,Y,DIOR,NA,NA,0,NA,NA,NA,NA,NA,NA,NA
1998,S,1998-04-24,JG,3,2,56,Y,DIOR,NA,NA,0,NA,NA,NA,NA,NA,NA,NA
1998,S,1998-04-24,JG,3,2,58,Y,DIOR,NA,NA,0,NA,NA,NA,NA,NA,NA,NA
1998,S,1998-04-24,JG,3,2,63,N,NEAL,F,A,187,N,NA,NA,NA,NA,NA,NA
1998,S,1998-04-24,JG,3,2,66,Y,SPSP,NA,NA,0,NA,NA,NA,NA,NA,NA,NA
1998,S,1998-04-24,JG,3,2,69,Y,DIOR,NA,NA,0,NA,NA,NA,NA,NA,NA,NA
1998,S,1998-04-24,JG,3,2,71,Y,DIOR,NA,NA,0,NA,NA,NA,NA,NA,NA,NA
1998,S,1998-04-24,JG,3,2,72,Y,SPSP,NA,NA,0,NA,NA,NA,NA,NA,NA,NA
1998,S,1998-04-24,JG,3,2,78,Y,DIOR,NA,NA,0,NA,NA,NA,NA,NA,NA,NA
1998,S,1998-04-24,JG,3,2,79,Y,DIOR,NA,NA,0,NA,NA,NA,NA,NA,NA,NA
1998,S,1998-04-24,JG,3,2,80,Y,DIOR,NA,NA,0,NA,NA,NA,NA,NA,NA,NA
1998,S,1998-04-24,JG,3,2,82,N,SPSP,M,A,95,Y,S,NA,NA,NA,NA,NA
1998,S,1998-04-24,JG,3,2,83,Y,DIOR,NA,NA,0,NA,NA,NA,NA,NA,NA,NA
1998,S,1998-04-24,JG,3,2,84,N,DIOR,M,A,51,Y,S,NA,NA,NA,NA,NA
1998,S,1998-04-24,JG,3,2,89,Y,DIOR,NA,NA,0,NA,NA,NA,NA,NA,NA,NA
1998,S,1998-04-24,JG,3,2,91,Y,DIOR,NA,NA,0,NA,NA,NA,NA,NA,NA,NA
1998,S,1998-04-24,JG,3,2,94,Y,DIOR,NA,NA,0,NA,NA,NA,NA,NA,NA,NA
1998,S,1998-04-24,JG,3,2,98,Y,DIOR,NA,NA,0,NA,NA,NA,NA,NA,NA,NA
1998,S,1998-04-24,JG,3,2,99,Y,DIOR,NA,NA,0,NA,NA,NA,NA,NA,NA,NA
1998,S,1998-04-24,JG,3,2,101,Y,DIOR,NA,NA,0,NA,NA,NA,NA,NA,NA,NA
1998,S,1998-04-24,JG,3,2,103,Y,DIOR,NA,NA,0,NA,NA,NA,NA,NA,NA,NA
1998,S,1998-04-24,JG,3,2,104,Y,SPSP,NA,NA,0,NA,NA,NA,NA,NA,NA,NA
1998,S,1998-04-24,JG,3,2,106,Y,DISP,NA,NA,0,NA,NA,NA,NA,NA,NA,NA
1998,S,1998-04-24,JG,3,2,107,Y,SPSP,NA,NA,0,NA,NA,NA,NA,NA,NA,NA
1998,S,1998-04-24,JG,3,2,108,Y,DIOR,NA,NA,0,NA,NA,NA,NA,NA,NA,NA
1998,S,1998-04-24,JG,3,2,109,Y,DIOR,NA,NA,0,NA,NA,NA,NA,NA,NA,NA
1998,S,1998-04-24,JG,3,2,111,Y,DIOR,NA,NA,0,NA,NA,NA,NA,NA,NA,NA
1998,S,1998-04-24,JG,3,2,115,N,DIOR,NA,J,40,N,NA,NA,NA,NA,NA,NA
1998,S,1998-04-24,JG,3,2,116,Y,DIOR,NA,NA,0,NA,NA,NA,NA,NA,NA,NA
1998,S,1998-04-24,JG,3,2,117,Y,DISP,NA,NA,0,NA,NA,NA,NA,NA,NA,NA
1998,S,1998-04-24,JG,3,2,119,Y,DIOR,NA,NA,0,NA,NA,NA,NA,NA,NA,NA
1998,S,1998-04-24,JG,3,2,120,Y,SPSP,NA,NA,0,NA,NA,NA,NA,NA,NA,NA
1998,S,1998-04-24,JG,3,2,124,Y,DIOR,NA,NA,0,NA,NA,NA,NA,NA,NA,NA
1998,S,1998-04-24,JG,3,2,128,Y,DIOR,NA,NA,0,NA,NA,NA,NA,NA,NA,NA
1998,S,1998-04-24,JG,3,2,129,Y,DISP,NA,NA,0,NA,NA,NA,NA,NA,NA,NA
1998,S,1998-04-24,JG,3,2,130,Y,SPSP,NA,NA,0,NA,NA,NA,NA,NA,NA,NA
1998,S,1998-04-24,JG,3,2,131,Y,SPSP,NA,NA,0,NA,NA,NA,NA,NA,NA,NA
1998,S,1998-04-24,JG,3,2,132,N,DIOR,M,A,57,N,NA,NA,NA,NA,NA,NA
1998,S,1998-04-24,JG,3,2,140,Y,DIOR,NA,NA,0,NA,NA,NA,NA,NA,NA,NA
1998,S,1998-04-24,JG,3,2,141,Y,DIOR,NA,NA,0,NA,NA,NA,NA,NA,NA,NA
1998,S,1998-04-24,JG,3,2,142,Y,SPSP,NA,NA,0,NA,NA,NA,NA,NA,NA,NA
1998,S,1998-04-24,JG,3,2,143,Y,DIOR,NA,NA,0,NA,NA,NA,NA,NA,NA,NA
1998,S,1998-04-24,JG,3,2,144,N,SPSP,M,A,93,Y,S,NA,NA,NA,NA,NA
1998,S,1998-04-24,JG,3,3,5,Y,ONLE,NA,NA,0,NA,NA,NA,NA,NA,NA,NA
1998,S,1998-04-24,JG,3,3,9,Y,DIOR,NA,NA,0,NA,NA,NA,NA,NA,NA,NA
1998,S,1998-04-24,JG,3,3,10,Y,DISP,NA,NA,0,NA,NA,NA,NA,NA,NA,NA
1998,S,1998-04-24,JG,3,3,11,Y,DIOR,NA,NA,0,NA,NA,NA,NA,NA,NA,NA
1998,S,1998-04-24,JG,3,3,12,N,SPSP,M,A,77,N,NA,NA,NA,NA,NA,NA
1998,S,1998-04-24,JG,3,3,13,Y,PGFL,NA,NA,0,NA,NA,NA,NA,NA,NA,NA
1998,S,1998-04-24,JG,3,3,14,N,ONLE,M,A,0,Y,S,Y,M,NA,NA,NA
1998,S,1998-04-24,JG,3,3,16,Y,DISP,NA,NA,0,NA,NA,NA,NA,NA,NA,NA
1998,S,1998-04-24,JG,3,3,17,Y,DIOR,NA,NA,0,NA,NA,NA,NA,NA,NA,NA
1998,S,1998-04-24,JG,3,3,20,Y,DIOR,NA,NA,0,NA,NA,NA,NA,NA,NA,NA
1998,S,1998-04-24,JG,3,3,22,Y,DIOR,NA,NA,0,NA,NA,NA,NA,NA,NA,NA
1998,S,1998-04-24,JG,3,3,23,Y,DIOR,NA,NA,0,NA,NA,NA,NA,NA,NA,NA
1998,S,1998-04-24,JG,3,3,30,Y,NEAL,NA,NA,0,NA,NA,NA,NA,NA,NA,NA
1998,S,1998-04-24,JG,3,3,32,Y,DIOR,NA,NA,0,NA,NA,NA,NA,NA,NA,NA
1998,S,1998-04-24,JG,3,3,33,Y,DIOR,NA,NA,0,NA,NA,NA,NA,NA,NA,NA
1998,S,1998-04-24,JG,3,3,34,Y,DIOR,NA,NA,0,NA,NA,NA,NA,NA,NA,NA
1998,S,1998-04-24,JG,3,3,37,Y,DIOR,NA,NA,0,NA,NA,NA,NA,NA,NA,NA
1998,S,1998-04-24,JG,3,3,41,Y,SPSP,NA,NA,0,NA,NA,NA,NA,NA,NA,NA
1998,S,1998-04-24,JG,3,3,46,Y,DIOR,NA,NA,0,NA,NA,NA,NA,NA,NA,NA
1998,S,1998-04-24,JG,3,3,47,N,SPSP,M,A,103,N,NA,NA,NA,NA,NA,NA
1998,S,1998-04-24,JG,3,3,53,Y,DIOR,NA,NA,0,NA,NA,NA,NA,NA,NA,NA
1998,S,1998-04-24,JG,3,3,54,Y,DIOR,NA,NA,0,NA,NA,NA,NA,NA,NA,NA
1998,S,1998-04-24,JG,3,3,55,Y,DIOR,NA,NA,0,NA,NA,NA,NA,NA,NA,NA
1998,S,1998-04-24,JG,3,3,57,Y,DIOR,NA,NA,0,NA,NA,NA,NA,NA,NA,NA
1998,S,1998-04-24,JG,3,3,58,Y,DIOR,NA,NA,0,NA,NA,NA,NA,NA,NA,NA
1998,S,1998-04-24,JG,3,3,63,Y,SPSP,NA,NA,0,NA,NA,NA,NA,NA,NA,NA
1998,S,1998-04-24,JG,3,3,64,Y,DIOR,NA,NA,0,NA,NA,NA,NA,NA,NA,NA
1998,S,1998-04-24,JG,3,3,65,Y,DIOR,NA,NA,0,NA,NA,NA,NA,NA,NA,NA
1998,S,1998-04-24,JG,3,3,66,Y,SPSP,NA,NA,0,NA,NA,NA,NA,NA,NA,NA
1998,S,1998-04-24,JG,3,3,70,Y,DIOR,NA,NA,0,NA,NA,NA,NA,NA,NA,NA
1998,S,1998-04-24,JG,3,3,71,N,SPSP,F,A,81,N,NA,NA,NA,NA,NA,NA
1998,S,1998-04-24,JG,3,3,81,Y,DIOR,NA,NA,0,NA,NA,NA,NA,NA,NA,NA
1998,S,1998-04-24,JG,3,3,82,Y,DISP,NA,NA,0,NA,NA,NA,NA,NA,NA,NA
1998,S,1998-04-24,JG,3,3,83,N,DIOR,F,A,48,N,NA,NA,NA,NA,NA,NA
1998,S,1998-04-24,JG,3,3,84,Y,SPSP,NA,NA,0,NA,NA,NA,NA,NA,NA,NA
1998,S,1998-04-24,JG,3,3,86,Y,DIOR,NA,NA,0,NA,NA,NA,NA,NA,NA,NA
1998,S,1998-04-24,JG,3,3,92,Y,SPSP,NA,NA,0,NA,NA,NA,NA,NA,NA,NA
1998,S,1998-04-24,JG,3,3,93,Y,DIOR,NA,NA,0,NA,NA,NA,NA,NA,NA,NA
1998,S,1998-04-24,JG,3,3,95,Y,DIOR,NA,NA,0,NA,NA,NA,NA,NA,NA,NA
1998,S,1998-04-24,JG,3,3,96,Y,DIOR,NA,NA,0,NA,NA,NA,NA,NA,NA,NA
1998,S,1998-04-24,JG,3,3,101,Y,DIOR,NA,NA,0,NA,NA,NA,NA,NA,NA,NA
1998,S,1998-04-24,JG,3,3,102,Y,DIOR,NA,NA,0,NA,NA,NA,NA,NA,NA,NA
1998,S,1998-04-24,JG,3,3,103,Y,DIOR,NA,NA,0,NA,NA,NA,NA,NA,NA,NA
1998,S,1998-04-24,JG,3,3,105,Y,SPSP,NA,NA,0,NA,NA,NA,NA,NA,NA,NA
1998,S,1998-04-24,JG,3,3,113,Y,DIOR,NA,NA,0,NA,NA,NA,NA,NA,NA,NA
1998,S,1998-04-24,JG,3,3,117,Y,DIOR,NA,NA,0,NA,NA,NA,NA,NA,NA,NA
1998,S,1998-04-24,JG,3,3,118,Y,DIOR,NA,NA,0,NA,NA,NA,NA,NA,NA,NA
1998,S,1998-04-24,JG,3,3,120,Y,DIOR,NA,NA,0,NA,NA,NA,NA,NA,NA,NA
1998,S,1998-04-24,JG,3,3,126,Y,DISP,NA,NA,0,NA,NA,NA,NA,NA,NA,NA
1998,S,1998-04-24,JG,3,3,127,Y,DIOR,NA,NA,0,NA,NA,NA,NA,NA,NA,NA
1998,S,1998-04-24,JG,3,3,128,Y,DIOR,NA,NA,0,NA,NA,NA,NA,NA,NA,NA
1998,S,1998-04-24,JG,3,3,130,Y,DIOR,NA,NA,0,NA,NA,NA,NA,NA,NA,NA
1998,S,1998-04-24,JG,3,3,131,Y,DIOR,NA,NA,0,NA,NA,NA,NA,NA,NA,NA
1998,S,1998-04-24,JG,3,3,132,Y,DIOR,NA,NA,0,NA,NA,NA,NA,NA,NA,NA
1998,S,1998-04-24,JG,3,3,135,Y,DIOR,NA,NA,0,NA,NA,NA,NA,NA,NA,NA
1998,S,1998-04-24,JG,3,3,138,Y,ONLE,NA,NA,0,NA,NA,NA,NA,NA,NA,NA
1998,S,1998-04-24,JG,3,3,139,Y,DIOR,NA,NA,0,NA,NA,NA,NA,NA,NA,NA
1998,S,1998-04-24,JG,3,3,142,Y,DISP,NA,NA,0,NA,NA,NA,NA,NA,NA,NA
1998,S,1998-04-24,JG,3,3,143,Y,SPSP,NA,NA,0,NA,NA,NA,NA,NA,NA,NA
1998,S,1998-04-24,JG,3,3,144,N,SPSP,M,A,98,Y,S,NA,NA,NA,NA,NA
2000,S,2000-04-05,JG,2,3,81,Y,DISP,NA,NA,0,NA,NA,NA,NA,NA,NA,NA
2000,S,2000-04-05,JG,2,3,80,Y,DIOR,NA,NA,0,NA,NA,NA,NA,NA,NA,NA
2000,S,2000-04-05,JG,2,3,78,N,DIOR,M,A,51,Y,S,NA,NA,NA,NA,NA
2000,S,2000-04-05,JG,2,3,77,Y,DISP,NA,NA,0,NA,NA,NA,NA,NA,NA,NA
2000,S,2000-04-05,JG,2,3,140,Y,DIOR,NA,NA,0,NA,NA,NA,NA,NA,NA,NA
2000,S,2000-04-05,JG,2,3,142,Y,DIOR,NA,NA,0,NA,NA,NA,NA,NA,NA,NA
2000,S,2000-04-05,JG,2,3,143,N,NEMI,F,A,179,N,NA,NA,NA,NA,NA,NA
2000,S,2000-04-05,JG,2,3,144,N,SPSP,M,A,128,Y,S,NA,NA,NA,NA,NA
2000,S,2000-04-05,JG,2,3,12,N,SPSP,M,A,112,Y,S,NA,NA,NA,NA,NA
2000,S,2000-04-05,JG,2,2,64,Y,DIOR,NA,NA,0,NA,NA,NA,NA,NA,NA,NA
2000,S,2000-04-05,JG,2,2,66,Y,DIOR,NA,NA,0,NA,NA,NA,NA,NA,NA,NA
2000,S,2000-04-05,JG,2,2,69,Y,DIOR,NA,NA,0,NA,NA,NA,NA,NA,NA,NA
2000,S,2000-04-05,JG,2,2,70,N,SPSP,M,A,92,N,NA,NA,NA,NA,NA,NA
2000,S,2000-04-05,JG,2,2,72,N,SPSP,M,A,122,Y,PS,NA,NA,NA,NA,NA
2000,S,2000-04-05,JG,2,2,58,Y,DIOR,NA,NA,0,NA,NA,NA,NA,NA,NA,NA
2000,S,2000-04-05,JG,2,2,59,Y,DIOR,NA,NA,0,NA,NA,NA,NA,NA,NA,NA
2000,S,2000-04-05,JG,2,2,60,N,DIOR,M,A,65,Y,S,NA,NA,NA,NA,NA
2000,S,2000-04-05,JG,2,2,101,Y,DIOR,NA,NA,0,NA,NA,NA,NA,NA,NA,NA
2000,S,2000-04-05,JG,2,2,104,Y,DISP,NA,NA,0,NA,NA,NA,NA,NA,NA,NA
2000,S,2000-04-05,JG,2,2,107,N,DISP,F,A,180,Y,L,NA,NA,NA,NA,NA
2000,S,2000-04-05,JG,2,2,108,N,DISP,F,A,96,Y,V,NA,NA,NA,NA,NA
2000,S,2000-04-05,JG,2,1,0,N,ONLE,NA,J,12,N,NA,NA,NA,NA,NA,NA
2000,S,2000-04-05,JG,2,1,101,Y,DIOR,NA,NA,0,NA,NA,NA,NA,NA,NA,NA
2000,S,2000-04-05,JG,2,1,103,NA,NEMI,NA,A,0,NA,NA,Y,N,NA,NA,NA
2000,S,2000-04-05,JG,2,1,106,Y,DIOR,NA,NA,0,NA,NA,NA,NA,NA,NA,NA
2000,S,2000-04-05,JG,2,1,107,N,ONLE,F,A,36,N,NA,NA,NA,NA,NA,NA
2000,S,2000-04-05,JG,2,1,94,N,SPSP,M,A,85,Y,S,NA,NA,NA,NA,NA
2000,S,2000-04-05,JG,2,1,88,Y,DIOR,NA,NA,0,NA,NA,NA,NA,NA,NA,NA
2000,S,2000-04-05,JG,2,1,87,Y,DIOR,NA,NA,0,NA,NA,NA,NA,NA,NA,NA
2000,S,2000-04-05,JG,2,1,4,Y,DIOR,NA,NA,0,NA,NA,NA,NA,NA,NA,NA
2000,S,2000-04-05,JG,2,1,8,Y,DIOR,NA,NA,0,NA,NA,NA,NA,NA,NA,NA
2000,S,2000-04-05,JG,2,1,10,Y,DIOR,NA,NA,0,NA,NA,NA,NA,NA,NA,NA
2000,S,2000-04-05,JG,2,1,11,Y,NEMI,NA,NA,0,NA,NA,NA,NA,NA,NA,NA
2000,S,2000-04-05,JG,2,1,12,N,NEAL,F,A,185,Y,L,NA,NA,NA,NA,NA
2000,S,2000-04-06,JG,3,3,145,N,DISP,F,A,142,Y,L,NA,NA,NA,NA,NA
2000,S,2000-04-06,JG,3,3,10,N,SPSP,NA,J,72,N,NA,NA,NA,NA,NA,NA
2000,S,2000-04-06,JG,3,3,12,N,SPSP,F,A,102,Y,L,NA,NA,NA,NA,NA
2000,S,2000-04-06,JG,3,3,22,N,SPSP,M,A,122,Y,S,NA,NA,NA,NA,NA
2000,S,2000-04-06,JG,3,3,21,Y,DIOR,NA,NA,0,NA,NA,NA,NA,NA,NA,NA
2000,S,2000-04-06,JG,3,3,20,N,SPSP,M,A,92,N,NA,NA,NA,NA,NA,NA
2000,S,2000-04-06,JG,3,3,17,Y,DIOR,NA,NA,0,NA,NA,NA,NA,NA,NA,NA
2000,S,2000-04-06,JG,3,3,42,Y,DIOR,NA,NA,0,NA,NA,NA,NA,NA,NA,NA
2000,S,2000-04-06,JG,3,3,45,Y,DIOR,NA,NA,0,NA,NA,NA,NA,NA,NA,NA
2000,S,2000-04-06,JG,3,3,46,N,SPSP,M,A,94,Y,S,NA,NA,NA,NA,NA
2000,S,2000-04-06,JG,3,2,36,N,DIOR,M,A,40,Y,S,NA,NA,NA,NA,NA
2000,S,2000-04-06,JG,3,2,35,Y,DIOR,NA,NA,0,NA,NA,NA,NA,NA,NA,NA
2000,S,2000-04-06,JG,3,2,2,Y,DIOR,NA,NA,0,NA,NA,NA,NA,NA,NA,NA
2000,S,2000-04-06,JG,3,2,10,N,DISP,M,A,142,Y,PS,NA,NA,NA,NA,NA
2000,S,2000-04-06,JG,3,2,11,N,ONLE,M,A,39,N,NA,NA,NA,NA,NA,NA
2000,S,2000-04-06,JG,3,2,12,N,NEMI,M,A,270,N,NA,NA,NA,NA,NA,NA
2000,S,2000-04-06,JG,3,2,23,Y,SPSP,NA,NA,0,NA,NA,NA,NA,NA,NA,NA
2000,S,2000-04-06,JG,3,2,21,Y,DIOR,NA,NA,0,NA,NA,NA,NA,NA,NA,NA
2000,S,2000-04-06,JG,3,2,19,Y,DISP,NA,NA,0,NA,NA,NA,NA,NA,NA,NA
2000,S,2000-04-06,JG,3,2,16,N,NEMI,F,A,192,N,NA,NA,NA,NA,NA,NA
2000,S,2000-04-06,JG,3,2,128,Y,DIOR,NA,NA,0,NA,NA,NA,NA,NA,NA,NA
2000,S,2000-04-06,JG,3,2,131,Y,DIOR,NA,NA,0,NA,NA,NA,NA,NA,NA,NA
2000,S,2000-04-06,JG,3,2,132,N,NEMI,M,A,202,N,NA,NA,NA,NA,NA,NA
2000,S,2000-04-06,JG,3,1,72,Y,DIOR,NA,NA,0,NA,NA,NA,NA,NA,NA,NA
2000,S,2000-04-06,JG,3,1,71,N,DIOR,F,A,64,Y,L,NA,NA,NA,NA,NA
2000,S,2000-04-06,JG,3,1,70,N,SPSP,F,A,74,N,NA,NA,NA,NA,NA,NA
2000,S,2000-04-06,JG,3,1,67,Y,DISP,NA,NA,0,NA,NA,NA,NA,NA,NA,NA
2000,S,2000-04-06,JG,3,1,64,N,DIOR,F,A,55,Y,L,NA,NA,NA,NA,NA
2000,S,2000-04-06,JG,3,1,102,N,PGFL,NA,NA,0,NA,NA,Y,N,NA,NA,NA
2000,S,2000-04-06,JG,3,1,103,N,DIOR,M,A,46,N,NA,NA,NA,NA,NA,NA
2000,S,2000-04-06,JG,3,1,106,Y,DIOR,NA,NA,0,NA,NA,NA,NA,NA,NA,NA
2000,S,2000-04-06,JG,3,1,107,Y,DIOR,NA,NA,0,NA,NA,NA,NA,NA,NA,NA
2000,S,2000-04-06,JG,3,1,119,Y,SPSP,NA,NA,0,NA,NA,NA,NA,NA,NA,NA
2000,S,2000-04-06,JG,3,1,113,N,NEMI,F,A,219,N,NA,NA,NA,NA,NA,NA
2000,S,2000-04-06,JG,3,1,33,Y,DIOR,NA,NA,0,NA,NA,NA,NA,NA,NA,NA
2000,S,2000-04-06,JG,3,1,36,Y,DISP,NA,NA,0,NA,NA,NA,NA,NA,NA,NA
2000,S,2000-04-04,JG,1,3,93,N,DIOR,M,A,58,Y,S,NA,NA,NA,NA,NA
2000,S,2000-04-04,JG,1,3,117,N,DIOR,F,A,64,Y,L,NA,NA,NA,NA,NA
2000,S,2000-04-04,JG,1,3,46,N,DISP,F,A,135,Y,L,NA,NA,NA,NA,NA
2000,S,2000-04-04,JG,1,3,29,N,DISP,M,A,0,Y,S,Y,M,NA,NA,NA
2000,S,2000-04-04,JG,1,2,89,N,DIOR,M,A,49,Y,PS,NA,NA,NA,NA,NA
2000,S,2000-04-04,JG,1,2,108,N,DISP,M,A,135,Y,PS,NA,NA,NA,NA,NA
2000,S,2000-04-04,JG,1,2,107,N,NEMI,M,A,225,N,NA,NA,NA,NA,NA,NA
2000,S,2000-04-04,JG,1,2,102,N,DIOR,M,A,64,Y,S,NA,NA,NA,NA,NA
2000,S,2000-04-04,JG,1,2,101,N,DIOR,NA,A,45,N,NA,NA,NA,NA,NA,NA
2000,S,2000-04-04,JG,1,2,99,N,DIOR,M,A,63,Y,S,NA,NA,NA,NA,NA
2000,S,2000-04-04,JG,1,2,45,N,DIOR,F,A,62,Y,L,NA,NA,NA,NA,NA
2000,S,2000-04-04,JG,1,2,48,N,DIOR,M,A,65,Y,S,NA,NA,NA,NA,NA
2000,S,2000-04-04,JG,1,1,101,N,DIOR,F,A,65,N,NA,NA,NA,NA,NA,NA
2000,S,2000-04-04,JG,1,1,102,N,DIOR,M,A,65,Y,S,NA,NA,NA,NA,NA
2000,S,2000-04-04,JG,1,1,107,N,DIOR,M,A,63,Y,S,NA,NA,NA,NA,NA
2000,S,2000-04-04,JG,1,1,94,N,DIOR,M,A,66,Y,S,NA,NA,NA,NA,NA
2000,S,2000-04-04,JG,1,1,93,N,DIOR,F,A,63,Y,L,NA,NA,NA,NA,NA
2000,S,2000-04-04,JG,1,1,89,N,DIOR,M,A,61,Y,PS,NA,NA,NA,NA,NA
2000,S,2000-04-04,JG,1,1,20,N,DIOR,M,A,66,Y,S,NA,NA,NA,NA,NA
2000,S,2000-04-04,JG,1,1,133,N,DIOR,F,A,50,N,NA,NA,NA,NA,NA,NA
2000,S,2000-04-05,JG,2,3,59,N,DIOR,M,A,64,Y,S,NA,NA,NA,NA,NA
2000,S,2000-04-05,JG,2,3,93,N,SPSP,M,A,0,Y,S,Y,M,NA,NA,NA
2000,S,2000-04-05,JG,2,3,105,N,DIOR,F,A,60,Y,L,NA,NA,NA,NA,NA
2000,S,2000-04-05,JG,2,3,114,Y,DIOR,NA,NA,0,NA,NA,NA,NA,NA,NA,NA
2000,S,2000-04-05,JG,2,3,120,Y,DIOR,NA,NA,0,NA,NA,NA,NA,NA,NA,NA
2000,S,2000-04-05,JG,2,3,129,Y,NEMI,NA,NA,0,NA,NA,NA,NA,NA,NA,NA
2000,S,2000-04-05,JG,2,3,127,Y,DISP,NA,NA,0,NA,NA,NA,NA,NA,NA,NA
2000,S,2000-04-05,JG,2,3,126,N,DISP,M,A,145,Y,S,NA,NA,NA,NA,NA
2000,S,2000-04-05,JG,2,3,13,Y,DISP,NA,NA,0,NA,NA,NA,NA,NA,NA,NA
2000,S,2000-04-05,JG,2,3,22,Y,DIOR,NA,NA,0,NA,NA,NA,NA,NA,NA,NA
2000,S,2000-04-05,JG,2,3,23,Y,DIOR,NA,NA,0,NA,NA,NA,NA,NA,NA,NA
2000,S,2000-04-05,JG,2,3,35,Y,ONLE,NA,NA,0,NA,NA,NA,NA,NA,NA,NA
2000,S,2000-04-05,JG,2,3,33,Y,DIOR,NA,NA,0,NA,NA,NA,NA,NA,NA,NA
2000,S,2000-04-05,JG,2,2,10,N,SPSP,F,A,105,N,NA,NA,NA,NA,NA,NA
2000,S,2000-04-05,JG,2,2,11,Y,DISP,NA,NA,0,NA,NA,NA,NA,NA,NA,NA
2000,S,2000-04-05,JG,2,2,23,N,DIOR,M,A,65,Y,S,NA,NA,NA,NA,NA
2000,S,2000-04-05,JG,2,2,21,N,DIOR,NA,J,35,N,NA,NA,NA,NA,NA,NA
2000,S,2000-04-05,JG,2,2,19,Y,DISP,NA,NA,0,NA,NA,NA,NA,NA,NA,NA
2000,S,2000-04-05,JG,2,2,89,Y,DIOR,NA,NA,0,NA,NA,NA,NA,NA,NA,NA
2000,S,2000-04-05,JG,2,2,90,N,SPSP,M,A,92,Y,S,NA,NA,NA,NA,NA
2000,S,2000-04-05,JG,2,2,91,Y,DIOR,NA,NA,0,NA,NA,NA,NA,NA,NA,NA
2000,S,2000-04-05,JG,2,2,93,N,NEMI,NA,J,150,N,NA,NA,NA,NA,NA,NA
2000,S,2000-04-05,JG,2,2,94,N,DIOR,NA,J,48,N,NA,NA,NA,NA,NA,NA
2000,S,2000-04-05,JG,2,2,95,N,DIOR,M,A,63,Y,S,NA,NA,NA,NA,NA
2000,S,2000-04-05,JG,2,2,96,Y,DIOR,NA,NA,0,NA,NA,NA,NA,NA,NA,NA
2000,S,2000-04-05,JG,2,1,126,N,DIOR,M,A,52,Y,PS,NA,NA,NA,NA,NA
2000,S,2000-04-05,JG,2,1,127,N,DIOR,M,A,60,Y,S,NA,NA,NA,NA,NA
2000,S,2000-04-05,JG,2,1,128,Y,DIOR,NA,NA,0,NA,NA,NA,NA,NA,NA,NA
2000,S,2000-04-05,JG,2,1,130,Y,DIOR,NA,NA,0,NA,NA,NA,NA,NA,NA,NA
2000,S,2000-04-05,JG,2,1,131,N,SPSP,M,A,95,Y,S,NA,NA,NA,NA,NA
2000,S,2000-04-05,JG,2,1,120,N,SPSP,M,A,110,Y,S,NA,NA,NA,NA,NA
2000,S,2000-04-05,JG,2,1,119,N,SPSP,F,A,97,N,NA,NA,NA,NA,NA,NA
2000,S,2000-04-05,JG,2,1,118,N,SPSP,M,A,98,N,NA,NA,NA,NA,NA,NA
2000,S,2000-04-05,JG,2,1,112,N,DIOR,NA,J,48,N,NA,NA,NA,NA,NA,NA
2000,S,2000-04-05,JG,2,1,111,Y,DIOR,NA,NA,0,NA,NA,NA,NA,NA,NA,NA
2000,S,2000-04-05,JG,2,1,22,N,DISP,M,A,160,Y,S,NA,NA,NA,NA,NA
2000,S,2000-04-05,JG,2,1,23,N,SPSP,NA,J,0,N,NA,Y,U,NA,NA,NA
2000,S,2000-04-05,JG,2,1,144,N,NEMI,M,A,158,N,NA,NA,NA,NA,NA,NA
2000,S,2000-04-05,JG,2,1,142,Y,DIOR,NA,NA,0,NA,NA,NA,NA,NA,NA,NA
2000,S,2000-04-05,JG,2,1,138,N,NEMI,M,A,305,N,NA,NA,NA,NA,NA,NA
2000,S,2000-04-06,JG,3,3,96,Y,SPSP,NA,NA,0,NA,NA,NA,NA,NA,NA,NA
2000,S,2000-04-06,JG,3,3,120,Y,DIOR,NA,NA,0,NA,NA,NA,NA,NA,NA,NA
2000,S,2000-04-06,JG,3,3,116,Y,DIOR,NA,NA,0,NA,NA,NA,NA,NA,NA,NA
2000,S,2000-04-06,JG,3,3,114,Y,DISP,NA,NA,0,NA,NA,NA,NA,NA,NA,NA
2000,S,2000-04-06,JG,3,3,108,Y,DIOR,NA,NA,0,NA,NA,NA,NA,NA,NA,NA
2000,S,2000-04-06,JG,3,3,107,Y,NEMI,NA,NA,0,NA,NA,NA,NA,NA,NA,NA
2000,S,2000-04-06,JG,3,3,103,Y,DIOR,NA,NA,0,NA,NA,NA,NA,NA,NA,NA
2000,S,2000-04-06,JG,3,3,139,Y,ONLE,NA,NA,0,NA,NA,NA,NA,NA,NA,NA
2000,S,2000-04-06,JG,3,3,140,Y,ONLE,NA,NA,0,NA,NA,NA,NA,NA,NA,NA
2000,S,2000-04-06,JG,3,3,142,Y,DIOR,NA,NA,0,NA,NA,NA,NA,NA,NA,NA
2000,S,2000-04-06,JG,3,3,143,Y,NEMI,NA,NA,0,NA,NA,NA,NA,NA,NA,NA
2000,S,2000-04-06,JG,3,2,59,Y,DIOR,NA,NA,0,NA,NA,NA,NA,NA,NA,NA
2000,S,2000-04-06,JG,3,2,58,Y,DIOR,NA,NA,0,NA,NA,NA,NA,NA,NA,NA
2000,S,2000-04-06,JG,3,2,64,Y,DIOR,NA,NA,0,NA,NA,NA,NA,NA,NA,NA
2000,S,2000-04-06,JG,3,2,83,N,DIOR,F,A,48,Y,L,NA,NA,NA,NA,NA
2000,S,2000-04-06,JG,3,2,82,Y,SPSP,NA,NA,0,NA,NA,NA,NA,NA,NA,NA
2000,S,2000-04-06,JG,3,2,80,Y,DIOR,NA,NA,0,NA,NA,NA,NA,NA,NA,NA
2000,S,2000-04-06,JG,3,2,78,Y,DIOR,NA,NA,0,NA,NA,NA,NA,NA,NA,NA
2000,S,2000-04-06,JG,3,2,139,N,DIOR,NA,J,38,N,NA,NA,NA,NA,NA,NA
2000,S,2000-04-06,JG,3,2,142,Y,DIOR,NA,NA,0,NA,NA,NA,NA,NA,NA,NA
2000,S,2000-04-06,JG,3,2,143,Y,DIOR,NA,NA,0,NA,NA,NA,NA,NA,NA,NA
2000,S,2000-04-06,JG,3,2,144,Y,SPSP,NA,NA,0,NA,NA,NA,NA,NA,NA,NA
2000,S,2000-04-06,JG,3,1,47,N,DIOR,NA,J,39,N,NA,NA,NA,NA,NA,NA
2000,S,2000-04-06,JG,3,1,45,Y,DIOR,NA,NA,0,NA,NA,NA,NA,NA,NA,2
2000,S,2000-04-06,JG,3,1,43,N,NEMI,NA,J,72,N,NA,NA,NA,NA,NA,NA
2000,S,2000-04-06,JG,3,1,42,Y,DIOR,NA,NA,0,NA,NA,NA,NA,NA,NA,NA
2000,S,2000-04-06,JG,3,1,22,Y,NEMI,NA,NA,0,NA,NA,NA,NA,NA,NA,NA
2000,S,2000-04-06,JG,3,1,24,N,SPSP,M,A,95,Y,S,NA,NA,NA,NA,NA
2000,S,2000-04-06,JG,3,1,12,Y,NEMI,NA,NA,0,NA,NA,NA,NA,NA,NA,NA
2000,S,2000-04-06,JG,3,1,10,N,NEMI,F,A,180,Y,L,NA,NA,NA,NA,NA
2000,S,2000-04-06,JG,3,1,8,N,SPSP,M,A,120,Y,S,NA,NA,NA,NA,NA
2000,S,2000-04-06,JG,3,1,6,Y,DIOR,NA,NA,0,NA,NA,NA,NA,NA,NA,NA
2000,S,2000-04-06,JG,3,1,4,Y,ONLE,NA,NA,0,NA,NA,NA,NA,NA,NA,NA
2000,S,2000-04-04,JG,1,3,83,N,DISP,F,A,144,Y,L,NA,NA,NA,NA,NA
2000,S,2000-04-04,JG,1,3,74,N,DISP,M,A,148,Y,S,NA,NA,NA,NA,NA
2000,S,2000-04-04,JG,1,3,14,N,DISP,M,A,158,Y,S,NA,NA,NA,NA,NA
2000,S,2000-04-04,JG,1,3,18,N,DIOR,M,A,54,Y,S,NA,NA,NA,NA,NA
2000,S,2000-04-04,JG,1,3,21,N,DIOR,NA,J,43,N,NA,NA,NA,NA,NA,NA
2000,S,2000-04-04,JG,1,3,24,N,DIOR,F,A,51,N,NA,NA,NA,NA,NA,NA
2000,S,2000-04-04,JG,1,3,70,N,DIOR,M,A,54,Y,S,NA,NA,NA,NA,NA
2000,S,2000-04-04,JG,1,3,71,N,ONLE,M,A,37,N,NA,NA,NA,NA,NA,NA
2000,S,2000-04-04,JG,1,3,67,N,DIOR,F,A,54,N,NA,NA,NA,NA,NA,NA
2000,S,2000-04-04,JG,1,3,123,N,DISP,NA,NA,0,NA,NA,Y,N,NA,NA,NA
2000,S,2000-04-04,JG,1,3,126,N,DIOR,F,A,53,Y,V,NA,NA,NA,NA,NA
2000,S,2000-04-04,JG,1,2,33,N,SPSP,NA,J,59,N,NA,NA,NA,NA,NA,NA
2000,S,2000-04-04,JG,1,2,30,N,DIOR,F,A,49,N,NA,NA,NA,NA,NA,NA
2000,S,2000-04-04,JG,1,2,27,N,DIOR,M,A,52,Y,PS,NA,NA,NA,NA,NA
2000,S,2000-04-04,JG,1,2,12,N,DIOR,F,A,47,N,NA,NA,NA,NA,NA,NA
2000,S,2000-04-04,JG,1,2,19,N,DISP,F,A,141,Y,L,NA,NA,NA,NA,NA
2000,S,2000-04-04,JG,1,2,139,N,DIOR,F,A,53,Y,V,NA,NA,NA,NA,NA
2000,S,2000-04-04,JG,1,2,142,N,DIOR,F,A,48,N,NA,NA,NA,NA,NA,NA
2000,S,2000-04-04,JG,1,2,144,N,DIOR,M,A,49,Y,S,NA,NA,NA,NA,NA
2000,S,2000-04-04,JG,1,2,132,N,DIOR,NA,J,32,N,NA,NA,NA,NA,NA,NA
2000,S,2000-04-04,JG,1,2,128,N,DIOR,F,A,46,N,NA,NA,NA,NA,NA,NA
2000,S,2000-04-04,JG,1,2,126,N,DIOR,F,A,52,Y,L,NA,NA,NA,NA,NA
2000,S,2000-04-04,JG,1,2,120,N,DIOR,F,A,52,Y,L,NA,NA,NA,NA,NA
2000,S,2000-04-04,JG,1,1,81,N,DIOR,F,A,45,N,NA,NA,NA,NA,NA,NA
2000,S,2000-04-04,JG,1,1,80,N,ONLE,F,A,35,N,NA,NA,NA,NA,NA,NA
2000,S,2000-04-04,JG,1,1,79,N,DIOR,M,A,55,Y,PS,NA,NA,NA,NA,NA
2000,S,2000-04-04,JG,1,1,129,N,DIOR,F,A,55,Y,L,NA,NA,NA,NA,NA
2000,S,2000-04-04,JG,1,1,131,N,DIOR,M,A,50,Y,S,NA,NA,NA,NA,NA
2000,S,2000-04-04,JG,1,1,118,N,DIOR,F,A,56,Y,L,NA,NA,NA,NA,NA
2000,S,2000-04-04,JG,1,1,6,N,DIOR,M,A,52,Y,S,NA,NA,NA,NA,NA
2000,S,2000-04-04,JG,1,1,12,N,DIOR,M,A,51,Y,S,NA,NA,NA,NA,NA
2000,S,2000-04-04,JG,1,1,144,N,DIOR,M,A,50,Y,S,NA,NA,NA,NA,NA
2000,S,2000-04-04,JG,1,1,138,N,NEMI,NA,NA,305,NA,NA,Y,N,NA,NA,NA
2000,S,2000-04-04,JG,1,3,134,N,DISP,F,A,150,Y,V,NA,NA,NA,NA,NA
2000,S,2000-04-04,JG,1,3,135,N,DIOR,M,A,52,Y,PS,NA,NA,NA,NA,NA
2000,S,2000-04-04,JG,1,3,138,N,ONLE,M,A,35,N,NA,NA,NA,NA,NA,NA
2000,S,2000-04-04,JG,1,3,142,N,ONLE,M,A,37,N,NA,NA,NA,NA,NA,NA
2000,S,2000-04-04,JG,1,3,144,N,SPSP,M,A,120,N,NA,NA,NA,NA,NA,NA
2000,S,2000-04-04,JG,1,3,132,N,DIOR,F,A,60,Y,V,NA,NA,NA,NA,NA
2000,S,2000-04-04,JG,1,3,129,N,NEMI,M,A,0,Y,PS,Y,M,NA,NA,NA
2000,S,2000-04-04,JG,1,3,127,N,DISP,M,A,180,Y,S,NA,NA,NA,NA,NA
2000,S,2000-04-04,JG,1,2,64,N,DIOR,F,A,39,Y,V,NA,NA,NA,NA,NA
2000,S,2000-04-04,JG,1,2,66,N,DIOR,M,A,51,Y,S,NA,NA,NA,NA,NA
2000,S,2000-04-04,JG,1,2,67,N,DIOR,M,A,55,Y,S,NA,NA,NA,NA,NA
2000,S,2000-04-04,JG,1,2,72,N,DIOR,NA,J,49,N,NA,NA,NA,NA,NA,NA
2000,S,2000-04-04,JG,1,2,78,N,DIOR,F,A,51,Y,L,NA,NA,NA,NA,NA
2000,S,2000-04-04,JG,1,2,55,N,DIOR,M,A,46,N,NA,NA,NA,NA,NA,NA
2000,S,2000-04-04,JG,1,2,58,N,DIOR,NA,J,35,N,NA,NA,NA,NA,NA,NA
2000,S,2000-04-04,JG,1,2,59,N,DIOR,F,A,52,Y,V,NA,NA,NA,NA,NA
2000,S,2000-04-04,JG,1,2,44,N,ONLE,NA,J,20,N,NA,NA,NA,NA,NA,NA
2000,S,2000-04-04,JG,1,2,46,N,DIOR,F,A,57,Y,V,NA,NA,NA,NA,NA
2000,S,2000-04-04,JG,1,1,67,N,DIOR,M,A,54,Y,S,NA,NA,NA,NA,NA
2000,S,2000-04-04,JG,1,1,64,N,DISP,F,A,132,Y,V,NA,NA,NA,NA,NA
2000,S,2000-04-04,JG,1,1,41,N,DIOR,F,A,54,Y,L,NA,NA,NA,NA,NA
2000,S,2000-04-04,JG,1,1,33,N,DIOR,M,A,55,Y,S,NA,NA,NA,NA,NA
2000,S,2000-04-04,JG,1,1,32,N,DIOR,NA,J,25,N,NA,NA,NA,NA,NA,NA
2000,S,2000-04-04,JG,1,1,29,N,SPSP,M,A,110,Y,S,NA,NA,NA,NA,NA
2000,S,2000-04-04,JG,1,1,25,N,PGFL,M,A,11,Y,S,NA,NA,NA,NA,NA
2000,S,2000-04-04,JG,1,1,51,N,ONLE,NA,J,13,N,NA,NA,NA,NA,NA,NA
2000,S,2000-04-04,JG,1,1,56,N,DIOR,F,A,59,Y,L;V,NA,NA,NA,NA,NA
2000,S,2000-04-04,JG,1,1,57,N,DIOR,NA,A,0,NA,NA,Y,N,NA,NA,NA
2000,S,2000-04-05,JG,2,3,69,N,DIOR,M,A,47,N,NA,NA,NA,NA,NA,NA
2000,S,2000-04-05,JG,2,3,70,Y,DIOR,NA,NA,0,NA,NA,NA,NA,NA,NA,NA
2000,S,2000-04-05,JG,2,3,72,N,SPSP,NA,J,69,N,NA,NA,NA,NA,NA,NA
2000,S,2000-04-05,JG,2,3,58,N,SPSP,M,A,98,Y,S,NA,NA,NA,NA,NA
2000,S,2000-04-05,JG,2,3,57,N,SPSP,F,A,94,N,NA,NA,NA,NA,NA,NA
2000,S,2000-04-05,JG,2,3,43,Y,DISP,NA,NA,0,NA,NA,NA,NA,NA,NA,NA
2000,S,2000-04-05,JG,2,3,45,N,DIOR,M,A,65,Y,S,NA,NA,NA,NA,NA
2000,S,2000-04-05,JG,2,3,46,N,DIOR,F,A,53,Y,L,N,N,NA,NA,NA
2000,S,2000-04-05,JG,2,3,36,N,SPSP,NA,NA,0,NA,NA,Y,N,NA,NA,NA
2000,S,2000-04-05,JG,2,3,35,Y,DISP,NA,NA,0,NA,NA,NA,NA,NA,NA,NA
2000,S,2000-04-05,JG,2,2,47,Y,DIOR,NA,NA,0,NA,NA,NA,NA,NA,NA,NA
2000,S,2000-04-05,JG,2,2,45,Y,DIOR,NA,NA,0,NA,NA,NA,NA,NA,NA,NA
2000,S,2000-04-05,JG,2,2,44,Y,DIOR,NA,NA,0,NA,NA,NA,NA,NA,NA,NA
2000,S,2000-04-05,JG,2,2,43,N,DIOR,NA,J,39,N,NA,NA,NA,NA,NA,NA
2000,S,2000-04-05,JG,2,2,42,N,NEMI,M,A,200,N,NA,N,N,NA,NA,NA
2000,S,2000-04-05,JG,2,2,39,Y,DIOR,NA,NA,0,NA,NA,NA,NA,NA,NA,NA
2000,S,2000-04-05,JG,2,2,135,Y,DIOR,NA,NA,0,NA,NA,NA,NA,NA,NA,NA
2000,S,2000-04-05,JG,2,2,142,Y,DIOR,NA,NA,0,NA,NA,NA,NA,NA,NA,NA
2000,S,2000-04-05,JG,2,2,132,N,ONLE,F,A,27,N,NA,NA,NA,NA,NA,NA
2000,S,2000-04-05,JG,2,2,131,Y,DIOR,NA,NA,0,NA,NA,NA,NA,NA,NA,NA
2000,S,2000-04-05,JG,2,2,115,Y,DIOR,NA,NA,0,NA,NA,NA,NA,NA,NA,NA
2000,S,2000-04-05,JG,2,2,116,N,SPSP,M,A,92,Y,S,NA,NA,NA,NA,NA
2000,S,2000-04-05,JG,2,2,120,Y,DIOR,NA,NA,0,NA,NA,NA,NA,NA,NA,NA
2000,S,2000-04-05,JG,2,1,72,N,DIOR,F,A,44,Y,V,NA,NA,NA,NA,NA
2000,S,2000-04-05,JG,2,1,71,N,DIOR,F,A,42,Y,V,NA,NA,NA,NA,NA
2000,S,2000-04-05,JG,2,1,68,N,DIOR,M,A,60,Y,S,NA,NA,NA,NA,NA
2000,S,2000-04-05,JG,2,1,73,Y,DIOR,NA,NA,0,NA,NA,NA,NA,NA,NA,NA
2000,S,2000-04-05,JG,2,1,77,Y,DIOR,NA,NA,0,NA,NA,NA,NA,NA,NA,NA
2000,S,2000-04-05,JG,2,1,79,Y,DIOR,NA,NA,0,NA,NA,NA,NA,NA,NA,NA
2000,S,2000-04-05,JG,2,1,80,Y,DIOR,NA,NA,0,NA,NA,NA,NA,NA,NA,NA
2000,S,2000-04-05,JG,2,1,81,N,DIOR,F,A,54,Y,L,NA,NA,NA,NA,NA
2000,S,2000-04-05,JG,2,1,57,Y,DIOR,NA,NA,0,NA,NA,NA,NA,NA,NA,NA
2000,S,2000-04-05,JG,2,1,56,N,DIOR,M,A,53,Y,S,NA,NA,NA,NA,NA
2000,S,2000-04-05,JG,2,1,53,Y,DISP,NA,NA,0,NA,NA,NA,NA,NA,NA,NA
2000,S,2000-04-05,JG,2,1,42,Y,DIOR,NA,NA,0,NA,NA,NA,NA,NA,NA,NA
2000,S,2000-04-05,JG,2,1,43,N,DIOR,M,A,59,Y,S,NA,NA,NA,NA,NA
2000,S,2000-04-05,JG,2,1,47,N,DIOR,F,A,56,Y,L,NA,NA,NA,NA,NA
2000,S,2000-04-05,JG,2,1,36,N,DISP,F,A,136,Y,L,NA,NA,NA,NA,NA
2000,S,2000-04-05,JG,2,1,34,Y,DIOR,NA,NA,0,NA,NA,NA,NA,NA,NA,NA
2000,S,2000-04-05,JG,2,1,28,Y,ONLE,NA,NA,0,NA,NA,NA,NA,NA,NA,NA
2000,S,2000-04-05,JG,2,1,133,N,ONLE,F,A,26,N,NA,NA,NA,NA,NA,NA
2000,S,2000-04-06,JG,3,3,83,N,DISP,NA,J,92,N,NA,NA,NA,NA,NA,NA
2000,S,2000-04-06,JG,3,3,81,N,DIOR,F,A,52,N,NA,NA,NA,NA,NA,NA
2000,S,2000-04-06,JG,3,3,63,Y,DIOR,NA,NA,0,NA,NA,NA,NA,NA,NA,NA
2000,S,2000-04-06,JG,3,3,64,Y,DIOR,NA,NA,0,NA,NA,NA,NA,NA,NA,NA
2000,S,2000-04-06,JG,3,3,67,Y,SPSP,NA,NA,0,NA,NA,NA,NA,NA,NA,NA
2000,S,2000-04-06,JG,3,3,69,Y,DIOR,NA,NA,0,NA,NA,NA,NA,NA,NA,NA
2000,S,2000-04-06,JG,3,3,70,N,DIOR,F,A,50,N,NA,NA,NA,NA,NA,NA
2000,S,2000-04-06,JG,3,3,72,Y,DISP,NA,NA,0,NA,NA,NA,NA,NA,NA,NA
2000,S,2000-04-06,JG,3,3,58,Y,SPSP,NA,NA,0,NA,NA,NA,NA,NA,NA,NA
2000,S,2000-04-06,JG,3,3,57,Y,SPSP,NA,NA,0,NA,NA,NA,NA,NA,NA,NA
2000,S,2000-04-06,JG,3,3,54,Y,DISP,NA,NA,0,NA,NA,NA,NA,NA,NA,NA
2000,S,2000-04-06,JG,3,3,123,Y,DISP,NA,NA,0,NA,NA,NA,NA,NA,NA,NA
2000,S,2000-04-06,JG,3,3,129,Y,DISP,NA,NA,0,NA,NA,NA,NA,NA,NA,NA
2000,S,2000-04-06,JG,3,2,47,N,DIOR,M,A,61,Y,S,NA,NA,NA,NA,NA
2000,S,2000-04-06,JG,3,2,46,Y,SPSP,NA,NA,0,NA,NA,NA,NA,NA,NA,NA
2000,S,2000-04-06,JG,3,2,44,Y,DIOR,NA,NA,0,NA,NA,NA,NA,NA,NA,NA
2000,S,2000-04-06,JG,3,2,43,Y,DIOR,NA,NA,0,NA,NA,NA,NA,NA,NA,NA
2000,S,2000-04-06,JG,3,2,39,Y,DIOR,NA,NA,0,NA,NA,NA,NA,NA,NA,NA
2000,S,2000-04-06,JG,3,2,87,Y,DIOR,NA,NA,0,NA,NA,NA,NA,NA,NA,NA
2000,S,2000-04-06,JG,3,2,89,Y,ONLE,NA,NA,0,NA,NA,NA,NA,NA,NA,NA
2000,S,2000-04-06,JG,3,2,90,Y,DIOR,NA,NA,0,NA,NA,NA,NA,NA,NA,NA
2000,S,2000-04-06,JG,3,2,91,Y,DIOR,NA,NA,0,NA,NA,NA,NA,NA,NA,NA
2000,S,2000-04-06,JG,3,2,92,Y,SPSP,NA,NA,0,NA,NA,NA,NA,NA,NA,NA
2000,S,2000-04-06,JG,3,2,96,N,DIOR,F,A,61,Y,V,NA,NA,NA,NA,NA
2000,S,2000-04-06,JG,3,2,108,N,SPSP,M,A,110,Y,S,NA,NA,NA,NA,NA
2000,S,2000-04-06,JG,3,2,107,Y,DISP,NA,NA,0,NA,NA,NA,NA,NA,NA,NA
2000,S,2000-04-06,JG,3,2,104,Y,DISP,NA,NA,0,NA,NA,NA,NA,NA,NA,NA
2000,S,2000-04-06,JG,3,2,101,Y,DIOR,NA,NA,0,NA,NA,NA,NA,NA,NA,NA
2000,S,2000-04-06,JG,3,2,99,Y,ONLE,NA,NA,0,NA,NA,NA,NA,NA,NA,NA
2000,S,2000-04-06,JG,3,2,97,N,DIOR,M,A,64,Y,S,NA,NA,NA,NA,NA
2000,S,2000-04-06,JG,3,2,111,Y,DIOR,NA,NA,0,NA,NA,NA,NA,NA,NA,NA
2000,S,2000-04-06,JG,3,2,114,N,DIOR,NA,J,40,N,NA,NA,NA,NA,NA,NA
2000,S,2000-04-06,JG,3,2,120,Y,DIOR,NA,NA,0,NA,NA,NA,NA,NA,NA,NA
2000,S,2000-04-06,JG,3,1,58,Y,SPSP,NA,NA,0,NA,NA,NA,NA,NA,NA,NA
2000,S,2000-04-06,JG,3,1,56,Y,ONLE,NA,NA,0,NA,NA,NA,NA,NA,NA,NA
2000,S,2000-04-06,JG,3,1,73,Y,DIOR,NA,NA,0,NA,NA,NA,NA,NA,NA,NA
2000,S,2000-04-06,JG,3,1,77,Y,DIOR,NA,NA,0,NA,NA,NA,NA,NA,NA,NA
2000,S,2000-04-06,JG,3,1,79,Y,DIOR,NA,NA,0,NA,NA,NA,NA,NA,NA,NA
2000,S,2000-04-06,JG,3,1,80,Y,DIOR,NA,NA,0,NA,NA,NA,NA,NA,NA,NA
2000,S,2000-04-06,JG,3,1,94,Y,DIOR,NA,NA,0,NA,NA,NA,NA,NA,NA,NA
2000,S,2000-04-06,JG,3,1,93,N,DIOR,F,A,60,Y,L,NA,NA,NA,NA,NA
2000,S,2000-04-06,JG,3,1,127,Y,DIOR,NA,NA,0,NA,NA,NA,NA,NA,NA,NA
2000,S,2000-04-06,JG,3,1,128,Y,SPSP,NA,NA,0,NA,NA,NA,NA,NA,NA,NA
2000,S,2000-04-06,JG,3,1,129,N,DIOR,F,A,53,Y,L,NA,NA,NA,NA,NA
2000,S,2000-04-06,JG,3,1,130,Y,DIOR,NA,NA,0,NA,NA,NA,NA,NA,NA,NA
2000,S,2000-04-06,JG,3,1,131,N,SPSP,M,A,92,Y,S,NA,NA,NA,NA,NA
2000,S,2000-04-06,JG,3,1,142,Y,DIOR,NA,NA,0,NA,NA,NA,NA,NA,NA,NA
2000,S,2000-04-06,JG,3,1,29,Y,DIOR,NA,NA,0,NA,NA,NA,NA,NA,NA,NA
2000,S,2000-04-06,JG,3,1,32,Y,DISP,NA,NA,0,NA,NA,NA,NA,NA,NA,NA
2001,S,2001-03-27,JG,1,1,80,N,DIOR,M,A,56,Y,PS,NA,NA,NA,NA,NA
2001,S,2001-03-27,JG,1,1,83,N,DISP,F,A,142,N,NA,NA,NA,NA,30,NA
2001,S,2001-03-27,JG,1,1,96,N,DIOR,M,A,53,Y,PS,NA,NA,NA,NA,NA
2001,S,2001-03-27,JG,1,1,82,N,DIOR,M,A,53,Y,PS,NA,NA,NA,NA,NA
2001,S,2001-03-27,JG,1,1,80,N,DIOR,F,A,53,Y,V,NA,NA,NA,NA,NA
2001,S,2001-03-27,JG,1,1,90,N,DIOR,M,A,59,Y,S,NA,NA,NA,NA,NA
2001,S,2001-03-27,JG,1,1,102,N,DIOR,F,A,60,Y,P,NA,NA,NA,NA,NA
2001,S,2001-03-27,JG,1,1,105,N,DIOR,M,A,52,Y,S,NA,NA,NA,NA,NA
2001,S,2001-03-27,JG,1,1,118,N,DIOR,F,A,54,Y,V,NA,NA,NA,NA,NA
2001,S,2001-03-27,JG,1,1,115,N,DIOR,M,A,60,Y,S,NA,NA,NA,NA,NA
2001,S,2001-03-27,JG,1,1,9,N,SPSP,M,A,109,Y,S,NA,NA,NA,NA,NA
2001,S,2001-03-27,JG,1,1,10,N,DIOR,M,A,55,Y,PS,NA,NA,NA,NA,NA
2001,S,2001-03-27,JG,1,1,24,N,DIOR,F,A,62,Y,P,NA,NA,NA,NA,NA
2001,S,2001-03-27,JG,1,1,23,N,ONLE,M,A,29,Y,S,NA,NA,NA,NA,NA
2001,S,2001-03-27,JG,1,1,22,N,NEAL,F,A,218,N,NA,NA,NA,NA,NA,NA
2001,S,2001-03-27,JG,1,2,129,N,DIOR,F,A,53,Y,L,NA,NA,NA,NA,NA
2001,S,2001-03-27,JG,1,2,131,N,DIOR,M,A,53,Y,PS,NA,NA,NA,1,NA
2001,S,2001-03-27,JG,1,2,144,N,DIOR,F,A,57,Y,P,NA,NA,NA,NA,NA
2001,S,2001-03-27,JG,1,2,141,N,DIOR,F,A,66,Y,P,NA,NA,NA,NA,NA
2001,S,2001-03-27,JG,1,2,140,N,DIOR,M,A,58,Y,PS,NA,NA,NA,NA,NA
2001,S,2001-03-27,JG,1,2,139,N,DIOR,F,A,55,Y,L,NA,NA,NA,NA,NA
2001,S,2001-03-27,JG,1,2,138,N,DIOR,M,A,52,Y,S,NA,NA,NA,NA,NA
2001,S,2001-03-27,JG,1,2,101,N,DIOR,M,A,61,Y,S,NA,NA,NA,NA,NA
2001,S,2001-03-27,JG,1,2,108,N,DIOR,M,A,59,Y,S,NA,NA,NA,NA,NA
2001,S,2001-03-27,JG,1,2,93,N,DIOR,M,A,60,Y,S,NA,NA,NA,NA,NA
2001,S,2001-03-27,JG,1,2,91,N,DIOR,M,A,59,Y,PS,NA,NA,NA,NA,NA
2001,S,2001-03-27,JG,1,3,78,N,DIOR,M,A,53,Y,S,NA,NA,NA,NA,NA
2001,S,2001-03-27,JG,1,3,79,N,DIOR,F,A,54,Y,V,NA,NA,NA,NA,NA
2001,S,2001-03-27,JG,1,3,96,N,DIOR,F,A,62,Y,P,NA,NA,NA,NA,NA
2001,S,2001-03-27,JG,1,3,127,N,DIOR,M,A,55,Y,S,NA,NA,NA,NA,NA
2001,S,2001-03-27,JG,1,3,132,N,DIOR,M,A,55,Y,S,NA,NA,NA,NA,NA
2001,S,2001-03-27,JG,1,3,143,N,DIOR,M,A,59,Y,S,NA,NA,NA,NA,NA
2001,S,2001-03-27,JG,1,3,141,N,DIOR,F,A,49,N,NA,NA,NA,NA,NA,NA
2001,S,2001-03-27,JG,1,3,135,N,NEMI,F,A,226,N,NA,NA,NA,NA,NA,NA
2001,S,2001-03-28,JG,2,1,83,Y,DISP,NA,NA,0,NA,NA,NA,NA,NA,NA,NA
2001,S,2001-03-28,JG,2,1,82,Y,DIOR,NA,NA,0,NA,NA,NA,NA,NA,NA,NA
2001,S,2001-03-28,JG,2,1,79,N,SPSP,M,A,112,Y,S,NA,NA,NA,NA,NA
2001,S,2001-03-28,JG,2,1,89,N,SPSP,M,A,118,Y,S,NA,NA,NA,NA,NA
2001,S,2001-03-28,JG,2,1,91,Y,DIOR,NA,NA,0,NA,NA,NA,NA,NA,NA,NA
2001,S,2001-03-28,JG,2,1,92,Y,DIOR,NA,NA,0,NA,NA,NA,NA,NA,NA,NA
2001,S,2001-03-28,JG,2,1,94,N,SPSP,M,A,96,Y,S,NA,NA,NA,NA,NA
2001,S,2001-03-28,JG,2,1,96,Y,DIOR,NA,NA,0,NA,NA,NA,NA,NA,NA,NA
2001,S,2001-03-28,JG,2,1,105,Y,DIOR,NA,NA,0,NA,NA,NA,NA,NA,NA,NA
2001,S,2001-03-28,JG,2,1,102,Y,DIOR,NA,NA,0,NA,NA,NA,NA,NA,NA,NA
2001,S,2001-03-28,JG,2,1,101,Y,DIOR,NA,NA,0,NA,NA,NA,NA,NA,NA,NA
2001,S,2001-03-28,JG,2,2,72,N,SPSP,F,A,106,Y,V,NA,NA,NA,NA,NA
2001,S,2001-03-28,JG,2,2,62,Y,DIOR,NA,NA,0,NA,NA,NA,NA,NA,NA,NA
2001,S,2001-03-28,JG,2,2,80,N,SPSP,F,A,108,Y,V,NA,NA,NA,NA,NA
2001,S,2001-03-28,JG,2,2,83,Y,DIOR,NA,NA,0,NA,NA,NA,NA,NA,NA,NA
2001,S,2001-03-28,JG,2,2,96,Y,DIOR,NA,NA,0,NA,NA,NA,NA,NA,NA,NA
2001,S,2001-03-28,JG,2,2,94,Y,DIOR,NA,NA,0,NA,NA,NA,NA,NA,NA,NA
2001,S,2001-03-28,JG,2,2,91,Y,DIOR,NA,NA,0,NA,NA,NA,NA,NA,NA,NA
2001,S,2001-03-28,JG,2,2,6,Y,DIOR,NA,NA,0,NA,NA,NA,NA,NA,NA,NA
2001,S,2001-03-28,JG,2,2,8,Y,DIOR,NA,NA,0,NA,NA,NA,NA,NA,NA,NA
2001,S,2001-03-28,JG,2,2,12,Y,DISP,NA,NA,0,NA,NA,NA,NA,NA,NA,NA
2001,S,2001-03-28,JG,2,2,22,N,ONAR,F,A,29,N,NA,NA,NA,NA,NA,NA
2001,S,2001-03-28,JG,2,2,15,Y,DIOR,NA,NA,0,NA,NA,NA,NA,NA,NA,NA
2001,S,2001-03-28,JG,2,3,65,N,ONAR,F,A,31,N,NA,NA,NA,NA,NA,NA
2001,S,2001-03-28,JG,2,3,71,N,SPSP,M,A,109,Y,S,NA,NA,NA,NA,NA
2001,S,2001-03-28,JG,2,3,72,N,ONLE,M,A,28,N,NA,NA,NA,NA,NA,NA
2001,S,2001-03-28,JG,2,3,48,N,DIOR,M,A,56,Y,S,NA,NA,NA,NA,NA
2001,S,2001-03-28,JG,2,3,83,N,DISP,M,A,154,Y,S,NA,NA,NA,NA,NA
2001,S,2001-03-28,JG,2,3,78,Y,DIOR,NA,NA,0,NA,NA,NA,NA,NA,NA,NA
2001,S,2001-03-28,JG,2,3,74,N,NEMI,M,A,208,N,NA,NA,NA,NA,NA,NA
2001,S,2001-03-28,JG,2,3,132,N,SPSP,F,A,96,Y,V,NA,NA,NA,NA,NA
2001,S,2001-03-28,JG,2,3,131,Y,DIOR,NA,NA,0,NA,NA,NA,NA,NA,NA,NA
2001,S,2001-03-28,JG,2,3,127,N,DIOR,F,A,46,Y,V,NA,NA,NA,NA,NA
2001,S,2001-03-29,JG,3,1,68,Y,DIOR,NA,NA,0,NA,NA,NA,NA,NA,NA,NA
2001,S,2001-03-29,JG,3,1,70,N,SPSP,F,A,98,Y,V,NA,NA,NA,NA,NA
2001,S,2001-03-29,JG,3,1,71,Y,DISP,NA,NA,0,NA,NA,NA,NA,NA,NA,NA
2001,S,2001-03-29,JG,3,1,72,Y,DIOR,NA,NA,0,NA,NA,NA,NA,NA,NA,NA
2001,S,2001-03-29,JG,3,1,83,Y,DISP,NA,NA,0,NA,NA,NA,NA,NA,NA,NA
2001,S,2001-03-29,JG,3,1,79,N,SPSP,M,A,118,Y,S,NA,NA,NA,NA,NA
2001,S,2001-03-29,JG,3,1,118,Y,DIOR,NA,NA,0,NA,NA,NA,NA,NA,NA,NA
2001,S,2001-03-29,JG,3,1,120,N,SPSP,F,A,112,Y,V,NA,NA,NA,NA,NA
2001,S,2001-03-29,JG,3,1,132,Y,DIOR,NA,NA,0,NA,NA,NA,NA,NA,NA,NA
2001,S,2001-03-29,JG,3,1,131,Y,DIOR,NA,NA,0,NA,NA,NA,NA,NA,NA,NA
2001,S,2001-03-29,JG,3,1,128,Y,DIOR,NA,NA,0,NA,NA,NA,NA,NA,NA,NA
2001,S,2001-03-29,JG,3,1,125,Y,DIOR,NA,NA,0,NA,NA,NA,NA,NA,NA,NA
2001,S,2001-03-29,JG,3,1,123,Y,DIOR,NA,NA,0,NA,NA,NA,NA,NA,NA,NA
2001,S,2001-03-29,JG,3,1,142,Y,DIOR,NA,NA,0,NA,NA,NA,NA,NA,NA,NA
2001,S,2001-03-29,JG,3,1,144,Y,DIOR,NA,NA,0,NA,NA,NA,NA,NA,NA,NA
2001,S,2001-03-29,JG,3,1,12,N,DIOR,F,A,58,Y,P,NA,NA,NA,NA,NA
2001,S,2001-03-29,JG,3,1,8,Y,DIOR,NA,NA,0,NA,NA,NA,NA,NA,NA,NA
2001,S,2001-03-29,JG,3,1,6,Y,DIOR,NA,NA,0,NA,NA,NA,NA,NA,NA,NA
2001,S,2001-03-29,JG,3,1,19,Y,DIOR,NA,NA,0,NA,NA,NA,NA,NA,NA,NA
2001,S,2001-03-29,JG,3,1,21,N,NEAL,M,A,118,N,NA,NA,NA,NA,NA,NA
2001,S,2001-03-29,JG,3,1,122,Y,NEAL,NA,NA,0,NA,NA,NA,NA,NA,NA,NA
2001,S,2001-03-29,JG,3,1,123,Y,SPSP,NA,NA,0,NA,NA,NA,NA,NA,NA,NA
2001,S,2001-03-29,JG,3,1,124,Y,DIOR,NA,NA,0,NA,NA,NA,NA,NA,NA,NA
2001,S,2001-03-29,JG,3,2,84,N,SPSP,M,A,114,Y,S,NA,NA,NA,NA,NA
2001,S,2001-03-29,JG,3,2,96,Y,DIOR,NA,NA,0,NA,NA,NA,NA,NA,NA,NA
2001,S,2001-03-29,JG,3,2,95,Y,DIOR,NA,NA,0,NA,NA,NA,NA,NA,NA,NA
2001,S,2001-03-29,JG,3,2,94,Y,ONAR,NA,NA,0,NA,NA,NA,NA,NA,NA,NA
2001,S,2001-03-29,JG,3,2,104,Y,DIOR,NA,NA,0,NA,NA,NA,NA,NA,NA,NA
2001,S,2001-03-29,JG,3,2,120,Y,DIOR,NA,NA,0,NA,NA,NA,NA,NA,NA,NA
2001,S,2001-03-29,JG,3,2,116,Y,DIOR,NA,NA,0,NA,NA,NA,NA,NA,NA,NA
2001,S,2001-03-29,JG,3,2,114,Y,DIOR,NA,NA,0,NA,NA,NA,NA,NA,NA,NA
2001,S,2001-03-29,JG,3,2,113,Y,DIOR,NA,NA,0,NA,NA,NA,NA,NA,NA,NA
2001,S,2001-03-29,JG,3,2,138,Y,DIOR,NA,NA,0,NA,NA,NA,NA,NA,NA,NA
2001,S,2001-03-29,JG,3,2,6,Y,DIOR,NA,NA,0,NA,NA,NA,NA,NA,NA,NA
2001,S,2001-03-29,JG,3,2,139,Y,DIOR,NA,NA,0,NA,NA,NA,NA,NA,NA,NA
2001,S,2001-03-29,JG,3,2,141,Y,ONLE,NA,NA,0,NA,NA,NA,NA,NA,NA,NA
2001,S,2001-03-29,JG,3,2,142,Y,DIOR,NA,NA,0,NA,NA,NA,NA,NA,NA,NA
2001,S,2001-03-29,JG,3,3,78,Y,DIOR,NA,NA,0,NA,NA,NA,NA,NA,NA,NA
2001,S,2001-03-29,JG,3,3,79,Y,ONLE,NA,NA,0,NA,NA,NA,NA,NA,NA,NA
2001,S,2001-03-29,JG,3,3,80,Y,DIOR,NA,NA,0,NA,NA,NA,NA,NA,NA,NA
2001,S,2001-03-29,JG,3,3,83,Y,DISP,NA,NA,0,NA,NA,NA,NA,NA,NA,NA
2001,S,2001-03-29,JG,3,3,84,N,DIOR,F,A,58,Y,P,NA,NA,NA,NA,NA
2001,S,2001-03-29,JG,3,3,95,Y,DIOR,NA,NA,0,NA,NA,NA,NA,NA,NA,NA
2001,S,2001-03-29,JG,3,3,94,Y,DIOR,NA,NA,0,NA,NA,NA,NA,NA,NA,NA
2001,S,2001-03-29,JG,3,3,93,N,NEMI,F,A,235,N,NA,NA,NA,NA,NA,NA
2001,S,2001-03-29,JG,3,3,5,Y,DIOR,NA,NA,0,NA,NA,NA,NA,NA,NA,NA
2001,S,2001-03-29,JG,3,3,7,Y,DIOR,NA,NA,0,NA,NA,NA,NA,NA,NA,NA
2001,S,2001-03-29,JG,3,3,8,Y,SPSP,NA,NA,0,NA,NA,NA,NA,NA,NA,NA
2001,S,2001-03-29,JG,3,3,10,Y,DIOR,NA,NA,0,NA,NA,NA,NA,NA,NA,NA
2001,S,2001-03-29,JG,3,3,11,N,DIOR,M,A,49,Y,PS,NA,NA,NA,NA,NA
2001,S,2001-03-29,JG,3,3,24,N,DIOR,M,A,55,Y,PS,NA,NA,NA,NA,NA
2001,S,2001-03-29,JG,3,3,23,Y,DIOR,NA,NA,0,NA,NA,NA,NA,NA,NA,NA
2001,S,2001-03-29,JG,3,3,22,Y,ONLE,NA,NA,0,NA,NA,NA,NA,NA,NA,NA
2001,S,2001-03-29,JG,3,3,21,Y,DIOR,NA,NA,0,NA,NA,NA,NA,NA,NA,NA
2001,S,2001-03-29,JG,3,3,14,Y,ONLE,NA,NA,0,NA,NA,NA,NA,NA,NA,NA
2001,S,2001-03-27,JG,1,1,52,N,DIOR,M,A,49,Y,S,NA,NA,NA,NA,NA
2001,S,2001-03-27,JG,1,1,53,N,DIOR,M,A,55,Y,S,NA,NA,NA,NA,NA
2001,S,2001-03-27,JG,1,1,54,N,DIOR,M,A,61,Y,S,NA,NA,NA,NA,NA
2001,S,2001-03-27,JG,1,1,56,N,DIOR,M,A,66,N,NA,NA,NA,NA,NA,NA
2001,S,2001-03-27,JG,1,1,57,N,DIOR,M,A,60,NA,NA,Y,M,NA,NA,NA
2001,S,2001-03-27,JG,1,1,58,N,DIOR,F,A,71,Y,P,NA,NA,NA,NA,NA
2001,S,2001-03-27,JG,1,1,72,N,DIOR,F,A,60,Y,P,NA,NA,NA,NA,NA
2001,S,2001-03-27,JG,1,1,71,N,DIOR,NA,NA,0,NA,NA,Y,N,NA,NA,NA
2001,S,2001-03-27,JG,1,1,69,N,DIOR,M,A,63,N,NA,NA,NA,NA,NA,NA
2001,S,2001-03-27,JG,1,1,67,N,DIOR,M,A,54,Y,S,NA,NA,NA,NA,NA
2001,S,2001-03-27,JG,1,1,64,N,DIOR,F,A,56,Y,L,NA,NA,NA,NA,NA
2001,S,2001-03-27,JG,1,2,6,N,DIOR,M,A,54,Y,PS,NA,NA,NA,NA,NA
2001,S,2001-03-27,JG,1,2,8,N,DISP,M,A,146,Y,S,NA,NA,NA,NA,NA
2001,S,2001-03-27,JG,1,2,12,N,DIOR,M,A,57,Y,S,NA,NA,NA,NA,NA
2001,S,2001-03-27,JG,1,2,15,N,DIOR,M,A,54,Y,PS,NA,NA,NA,NA,NA
2001,S,2001-03-27,JG,1,2,78,N,DIOR,M,A,56,Y,S,NA,NA,NA,NA,NA
2001,S,2001-03-27,JG,1,2,80,N,DIOR,M,A,54,N,NA,NA,NA,NA,NA,NA
2001,S,2001-03-27,JG,1,3,32,N,DIOR,M,A,63,N,NA,NA,NA,NA,NA,NA
2001,S,2001-03-27,JG,1,3,35,N,DIOR,F,A,47,Y,V,NA,NA,NA,NA,NA
2001,S,2001-03-27,JG,1,3,36,N,DIOR,M,A,60,N,NA,NA,NA,NA,2,NA
2001,S,2001-03-27,JG,1,3,48,N,DIOR,F,A,64,Y,P,NA,NA,NA,NA,NA
2001,S,2001-03-27,JG,1,3,45,N,DIOR,F,A,52,Y,L,NA,NA,NA,NA,NA
2001,S,2001-03-27,JG,1,3,44,N,DIOR,M,A,56,Y,PS,NA,NA,NA,NA,NA
2001,S,2001-03-28,JG,2,1,128,Y,DIOR,NA,NA,0,NA,NA,NA,NA,NA,NA,NA
2001,S,2001-03-28,JG,2,1,130,Y,DIOR,NA,NA,0,NA,NA,NA,NA,NA,NA,NA
2001,S,2001-03-28,JG,2,1,131,Y,DIOR,NA,NA,0,NA,NA,NA,NA,NA,NA,NA
2001,S,2001-03-28,JG,2,1,118,Y,DIOR,NA,NA,0,NA,NA,NA,NA,NA,8,NA
2001,S,2001-03-28,JG,2,1,112,NA,DIOR,NA,NA,0,NA,NA,Y,U,NA,NA,NA
2001,S,2001-03-28,JG,2,1,16,Y,DIOR,NA,NA,0,NA,NA,NA,NA,NA,NA,NA
2001,S,2001-03-28,JG,2,1,23,Y,DIOR,NA,NA,0,NA,NA,NA,NA,NA,NA,NA
2001,S,2001-03-28,JG,2,1,36,Y,DISP,NA,NA,0,NA,NA,NA,NA,NA,NA,NA
2001,S,2001-03-28,JG,2,1,32,Y,DISP,NA,NA,0,NA,NA,NA,NA,NA,NA,NA
2001,S,2001-03-28,JG,2,1,30,Y,DIOR,NA,NA,0,NA,NA,NA,NA,NA,NA,NA
2001,S,2001-03-28,JG,2,1,29,Y,DIOR,NA,NA,0,NA,NA,NA,NA,NA,NA,NA
2001,S,2001-03-28,JG,2,1,87,N,SPSP,M,A,112,N,NA,NA,NA,NA,NA,NA
2001,S,2001-03-28,JG,2,2,104,N,DIOR,M,A,0,Y,PS,Y,M,NA,NA,NA
2001,S,2001-03-28,JG,2,2,108,N,NEAL,M,A,242,Y,S,NA,NA,NA,NA,NA
2001,S,2001-03-28,JG,2,2,120,N,ONLE,M,A,35,N,NA,NA,NA,NA,NA,NA
2001,S,2001-03-28,JG,2,2,119,N,ONLE,F,A,38,Y,P,NA,NA,NA,NA,NA
2001,S,2001-03-28,JG,2,2,117,N,DIOR,M,A,57,Y,S,NA,NA,NA,NA,NA
2001,S,2001-03-28,JG,2,2,116,Y,DIOR,NA,NA,0,NA,NA,NA,NA,NA,NA,NA
2001,S,2001-03-28,JG,2,2,111,N,SPSP,M,A,113,N,NA,NA,NA,NA,NA,NA
2001,S,2001-03-28,JG,2,3,27,N,ONLE,M,A,39,N,NA,NA,NA,NA,NA,NA
2001,S,2001-03-28,JG,2,3,24,Y,DIOR,NA,NA,0,NA,NA,NA,NA,NA,NA,NA
2001,S,2001-03-28,JG,2,3,23,N,DIOR,M,A,61,N,NA,NA,NA,NA,NA,NA
2001,S,2001-03-28,JG,2,3,22,Y,DIOR,NA,NA,0,NA,NA,NA,NA,NA,NA,NA
2001,S,2001-03-28,JG,2,3,20,Y,SPSP,NA,NA,0,NA,NA,NA,NA,NA,NA,NA
2001,S,2001-03-28,JG,2,3,101,N,ONLE,M,A,28,N,NA,NA,NA,NA,NA,NA
2001,S,2001-03-28,JG,2,3,102,N,DIOR,M,A,61,N,NA,NA,NA,NA,NA,NA
2001,S,2001-03-28,JG,2,3,96,Y,DIOR,NA,NA,0,NA,NA,NA,NA,NA,NA,NA
2001,S,2001-03-28,JG,2,3,95,N,ONLE,M,A,40,Y,PS,NA,NA,NA,NA,NA
2001,S,2001-03-28,JG,2,3,94,N,DIOR,M,A,62,Y,S,NA,NA,NA,NA,NA
2001,S,2001-03-29,JG,3,1,89,N,SPSP,M,A,0,N,NA,Y,M,NA,NA,NA
2001,S,2001-03-29,JG,3,1,90,Y,DIOR,NA,NA,0,NA,NA,NA,NA,NA,NA,NA
2001,S,2001-03-29,JG,3,1,93,Y,DIOR,NA,NA,0,NA,NA,NA,NA,NA,NA,NA
2001,S,2001-03-29,JG,3,1,94,Y,DIOR,NA,NA,0,NA,NA,NA,NA,NA,NA,NA
2001,S,2001-03-29,JG,3,1,96,N,SPSP,F,A,93,Y,V,NA,NA,NA,NA,NA
2001,S,2001-03-29,JG,3,1,108,N,SPSP,M,A,114,Y,S,NA,NA,NA,NA,NA
2001,S,2001-03-29,JG,3,1,107,N,SPSP,M,A,0,N,NA,Y,M,NA,NA,NA
2001,S,2001-03-29,JG,3,1,105,Y,DIOR,NA,NA,0,NA,NA,NA,NA,NA,NA,NA
2001,S,2001-03-29,JG,3,1,102,Y,DIOR,NA,NA,0,NA,NA,NA,NA,NA,NA,NA
2001,S,2001-03-29,JG,3,1,101,N,ONLE,M,A,36,N,NA,NA,NA,NA,NA,NA
2001,S,2001-03-29,JG,3,1,99,N,DIOR,F,A,57,Y,L,NA,NA,NA,NA,NA
2001,S,2001-03-29,JG,3,2,58,Y,DIOR,NA,NA,0,NA,NA,NA,NA,NA,NA,NA
2001,S,2001-03-29,JG,3,2,60,Y,DIOR,NA,NA,0,NA,NA,NA,NA,NA,NA,NA
2001,S,2001-03-29,JG,3,2,72,Y,DIOR,NA,NA,0,NA,NA,NA,NA,NA,NA,NA
2001,S,2001-03-29,JG,3,2,71,Y,DIOR,NA,NA,0,NA,NA,NA,NA,NA,NA,NA
2001,S,2001-03-29,JG,3,2,64,Y,ONLE,NA,NA,0,NA,NA,NA,NA,NA,NA,NA
2001,S,2001-03-29,JG,3,2,129,Y,DIOR,NA,NA,0,NA,NA,NA,NA,NA,NA,NA
2001,S,2001-03-29,JG,3,2,131,N,DIOR,M,A,63,Y,S,NA,NA,NA,NA,NA
2001,S,2001-03-29,JG,3,2,144,Y,DIOR,NA,NA,0,NA,NA,NA,NA,NA,NA,NA
2001,S,2001-03-29,JG,3,3,108,N,DIOR,F,A,68,Y,P,NA,NA,NA,NA,NA
2001,S,2001-03-29,JG,3,3,120,Y,DIOR,NA,NA,0,NA,NA,NA,NA,NA,NA,NA
2001,S,2001-03-29,JG,3,3,113,N,SPSP,M,A,118,Y,S,NA,NA,NA,NA,NA
2001,S,2001-03-29,JG,3,3,129,Y,DIOR,NA,NA,0,NA,NA,NA,NA,NA,NA,NA
2001,S,2001-03-29,JG,3,3,131,Y,DIOR,NA,NA,0,NA,NA,NA,NA,NA,NA,NA
2001,S,2001-03-29,JG,3,3,132,N,DIOR,M,A,60,Y,S,NA,NA,NA,NA,NA
2001,S,2001-03-27,JG,1,1,39,N,DIOR,M,A,65,Y,S,NA,NA,NA,NA,NA
2001,S,2001-03-27,JG,1,1,36,N,DISP,M,A,65,Y,S,NA,NA,NA,NA,NA
2001,S,2001-03-27,JG,1,1,34,N,DISP,F,A,125,Y,L,NA,NA,NA,NA,NA
2001,S,2001-03-27,JG,1,1,29,N,DIOR,F,A,61,N,NA,NA,NA,NA,NA,NA
2001,S,2001-03-27,JG,1,1,28,N,DIOR,M,A,63,Y,S,NA,NA,NA,NA,NA
2001,S,2001-03-27,JG,1,1,26,N,DIOR,NA,NA,0,NA,NA,Y,U,NA,NA,NA
2001,S,2001-03-27,JG,1,1,123,N,DIOR,M,A,70,Y,S,NA,NA,NA,NA,NA
2001,S,2001-03-27,JG,1,1,127,N,DIOR,F,A,53,Y,L,NA,NA,NA,NA,NA
2001,S,2001-03-27,JG,1,1,128,N,DIOR,M,A,56,Y,S,NA,NA,NA,NA,NA
2001,S,2001-03-27,JG,1,1,131,N,DIOR,F,A,59,Y,L,NA,NA,NA,NA,NA
2001,S,2001-03-27,JG,1,1,144,N,DIOR,M,A,58,Y,S,NA,NA,NA,NA,NA
2001,S,2001-03-27,JG,1,1,143,N,DIOR,F,A,50,Y,L,NA,NA,NA,NA,NA
2001,S,2001-03-27,JG,1,1,140,N,DIOR,M,A,57,Y,S,NA,NA,NA,NA,NA
2001,S,2001-03-27,JG,1,2,30,N,ONLE,F,A,37,N,NA,NA,NA,NA,NA,NA
2001,S,2001-03-27,JG,1,2,33,N,ONLE,M,A,39,Y,S,NA,NA,NA,NA,NA
2001,S,2001-03-27,JG,1,2,35,N,DIOR,M,A,62,Y,S,NA,NA,NA,NA,NA
2001,S,2001-03-27,JG,1,2,36,N,DIOR,M,A,58,Y,S,NA,NA,NA,NA,NA
2001,S,2001-03-27,JG,1,2,47,N,DIOR,M,A,57,Y,S,NA,NA,NA,NA,NA
2001,S,2001-03-27,JG,1,2,46,N,DIOR,M,A,0,Y,S,Y,M,NA,NA,NA
2001,S,2001-03-27,JG,1,2,45,N,DIOR,F,A,58,N,NA,NA,NA,NA,NA,NA
2001,S,2001-03-27,JG,1,2,43,N,DIOR,M,A,53,Y,S,NA,NA,NA,NA,NA
2001,S,2001-03-27,JG,1,2,40,N,DIOR,M,A,60,Y,S,NA,NA,NA,NA,NA
2001,S,2001-03-27,JG,1,2,58,N,DIOR,M,A,56,Y,S,NA,NA,NA,NA,NA
2001,S,2001-03-27,JG,1,2,72,N,DIOR,M,A,58,Y,S,NA,NA,NA,NA,NA
2001,S,2001-03-27,JG,1,2,71,N,DIOR,F,A,57,N,NA,NA,NA,NA,NA,NA
2001,S,2001-03-27,JG,1,2,50,N,PGFL,M,A,6,N,NA,NA,NA,NA,NA,NA
2001,S,2001-03-27,JG,1,3,71,N,DIOR,M,A,60,Y,S,NA,NA,NA,NA,NA
2001,S,2001-03-27,JG,1,3,70,N,ONLE,NA,NA,0,NA,NA,Y,U,NA,NA,NA
2001,S,2001-03-27,JG,1,3,115,N,DIOR,M,A,55,Y,S,NA,NA,NA,NA,NA
2001,S,2001-03-27,JG,1,3,24,N,SPSP,M,A,124,Y,S,NA,NA,NA,NA,NA
2001,S,2001-03-27,JG,1,3,11,N,DIOR,M,A,53,Y,S,NA,NA,NA,NA,NA
2001,S,2001-03-27,JG,1,3,10,N,DIOR,F,A,66,Y,P,NA,NA,NA,NA,NA
2001,S,2001-03-28,JG,2,1,60,Y,DIOR,NA,NA,0,NA,NA,NA,NA,NA,NA,NA
2001,S,2001-03-28,JG,2,1,59,Y,DIOR,NA,NA,0,NA,NA,NA,NA,NA,NA,NA
2001,S,2001-03-28,JG,2,1,58,Y,DIOR,NA,NA,0,NA,NA,NA,NA,NA,NA,NA
2001,S,2001-03-28,JG,2,1,57,N,DISP,M,A,140,Y,S,NA,NA,NA,NA,NA
2001,S,2001-03-28,JG,2,1,56,Y,DIOR,NA,NA,0,NA,NA,NA,NA,NA,NA,NA
2001,S,2001-03-28,JG,2,1,53,Y,DIOR,NA,NA,0,NA,NA,NA,NA,NA,NA,NA
2001,S,2001-03-28,JG,2,1,5,N,SPSP,NA,NA,0,NA,NA,Y,U,NA,NA,NA
2001,S,2001-03-28,JG,2,1,8,Y,DIOR,NA,NA,0,NA,NA,NA,NA,NA,NA,NA
2001,S,2001-03-28,JG,2,1,10,Y,NEAL,NA,NA,0,NA,NA,NA,NA,NA,NA,NA
2001,S,2001-03-28,JG,2,1,11,Y,DIOR,NA,NA,0,NA,NA,NA,NA,NA,NA,NA
2001,S,2001-03-28,JG,2,1,144,N,DIOR,F,A,55,Y,L,NA,NA,NA,NA,NA
2001,S,2001-03-28,JG,2,1,143,Y,DIOR,NA,NA,0,NA,NA,NA,NA,NA,NA,NA
2001,S,2001-03-28,JG,2,1,140,N,DIOR,F,A,49,Y,L,NA,NA,NA,NA,NA
2001,S,2001-03-28,JG,2,1,145,Y,DIOR,NA,NA,0,NA,NA,NA,NA,NA,NA,NA
2001,S,2001-03-28,JG,2,1,16,Y,DIOR,NA,NA,0,NA,NA,NA,NA,NA,NA,NA
2001,S,2001-03-28,JG,2,2,29,Y,DIOR,NA,NA,0,NA,NA,NA,NA,NA,NA,NA
2001,S,2001-03-28,JG,2,2,30,Y,ONLE,NA,NA,0,NA,NA,NA,NA,NA,NA,NA
2001,S,2001-03-28,JG,2,2,35,N,SPSP,M,A,124,Y,S,NA,NA,NA,NA,NA
2001,S,2001-03-28,JG,2,2,45,Y,DIOR,NA,NA,0,NA,NA,NA,NA,NA,NA,NA
2001,S,2001-03-28,JG,2,2,46,Y,DIOR,NA,NA,0,NA,NA,NA,NA,NA,NA,NA
2001,S,2001-03-28,JG,2,2,43,Y,DIOR,NA,NA,0,NA,NA,NA,NA,NA,NA,NA
2001,S,2001-03-28,JG,2,2,40,Y,DIOR,NA,NA,0,NA,NA,NA,NA,NA,NA,NA
2001,S,2001-03-28,JG,2,2,58,N,DIOR,M,A,69,Y,S,NA,NA,NA,NA,NA
2001,S,2001-03-28,JG,2,2,60,Y,DIOR,NA,NA,0,NA,NA,NA,NA,NA,NA,NA
2001,S,2001-03-28,JG,2,2,129,Y,DIOR,NA,NA,0,NA,NA,NA,NA,NA,NA,NA
2001,S,2001-03-28,JG,2,2,144,Y,DIOR,NA,NA,0,NA,NA,NA,NA,NA,NA,NA
2001,S,2001-03-28,JG,2,2,141,Y,DIOR,NA,NA,0,NA,NA,NA,NA,NA,NA,NA
2001,S,2001-03-28,JG,2,2,139,Y,DIOR,NA,NA,0,NA,NA,NA,NA,NA,NA,NA
2001,S,2001-03-28,JG,2,2,138,Y,DIOR,NA,NA,0,NA,NA,NA,NA,NA,NA,NA
2001,S,2001-03-28,JG,2,3,44,N,DIOR,M,A,51,Y,S,NA,NA,NA,NA,NA
2001,S,2001-03-28,JG,2,3,46,Y,DIOR,NA,NA,0,NA,NA,NA,NA,NA,NA,NA
2001,S,2001-03-28,JG,2,3,56,Y,DIOR,NA,NA,0,NA,NA,NA,NA,NA,NA,NA
2001,S,2001-03-28,JG,2,3,10,N,DIOR,F,A,64,Y,L,NA,NA,NA,NA,NA
2001,S,2001-03-28,JG,2,3,11,Y,DIOR,NA,NA,0,NA,NA,NA,NA,NA,NA,NA
2001,S,2001-03-28,JG,2,3,143,Y,DIOR,NA,NA,0,NA,NA,NA,NA,NA,NA,NA
2001,S,2001-03-28,JG,2,3,141,Y,DIOR,NA,NA,0,NA,NA,NA,NA,NA,NA,NA
2001,S,2001-03-28,JG,2,3,140,Y,DIOR,NA,NA,0,NA,NA,NA,NA,NA,NA,NA
2001,S,2001-03-28,JG,2,3,135,Y,NEMI,NA,NA,0,NA,NA,NA,NA,NA,NA,NA
2001,S,2001-03-28,JG,2,3,120,N,DIOR,F,A,54,N,NA,NA,NA,NA,NA,NA
2001,S,2001-03-28,JG,2,3,130,Y,DIOR,NA,NA,0,NA,NA,NA,NA,NA,NA,NA
2001,S,2001-03-28,JG,2,3,126,Y,DIOR,NA,NA,0,NA,NA,NA,NA,NA,NA,NA
2001,S,2001-03-29,JG,3,1,60,Y,DIOR,NA,NA,0,NA,NA,NA,NA,NA,NA,NA
2001,S,2001-03-29,JG,3,1,59,Y,DIOR,NA,NA,0,NA,NA,NA,NA,NA,NA,NA
2001,S,2001-03-29,JG,3,1,57,Y,DIOR,NA,NA,0,NA,NA,NA,NA,NA,NA,NA
2001,S,2001-03-29,JG,3,1,56,Y,DIOR,NA,NA,0,NA,NA,NA,NA,NA,NA,NA
2001,S,2001-03-29,JG,3,1,52,N,DIOR,F,A,62,Y,L;P;V,NA,NA,NA,NA,NA
2001,S,2001-03-29,JG,3,1,26,Y,DIOR,NA,NA,0,NA,NA,NA,NA,NA,NA,NA
2001,S,2001-03-29,JG,3,1,28,Y,DIOR,NA,NA,0,NA,NA,NA,NA,NA,NA,NA
2001,S,2001-03-29,JG,3,1,29,Y,DIOR,NA,NA,0,NA,NA,NA,NA,NA,NA,NA
2001,S,2001-03-29,JG,3,1,37,Y,DISP,NA,NA,0,NA,NA,NA,NA,NA,NA,NA
2001,S,2001-03-29,JG,3,1,33,Y,DIOR,NA,NA,0,NA,NA,NA,NA,NA,NA,NA
2001,S,2001-03-29,JG,3,1,34,Y,DISP,NA,NA,0,NA,NA,NA,NA,NA,NA,NA
2001,S,2001-03-29,JG,3,1,36,Y,SPSP,NA,NA,0,NA,NA,NA,NA,NA,NA,NA
2001,S,2001-03-29,JG,3,2,44,Y,DIOR,NA,NA,0,NA,NA,NA,NA,NA,NA,NA
2001,S,2001-03-29,JG,3,2,47,N,DISP,M,A,120,Y,S,NA,NA,NA,NA,NA
2001,S,2001-03-29,JG,3,2,36,Y,DIOR,NA,NA,0,NA,NA,NA,NA,NA,NA,NA
2001,S,2001-03-29,JG,3,2,32,Y,DIOR,NA,NA,0,NA,NA,NA,NA,NA,NA,NA
2001,S,2001-03-29,JG,3,2,16,Y,DIOR,NA,NA,0,NA,NA,NA,NA,NA,NA,NA
2001,S,2001-03-29,JG,3,2,21,N,DIOR,NA,J,28,N,NA,NA,NA,NA,NA,NA
2001,S,2001-03-29,JG,3,2,22,Y,DIOR,NA,NA,0,NA,NA,NA,NA,NA,NA,NA
2001,S,2001-03-29,JG,3,2,12,N,DIOR,F,A,66,Y,P,NA,NA,NA,NA,NA
2001,S,2001-03-29,JG,3,2,11,Y,DISP,NA,NA,0,NA,NA,NA,NA,NA,NA,NA
2001,S,2001-03-29,JG,3,2,10,Y,DIOR,NA,NA,0,NA,NA,NA,NA,NA,NA,NA
2001,S,2001-03-29,JG,3,3,36,Y,DIOR,NA,NA,0,NA,NA,NA,NA,NA,NA,NA
2001,S,2001-03-29,JG,3,3,48,Y,DIOR,NA,NA,0,NA,NA,NA,NA,NA,NA,NA
2001,S,2001-03-29,JG,3,3,44,Y,DIOR,NA,NA,0,NA,NA,NA,NA,NA,NA,NA
2001,S,2001-03-29,JG,3,3,43,Y,DIOR,NA,NA,0,NA,NA,NA,NA,NA,NA,NA
2001,S,2001-03-29,JG,3,3,70,Y,DIOR,NA,NA,0,NA,NA,NA,NA,NA,NA,NA
2001,S,2001-03-29,JG,3,3,68,Y,NEMI,NA,NA,0,NA,NA,NA,NA,NA,NA,NA
2001,S,2001-03-29,JG,3,3,135,Y,NEMI,NA,NA,0,NA,NA,NA,NA,NA,NA,NA
2001,S,2001-03-29,JG,3,3,138,Y,ONLE,NA,NA,0,NA,NA,NA,NA,NA,NA,NA
2001,S,2001-03-29,JG,3,3,139,Y,DIOR,NA,NA,0,NA,NA,NA,NA,NA,NA,NA
2001,S,2001-03-29,JG,3,3,140,Y,SPSP,NA,NA,0,NA,NA,NA,NA,NA,NA,NA
2001,S,2001-03-29,JG,3,3,141,Y,DIOR,NA,NA,0,NA,NA,NA,NA,NA,NA,NA
2001,S,2001-03-29,JG,3,3,142,Y,DIOR,NA,NA,0,NA,NA,NA,NA,NA,NA,NA
2001,S,2001-03-29,JG,3,3,143,N,SPSP,M,A,115,Y,S,NA,NA,NA,NA,NA
2002,S,2002-04-16,JG,1,3,14,N,DIOR,M,A,52,Y,S,NA,NA,NA,NA,NA
2002,S,2002-04-16,JG,1,3,24,N,DIOR,F,A,48,N,NA,NA,NA,NA,NA,NA
2002,S,2002-04-16,JG,1,3,36,N,DIOR,F,A,50,N,NA,NA,NA,NA,4,NA
2002,S,2002-04-16,JG,1,3,35,N,DIOR,M,A,56,Y,S,NA,NA,NA,NA,NA
2002,S,2002-04-16,JG,1,3,127,N,DIOR,M,A,57,Y,S,NA,NA,NA,NA,NA
2002,S,2002-04-16,JG,1,3,129,N,DIOR,F,A,49,Y,V,NA,NA,NA,NA,NA
2002,S,2002-04-16,JG,1,3,132,N,DIOR,M,A,41,N,NA,NA,NA,NA,NA,NA
2002,S,2002-04-16,JG,1,3,120,N,DIOR,M,A,0,Y,S,Y,M,NA,NA,NA
2002,S,2002-04-16,JG,1,3,117,N,DIOR,M,A,40,N,NA,NA,NA,NA,NA,NA
2002,S,2002-04-16,JG,1,2,65,N,DIOR,F,A,54,Y,L,NA,NA,NA,NA,NA
2002,S,2002-04-16,JG,1,2,72,N,DIOR,M,A,67,Y,S,NA,NA,NA,NA,NA
2002,S,2002-04-16,JG,1,2,82,N,DIOR,M,A,57,Y,S,NA,NA,NA,NA,NA
2002,S,2002-04-16,JG,1,2,81,N,DIOR,M,A,42,N,NA,NA,NA,NA,NA,NA
2002,S,2002-04-16,JG,1,2,115,N,DIOR,M,A,50,N,NA,NA,NA,NA,NA,NA
2002,S,2002-04-16,JG,1,2,116,N,DIOR,M,A,56,Y,S,NA,NA,NA,NA,NA
2002,S,2002-04-16,JG,1,2,120,N,SPSP,M,A,95,N,NA,NA,NA,NA,NA,NA
2002,S,2002-04-16,JG,1,2,131,N,DIOR,F,A,54,Y,V,NA,NA,NA,NA,NA
2002,S,2002-04-16,JG,1,2,126,N,DIOR,M,A,52,Y,S,NA,NA,NA,NA,NA
2002,S,2002-04-16,JG,1,2,124,N,SPSP,M,A,82,Y,S,NA,NA,NA,NA,NA
2002,S,2002-04-16,JG,1,2,123,N,DIOR,F,A,55,N,NA,NA,NA,NA,NA,NA
2002,S,2002-04-16,JG,1,1,5,N,DIOR,M,A,44,N,NA,NA,NA,NA,24,NA
2002,S,2002-04-16,JG,1,1,7,N,DIOR,M,A,49,Y,S,NA,NA,NA,NA,NA
2002,S,2002-04-16,JG,1,1,12,N,DIOR,M,A,37,N,NA,NA,NA,NA,NA,NA
2002,S,2002-04-16,JG,1,1,22,N,DIOR,M,A,53,N,NA,NA,NA,NA,NA,NA
2002,S,2002-04-16,JG,1,1,88,N,DIOR,NA,J,31,N,NA,NA,NA,NA,NA,NA
2002,S,2002-04-16,JG,1,1,92,N,DIOR,M,A,47,N,NA,NA,NA,NA,NA,NA
2002,S,2002-04-16,JG,1,1,94,N,DIOR,M,A,57,Y,S,NA,NA,NA,NA,NA
2002,S,2002-04-16,JG,1,1,96,N,DIOR,M,A,56,Y,S,NA,NA,NA,NA,NA
2002,S,2002-04-16,JG,1,1,106,N,DIOR,M,A,58,Y,S,NA,NA,NA,NA,NA
2002,S,2002-04-17,JG,2,3,103,Y,DIOR,NA,NA,0,NA,NA,NA,NA,NA,NA,NA
2002,S,2002-04-17,JG,2,3,105,Y,DIOR,NA,NA,0,NA,NA,NA,NA,NA,NA,NA
2002,S,2002-04-17,JG,2,3,120,Y,DIOR,NA,NA,0,NA,NA,NA,NA,NA,NA,NA
2002,S,2002-04-17,JG,2,3,118,Y,DIOR,NA,NA,0,NA,NA,NA,NA,NA,NA,NA
2002,S,2002-04-17,JG,2,3,115,N,DIOR,M,A,55,Y,S,NA,NA,NA,NA,NA
2002,S,2002-04-17,JG,2,3,113,Y,DIOR,NA,NA,0,NA,NA,NA,NA,NA,NA,NA
2002,S,2002-04-17,JG,2,3,14,Y,DIOR,NA,NA,0,NA,NA,NA,NA,NA,NA,NA
2002,S,2002-04-17,JG,2,3,24,Y,DIOR,NA,NA,0,NA,NA,NA,NA,NA,2,NA
2002,S,2002-04-17,JG,2,3,36,N,SPSP,M,A,70,N,NA,NA,NA,NA,NA,NA
2002,S,2002-04-17,JG,2,3,9,Y,DIOR,NA,NA,0,NA,NA,NA,NA,NA,NA,NA
2002,S,2002-04-17,JG,2,3,12,N,DIOR,M,A,42,Y,S,NA,NA,NA,NA,NA
2002,S,2002-04-17,JG,2,2,46,N,DIOR,M,A,52,N,NA,NA,NA,NA,NA,NA
2002,S,2002-04-17,JG,2,2,42,N,DIOR,M,A,61,Y,S,NA,NA,NA,2,NA
2002,S,2002-04-17,JG,2,2,115,Y,DIOR,NA,NA,0,NA,NA,NA,NA,NA,NA,NA
2002,S,2002-04-17,JG,2,2,116,Y,DIOR,NA,NA,0,NA,NA,NA,NA,NA,NA,NA
2002,S,2002-04-17,JG,2,2,120,N,SPSP,M,A,88,Y,S,NA,NA,NA,NA,NA
2002,S,2002-04-17,JG,2,2,132,N,DIOR,M,A,42,N,NA,NA,NA,NA,NA,NA
2002,S,2002-04-17,JG,2,2,131,N,DIOR,M,A,52,Y,S,NA,NA,NA,NA,NA
2002,S,2002-04-17,JG,2,2,129,Y,DIOR,NA,NA,0,NA,NA,NA,NA,NA,NA,NA
2002,S,2002-04-17,JG,2,2,125,Y,DIOR,NA,NA,0,NA,NA,NA,NA,NA,NA,NA
2002,S,2002-04-17,JG,2,2,124,Y,DIOR,NA,NA,0,NA,NA,NA,NA,NA,NA,NA
2002,S,2002-04-17,JG,2,2,53,N,ONLE,M,A,37,N,NA,NA,NA,NA,NA,NA
2002,S,2002-04-17,JG,2,2,63,Y,DIOR,NA,NA,0,NA,NA,NA,NA,NA,NA,NA
2002,S,2002-04-17,JG,2,2,65,Y,DIOR,NA,NA,0,NA,NA,NA,NA,NA,NA,NA
2002,S,2002-04-17,JG,2,2,66,Y,DIOR,NA,NA,0,NA,NA,NA,NA,NA,NA,NA
2002,S,2002-04-17,JG,2,2,70,N,DIOR,M,A,53,N,NA,NA,NA,NA,NA,NA
2002,S,2002-04-17,JG,2,1,89,Y,DIOR,NA,NA,0,NA,NA,NA,NA,NA,7,NA
2002,S,2002-04-17,JG,2,1,92,Y,DIOR,NA,NA,0,NA,NA,NA,NA,NA,NA,NA
2002,S,2002-04-17,JG,2,1,94,N,DIOR,M,A,44,N,NA,NA,NA,NA,NA,NA
2002,S,2002-04-17,JG,2,1,96,Y,DIOR,NA,NA,0,NA,NA,NA,NA,NA,NA,NA
2002,S,2002-04-17,JG,2,1,106,Y,DIOR,NA,NA,0,NA,NA,NA,NA,NA,NA,NA
2002,S,2002-04-17,JG,2,1,103,Y,DIOR,NA,NA,0,NA,NA,NA,NA,NA,NA,NA
2002,S,2002-04-17,JG,2,1,102,N,DIOR,M,A,56,Y,S,NA,NA,NA,NA,NA
2002,S,2002-04-17,JG,2,1,101,Y,DIOR,NA,NA,0,NA,NA,NA,NA,NA,NA,NA
2002,S,2002-04-17,JG,2,1,42,Y,DIOR,NA,NA,0,NA,NA,NA,NA,NA,NA,NA
2002,S,2002-04-17,JG,2,1,45,Y,DIOR,NA,NA,0,NA,NA,NA,NA,NA,NA,NA
2002,S,2002-04-17,JG,2,1,47,N,DIOR,M,A,49,Y,S,NA,NA,NA,NA,NA
2002,S,2002-04-17,JG,2,1,35,Y,DISP,NA,NA,0,NA,NA,NA,NA,NA,NA,NA
2002,S,2002-04-17,JG,2,1,34,N,PGFL,M,A,7,Y,S,NA,NA,NA,NA,NA
2002,S,2002-04-18,JG,3,3,129,Y,DIOR,NA,NA,0,NA,NA,NA,NA,NA,NA,NA
2002,S,2002-04-18,JG,3,3,131,Y,DIOR,NA,NA,0,NA,NA,NA,NA,NA,NA,NA
2002,S,2002-04-18,JG,3,3,118,Y,DIOR,NA,NA,0,NA,NA,NA,NA,NA,1,NA
2002,S,2002-04-18,JG,3,3,115,N,DIOR,F,A,50,N,NA,NA,NA,NA,NA,NA
2002,S,2002-04-18,JG,3,3,113,Y,DIOR,NA,NA,0,NA,NA,NA,NA,NA,NA,NA
2002,S,2002-04-18,JG,3,3,111,Y,DIOR,NA,NA,0,NA,NA,NA,NA,NA,NA,NA
2002,S,2002-04-18,JG,3,3,21,Y,SPSP,NA,NA,0,NA,NA,NA,NA,NA,NA,NA
2002,S,2002-04-18,JG,3,3,22,Y,DIOR,NA,NA,0,NA,NA,NA,NA,NA,NA,NA
2002,S,2002-04-18,JG,3,2,116,Y,DIOR,NA,NA,0,NA,NA,NA,NA,NA,NA,NA
2002,S,2002-04-18,JG,3,2,120,N,DIOR,F,A,50,N,NA,NA,NA,NA,NA,NA
2002,S,2002-04-18,JG,3,2,132,Y,DIOR,NA,NA,0,NA,NA,NA,NA,NA,NA,NA
2002,S,2002-04-18,JG,3,2,131,Y,DIOR,NA,NA,0,NA,NA,NA,NA,NA,NA,NA
2002,S,2002-04-18,JG,3,2,126,Y,DIOR,NA,NA,0,NA,NA,NA,NA,NA,NA,NA
2002,S,2002-04-18,JG,3,2,100,Y,DIOR,NA,NA,0,NA,NA,NA,NA,NA,NA,NA
2002,S,2002-04-18,JG,3,2,102,Y,DIOR,NA,NA,0,NA,NA,NA,NA,NA,NA,NA
2002,S,2002-04-18,JG,3,2,105,Y,DIOR,NA,NA,0,NA,NA,NA,NA,NA,2,NA
2002,S,2002-04-18,JG,3,2,106,N,SPSP,F,A,116,N,NA,NA,NA,NA,NA,NA
2002,S,2002-04-18,JG,3,2,108,Y,SPSP,NA,NA,0,NA,NA,NA,NA,NA,NA,NA
2002,S,2002-04-18,JG,3,1,60,Y,DIOR,NA,NA,0,NA,NA,NA,NA,NA,NA,NA
2002,S,2002-04-18,JG,3,1,59,N,DIOR,M,A,54,Y,S,NA,NA,NA,NA,NA
2002,S,2002-04-18,JG,3,1,58,Y,DIOR,NA,NA,0,NA,NA,NA,NA,NA,NA,NA
2002,S,2002-04-18,JG,3,1,56,Y,DIOR,NA,NA,0,NA,NA,NA,NA,NA,NA,NA
2002,S,2002-04-18,JG,3,1,52,Y,DIOR,NA,NA,0,NA,NA,NA,NA,NA,NA,NA
2002,S,2002-04-18,JG,3,1,51,Y,DIOR,NA,NA,0,NA,NA,NA,NA,NA,NA,NA
2002,S,2002-04-18,JG,3,1,138,Y,DIOR,NA,NA,0,NA,NA,NA,NA,NA,4,NA
2002,S,2002-04-18,JG,3,1,140,N,DIOR,F,A,45,N,NA,NA,NA,NA,NA,NA
2002,S,2002-04-18,JG,3,1,143,Y,DIOR,NA,NA,0,NA,NA,NA,NA,NA,NA,NA
2002,S,2002-04-18,JG,3,1,144,Y,DIOR,NA,NA,0,NA,NA,NA,NA,NA,NA,NA
2002,S,2002-04-18,JG,3,1,132,Y,DIOR,NA,NA,0,NA,NA,NA,NA,NA,NA,NA
2002,S,2002-04-18,JG,3,1,131,Y,DIOR,NA,NA,0,NA,NA,NA,NA,NA,NA,NA
2002,S,2002-04-18,JG,3,1,130,Y,DIOR,NA,NA,0,NA,NA,NA,NA,NA,NA,NA
2002,S,2002-04-18,JG,3,1,90,Y,DIOR,NA,NA,0,NA,NA,NA,NA,NA,NA,NA
2002,S,2002-04-16,JG,1,3,83,N,DIOR,F,A,45,N,NA,NA,NA,NA,NA,NA
2002,S,2002-04-16,JG,1,3,80,N,DIOR,M,A,41,N,NA,NA,NA,NA,NA,NA
2002,S,2002-04-16,JG,1,3,95,N,DIOR,M,A,46,N,NA,NA,NA,NA,NA,NA
2002,S,2002-04-16,JG,1,3,102,N,DIOR,NA,J,29,N,NA,NA,NA,NA,NA,NA
2002,S,2002-04-16,JG,1,3,44,N,DIOR,M,A,47,N,NA,NA,NA,NA,NA,NA
2002,S,2002-04-16,JG,1,3,106,N,DIOR,F,A,0,Y,P,Y,M,NA,NA,NA
2002,S,2002-04-16,JG,1,3,42,N,DISP,M,A,0,Y,PS,Y,M,NA,NA,NA
2002,S,2002-04-16,JG,1,3,78,N,DISP,M,A,150,Y,S,NA,NA,NA,NA,NA
2002,S,2002-04-16,JG,1,3,89,N,DIOR,M,A,49,Y,S,NA,NA,NA,NA,NA
2002,S,2002-04-16,JG,1,3,93,N,DIOR,M,A,50,Y,S,NA,NA,NA,NA,NA
2002,S,2002-04-16,JG,1,3,108,N,DIOR,M,A,48,Y,S,NA,NA,NA,NA,NA
2002,S,2002-04-16,JG,1,3,60,N,DIOR,M,A,54,Y,S,NA,NA,NA,NA,NA
2002,S,2002-04-16,JG,1,3,52,N,PGFL,F,A,7,N,NA,NA,NA,NA,NA,NA
2002,S,2002-04-16,JG,1,3,71,N,DIOR,F,A,51,Y,L,NA,NA,NA,NA,NA
2002,S,2002-04-16,JG,1,3,65,N,DIOR,M,A,55,Y,S,NA,NA,NA,NA,NA
2002,S,2002-04-16,JG,1,3,143,N,DIOR,M,A,43,N,NA,NA,NA,NA,NA,NA
2002,S,2002-04-16,JG,1,3,144,N,DIOR,F,A,60,Y,V,NA,NA,NA,NA,NA
2002,S,2002-04-16,JG,1,3,11,N,SPSP,M,A,95,N,NA,NA,NA,NA,NA,NA
2002,S,2002-04-16,JG,1,3,10,N,DIOR,M,A,60,Y,S,NA,NA,NA,NA,NA
2002,S,2002-04-16,JG,1,3,9,N,DIOR,F,A,48,N,NA,NA,NA,NA,NA,NA
2002,S,2002-04-16,JG,1,2,107,N,NEAL,F,A,178,Y,L,NA,NA,NA,NA,NA
2002,S,2002-04-16,JG,1,2,57,N,DIOR,F,A,47,N,NA,NA,NA,NA,NA,NA
2002,S,2002-04-16,JG,1,2,53,N,DIOR,NA,J,41,N,NA,NA,NA,NA,NA,NA
2002,S,2002-04-16,JG,1,2,50,N,DIOR,F,A,46,N,NA,NA,NA,NA,NA,NA
2002,S,2002-04-16,JG,1,2,91,N,DIOR,M,A,42,N,NA,NA,NA,NA,NA,NA
2002,S,2002-04-16,JG,1,2,94,N,DIOR,F,A,52,N,NA,NA,NA,NA,NA,NA
2002,S,2002-04-16,JG,1,2,108,N,DIOR,NA,J,46,N,NA,NA,NA,NA,NA,NA
2002,S,2002-04-16,JG,1,2,144,N,DIOR,F,A,46,N,NA,NA,NA,NA,NA,NA
2002,S,2002-04-16,JG,1,2,104,N,DIOR,F,A,52,Y,P,NA,NA,NA,NA,NA
2002,S,2002-04-16,JG,1,2,88,N,DIOR,M,A,51,Y,S,NA,NA,NA,NA,NA
2002,S,2002-04-16,JG,1,2,89,N,DIOR,M,A,51,Y,S,NA,NA,NA,NA,NA
2002,S,2002-04-16,JG,1,2,92,N,DIOR,M,A,45,Y,S,NA,NA,NA,NA,NA
2002,S,2002-04-16,JG,1,2,93,N,DIOR,M,A,52,Y,S,NA,NA,NA,NA,NA
2002,S,2002-04-16,JG,1,2,96,N,DIOR,M,A,60,Y,S,NA,NA,NA,NA,NA
2002,S,2002-04-16,JG,1,2,141,N,DIOR,M,A,50,Y,S,NA,NA,NA,2,NA
2002,S,2002-04-16,JG,1,2,43,N,DIOR,M,A,60,Y,S,NA,NA,NA,NA,NA
2002,S,2002-04-16,JG,1,2,44,N,DIOR,F,A,42,N,NA,NA,NA,NA,NA,NA
2002,S,2002-04-16,JG,1,2,45,NA,DIOR,NA,NA,0,NA,NA,Y,U,NA,NA,NA
2002,S,2002-04-16,JG,1,2,48,NA,DIOR,NA,NA,0,NA,NA,Y,U,NA,NA,NA
2002,S,2002-04-16,JG,1,2,35,N,DIOR,NA,J,32,N,NA,NA,NA,NA,NA,NA
2002,S,2002-04-16,JG,1,2,15,N,DIOR,M,A,44,N,NA,NA,NA,NA,NA,NA
2002,S,2002-04-16,JG,1,2,17,N,DIOR,M,A,62,Y,S,NA,NA,NA,NA,NA
2002,S,2002-04-16,JG,1,2,12,N,DIOR,M,A,56,Y,S,NA,NA,NA,NA,NA
2002,S,2002-04-16,JG,1,2,9,N,DISP,M,A,155,N,NA,NA,NA,NA,NA,NA
2002,S,2002-04-16,JG,1,2,8,N,DIOR,M,A,54,N,NA,NA,NA,NA,NA,NA
2002,S,2002-04-16,JG,1,2,7,N,DIOR,F,A,47,N,NA,NA,NA,NA,NA,NA
2002,S,2002-04-16,JG,1,2,4,N,DIOR,M,A,54,Y,S,NA,NA,NA,NA,NA
2002,S,2002-04-16,JG,1,2,3,N,DIOR,F,A,53,Y,V,NA,NA,NA,NA,NA
2002,S,2002-04-16,JG,1,1,80,N,NEAL,F,A,0,NA,NA,Y,M,NA,NA,NA
2002,S,2002-04-16,JG,1,1,58,N,DIOR,NA,J,39,N,NA,NA,NA,NA,NA,NA
2002,S,2002-04-16,JG,1,1,53,N,DIOR,F,A,49,N,NA,NA,NA,NA,NA,NA
2002,S,2002-04-16,JG,1,1,67,N,DIOR,F,A,45,N,NA,NA,NA,NA,NA,NA
2002,S,2002-04-16,JG,1,1,71,N,DIOR,M,A,44,N,NA,NA,NA,NA,NA,NA
2002,S,2002-04-16,JG,1,1,76,N,DIOR,F,A,50,N,NA,NA,NA,NA,NA,NA
2002,S,2002-04-16,JG,1,1,135,N,DIOR,M,A,49,N,NA,NA,NA,NA,NA,NA
2002,S,2002-04-16,JG,1,1,59,N,DIOR,F,A,50,Y,P,NA,NA,NA,NA,NA
2002,S,2002-04-16,JG,1,1,72,N,DIOR,F,A,50,Y,P,NA,NA,NA,NA,NA
2002,S,2002-04-16,JG,1,1,56,N,DIOR,M,A,53,Y,S,NA,NA,NA,NA,NA
2002,S,2002-04-16,JG,1,1,83,N,DIOR,M,A,49,Y,S,NA,NA,NA,NA,NA
2002,S,2002-04-16,JG,1,1,138,N,DIOR,M,A,50,Y,S,NA,NA,NA,NA,NA
2002,S,2002-04-16,JG,1,1,84,NA,SPSP,NA,NA,0,NA,NA,Y,N,NA,NA,NA
2002,S,2002-04-16,JG,1,1,38,N,PGFL,M,A,8,N,NA,NA,NA,NA,NA,NA
2002,S,2002-04-16,JG,1,1,45,N,DIOR,M,A,47,N,NA,NA,NA,NA,NA,NA
2002,S,2002-04-16,JG,1,1,47,N,DIOR,F,A,48,N,NA,NA,NA,NA,NA,NA
2002,S,2002-04-16,JG,1,1,48,N,DIOR,F,A,59,Y,L,NA,NA,NA,NA,NA
2002,S,2002-04-16,JG,1,1,36,N,DISP,F,A,162,N,NA,NA,NA,NA,NA,NA
2002,S,2002-04-16,JG,1,1,32,N,DIOR,M,A,42,Y,S,NA,NA,NA,NA,NA
2002,S,2002-04-16,JG,1,1,26,N,DIOR,F,A,66,Y,P,NA,NA,NA,NA,NA
2002,S,2002-04-16,JG,1,1,115,N,DIOR,M,A,55,Y,S,NA,NA,NA,NA,NA
2002,S,2002-04-16,JG,1,1,116,N,DIOR,NA,J,30,N,NA,NA,NA,NA,NA,NA
2002,S,2002-04-16,JG,1,1,120,N,DIOR,F,A,57,Y,V,NA,NA,NA,NA,NA
2002,S,2002-04-16,JG,1,1,131,N,DIOR,M,A,45,Y,S,NA,NA,NA,NA,NA
2002,S,2002-04-16,JG,1,1,128,NA,DIOR,NA,NA,0,NA,NA,Y,U,NA,NA,NA
2002,S,2002-04-16,JG,1,1,127,N,DIOR,M,A,46,Y,S,NA,NA,NA,NA,NA
2002,S,2002-04-16,JG,1,1,144,N,DIOR,F,A,46,N,NA,NA,NA,NA,NA,NA
2002,S,2002-04-16,JG,1,1,103,N,DIOR,M,A,46,N,NA,NA,NA,NA,NA,NA
2002,S,2002-04-17,JG,2,3,86,N,DIOR,M,A,39,N,NA,NA,NA,NA,NA,NA
2002,S,2002-04-17,JG,2,3,126,N,SPSP,M,A,115,N,NA,NA,NA,NA,NA,NA
2002,S,2002-04-17,JG,2,3,131,N,PGFL,M,A,8,N,NA,NA,NA,NA,NA,NA
2002,S,2002-04-17,JG,2,3,142,N,DIOR,M,A,52,Y,PS,NA,NA,NA,NA,NA
2002,S,2002-04-17,JG,2,3,95,Y,DIOR,NA,NA,0,NA,NA,NA,NA,NA,NA,NA
2002,S,2002-04-17,JG,2,3,93,Y,DIOR,NA,NA,0,NA,NA,NA,NA,NA,NA,NA
2002,S,2002-04-17,JG,2,3,92,Y,DIOR,NA,NA,0,NA,NA,NA,NA,NA,NA,NA
2002,S,2002-04-17,JG,2,3,129,Y,DIOR,NA,NA,0,NA,NA,NA,NA,NA,NA,NA
2002,S,2002-04-17,JG,2,3,144,Y,DIOR,NA,NA,0,NA,NA,NA,NA,NA,NA,NA
2002,S,2002-04-17,JG,2,3,143,Y,DIOR,NA,NA,0,NA,NA,NA,NA,NA,NA,NA
2002,S,2002-04-17,JG,2,3,135,Y,DIOR,NA,NA,0,NA,NA,NA,NA,NA,NA,NA
2002,S,2002-04-17,JG,2,3,64,Y,DIOR,NA,NA,0,NA,NA,NA,NA,NA,NA,NA
2002,S,2002-04-17,JG,2,3,70,N,PGFL,NA,NA,0,NA,NA,Y,U,NA,NA,NA
2002,S,2002-04-17,JG,2,3,71,Y,DIOR,NA,NA,0,NA,NA,NA,NA,NA,NA,NA
2002,S,2002-04-17,JG,2,3,84,N,DIOR,M,A,37,N,NA,NA,NA,NA,NA,NA
2002,S,2002-04-17,JG,2,3,83,Y,DISP,NA,NA,0,NA,NA,NA,NA,NA,NA,NA
2002,S,2002-04-17,JG,2,3,78,Y,DIOR,NA,NA,0,NA,NA,NA,NA,NA,NA,NA
2002,S,2002-04-17,JG,2,3,59,Y,DIOR,NA,NA,0,NA,NA,NA,NA,NA,NA,NA
2002,S,2002-04-17,JG,2,3,60,N,DIOR,F,A,51,N,NA,NA,NA,NA,NA,NA
2002,S,2002-04-17,JG,2,3,44,Y,DIOR,NA,NA,0,NA,NA,NA,NA,NA,NA,NA
2002,S,2002-04-17,JG,2,3,41,Y,DISP,NA,NA,0,NA,NA,NA,NA,NA,NA,NA
2002,S,2002-04-17,JG,2,3,10,Y,DIOR,NA,NA,0,NA,NA,NA,NA,NA,NA,NA
2002,S,2002-04-17,JG,2,3,11,N,DIOR,F,A,51,Y,L,NA,NA,NA,NA,NA
2002,S,2002-04-17,JG,2,2,32,N,DIOR,M,A,37,N,NA,NA,NA,NA,NA,NA
2002,S,2002-04-17,JG,2,2,101,N,DIOR,M,A,41,N,NA,NA,NA,NA,NA,NA
2002,S,2002-04-17,JG,2,2,96,N,DIOR,M,A,49,N,NA,NA,NA,NA,NA,NA
2002,S,2002-04-17,JG,2,2,84,N,SPSP,M,A,80,N,NA,NA,NA,NA,NA,NA
2002,S,2002-04-17,JG,2,2,105,N,DIOR,M,A,54,Y,S,NA,NA,NA,NA,NA
2002,S,2002-04-17,JG,2,2,82,N,SPSP,M,A,120,Y,S,NA,NA,NA,NA,NA
2002,S,2002-04-17,JG,2,2,35,Y,DIOR,NA,NA,0,NA,NA,NA,NA,NA,NA,NA
2002,S,2002-04-17,JG,2,2,22,Y,DISP,NA,NA,0,NA,NA,NA,NA,NA,NA,NA
2002,S,2002-04-17,JG,2,2,21,Y,DIOR,NA,NA,0,NA,NA,NA,NA,NA,NA,NA
2002,S,2002-04-17,JG,2,2,19,Y,DIOR,NA,NA,0,NA,NA,NA,NA,NA,NA,NA
2002,S,2002-04-17,JG,2,2,16,Y,DIOR,NA,NA,0,NA,NA,NA,NA,NA,NA,NA
2002,S,2002-04-17,JG,2,2,100,Y,DIOR,NA,NA,0,NA,NA,NA,NA,NA,NA,NA
2002,S,2002-04-17,JG,2,2,102,Y,DIOR,NA,NA,0,NA,NA,NA,NA,NA,NA,NA
2002,S,2002-04-17,JG,2,2,103,Y,DIOR,NA,NA,0,NA,NA,NA,NA,NA,NA,NA
2002,S,2002-04-17,JG,2,2,108,NA,DIOR,NA,NA,0,NA,NA,Y,U,NA,NA,NA
2002,S,2002-04-17,JG,2,2,94,Y,DIOR,NA,NA,0,NA,NA,NA,NA,NA,NA,NA
2002,S,2002-04-17,JG,2,2,93,Y,DIOR,NA,NA,0,NA,NA,NA,NA,NA,NA,NA
2002,S,2002-04-17,JG,2,2,92,Y,DIOR,NA,NA,0,NA,NA,NA,NA,NA,NA,NA
2002,S,2002-04-17,JG,2,2,90,Y,DIOR,NA,NA,0,NA,NA,NA,NA,NA,NA,NA
2002,S,2002-04-17,JG,2,2,80,Y,DIOR,NA,NA,0,NA,NA,NA,NA,NA,NA,NA
2002,S,2002-04-17,JG,2,2,83,Y,DIOR,NA,NA,0,NA,NA,NA,NA,NA,NA,NA
2002,S,2002-04-17,JG,2,2,48,N,DIOR,M,A,55,Y,S,NA,NA,NA,NA,NA
2002,S,2002-04-17,JG,2,2,43,Y,DIOR,NA,NA,0,NA,NA,NA,NA,NA,NA,NA
2002,S,2002-04-17,JG,2,2,38,Y,DIOR,NA,NA,0,NA,NA,NA,NA,NA,NA,NA
2002,S,2002-04-17,JG,2,2,138,Y,DIOR,NA,NA,0,NA,NA,NA,NA,NA,NA,NA
2002,S,2002-04-17,JG,2,2,142,Y,DIOR,NA,NA,0,NA,NA,NA,NA,NA,NA,NA
2002,S,2002-04-17,JG,2,2,143,N,DIOR,M,A,56,Y,S,NA,NA,NA,NA,NA
2002,S,2002-04-17,JG,2,2,11,N,DIOR,M,A,47,N,NA,NA,NA,NA,NA,NA
2002,S,2002-04-17,JG,2,2,10,N,DISP,NA,J,115,N,NA,NA,NA,NA,NA,NA
2002,S,2002-04-17,JG,2,2,6,Y,DIOR,NA,NA,0,NA,NA,NA,NA,NA,NA,NA
2002,S,2002-04-17,JG,2,2,55,N,DIOR,NA,J,34,N,NA,NA,NA,NA,NA,NA
2002,S,2002-04-17,JG,2,2,57,Y,DIOR,NA,NA,0,NA,NA,NA,NA,NA,NA,NA
2002,S,2002-04-17,JG,2,2,72,Y,DIOR,NA,NA,0,NA,NA,NA,NA,NA,NA,NA
2002,S,2002-04-17,JG,2,2,71,N,DIOR,F,A,61,Y,P,NA,NA,NA,NA,NA
2002,S,2002-04-17,JG,2,1,60,N,DIOR,F,A,45,N,NA,NA,NA,NA,NA,NA
2002,S,2002-04-17,JG,2,1,22,N,DIOR,F,A,50,N,NA,NA,NA,NA,NA,NA
2002,S,2002-04-17,JG,2,1,28,N,DIOR,M,A,39,N,NA,NA,NA,NA,NA,NA
2002,S,2002-04-17,JG,2,1,56,N,DIOR,M,A,50,Y,S,NA,NA,NA,NA,NA
2002,S,2002-04-17,JG,2,1,131,N,DIOR,M,A,45,Y,S,NA,NA,NA,NA,NA
2002,S,2002-04-17,JG,2,1,124,N,DIOR,M,A,48,Y,S,NA,NA,NA,NA,NA
2002,S,2002-04-17,JG,2,1,25,N,DIOR,M,A,59,Y,S,NA,NA,NA,NA,NA
2002,S,2002-04-17,JG,2,1,59,Y,DIOR,NA,NA,0,NA,NA,NA,NA,NA,NA,NA
2002,S,2002-04-17,JG,2,1,58,Y,DIOR,NA,NA,0,NA,NA,NA,NA,NA,NA,NA
2002,S,2002-04-17,JG,2,1,53,Y,DIOR,NA,NA,0,NA,NA,NA,NA,NA,NA,NA
2002,S,2002-04-17,JG,2,1,115,Y,DIOR,NA,NA,0,NA,NA,NA,NA,NA,NA,NA
2002,S,2002-04-17,JG,2,1,132,Y,DIOR,NA,NA,0,NA,NA,NA,NA,NA,NA,NA
2002,S,2002-04-17,JG,2,1,128,Y,DIOR,NA,NA,0,NA,NA,NA,NA,NA,NA,NA
2002,S,2002-04-17,JG,2,1,123,Y,DIOR,NA,NA,0,NA,NA,NA,NA,NA,NA,NA
2002,S,2002-04-17,JG,2,1,21,Y,DIOR,NA,NA,0,NA,NA,NA,NA,NA,NA,NA
2002,S,2002-04-17,JG,2,1,32,Y,DIOR,NA,NA,0,NA,NA,NA,NA,NA,NA,NA
2002,S,2002-04-17,JG,2,1,43,Y,DIOR,NA,NA,0,NA,NA,NA,NA,NA,NA,NA
2002,S,2002-04-17,JG,2,1,70,Y,DIOR,NA,NA,0,NA,NA,NA,NA,NA,NA,NA
2002,S,2002-04-17,JG,2,1,84,Y,DIOR,NA,NA,0,NA,NA,NA,NA,NA,NA,NA
2002,S,2002-04-17,JG,2,1,81,N,DIOR,M,A,44,Y,S,NA,NA,NA,NA,NA
2002,S,2002-04-17,JG,2,1,80,N,DIOR,NA,J,29,N,NA,NA,NA,NA,NA,NA
2002,S,2002-04-17,JG,2,1,140,Y,DIOR,NA,NA,0,NA,NA,NA,NA,NA,NA,NA
2002,S,2002-04-17,JG,2,1,144,N,DIOR,F,A,51,N,NA,NA,NA,NA,NA,NA
2002,S,2002-04-17,JG,2,1,9,N,DIOR,M,A,44,N,NA,NA,NA,NA,NA,NA
2002,S,2002-04-17,JG,2,1,8,Y,DIOR,NA,NA,0,NA,NA,NA,NA,NA,NA,NA
2002,S,2002-04-17,JG,2,1,7,Y,DIOR,NA,NA,0,NA,NA,NA,NA,NA,NA,NA
2002,S,2002-04-17,JG,2,1,5,Y,DIOR,NA,NA,0,NA,NA,NA,NA,NA,NA,NA
2002,S,2002-04-17,JG,2,1,27,N,DIOR,M,A,64,Y,S,NA,NA,NA,NA,NA
2002,S,2002-04-18,JG,3,3,83,N,PGFL,F,A,7,N,NA,NA,NA,NA,NA,NA
2002,S,2002-04-18,JG,3,3,70,N,DIOR,M,A,42,N,NA,NA,NA,NA,NA,NA
2002,S,2002-04-18,JG,3,3,46,N,DIOR,M,A,53,Y,S,NA,NA,NA,NA,NA
2002,S,2002-04-18,JG,3,3,84,Y,DIOR,NA,NA,0,NA,NA,NA,NA,NA,NA,NA
2002,S,2002-04-18,JG,3,3,80,Y,DISP,NA,NA,0,NA,NA,NA,NA,NA,NA,NA
2002,S,2002-04-18,JG,3,3,79,Y,DIOR,NA,NA,0,NA,NA,NA,NA,NA,NA,NA
2002,S,2002-04-18,JG,3,3,66,Y,DIOR,NA,NA,0,NA,NA,NA,NA,NA,NA,NA
2002,S,2002-04-18,JG,3,3,71,Y,DIOR,NA,NA,0,NA,NA,NA,NA,NA,NA,NA
2002,S,2002-04-18,JG,3,3,60,Y,DIOR,NA,NA,0,NA,NA,NA,NA,NA,NA,NA
2002,S,2002-04-18,JG,3,3,59,Y,DIOR,NA,NA,0,NA,NA,NA,NA,NA,NA,NA
2002,S,2002-04-18,JG,3,3,41,Y,DISP,NA,NA,0,NA,NA,NA,NA,NA,NA,NA
2002,S,2002-04-18,JG,3,3,44,Y,DIOR,NA,NA,0,NA,NA,NA,NA,NA,NA,NA
2002,S,2002-04-18,JG,3,3,48,Y,SPSP,NA,NA,0,NA,NA,NA,NA,NA,NA,NA
2002,S,2002-04-18,JG,3,3,36,Y,DIOR,NA,NA,0,NA,NA,NA,NA,NA,NA,NA
2002,S,2002-04-18,JG,3,3,35,Y,DIOR,NA,NA,0,NA,NA,NA,NA,NA,NA,NA
2002,S,2002-04-18,JG,3,3,91,Y,DIOR,NA,NA,0,NA,NA,NA,NA,NA,NA,NA
2002,S,2002-04-18,JG,3,3,93,Y,DIOR,NA,NA,0,NA,NA,NA,NA,NA,NA,NA
2002,S,2002-04-18,JG,3,3,94,Y,DIOR,NA,NA,0,NA,NA,NA,NA,NA,NA,NA
2002,S,2002-04-18,JG,3,3,95,Y,DIOR,NA,NA,0,NA,NA,NA,NA,NA,NA,NA
2002,S,2002-04-18,JG,3,3,137,Y,DIOR,NA,NA,0,NA,NA,NA,NA,NA,NA,NA
2002,S,2002-04-18,JG,3,3,139,Y,DIOR,NA,NA,0,NA,NA,NA,NA,NA,NA,NA
2002,S,2002-04-18,JG,3,3,140,Y,SPSP,NA,NA,0,NA,NA,NA,NA,NA,NA,NA
2002,S,2002-04-18,JG,3,3,141,Y,DIOR,NA,NA,0,NA,NA,NA,NA,NA,NA,NA
2002,S,2002-04-18,JG,3,3,142,N,PGFL,M,A,7,N,NA,NA,NA,NA,NA,NA
2002,S,2002-04-18,JG,3,3,143,N,ONLE,M,A,20,N,NA,NA,NA,NA,NA,NA
2002,S,2002-04-18,JG,3,3,144,Y,DIOR,NA,NA,0,NA,NA,NA,NA,NA,NA,NA
2002,S,2002-04-18,JG,3,3,10,Y,DIOR,NA,NA,0,NA,NA,NA,NA,NA,NA,NA
2002,S,2002-04-18,JG,3,2,84,N,DIOR,M,A,50,N,NA,NA,NA,NA,NA,NA
2002,S,2002-04-18,JG,3,2,141,N,DISP,F,A,135,N,NA,NA,NA,NA,NA,NA
2002,S,2002-04-18,JG,3,2,83,N,SPSP,M,A,98,Y,S,NA,NA,NA,NA,NA
2002,S,2002-04-18,JG,3,2,70,Y,DIOR,NA,NA,0,NA,NA,NA,NA,NA,NA,NA
2002,S,2002-04-18,JG,3,2,69,Y,DIOR,NA,NA,0,NA,NA,NA,NA,NA,NA,NA
2002,S,2002-04-18,JG,3,2,68,Y,DIOR,NA,NA,0,NA,NA,NA,NA,NA,NA,NA
2002,S,2002-04-18,JG,3,2,67,Y,DIOR,NA,NA,0,NA,NA,NA,NA,NA,NA,NA
2002,S,2002-04-18,JG,3,2,65,Y,DIOR,NA,NA,0,NA,NA,NA,NA,NA,NA,NA
2002,S,2002-04-18,JG,3,2,77,Y,DIOR,NA,NA,0,NA,NA,NA,NA,NA,NA,NA
2002,S,2002-04-18,JG,3,2,79,Y,DIOR,NA,NA,0,NA,NA,NA,NA,NA,NA,NA
2002,S,2002-04-18,JG,3,2,82,Y,SPSP,NA,NA,0,NA,NA,NA,NA,NA,NA,NA
2002,S,2002-04-18,JG,3,2,96,Y,DIOR,NA,NA,0,NA,NA,NA,NA,NA,NA,NA
2002,S,2002-04-18,JG,3,2,94,Y,DIOR,NA,NA,0,NA,NA,NA,NA,NA,NA,NA
2002,S,2002-04-18,JG,3,2,93,Y,DIOR,NA,NA,0,NA,NA,NA,NA,NA,NA,NA
2002,S,2002-04-18,JG,3,2,91,Y,DIOR,NA,NA,0,NA,NA,NA,NA,NA,NA,NA
2002,S,2002-04-18,JG,3,2,138,Y,DIOR,NA,NA,0,NA,NA,NA,NA,NA,NA,NA
2002,S,2002-04-18,JG,3,2,142,Y,PGFL,NA,NA,0,NA,NA,NA,NA,NA,NA,NA
2002,S,2002-04-18,JG,3,2,143,Y,DIOR,NA,NA,0,NA,NA,NA,NA,NA,NA,NA
2002,S,2002-04-18,JG,3,2,144,Y,DIOR,NA,NA,0,NA,NA,NA,NA,NA,NA,NA
2002,S,2002-04-18,JG,3,2,8,Y,DIOR,NA,NA,0,NA,NA,NA,NA,NA,NA,NA
2002,S,2002-04-18,JG,3,2,49,Y,DIOR,NA,NA,0,NA,NA,NA,NA,NA,NA,NA
2002,S,2002-04-18,JG,3,2,48,Y,DIOR,NA,NA,0,NA,NA,NA,NA,NA,NA,NA
2002,S,2002-04-18,JG,3,2,47,Y,DIOR,NA,NA,0,NA,NA,NA,NA,NA,NA,NA
2002,S,2002-04-18,JG,3,2,46,Y,DIOR,NA,NA,0,NA,NA,NA,NA,NA,NA,NA
2002,S,2002-04-18,JG,3,2,45,Y,DIOR,NA,NA,0,NA,NA,NA,NA,NA,NA,NA
2002,S,2002-04-18,JG,3,2,44,Y,DIOR,NA,NA,0,NA,NA,NA,NA,NA,NA,NA
2002,S,2002-04-18,JG,3,2,43,N,DIOR,M,A,38,N,NA,NA,NA,NA,NA,NA
2002,S,2002-04-18,JG,3,2,42,Y,DIOR,NA,NA,0,NA,NA,NA,NA,NA,NA,NA
2002,S,2002-04-18,JG,3,2,41,N,DIOR,M,A,51,N,NA,NA,NA,NA,NA,NA
2002,S,2002-04-18,JG,3,2,39,N,DIOR,F,A,61,Y,L,NA,NA,NA,NA,NA
2002,S,2002-04-18,JG,3,2,38,Y,DIOR,NA,NA,0,NA,NA,NA,NA,NA,NA,NA
2002,S,2002-04-18,JG,3,2,15,Y,DIOR,NA,NA,0,NA,NA,NA,NA,NA,NA,NA
2002,S,2002-04-18,JG,3,2,18,Y,DIOR,NA,NA,0,NA,NA,NA,NA,NA,NA,NA
2002,S,2002-04-18,JG,3,2,20,Y,DIOR,NA,NA,0,NA,NA,NA,NA,NA,NA,NA
2002,S,2002-04-18,JG,3,2,23,N,DIOR,M,A,45,N,NA,NA,NA,NA,NA,NA
2002,S,2002-04-18,JG,3,2,35,Y,DIOR,NA,NA,0,NA,NA,NA,NA,NA,NA,NA
2002,S,2002-04-18,JG,3,2,26,Y,DIOR,NA,NA,0,NA,NA,NA,NA,NA,NA,NA
2002,S,2002-04-18,JG,3,2,6,Y,DIOR,NA,NA,0,NA,NA,NA,NA,NA,NA,NA
2002,S,2002-04-18,JG,3,2,7,Y,DISP,NA,NA,0,NA,NA,NA,NA,NA,NA,NA
2002,S,2002-04-18,JG,3,1,37,N,DIOR,M,A,42,N,NA,NA,NA,NA,NA,NA
2002,S,2002-04-18,JG,3,1,99,Y,DIOR,NA,NA,0,NA,NA,NA,NA,NA,NA,NA
2002,S,2002-04-18,JG,3,1,102,Y,DIOR,NA,NA,0,NA,NA,NA,NA,NA,NA,NA
2002,S,2002-04-18,JG,3,1,101,Y,DIOR,NA,NA,0,NA,NA,NA,NA,NA,NA,NA
2002,S,2002-04-18,JG,3,1,103,Y,DIOR,NA,NA,0,NA,NA,NA,NA,NA,NA,NA
2002,S,2002-04-18,JG,3,1,107,Y,DIOR,NA,NA,0,NA,NA,NA,NA,NA,NA,NA
2002,S,2002-04-18,JG,3,1,115,Y,DIOR,NA,NA,0,NA,NA,NA,NA,NA,NA,NA
2002,S,2002-04-18,JG,3,1,48,Y,DIOR,NA,NA,0,NA,NA,NA,NA,NA,NA,NA
2002,S,2002-04-18,JG,3,1,35,Y,DISP,NA,NA,0,NA,NA,NA,NA,NA,NA,NA
2002,S,2002-04-18,JG,3,1,34,Y,DIOR,NA,NA,0,NA,NA,NA,NA,NA,NA,NA
2002,S,2002-04-18,JG,3,1,33,Y,DIOR,NA,NA,0,NA,NA,NA,NA,NA,NA,NA
2002,S,2002-04-18,JG,3,1,32,Y,DIOR,NA,NA,0,NA,NA,NA,NA,NA,NA,NA
2002,S,2002-04-18,JG,3,1,31,Y,DIOR,NA,NA,0,NA,NA,NA,NA,NA,NA,NA
2002,S,2002-04-18,JG,3,1,28,Y,DIOR,NA,NA,0,NA,NA,NA,NA,NA,NA,NA
2002,S,2002-04-18,JG,3,1,96,Y,DIOR,NA,NA,0,NA,NA,NA,NA,NA,NA,NA
2002,S,2002-04-18,JG,3,1,95,Y,DIOR,NA,NA,0,NA,NA,NA,NA,NA,NA,NA
2002,S,2002-04-18,JG,3,1,67,N,DIOR,M,A,49,Y,S,NA,NA,NA,NA,NA
2002,S,2002-04-18,JG,3,1,68,Y,DIOR,NA,NA,0,NA,NA,NA,NA,NA,NA,NA
2002,S,2002-04-18,JG,3,1,71,Y,DIOR,NA,NA,0,NA,NA,NA,NA,NA,NA,NA
2002,S,2002-04-18,JG,3,1,84,N,SPSP,M,A,105,N,NA,NA,NA,NA,NA,NA
2002,S,2002-04-18,JG,3,1,83,Y,DIOR,NA,NA,0,NA,NA,NA,NA,NA,NA,NA
2002,S,2002-04-18,JG,3,1,80,N,DIOR,F,A,58,Y,P,NA,NA,NA,NA,NA
2002,S,2002-04-18,JG,3,1,77,Y,DIOR,NA,NA,0,NA,NA,NA,NA,NA,NA,NA
2002,S,2002-04-18,JG,3,1,5,Y,DIOR,NA,NA,0,NA,NA,NA,NA,NA,NA,NA
2002,S,2002-04-18,JG,3,1,7,Y,DIOR,NA,NA,0,NA,NA,NA,NA,NA,NA,NA
2002,S,2002-04-18,JG,3,1,9,Y,DIOR,NA,NA,0,NA,NA,NA,NA,NA,NA,NA
2002,S,2002-04-18,JG,3,1,10,N,DIOR,F,A,51,N,NA,NA,NA,NA,NA,NA
2002,S,2002-04-18,JG,3,1,11,Y,DIOR,NA,NA,0,NA,NA,NA,NA,NA,NA,NA
2002,S,2002-04-18,JG,3,1,23,Y,DIOR,NA,NA,0,NA,NA,NA,NA,NA,NA,NA
2002,S,2002-04-18,JG,3,1,22,Y,DIOR,NA,NA,0,NA,NA,NA,NA,NA,NA,NA
2002,S,2002-04-18,JG,3,1,21,Y,DIOR,NA,NA,0,NA,NA,NA,NA,NA,NA,NA
2002,S,2002-04-18,JG,3,1,92,Y,DIOR,NA,NA,0,NA,NA,NA,NA,NA,NA,NA
2003,S,2003-04-24,JG,2,1,90,N,DIOR,F,A,55,Y,P,NA,NA,NA,NA,NA
2003,S,2003-04-24,JG,2,1,92,Y,CHPE,NA,NA,0,NA,NA,NA,NA,NA,5,NA
2003,S,2003-04-24,JG,2,1,108,Y,DIOR,NA,NA,0,NA,NA,NA,NA,NA,NA,NA
2003,S,2003-04-24,JG,2,1,107,N,DIOR,F,A,50,N,NA,NA,NA,NA,NA,NA
2003,S,2003-04-24,JG,2,1,106,Y,DIOR,NA,NA,0,NA,NA,NA,NA,NA,NA,NA
2003,S,2003-04-24,JG,2,1,103,N,DIOR,M,A,51,Y,S,NA,NA,NA,NA,NA
2003,S,2003-04-24,JG,2,1,59,Y,DISP,NA,NA,0,NA,NA,NA,NA,NA,NA,NA
2003,S,2003-04-24,JG,2,1,58,N,DIOR,M,A,46,Y,S,NA,NA,NA,NA,NA
2003,S,2003-04-24,JG,2,1,54,Y,CHPE,NA,NA,0,NA,NA,NA,NA,NA,NA,NA
2003,S,2003-04-24,JG,2,1,33,Y,DIOR,NA,NA,0,NA,NA,NA,NA,NA,NA,NA
2003,S,2003-04-24,JG,2,1,28,N,DISP,M,A,180,Y,S,NA,NA,NA,NA,NA
2003,S,2003-04-24,JG,2,2,139,Y,SPSP,NA,NA,0,NA,NA,NA,NA,NA,NA,NA
2003,S,2003-04-24,JG,2,2,141,Y,DIOR,NA,NA,0,NA,NA,NA,NA,NA,NA,NA
2003,S,2003-04-24,JG,2,2,16,N,ONAR,F,A,35,Y,P,NA,NA,NA,NA,NA
2003,S,2003-04-24,JG,2,2,35,N,DIOR,F,A,55,Y,L,NA,NA,NA,3,NA
2003,S,2003-04-24,JG,2,2,48,Y,DISP,NA,NA,0,NA,NA,NA,NA,NA,NA,NA
2003,S,2003-04-24,JG,2,3,101,Y,CHPE,NA,NA,0,NA,NA,NA,NA,NA,NA,NA
2003,S,2003-04-24,JG,2,3,132,Y,DIOR,NA,NA,0,NA,NA,NA,NA,NA,NA,NA
2003,S,2003-04-24,JG,2,3,144,Y,DIOR,NA,NA,0,NA,NA,NA,NA,NA,NA,NA
2003,S,2003-04-24,JG,2,3,135,Y,DISP,NA,NA,0,NA,NA,NA,NA,NA,NA,NA
2003,S,2003-04-24,JG,2,3,95,Y,DIOR,NA,NA,0,NA,NA,NA,NA,NA,5,NA
2003,S,2003-04-24,JG,2,3,66,N,DIOR,F,A,46,N,NA,NA,NA,NA,NA,NA
2003,S,2003-04-24,JG,2,3,71,N,DIOR,M,A,52,Y,S,NA,NA,NA,NA,NA
2003,S,2003-04-25,JG,3,1,58,Y,DIOR,NA,NA,0,NA,NA,NA,NA,NA,NA,NA
2003,S,2003-04-25,JG,3,1,56,Y,DISP,NA,NA,0,NA,NA,NA,NA,NA,NA,NA
2003,S,2003-04-25,JG,3,1,35,Y,DISP,NA,NA,0,NA,NA,NA,NA,NA,NA,NA
2003,S,2003-04-25,JG,3,1,33,Y,DIOR,NA,NA,0,NA,NA,NA,NA,NA,NA,NA
2003,S,2003-04-25,JG,3,1,32,Y,DIOR,NA,NA,0,NA,NA,NA,NA,NA,NA,NA
2003,S,2003-04-25,JG,3,1,29,N,DIOR,F,A,46,Y,V,NA,NA,NA,NA,NA
2003,S,2003-04-25,JG,3,1,144,Y,DIOR,NA,NA,0,NA,NA,NA,NA,NA,NA,NA
2003,S,2003-04-25,JG,3,1,132,Y,DIOR,NA,NA,0,NA,NA,NA,NA,NA,NA,NA
2003,S,2003-04-25,JG,3,1,131,Y,DISP,NA,NA,0,NA,NA,NA,NA,NA,NA,NA
2003,S,2003-04-25,JG,3,1,130,N,DIOR,F,A,67,Y,L,NA,NA,NA,NA,NA
2003,S,2003-04-25,JG,3,1,124,N,DIOR,M,A,54,Y,S,NA,NA,NA,NA,NA
2003,S,2003-04-25,JG,3,1,123,N,CHPE,M,A,15,Y,S,NA,NA,NA,NA,NA
2003,S,2003-04-25,JG,3,2,140,N,DISP,M,A,108,N,NA,NA,NA,NA,NA,NA
2003,S,2003-04-25,JG,3,2,8,N,SPSP,M,A,108,Y,S,NA,NA,NA,NA,NA
2003,S,2003-04-25,JG,3,2,66,Y,DIOR,NA,NA,0,NA,NA,NA,NA,NA,NA,NA
2003,S,2003-04-25,JG,3,2,72,Y,ONAR,NA,NA,0,NA,NA,NA,NA,NA,NA,NA
2003,S,2003-04-25,JG,3,2,59,Y,DIOR,NA,NA,0,NA,NA,NA,NA,NA,NA,NA
2003,S,2003-04-25,JG,3,2,51,Y,DIOR,NA,NA,0,NA,NA,NA,NA,NA,NA,NA
2003,S,2003-04-25,JG,3,3,104,Y,DIOR,NA,NA,0,NA,NA,NA,NA,NA,NA,NA
2003,S,2003-04-25,JG,3,3,95,Y,DIOR,NA,NA,0,NA,NA,NA,NA,NA,NA,NA
2003,S,2003-04-25,JG,3,3,83,N,DIOR,F,A,57,Y,L,NA,NA,NA,NA,NA
2003,S,2003-04-25,JG,3,3,46,N,DIOR,F,A,50,N,NA,NA,NA,NA,4,NA
2003,S,2003-04-25,JG,3,3,36,Y,DIOR,NA,NA,0,NA,NA,NA,NA,NA,NA,NA
2003,S,2003-04-25,JG,3,3,14,Y,DISP,NA,NA,0,NA,NA,NA,NA,NA,NA,NA
2003,S,2003-04-23,JG,1,1,115,N,DIOR,F,A,59,Y,L,NA,NA,NA,NA,2
2003,S,2003-04-23,JG,1,1,120,N,DIOR,F,A,57,Y,L,NA,NA,NA,NA,NA
2003,S,2003-04-23,JG,1,1,130,N,DIOR,F,A,53,Y,L,NA,NA,NA,3,NA
2003,S,2003-04-23,JG,1,1,123,N,DIOR,M,A,59,Y,S,NA,NA,NA,NA,NA
2003,S,2003-04-23,JG,1,1,144,N,DIOR,M,A,59,Y,S,NA,NA,NA,NA,NA
2003,S,2003-04-23,JG,1,1,11,N,CHPE,M,A,13,N,NA,NA,NA,NA,NA,NA
2003,S,2003-04-23,JG,1,1,10,N,DIOR,F,A,0,Y,L,Y,M,NA,NA,NA
2003,S,2003-04-23,JG,1,1,6,N,DISP,F,A,134,Y,L,NA,NA,NA,NA,NA
2003,S,2003-04-23,JG,1,1,5,N,DIOR,F,A,58,Y,V,NA,NA,NA,NA,NA
2003,S,2003-04-23,JG,1,1,15,N,DISP,M,A,151,Y,S,NA,NA,NA,NA,NA
2003,S,2003-04-23,JG,1,1,33,N,DIOR,F,A,51,Y,L,NA,NA,NA,NA,NA
2003,S,2003-04-23,JG,1,1,59,N,SPSP,M,A,98,Y,S,NA,NA,NA,NA,NA
2003,S,2003-04-23,JG,1,1,57,N,DISP,F,A,128,Y,L,NA,NA,NA,NA,NA
2003,S,2003-04-23,JG,1,1,56,N,DIOR,NA,NA,0,NA,NA,Y,N,NA,NA,NA
2003,S,2003-04-23,JG,1,2,47,N,DIOR,M,A,0,Y,S,Y,M,NA,2,NA
2003,S,2003-04-23,JG,1,2,58,N,SPSP,F,A,117,N,NA,NA,NA,NA,NA,NA
2003,S,2003-04-23,JG,1,2,53,N,DIOR,F,A,0,Y,L,Y,M,NA,NA,NA
2003,S,2003-04-23,JG,1,2,61,N,DIOR,F,A,52,Y,L,NA,NA,NA,NA,NA
2003,S,2003-04-23,JG,1,2,72,N,DISP,NA,J,75,N,NA,NA,NA,NA,NA,NA
2003,S,2003-04-23,JG,1,2,84,N,DIOR,M,A,60,Y,S,NA,NA,NA,NA,NA
2003,S,2003-04-23,JG,1,2,140,N,DIOR,M,A,61,Y,S,NA,NA,NA,NA,NA
2003,S,2003-04-23,JG,1,2,35,N,DIOR,M,A,57,Y,S,NA,NA,NA,NA,NA
2003,S,2003-04-23,JG,1,3,41,N,DISP,F,A,102,Y,V,NA,NA,NA,NA,NA
2003,S,2003-04-23,JG,1,3,59,N,DIOR,M,A,63,Y,S,NA,NA,NA,7,NA
2003,S,2003-04-23,JG,1,3,65,N,DISP,M,A,132,Y,S,NA,NA,NA,NA,NA
2003,S,2003-04-23,JG,1,3,66,N,DIOR,NA,NA,0,NA,NA,Y,N,NA,NA,NA
2003,S,2003-04-23,JG,1,3,93,N,DIOR,F,A,68,Y,L,NA,NA,NA,NA,NA
2003,S,2003-04-23,JG,1,3,95,N,DIOR,M,A,52,Y,PS,NA,NA,NA,NA,NA
2003,S,2003-04-23,JG,1,3,96,N,DIOR,F,A,0,Y,L,Y,M,NA,NA,NA
2003,S,2003-04-23,JG,1,3,104,N,DISP,F,A,96,N,NA,NA,NA,NA,NA,NA
2003,S,2003-04-23,JG,1,3,126,N,DIOR,M,A,62,Y,S,NA,NA,NA,NA,NA
2003,S,2003-04-23,JG,1,3,129,N,DIOR,M,A,56,Y,S,NA,NA,NA,NA,NA
2003,S,2003-04-23,JG,1,3,120,N,DIOR,F,A,58,Y,L,NA,NA,NA,NA,NA
2003,S,2003-04-24,JG,2,1,115,Y,DIOR,NA,NA,0,NA,NA,NA,NA,NA,NA,NA
2003,S,2003-04-24,JG,2,1,119,Y,DIOR,NA,NA,0,NA,NA,NA,NA,NA,NA,NA
2003,S,2003-04-24,JG,2,1,132,Y,DIOR,NA,NA,0,NA,NA,NA,NA,NA,NA,NA
2003,S,2003-04-24,JG,2,1,131,Y,DIOR,NA,NA,0,NA,NA,NA,NA,NA,NA,NA
2003,S,2003-04-24,JG,2,1,128,Y,DIOR,NA,NA,0,NA,NA,NA,NA,NA,NA,NA
2003,S,2003-04-24,JG,2,1,144,Y,DIOR,NA,NA,0,NA,NA,NA,NA,NA,NA,NA
2003,S,2003-04-24,JG,2,1,11,N,ONLE,M,A,36,Y,S,NA,NA,NA,NA,NA
2003,S,2003-04-24,JG,2,1,10,N,ONLE,F,A,31,Y,L,NA,NA,NA,NA,NA
2003,S,2003-04-24,JG,2,1,9,Y,DIOR,NA,NA,0,NA,NA,NA,NA,NA,NA,NA
2003,S,2003-04-24,JG,2,1,2,Y,DISP,NA,NA,0,NA,NA,NA,NA,NA,NA,NA
2003,S,2003-04-24,JG,2,2,85,Y,DIOR,NA,NA,0,NA,NA,NA,NA,NA,NA,NA
2003,S,2003-04-24,JG,2,2,90,Y,DIOR,NA,NA,0,NA,NA,NA,NA,NA,NA,NA
2003,S,2003-04-24,JG,2,2,93,Y,DIOR,NA,NA,0,NA,NA,NA,NA,NA,NA,NA
2003,S,2003-04-24,JG,2,2,94,N,DIOR,M,A,60,Y,S,NA,NA,NA,NA,NA
2003,S,2003-04-24,JG,2,2,77,N,DIOR,F,A,51,Y,L,NA,NA,NA,NA,NA
2003,S,2003-04-24,JG,2,2,58,Y,DIOR,NA,NA,0,NA,NA,NA,NA,NA,NA,NA
2003,S,2003-04-24,JG,2,3,6,N,DIOR,F,A,50,Y,L,NA,NA,NA,NA,NA
2003,S,2003-04-24,JG,2,3,58,N,DIOR,M,A,53,Y,S,NA,NA,NA,NA,NA
2003,S,2003-04-25,JG,3,1,79,Y,ONLE,NA,NA,0,NA,NA,NA,NA,NA,NA,NA
2003,S,2003-04-25,JG,3,1,74,N,ONLE,M,A,19,Y,PS,NA,NA,NA,1,NA
2003,S,2003-04-25,JG,3,1,108,N,DIOR,F,A,39,Y,V,NA,NA,NA,NA,NA
2003,S,2003-04-25,JG,3,1,107,N,DIOR,M,A,49,Y,S,NA,NA,NA,NA,NA
2003,S,2003-04-25,JG,3,1,106,Y,DIOR,NA,NA,0,NA,NA,NA,NA,NA,NA,NA
2003,S,2003-04-25,JG,3,1,105,Y,CHPE,NA,NA,0,NA,NA,NA,NA,NA,NA,NA
2003,S,2003-04-25,JG,3,1,104,Y,DIOR,NA,NA,0,NA,NA,NA,NA,NA,NA,NA
2003,S,2003-04-25,JG,3,2,120,N,DIOR,F,A,53,Y,L;V,NA,NA,NA,NA,NA
2003,S,2003-04-25,JG,3,2,116,N,DIOR,F,A,43,Y,V,NA,NA,NA,1,NA
2003,S,2003-04-25,JG,3,2,115,Y,DIOR,NA,NA,0,NA,NA,NA,NA,NA,NA,NA
2003,S,2003-04-25,JG,3,2,114,Y,SPSP,NA,NA,0,NA,NA,NA,NA,NA,NA,NA
2003,S,2003-04-25,JG,3,2,89,Y,DIOR,NA,NA,0,NA,NA,NA,NA,NA,NA,NA
2003,S,2003-04-25,JG,3,2,90,Y,DIOR,NA,NA,0,NA,NA,NA,NA,NA,NA,NA
2003,S,2003-04-25,JG,3,2,92,Y,ONLE,NA,NA,0,NA,NA,NA,NA,NA,NA,NA
2003,S,2003-04-25,JG,3,2,93,Y,DIOR,NA,NA,0,NA,NA,NA,NA,NA,NA,NA
2003,S,2003-04-25,JG,3,2,74,Y,DIOR,NA,NA,0,NA,NA,NA,NA,NA,NA,NA
2003,S,2003-04-25,JG,3,3,118,Y,DIOR,NA,NA,0,NA,NA,NA,NA,NA,NA,NA
2003,S,2003-04-25,JG,3,3,68,N,DIOR,M,A,49,Y,S,NA,NA,NA,NA,NA
2003,S,2003-04-25,JG,3,3,71,Y,DIOR,NA,NA,0,NA,NA,NA,NA,NA,NA,NA
2003,S,2003-04-25,JG,3,3,60,N,DIOR,NA,NA,0,NA,NA,Y,N,NA,NA,NA
2003,S,2003-04-23,JG,1,1,93,N,ONLE,M,A,30,Y,PS,NA,NA,NA,NA,NA
2003,S,2003-04-23,JG,1,1,108,N,DIOR,M,A,0,Y,S,Y,M,NA,NA,NA
2003,S,2003-04-23,JG,1,1,105,N,DIOR,M,A,0,Y,PS,Y,M,NA,NA,NA
2003,S,2003-04-23,JG,1,1,103,N,CHPE,M,A,14,Y,PS,NA,NA,NA,NA,NA
2003,S,2003-04-23,JG,1,1,70,N,DIOR,M,A,50,Y,S,NA,NA,NA,NA,NA
2003,S,2003-04-23,JG,1,1,78,N,DIOR,F,A,44,Y,V,NA,NA,NA,NA,NA
2003,S,2003-04-23,JG,1,1,80,N,DIOR,M,A,52,Y,S,NA,NA,NA,NA,NA
2003,S,2003-04-23,JG,1,1,53,N,CHPE,M,A,15,Y,PS,NA,NA,NA,NA,NA
2003,S,2003-04-23,JG,1,1,54,N,DIOR,F,A,54,Y,L,NA,NA,NA,NA,NA
2003,S,2003-04-23,JG,1,2,94,N,DIOR,F,A,64,Y,L,NA,NA,NA,NA,NA
2003,S,2003-04-23,JG,1,2,120,N,DIOR,M,A,58,Y,S,NA,NA,NA,NA,NA
2003,S,2003-04-23,JG,1,2,132,N,DIOR,F,A,50,Y,L,NA,NA,NA,NA,NA
2003,S,2003-04-23,JG,1,2,85,N,DIOR,M,A,59,Y,S,NA,NA,NA,NA,NA
2003,S,2003-04-23,JG,1,2,89,N,DIOR,M,A,49,Y,PS,NA,NA,NA,NA,NA
2003,S,2003-04-23,JG,1,2,94,N,DIOR,F,A,55,Y,L,NA,NA,NA,NA,NA
2003,S,2003-04-23,JG,1,3,36,N,DIOR,F,A,60,Y,L,NA,NA,NA,NA,NA
2003,S,2003-04-23,JG,1,3,135,N,DIOR,M,A,50,Y,S,NA,NA,NA,NA,NA
2003,S,2003-04-23,JG,1,3,136,N,DIOR,F,A,50,Y,L,NA,NA,NA,NA,NA
2003,S,2003-04-23,JG,1,3,139,N,DIOR,M,A,53,Y,S,NA,NA,NA,NA,NA
2003,S,2003-04-23,JG,1,3,144,N,DIOR,M,A,0,Y,S,Y,M,NA,NA,NA
2003,S,2003-04-23,JG,1,3,12,N,DIOR,F,A,68,Y,L,NA,NA,NA,NA,NA
2003,S,2003-04-23,JG,1,3,16,N,DIOR,NA,NA,0,NA,NA,Y,N,NA,NA,NA
2003,S,2003-04-23,JG,1,3,6,N,ONLE,M,A,30,Y,S,NA,NA,NA,NA,NA
2003,S,2003-04-23,JG,1,3,113,N,DIOR,M,A,52,Y,S,NA,NA,NA,NA,NA
2003,S,2003-04-24,JG,2,1,70,N,DIOR,F,A,30,Y,V,NA,NA,NA,NA,NA
2003,S,2003-04-24,JG,2,1,71,N,DIOR,M,A,55,Y,S,NA,NA,NA,NA,NA
2003,S,2003-04-24,JG,2,1,80,N,DIOR,F,A,52,Y,L,NA,NA,NA,NA,NA
2003,S,2003-04-24,JG,2,1,79,N,ONLE,F,A,32,Y,L,NA,NA,NA,NA,NA
2003,S,2003-04-24,JG,2,1,15,N,ONLE,F,A,22,Y,L,NA,NA,NA,NA,NA
2003,S,2003-04-24,JG,2,2,115,Y,DIOR,NA,NA,0,NA,NA,NA,NA,NA,NA,NA
2003,S,2003-04-24,JG,2,2,120,N,DIOR,NA,NA,0,NA,NA,Y,N,NA,NA,NA
2003,S,2003-04-24,JG,2,2,42,Y,DIOR,NA,NA,0,NA,NA,NA,NA,NA,NA,NA
2003,S,2003-04-24,JG,2,2,44,Y,ONLE,NA,NA,0,NA,NA,NA,NA,NA,NA,NA
2003,S,2003-04-24,JG,2,2,46,Y,DIOR,NA,NA,0,NA,NA,NA,NA,NA,NA,NA
2003,S,2003-04-24,JG,2,3,115,N,DIOR,F,A,49,Y,L,NA,NA,NA,NA,NA
2003,S,2003-04-24,JG,2,3,41,Y,DISP,NA,NA,0,NA,NA,NA,NA,NA,NA,NA
2003,S,2003-04-24,JG,2,3,45,N,DIOR,NA,NA,0,NA,NA,Y,N,NA,NA,NA
2003,S,2003-04-24,JG,2,3,36,Y,DIOR,NA,NA,0,NA,NA,NA,NA,NA,NA,NA
2003,S,2003-04-25,JG,3,1,71,Y,DIOR,NA,NA,0,NA,NA,NA,NA,NA,NA,NA
2003,S,2003-04-25,JG,3,1,70,Y,DIOR,NA,NA,0,NA,NA,NA,NA,NA,NA,NA
2003,S,2003-04-25,JG,3,1,12,N,DIOR,M,A,40,Y,S,NA,NA,NA,NA,NA
2003,S,2003-04-25,JG,3,1,11,Y,ONLE,NA,NA,0,NA,NA,NA,NA,NA,NA,NA
2003,S,2003-04-25,JG,3,1,9,Y,DIOR,NA,NA,0,NA,NA,NA,NA,NA,NA,NA
2003,S,2003-04-25,JG,3,1,4,Y,DISP,NA,NA,0,NA,NA,NA,NA,NA,NA,NA
2003,S,2003-04-25,JG,3,1,115,Y,DIOR,NA,NA,0,NA,NA,NA,NA,NA,NA,NA
2003,S,2003-04-25,JG,3,2,22,N,DIOR,M,A,0,Y,S,Y,M,NA,NA,NA
2003,S,2003-04-25,JG,3,2,35,Y,DIOR,NA,NA,0,NA,NA,NA,NA,NA,NA,NA
2003,S,2003-04-25,JG,3,2,43,Y,DIOR,NA,NA,0,NA,NA,NA,NA,NA,NA,NA
2003,S,2003-04-25,JG,3,2,47,Y,DIOR,NA,NA,0,NA,NA,NA,NA,NA,NA,NA
2003,S,2003-04-25,JG,3,2,48,Y,DISP,NA,NA,0,NA,NA,NA,NA,NA,NA,NA
2003,S,2003-04-25,JG,3,3,136,Y,DIOR,NA,NA,0,NA,NA,NA,NA,NA,NA,NA
2003,S,2003-04-25,JG,3,3,139,Y,DIOR,NA,NA,0,NA,NA,NA,NA,NA,NA,NA
2003,S,2003-04-25,JG,3,3,143,Y,DIOR,NA,NA,0,NA,NA,NA,NA,NA,NA,NA
2003,S,2003-04-25,JG,3,3,144,N,DIOR,F,A,0,Y,L,Y,M,NA,NA,NA
2003,S,2003-04-25,JG,3,3,10,Y,DIOR,NA,NA,0,NA,NA,NA,NA,NA,NA,NA
2004,S,2004-04-20,JG,1,1,77,N,CHPE,M,A,16,N,NA,NA,NA,NA,NA,NA
2004,S,2004-04-20,JG,1,1,79,N,DIOR,M,A,52,Y,S,NA,NA,NA,NA,NA
2004,S,2004-04-20,JG,1,1,80,N,DIOR,M,A,60,Y,S,NA,NA,NA,NA,NA
2004,S,2004-04-20,JG,1,1,131,N,CHPE,M,A,15,N,NA,NA,NA,NA,NA,NA
2004,S,2004-04-20,JG,1,2,63,N,DIOR,F,A,48,Y,V,NA,NA,NA,NA,NA
2004,S,2004-04-20,JG,1,2,66,N,CHPE,M,A,16,Y,PS,NA,NA,NA,NA,NA
2004,S,2004-04-20,JG,1,2,67,N,DIOR,M,A,56,Y,PS,NA,NA,NA,NA,NA
2004,S,2004-04-20,JG,1,2,48,N,CHPE,M,A,19,Y,PS,NA,NA,NA,NA,NA
2004,S,2004-04-20,JG,1,2,47,N,CHPE,F,A,16,Y,P;V,NA,NA,NA,NA,NA
2004,S,2004-04-20,JG,1,2,45,N,CHPE,F,A,16,Y,P,NA,NA,NA,NA,NA
2004,S,2004-04-20,JG,1,2,41,N,DIOR,M,A,60,Y,S,NA,NA,NA,NA,NA
2004,S,2004-04-20,JG,1,3,70,N,DIOR,M,A,60,Y,S,NA,NA,NA,NA,NA
2004,S,2004-04-20,JG,1,3,71,N,DIOR,F,A,48,Y,L,NA,NA,NA,NA,NA
2004,S,2004-04-20,JG,1,3,59,N,ONLE,M,A,35,Y,S,NA,NA,NA,NA,NA
2004,S,2004-04-20,JG,1,3,39,N,DISP,M,A,129,Y,S,NA,NA,NA,3,NA
2004,S,2004-04-21,JG,2,1,102,Y,CHPE,NA,NA,0,NA,NA,NA,NA,NA,NA,NA
2004,S,2004-04-21,JG,2,1,103,Y,CHPE,NA,NA,0,NA,NA,NA,NA,NA,NA,NA
2004,S,2004-04-21,JG,2,1,104,Y,DIOR,NA,NA,0,NA,NA,NA,NA,NA,NA,NA
2004,S,2004-04-21,JG,2,1,107,Y,DIOR,NA,NA,0,NA,NA,NA,NA,NA,NA,NA
2004,S,2004-04-21,JG,2,1,108,Y,DIOR,NA,NA,0,NA,NA,NA,NA,NA,NA,NA
2004,S,2004-04-21,JG,2,1,128,Y,DIOR,NA,NA,0,NA,NA,NA,NA,NA,NA,NA
2004,S,2004-04-21,JG,2,1,130,Y,DIOR,NA,NA,0,NA,NA,NA,NA,NA,NA,NA
2004,S,2004-04-21,JG,2,1,131,N,DIOR,F,A,0,N,NA,Y,M,NA,NA,NA
2004,S,2004-04-21,JG,2,2,111,NA,CHPE,NA,NA,0,NA,NA,Y,U,NA,NA,NA
2004,S,2004-04-21,JG,2,2,28,Y,DIOR,NA,NA,0,NA,NA,NA,NA,NA,5,NA
2004,S,2004-04-21,JG,2,2,35,N,DIOR,F,A,57,Y,P,NA,NA,NA,NA,NA
2004,S,2004-04-21,JG,2,2,22,Y,DIOR,NA,NA,0,NA,NA,NA,NA,NA,NA,NA
2004,S,2004-04-21,JG,2,2,21,Y,DIOR,NA,NA,0,NA,NA,NA,NA,NA,NA,NA
2004,S,2004-04-21,JG,2,2,46,Y,CHPE,NA,NA,0,NA,NA,NA,NA,NA,NA,NA
2004,S,2004-04-21,JG,2,2,48,N,CHPE,M,A,18,Y,S,NA,NA,NA,NA,NA
2004,S,2004-04-21,JG,2,2,92,Y,DIOR,NA,NA,0,NA,NA,NA,NA,NA,NA,NA
2004,S,2004-04-21,JG,2,2,93,Y,DIOR,NA,NA,0,NA,NA,NA,NA,NA,NA,NA
2004,S,2004-04-21,JG,2,3,95,N,DIOR,F,A,62,Y,L,NA,NA,NA,NA,NA
2004,S,2004-04-21,JG,2,3,60,N,DISP,F,A,127,Y,L,NA,NA,NA,NA,NA
2004,S,2004-04-21,JG,2,3,71,Y,DIOR,NA,NA,0,NA,NA,NA,NA,NA,NA,NA
2004,S,2004-04-21,JG,2,3,70,Y,DIOR,NA,NA,0,NA,NA,NA,NA,NA,NA,NA
2004,S,2004-04-21,JG,2,3,36,N,CHPE,M,A,16,Y,S,NA,NA,NA,NA,NA
2004,S,2004-04-22,JG,3,1,70,Y,DIOR,NA,NA,0,NA,NA,NA,NA,NA,NA,NA
2004,S,2004-04-22,JG,3,1,67,Y,DIOR,NA,NA,0,NA,NA,NA,NA,NA,NA,NA
2004,S,2004-04-22,JG,3,1,66,Y,DISP,NA,NA,0,NA,NA,NA,NA,NA,4,NA
2004,S,2004-04-22,JG,3,1,48,Y,DIOR,NA,NA,0,NA,NA,NA,NA,NA,NA,NA
2004,S,2004-04-22,JG,3,1,33,Y,DIOR,NA,NA,0,NA,NA,NA,NA,NA,NA,NA
2004,S,2004-04-22,JG,3,1,137,Y,DIOR,NA,NA,0,NA,NA,NA,NA,NA,NA,NA
2004,S,2004-04-22,JG,3,2,105,Y,DIOR,NA,NA,0,NA,NA,NA,NA,NA,6,NA
2004,S,2004-04-22,JG,3,2,96,Y,DIOR,NA,NA,0,NA,NA,NA,NA,NA,NA,NA
2004,S,2004-04-22,JG,3,2,94,Y,DIOR,NA,NA,0,NA,NA,NA,NA,NA,NA,NA
2004,S,2004-04-22,JG,3,2,108,N,CHPE,M,A,14,N,NA,NA,NA,NA,NA,NA
2004,S,2004-04-22,JG,3,2,93,Y,DIOR,NA,NA,0,NA,NA,NA,NA,NA,NA,NA
2004,S,2004-04-22,JG,3,2,92,Y,DIOR,NA,NA,0,NA,NA,NA,NA,NA,NA,NA
2004,S,2004-04-22,JG,3,2,90,Y,DISP,NA,NA,0,NA,NA,NA,NA,NA,NA,NA
2004,S,2004-04-22,JG,3,2,89,Y,DIOR,NA,NA,0,NA,NA,NA,NA,NA,NA,NA
2004,S,2004-04-22,JG,3,2,72,Y,DIOR,NA,NA,0,NA,NA,NA,NA,NA,NA,NA
2004,S,2004-04-22,JG,3,2,70,N,PGFL,M,A,8,Y,S,NA,NA,NA,NA,NA
2004,S,2004-04-22,JG,3,3,95,Y,DIOR,NA,NA,0,NA,NA,NA,NA,NA,NA,NA
2004,S,2004-04-22,JG,3,3,94,Y,DIOR,NA,NA,0,NA,NA,NA,NA,NA,NA,NA
2004,S,2004-04-22,JG,3,3,92,Y,DIOR,NA,NA,0,NA,NA,NA,NA,NA,2,NA
2004,S,2004-04-22,JG,3,3,12,Y,CHPE,NA,NA,0,NA,NA,NA,NA,NA,NA,NA
2004,S,2004-04-22,JG,3,3,22,N,SPSP,M,A,100,Y,S,NA,NA,NA,NA,NA
2004,S,2004-04-22,JG,3,3,24,N,PGFL,F,A,8,Y,P,NA,NA,NA,NA,NA
2004,S,2004-04-20,JG,1,1,108,N,DIOR,F,A,52,Y,L,NA,NA,NA,NA,NA
2004,S,2004-04-20,JG,1,1,127,N,DIOR,M,A,48,Y,S,NA,NA,NA,NA,NA
2004,S,2004-04-20,JG,1,1,132,N,ONLE,M,A,35,Y,S,NA,NA,NA,NA,NA
2004,S,2004-04-20,JG,1,2,108,N,DIOR,M,A,48,Y,S,NA,NA,NA,2,NA
2004,S,2004-04-20,JG,1,2,94,N,DIME,M,A,46,Y,S,NA,NA,NA,NA,NA
2004,S,2004-04-20,JG,1,2,93,N,DIOR,M,A,51,Y,S,NA,NA,NA,NA,NA
2004,S,2004-04-20,JG,1,3,93,N,DIOR,M,A,0,Y,S,Y,M,NA,NA,NA
2004,S,2004-04-20,JG,1,3,83,N,DIOR,M,A,50,Y,PS,NA,NA,NA,NA,NA
2004,S,2004-04-20,JG,1,3,23,N,CHPE,M,A,17,Y,S,NA,NA,NA,NA,NA
2004,S,2004-04-20,JG,1,3,24,N,PGFL,M,A,8,N,NA,NA,NA,NA,NA,NA
2004,S,2004-04-21,JG,2,1,77,N,DIOR,M,A,55,Y,PS,NA,NA,NA,NA,NA
2004,S,2004-04-21,JG,2,1,92,N,DIOR,F,A,45,Y,V,NA,NA,NA,NA,NA
2004,S,2004-04-21,JG,2,1,132,Y,CHPE,NA,NA,0,NA,NA,NA,NA,NA,NA,NA
2004,S,2004-04-21,JG,2,2,108,Y,DIOR,NA,NA,0,NA,NA,NA,NA,NA,NA,NA
2004,S,2004-04-21,JG,2,2,88,Y,DIOR,NA,NA,0,NA,NA,NA,NA,NA,NA,NA
2004,S,2004-04-21,JG,2,2,89,N,DISP,F,A,130,N,NA,NA,NA,NA,NA,NA
2004,S,2004-04-21,JG,2,2,90,Y,DISP,NA,NA,0,NA,NA,NA,NA,NA,NA,NA
2004,S,2004-04-21,JG,2,3,79,Y,DIOR,NA,NA,0,NA,NA,NA,NA,NA,NA,NA
2004,S,2004-04-21,JG,2,3,78,N,DIOR,F,A,54,Y,L;V,NA,NA,NA,NA,NA
2004,S,2004-04-21,JG,2,3,41,Y,DISP,NA,NA,0,NA,NA,NA,NA,NA,4,NA
2004,S,2004-04-22,JG,3,1,58,Y,ONLE,NA,NA,0,NA,NA,NA,NA,NA,NA,NA
2004,S,2004-04-22,JG,3,1,57,N,SPSP,F,A,127,Y,P,NA,NA,NA,NA,NA
2004,S,2004-04-22,JG,3,1,22,Y,DIOR,NA,NA,0,NA,NA,NA,NA,NA,NA,NA
2004,S,2004-04-22,JG,3,1,24,Y,CHPE,NA,NA,0,NA,NA,NA,NA,NA,NA,NA
2004,S,2004-04-22,JG,3,1,12,Y,DIOR,NA,NA,0,NA,NA,NA,NA,NA,NA,NA
2004,S,2004-04-22,JG,3,2,144,Y,DIOR,NA,NA,0,NA,NA,NA,NA,NA,NA,NA
2004,S,2004-04-22,JG,3,2,139,Y,DIOR,NA,NA,0,NA,NA,NA,NA,NA,NA,NA
2004,S,2004-04-22,JG,3,2,47,Y,DIOR,NA,NA,0,NA,NA,NA,NA,NA,NA,NA
2004,S,2004-04-22,JG,3,2,48,Y,CHPE,NA,NA,0,NA,NA,NA,NA,NA,NA,NA
2004,S,2004-04-22,JG,3,2,58,Y,DIOR,NA,NA,0,NA,NA,NA,NA,NA,NA,NA
2004,S,2004-04-22,JG,3,3,135,Y,SPSP,NA,NA,0,NA,NA,NA,NA,NA,NA,NA
2004,S,2004-04-22,JG,3,3,137,Y,CHPE,NA,NA,0,NA,NA,NA,NA,NA,NA,NA
2004,S,2004-04-22,JG,3,3,143,Y,DIOR,NA,NA,0,NA,NA,NA,NA,NA,NA,NA
2004,S,2004-04-22,JG,3,3,2,NA,DISP,NA,NA,0,NA,NA,Y,N,NA,NA,NA
2004,S,2004-04-22,JG,3,3,1,N,DIOR,F,A,45,N,NA,NA,NA,NA,NA,NA
2004,S,2004-04-20,JG,1,1,70,N,DIOR,M,A,58,Y,S,NA,NA,NA,NA,NA
2004,S,2004-04-20,JG,1,1,68,N,DIOR,F,A,55,N,NA,NA,NA,NA,NA,NA
2004,S,2004-04-20,JG,1,1,67,N,DIOR,F,A,75,Y,P,NA,NA,NA,NA,NA
2004,S,2004-04-20,JG,1,1,50,N,DISP,NA,NA,0,NA,NA,Y,U,NA,NA,NA
2004,S,2004-04-20,JG,1,1,54,N,DISP,NA,J,78,N,NA,NA,NA,NA,NA,NA
2004,S,2004-04-20,JG,1,1,55,N,DISP,M,A,164,N,NA,NA,NA,NA,NA,NA
2004,S,2004-04-20,JG,1,1,57,N,ONLE,F,A,42,Y,P,NA,NA,NA,NA,NA
2004,S,2004-04-20,JG,1,1,31,N,DIOR,F,A,50,N,NA,NA,NA,NA,1,NA
2004,S,2004-04-20,JG,1,1,33,N,DIOR,M,A,60,Y,S,NA,NA,NA,NA,NA
2004,S,2004-04-20,JG,1,1,34,N,CHPE,M,A,0,N,NA,Y,M,NA,NA,NA
2004,S,2004-04-20,JG,1,1,17,N,CHPE,M,A,18,Y,S,NA,NA,NA,NA,NA
2004,S,2004-04-20,JG,1,1,10,N,DIOR,M,A,59,Y,S,NA,NA,NA,NA,NA
2004,S,2004-04-20,JG,1,1,12,N,DIOR,M,A,56,Y,S,NA,NA,NA,NA,NA
2004,S,2004-04-20,JG,1,1,141,N,DIOR,F,A,52,N,NA,NA,NA,NA,NA,NA
2004,S,2004-04-20,JG,1,1,136,N,CHPE,F,A,11,N,NA,NA,NA,NA,NA,NA
2004,S,2004-04-20,JG,1,2,131,N,DIOR,M,A,49,Y,PS,NA,NA,NA,NA,NA
2004,S,2004-04-20,JG,1,2,129,N,DIOR,M,A,59,Y,S,NA,NA,NA,NA,NA
2004,S,2004-04-20,JG,1,2,128,N,SPSP,M,A,100,Y,S,NA,NA,NA,NA,NA
2004,S,2004-04-20,JG,1,2,141,N,DIOR,F,A,64,Y,P,NA,NA,NA,NA,NA
2004,S,2004-04-20,JG,1,2,144,N,SPSP,NA,NA,0,NA,NA,Y,U,NA,NA,NA
2004,S,2004-04-20,JG,1,2,23,N,DIOR,M,A,59,Y,S,NA,NA,NA,NA,NA
2004,S,2004-04-20,JG,1,2,22,N,DIOR,F,A,46,Y,V,NA,NA,NA,NA,NA
2004,S,2004-04-20,JG,1,2,90,N,DISP,M,A,160,Y,S,NA,NA,NA,NA,NA
2004,S,2004-04-20,JG,1,2,92,N,DIOR,M,A,55,Y,S,NA,NA,NA,NA,NA
2004,S,2004-04-20,JG,1,3,101,N,DIME,M,A,65,Y,S,NA,NA,NA,NA,NA
2004,S,2004-04-20,JG,1,3,113,N,CHPE,M,A,18,Y,PS,NA,NA,NA,NA,NA
2004,S,2004-04-20,JG,1,3,118,N,CHPE,M,A,20,Y,S,NA,NA,NA,NA,NA
2004,S,2004-04-20,JG,1,3,130,N,PGFL,F,A,7,N,NA,NA,NA,NA,NA,NA
2004,S,2004-04-20,JG,1,3,139,N,DIOR,M,A,56,Y,S,NA,NA,NA,NA,NA
2004,S,2004-04-20,JG,1,3,143,N,CHPE,M,A,17,N,NA,NA,NA,NA,NA,NA
2004,S,2004-04-21,JG,2,1,70,Y,DIOR,NA,NA,0,NA,NA,NA,NA,NA,NA,NA
2004,S,2004-04-21,JG,2,1,68,N,CHPE,M,A,14,N,NA,NA,NA,NA,NA,NA
2004,S,2004-04-21,JG,2,1,67,Y,DIOR,NA,NA,0,NA,NA,NA,NA,NA,NA,NA
2004,S,2004-04-21,JG,2,1,50,Y,CHPE,NA,NA,0,NA,NA,NA,NA,NA,NA,NA
2004,S,2004-04-21,JG,2,1,54,N,DISP,NA,J,80,N,NA,NA,NA,NA,NA,NA
2004,S,2004-04-21,JG,2,1,48,N,DIOR,M,A,45,N,NA,NA,NA,NA,2,NA
2004,S,2004-04-21,JG,2,1,27,Y,ONLE,NA,NA,0,NA,NA,NA,NA,NA,NA,NA
2004,S,2004-04-21,JG,2,1,33,Y,DIOR,NA,NA,0,NA,NA,NA,NA,NA,NA,NA
2004,S,2004-04-21,JG,2,1,4,Y,DISP,NA,NA,0,NA,NA,NA,NA,NA,NA,NA
2004,S,2004-04-21,JG,2,1,7,Y,DIOR,NA,NA,0,NA,NA,NA,NA,NA,NA,NA
2004,S,2004-04-21,JG,2,1,10,Y,DIOR,NA,NA,0,NA,NA,NA,NA,NA,NA,NA
2004,S,2004-04-21,JG,2,1,11,Y,DIOR,NA,NA,0,NA,NA,NA,NA,NA,NA,NA
2004,S,2004-04-21,JG,2,2,132,Y,DIOR,NA,NA,0,NA,NA,NA,NA,NA,NA,NA
2004,S,2004-04-21,JG,2,2,130,Y,DIOR,NA,NA,0,NA,NA,NA,NA,NA,NA,NA
2004,S,2004-04-21,JG,2,2,134,N,DIOR,M,A,63,Y,S,NA,NA,NA,NA,NA
2004,S,2004-04-21,JG,2,2,138,N,DIOR,F,A,60,N,NA,NA,NA,NA,NA,NA
2004,S,2004-04-21,JG,2,2,141,N,DIOR,F,A,45,Y,V,NA,NA,NA,NA,NA
2004,S,2004-04-21,JG,2,2,143,Y,DIOR,NA,NA,0,NA,NA,NA,NA,NA,NA,NA
2004,S,2004-04-21,JG,2,2,69,Y,DIOR,NA,NA,0,NA,NA,NA,NA,NA,NA,NA
2004,S,2004-04-21,JG,2,2,72,N,DIOR,M,A,62,Y,S,NA,NA,NA,NA,NA
2004,S,2004-04-21,JG,2,2,145,N,DIOR,M,A,63,Y,S,NA,NA,NA,NA,NA
2004,S,2004-04-21,JG,2,3,101,N,CHPE,F,A,12,N,NA,NA,NA,NA,NA,NA
2004,S,2004-04-21,JG,2,3,110,Y,CHPE,NA,NA,0,NA,NA,NA,NA,NA,NA,NA
2004,S,2004-04-21,JG,2,3,120,Y,CHPE,NA,NA,0,NA,NA,NA,NA,NA,NA,NA
2004,S,2004-04-21,JG,2,3,131,Y,CHPE,NA,NA,0,NA,NA,NA,NA,NA,NA,NA
2004,S,2004-04-21,JG,2,3,22,Y,DIOR,NA,NA,0,NA,NA,NA,NA,NA,NA,NA
2004,S,2004-04-22,JG,3,1,90,Y,CHPE,NA,NA,0,NA,NA,NA,NA,NA,NA,NA
2004,S,2004-04-22,JG,3,1,108,Y,DIOR,NA,NA,0,NA,NA,NA,NA,NA,NA,NA
2004,S,2004-04-22,JG,3,1,106,Y,DISP,NA,NA,0,NA,NA,NA,NA,NA,NA,NA
2004,S,2004-04-22,JG,3,1,105,Y,DIOR,NA,NA,0,NA,NA,NA,NA,NA,NA,NA
2004,S,2004-04-22,JG,3,1,102,Y,CHPE,NA,NA,0,NA,NA,NA,NA,NA,NA,NA
2004,S,2004-04-22,JG,3,1,2,N,DISP,M,A,156,Y,PS,NA,NA,NA,NA,NA
2004,S,2004-04-22,JG,3,1,5,Y,DISP,NA,NA,0,NA,NA,NA,NA,NA,NA,NA
2004,S,2004-04-22,JG,3,2,131,N,CHPE,M,A,20,Y,S,NA,NA,NA,NA,NA
2004,S,2004-04-22,JG,3,2,129,Y,DIOR,NA,NA,0,NA,NA,NA,NA,NA,NA,NA
2004,S,2004-04-22,JG,3,2,125,Y,DIOR,NA,NA,0,NA,NA,NA,NA,NA,NA,NA
2004,S,2004-04-22,JG,3,2,124,Y,DIOR,NA,NA,0,NA,NA,NA,NA,NA,NA,NA
2004,S,2004-04-22,JG,3,2,4,N,CHPE,F,A,17,N,NA,NA,NA,NA,NA,NA
2004,S,2004-04-22,JG,3,2,22,Y,ONLE,NA,NA,0,NA,NA,NA,NA,NA,NA,NA
2004,S,2004-04-22,JG,3,2,16,Y,DIOR,NA,NA,0,NA,NA,NA,NA,NA,NA,NA
2004,S,2004-04-22,JG,3,2,35,Y,DIOR,NA,NA,0,NA,NA,NA,NA,NA,NA,NA
2004,S,2004-04-22,JG,3,2,36,Y,DIOR,NA,NA,0,NA,NA,NA,NA,NA,NA,NA
2004,S,2004-04-22,JG,3,3,70,Y,DIOR,NA,NA,0,NA,NA,NA,NA,NA,NA,NA
2004,S,2004-04-22,JG,3,3,71,N,SPSP,M,A,95,Y,S,NA,NA,NA,NA,NA
2004,S,2004-04-22,JG,3,3,72,Y,DIOR,NA,NA,0,NA,NA,NA,NA,NA,NA,NA
2004,S,2004-04-22,JG,3,3,60,N,DIOR,F,A,59,Y,P,NA,NA,NA,NA,NA
2004,S,2004-04-22,JG,3,3,59,Y,DISP,NA,NA,0,NA,NA,NA,NA,NA,NA,NA
2004,S,2004-04-22,JG,3,3,38,N,DISP,M,A,146,Y,S,NA,NA,NA,NA,NA
2004,S,2004-04-22,JG,3,3,42,Y,DISP,NA,NA,0,NA,NA,NA,NA,NA,NA,NA
2005,S,2005-04-12,JG,1,1,3,N,CHPE,F,A,15,N,NA,NA,NA,NA,NA,NA
2005,S,2005-04-12,JG,1,1,56,N,DIOR,NA,J,30,N,NA,NA,NA,NA,NA,NA
2005,S,2005-04-12,JG,1,2,58,N,CHPE,F,A,15,N,NA,NA,NA,NA,NA,NA
2005,S,2005-04-12,JG,1,3,135,N,CHPE,F,A,16,N,NA,NA,NA,NA,NA,NA
2005,S,2005-04-12,JG,1,3,24,N,CHPE,M,A,14,N,NA,NA,NA,NA,NA,NA
2005,S,2005-04-12,JG,1,1,1,N,DISP,M,A,160,Y,PS,NA,NA,NA,NA,NA
2005,S,2005-04-12,JG,1,1,11,N,DIOR,F,A,62,Y,L,NA,NA,NA,NA,NA
2005,S,2005-04-12,JG,1,1,24,N,DISP,F,A,160,Y,L,NA,NA,NA,NA,NA
2005,S,2005-04-12,JG,1,1,49,N,DIOR,M,A,57,Y,S,NA,NA,NA,NA,NA
2005,S,2005-04-12,JG,1,1,51,N,DISP,M,A,180,Y,PS,NA,NA,NA,NA,NA
2005,S,2005-04-12,JG,1,1,59,N,DIOR,M,A,55,Y,S,NA,NA,NA,NA,NA
2005,S,2005-04-12,JG,1,1,72,N,DIOR,F,A,64,Y,L,NA,NA,NA,NA,NA
2005,S,2005-04-12,JG,1,1,65,N,DIOR,F,A,61,Y,L,NA,NA,NA,NA,NA
2005,S,2005-04-12,JG,1,2,47,N,DISP,M,A,155,Y,S,NA,NA,NA,NA,NA
2005,S,2005-04-12,JG,1,2,48,N,CHPE,M,A,20,Y,PS,NA,NA,NA,NA,NA
2005,S,2005-04-12,JG,1,2,60,N,DIOR,M,A,58,Y,S,NA,NA,NA,NA,NA
2005,S,2005-04-12,JG,1,2,72,N,DIOR,F,A,64,Y,L,NA,NA,NA,NA,NA
2005,S,2005-04-12,JG,1,3,12,N,CHPE,M,A,16,Y,S,NA,NA,NA,NA,NA
2005,S,2005-04-12,JG,1,3,10,N,CHPE,M,A,15,Y,S,NA,NA,NA,NA,NA
2005,S,2005-04-12,JG,1,3,16,N,ONLE,M,A,48,Y,S,NA,NA,NA,NA,NA
2005,S,2005-04-12,JG,1,3,23,N,CHPE,F,A,17,Y,L,NA,NA,NA,NA,NA
2005,S,2005-04-12,JG,1,3,36,N,DIOR,M,A,62,Y,S,NA,NA,NA,NA,NA
2005,S,2005-04-13,JG,2,1,97,N,CHPE,M,A,17,N,NA,NA,NA,NA,NA,NA
2005,S,2005-04-13,JG,2,2,58,N,CHPE,M,A,18,N,NA,NA,NA,NA,NA,NA
2005,S,2005-04-13,JG,2,3,23,N,DIOR,M,A,55,N,NA,NA,NA,NA,NA,NA
2005,S,2005-04-13,JG,2,3,65,N,PGFL,M,A,8,N,NA,NA,NA,NA,NA,NA
2005,S,2005-04-13,JG,2,1,36,N,SPSP,M,A,104,Y,S,NA,NA,NA,NA,NA
2005,S,2005-04-13,JG,2,2,44,N,CHPE,F,A,15,Y,V,NA,NA,NA,NA,NA
2005,S,2005-04-13,JG,2,2,56,N,DIOR,F,A,60,Y,L,NA,NA,NA,NA,NA
2005,S,2005-04-13,JG,2,2,53,N,DIOR,M,A,55,Y,S,NA,NA,NA,NA,NA
2005,S,2005-04-13,JG,2,2,22,N,DIOR,F,A,63,Y,L,NA,NA,NA,NA,NA
2005,S,2005-04-13,JG,2,3,84,N,DIOR,F,A,58,Y,L,NA,NA,NA,NA,NA
2005,S,2005-04-13,JG,2,2,45,N,DISP,NA,NA,0,NA,NA,Y,U,NA,NA,NA
2005,S,2005-04-13,JG,2,3,28,N,PGFL,NA,NA,0,NA,NA,Y,U,NA,NA,NA
2005,S,2005-04-13,JG,2,1,25,Y,CHPE,NA,NA,0,NA,NA,NA,NA,NA,NA,NA
2005,S,2005-04-13,JG,2,1,30,Y,DIOR,NA,NA,0,NA,NA,NA,NA,NA,NA,NA
2005,S,2005-04-13,JG,2,1,35,Y,DISP,NA,NA,0,NA,NA,NA,NA,NA,NA,NA
2005,S,2005-04-13,JG,2,1,101,Y,DIOR,NA,NA,0,NA,NA,NA,NA,NA,NA,NA
2005,S,2005-04-13,JG,2,1,102,Y,CHPE,NA,NA,0,NA,NA,NA,NA,NA,NA,NA
2005,S,2005-04-13,JG,2,2,48,Y,CHPE,NA,NA,0,NA,NA,NA,NA,NA,NA,NA
2005,S,2005-04-13,JG,2,3,19,Y,CHPE,NA,NA,0,NA,NA,NA,NA,NA,NA,NA
2005,S,2005-04-13,JG,2,3,22,Y,CHPE,NA,NA,0,NA,NA,NA,NA,NA,NA,NA
2005,S,2005-04-13,JG,2,3,36,Y,DIOR,NA,NA,0,NA,NA,NA,NA,NA,NA,NA
2005,S,2005-04-13,JG,2,3,70,Y,DIOR,NA,NA,0,NA,NA,NA,NA,NA,NA,NA
2005,S,2005-04-13,JG,2,3,72,Y,DIOR,NA,NA,0,NA,NA,NA,NA,NA,NA,NA
2005,S,2005-04-14,JG,3,2,79,N,CHPE,M,A,19,N,NA,NA,NA,NA,NA,NA
2005,S,2005-04-14,JG,3,3,65,N,PGFL,M,A,7,N,NA,NA,NA,NA,NA,NA
2005,S,2005-04-14,JG,3,1,32,N,SPSP,M,A,110,Y,S,NA,NA,NA,NA,NA
2005,S,2005-04-14,JG,3,2,70,N,DIOR,F,A,60,Y,L,NA,NA,NA,NA,NA
2005,S,2005-04-14,JG,3,1,25,Y,CHPE,NA,NA,0,NA,NA,NA,NA,NA,NA,NA
2005,S,2005-04-14,JG,3,1,31,Y,DIOR,NA,NA,0,NA,NA,NA,NA,NA,NA,NA
2005,S,2005-04-14,JG,3,1,34,Y,DIOR,NA,NA,0,NA,NA,NA,NA,NA,NA,NA
2005,S,2005-04-14,JG,3,1,7,Y,DISP,NA,NA,0,NA,NA,NA,NA,NA,NA,NA
2005,S,2005-04-14,JG,3,1,11,Y,DIOR,NA,NA,0,NA,NA,NA,NA,NA,NA,NA
2005,S,2005-04-14,JG,3,2,72,Y,DIOR,NA,NA,0,NA,NA,NA,NA,NA,NA,NA
2005,S,2005-04-14,JG,3,3,70,Y,DIOR,NA,NA,0,NA,NA,NA,NA,NA,NA,NA
2005,S,2005-04-14,JG,3,3,71,Y,DIOR,NA,NA,0,NA,NA,NA,NA,NA,NA,NA
2005,S,2005-04-14,JG,3,3,83,Y,DIOR,NA,NA,0,NA,NA,NA,NA,NA,NA,NA
2005,S,2005-04-12,JG,1,1,77,N,DIOR,M,A,55,Y,S,NA,NA,NA,NA,NA
2005,S,2005-04-12,JG,1,1,79,N,DIOR,M,A,47,Y,S,NA,NA,NA,NA,NA
2005,S,2005-04-12,JG,1,1,80,N,ONLE,F,A,37,N,NA,NA,NA,NA,NA,NA
2005,S,2005-04-12,JG,1,1,84,N,DIOR,F,A,56,Y,V,NA,NA,NA,NA,NA
2005,S,2005-04-12,JG,1,1,96,N,DIOR,F,A,41,N,NA,NA,NA,NA,2,NA
2005,S,2005-04-12,JG,1,1,108,N,DIOR,F,A,66,Y,P,NA,NA,NA,NA,NA
2005,S,2005-04-12,JG,1,2,143,N,DIOR,M,A,43,Y,S,NA,NA,NA,NA,NA
2005,S,2005-04-12,JG,1,2,90,N,DIOR,F,A,45,Y,L,NA,NA,NA,NA,NA
2005,S,2005-04-12,JG,1,2,65,N,DIOR,M,A,58,Y,S,NA,NA,NA,1,NA
2005,S,2005-04-12,JG,1,2,66,N,CHPE,M,A,14,Y,PS,NA,NA,NA,NA,NA
2005,S,2005-04-12,JG,1,3,112,N,CHPE,M,A,15,Y,PS,NA,NA,NA,NA,NA
2005,S,2005-04-12,JG,1,3,113,N,DIOR,M,A,40,Y,S,NA,NA,NA,NA,NA
2005,S,2005-04-12,JG,1,3,129,N,DIOR,F,A,51,N,NA,NA,NA,NA,NA,NA
2005,S,2005-04-12,JG,1,3,127,N,DIOR,M,A,66,Y,S,NA,NA,NA,NA,NA
2005,S,2005-04-12,JG,1,3,123,N,PGFL,M,A,7,N,NA,NA,NA,NA,NA,NA
2005,S,2005-04-12,JG,1,3,38,N,DIOR,M,A,53,Y,S,NA,NA,NA,NA,NA
2005,S,2005-04-12,JG,1,3,39,N,PGFL,F,A,7,N,NA,NA,NA,NA,1,NA
2005,S,2005-04-13,JG,2,1,73,Y,DIOR,NA,NA,0,NA,NA,NA,NA,NA,NA,NA
2005,S,2005-04-13,JG,2,1,95,Y,DIOR,NA,NA,0,NA,NA,NA,NA,NA,NA,NA
2005,S,2005-04-13,JG,2,1,85,Y,DIOR,NA,NA,0,NA,NA,NA,NA,NA,NA,NA
2005,S,2005-04-13,JG,2,1,108,Y,DIOR,NA,NA,0,NA,NA,NA,NA,NA,NA,NA
2005,S,2005-04-13,JG,2,2,89,Y,DIOR,NA,NA,0,NA,NA,NA,NA,NA,NA,NA
2005,S,2005-04-13,JG,2,2,90,N,DISP,NA,J,49,N,NA,NA,NA,NA,NA,NA
2005,S,2005-04-13,JG,2,2,94,N,DIOR,M,A,52,Y,S,NA,NA,NA,NA,NA
2005,S,2005-04-13,JG,2,2,96,N,DIOR,F,A,36,Y,V,NA,NA,NA,NA,NA
2005,S,2005-04-13,JG,2,2,35,N,DIOR,M,A,51,Y,S,NA,NA,NA,NA,NA
2005,S,2005-04-13,JG,2,2,36,N,CHPE,M,A,19,Y,PS,NA,NA,NA,NA,NA
2005,S,2005-04-13,JG,2,3,40,Y,PGFL,NA,NA,0,NA,NA,NA,NA,NA,3,NA
2005,S,2005-04-13,JG,2,3,42,Y,DISP,NA,NA,0,NA,NA,NA,NA,NA,NA,NA
2005,S,2005-04-13,JG,2,3,60,Y,DIOR,NA,NA,0,NA,NA,NA,NA,NA,NA,NA
2005,S,2005-04-13,JG,2,3,59,N,CHPE,M,A,11,N,NA,NA,NA,NA,NA,NA
2005,S,2005-04-13,JG,2,3,145,N,ONLE,M,A,25,N,NA,NA,NA,NA,NA,NA
2005,S,2005-04-14,JG,3,1,50,Y,CHPE,NA,NA,0,NA,NA,NA,NA,NA,NA,NA
2005,S,2005-04-14,JG,3,1,55,N,SPSP,M,A,120,N,NA,NA,NA,NA,NA,NA
2005,S,2005-04-14,JG,3,1,56,Y,DIOR,NA,NA,0,NA,NA,NA,NA,NA,6,NA
2005,S,2005-04-14,JG,3,1,57,N,SPSP,F,A,124,Y,L,NA,NA,NA,NA,NA
2005,S,2005-04-14,JG,3,1,60,Y,DIOR,NA,NA,0,NA,NA,NA,NA,NA,NA,NA
2005,S,2005-04-14,JG,3,1,143,Y,DIOR,NA,NA,0,NA,NA,NA,NA,NA,NA,NA
2005,S,2005-04-14,JG,3,2,109,Y,DIOR,NA,NA,0,NA,NA,NA,NA,NA,NA,NA
2005,S,2005-04-14,JG,3,2,114,Y,DIOR,NA,NA,0,NA,NA,NA,NA,NA,NA,NA
2005,S,2005-04-14,JG,3,2,116,Y,DIOR,NA,NA,0,NA,NA,NA,NA,NA,5,NA
2005,S,2005-04-14,JG,3,2,129,Y,DIOR,NA,NA,0,NA,NA,NA,NA,NA,NA,NA
2005,S,2005-04-14,JG,3,2,138,Y,DISP,NA,NA,0,NA,NA,NA,NA,NA,NA,NA
2005,S,2005-04-14,JG,3,2,144,Y,DIOR,NA,NA,0,NA,NA,NA,NA,NA,NA,NA
2005,S,2005-04-14,JG,3,2,9,Y,DIOR,NA,NA,0,NA,NA,NA,NA,NA,NA,NA
2005,S,2005-04-14,JG,3,2,6,N,DISP,M,A,163,Y,S,NA,NA,NA,NA,NA
2005,S,2005-04-14,JG,3,3,110,N,SIHI,NA,NA,0,NA,NA,Y,U,NA,NA,NA
2005,S,2005-04-14,JG,3,3,112,N,CHPE,M,A,15,Y,PS,NA,NA,NA,NA,NA
2005,S,2005-04-14,JG,3,3,115,Y,DIOR,NA,NA,0,NA,NA,NA,NA,NA,NA,NA
2005,S,2005-04-14,JG,3,3,118,Y,CHPE,NA,NA,0,NA,NA,NA,NA,NA,4,NA
2005,S,2005-04-14,JG,3,3,129,N,CHPE,F,A,14,N,NA,NA,NA,NA,NA,NA
2005,S,2005-04-14,JG,3,3,140,Y,DIOR,NA,NA,0,NA,NA,NA,NA,NA,NA,NA
2005,S,2005-04-14,JG,3,3,142,Y,DIOR,NA,NA,0,NA,NA,NA,NA,NA,NA,NA
2005,S,2005-04-14,JG,3,3,43,Y,DIOR,NA,NA,0,NA,NA,NA,NA,NA,NA,NA
2005,S,2005-04-14,JG,3,3,10,Y,CHPE,NA,NA,0,NA,NA,NA,NA,NA,NA,NA
2005,S,2005-04-12,JG,1,1,145,N,CHPE,M,A,18,Y,S,NA,NA,NA,NA,NA
2005,S,2005-04-12,JG,1,1,25,N,CHPE,F,A,14,N,NA,NA,NA,NA,NA,NA
2005,S,2005-04-12,JG,1,1,28,N,CHPE,M,A,18,N,NA,NA,NA,NA,NA,NA
2005,S,2005-04-12,JG,1,1,30,N,DIOR,F,A,55,Y,L,NA,NA,NA,NA,NA
2005,S,2005-04-12,JG,1,2,113,N,DIOR,M,A,64,Y,S,NA,NA,NA,NA,NA
2005,S,2005-04-12,JG,1,2,119,N,DIOR,F,A,0,Y,L,Y,M,NA,NA,NA
2005,S,2005-04-12,JG,1,2,131,N,DIOR,F,A,63,Y,P,NA,NA,NA,NA,NA
2005,S,2005-04-12,JG,1,3,95,N,ONLE,M,A,25,N,NA,NA,NA,NA,NA,NA
2005,S,2005-04-12,JG,1,3,30,N,DISP,M,A,0,Y,S,Y,M,NA,NA,NA
2005,S,2005-04-12,JG,1,3,134,N,DIOR,M,A,42,Y,S,NA,NA,NA,NA,NA
2005,S,2005-04-13,JG,2,1,145,Y,CHPE,NA,NA,0,NA,NA,NA,NA,NA,NA,NA
2005,S,2005-04-13,JG,2,1,132,N,PGFL,M,A,8,Y,S,NA,NA,NA,NA,NA
2005,S,2005-04-13,JG,2,1,121,Y,CHPE,NA,NA,0,NA,NA,NA,NA,NA,NA,NA
2005,S,2005-04-13,JG,2,1,144,Y,DIOR,NA,NA,0,NA,NA,NA,NA,NA,NA,NA
2005,S,2005-04-13,JG,2,2,111,N,ONLE,F,A,41,Y,L,NA,NA,NA,NA,NA
2005,S,2005-04-13,JG,2,2,114,N,DIOR,F,A,52,Y,L,NA,NA,NA,NA,NA
2005,S,2005-04-13,JG,2,2,120,N,DIOR,F,A,51,Y,L,NA,NA,NA,NA,NA
2005,S,2005-04-13,JG,2,2,130,Y,DIOR,NA,NA,0,NA,NA,NA,NA,NA,NA,NA
2005,S,2005-04-13,JG,2,3,88,N,CHPE,M,A,12,Y,PS,NA,NA,NA,NA,NA
2005,S,2005-04-13,JG,2,3,91,N,PGFL,M,A,9,Y,S,NA,NA,NA,NA,NA
2005,S,2005-04-13,JG,2,3,90,Y,DIOR,NA,NA,0,NA,NA,NA,NA,NA,NA,NA
2005,S,2005-04-13,JG,2,3,123,Y,DIOR,NA,NA,0,NA,NA,NA,NA,NA,NA,NA
2005,S,2005-04-13,JG,2,3,129,Y,DIOR,NA,NA,0,NA,NA,NA,NA,NA,NA,NA
2005,S,2005-04-14,JG,3,1,145,Y,CHPE,NA,NA,0,NA,NA,NA,NA,NA,NA,NA
2005,S,2005-04-14,JG,3,1,97,Y,CHPE,NA,NA,0,NA,NA,NA,NA,NA,NA,NA
2005,S,2005-04-14,JG,3,1,101,Y,DIOR,NA,NA,0,NA,NA,NA,NA,NA,NA,NA
2005,S,2005-04-14,JG,3,1,105,Y,DIOR,NA,NA,0,NA,NA,NA,NA,NA,NA,NA
2005,S,2005-04-14,JG,3,1,106,Y,DIOR,NA,NA,0,NA,NA,NA,NA,NA,NA,NA
2005,S,2005-04-14,JG,3,1,108,N,DIOR,NA,NA,0,NA,NA,Y,U,NA,NA,NA
2005,S,2005-04-14,JG,3,1,115,N,CHPE,M,A,12,Y,PS,NA,NA,NA,NA,NA
2005,S,2005-04-14,JG,3,2,92,Y,DIOR,NA,NA,0,NA,NA,NA,NA,NA,NA,NA
2005,S,2005-04-14,JG,3,2,94,Y,DIOR,NA,NA,0,NA,NA,NA,NA,NA,NA,NA
2005,S,2005-04-14,JG,3,2,106,Y,DISP,NA,NA,0,NA,NA,NA,NA,NA,NA,NA
2005,S,2005-04-14,JG,3,2,104,Y,DIOR,NA,NA,0,NA,NA,NA,NA,NA,NA,NA
2005,S,2005-04-14,JG,3,2,21,N,DIOR,NA,J,32,N,NA,NA,NA,NA,NA,NA
2005,S,2005-04-14,JG,3,3,88,Y,CHPE,NA,NA,0,NA,NA,NA,NA,NA,NA,NA
1999,S,1999-04-14,JG,1,3,95,N,DIOR,M,A,56,Y,S,NA,NA,NA,NA,NA
1999,S,1999-04-14,JG,1,3,94,N,DIOR,F,A,55,Y,L,NA,NA,NA,NA,NA
1999,S,1999-04-14,JG,1,3,93,N,DIOR,M,A,61,Y,S,NA,NA,NA,NA,NA
1999,S,1999-04-14,JG,1,3,67,N,DIOR,F,A,57,N,NA,NA,NA,NA,NA,NA
1999,S,1999-04-14,JG,1,3,71,N,DIOR,F,A,61,Y,P,NA,NA,NA,NA,NA
1999,S,1999-04-14,JG,1,3,72,N,DIOR,M,A,52,N,NA,NA,NA,NA,NA,NA
1999,S,1999-04-14,JG,1,3,58,N,DIOR,M,A,54,Y,S,NA,NA,NA,NA,NA
1999,S,1999-04-14,JG,1,3,34,N,ONLE,F,A,34,Y,L,NA,NA,NA,NA,NA
1999,S,1999-04-14,JG,1,3,11,N,DIOR,M,A,58,N,NA,NA,NA,NA,NA,NA
1999,S,1999-04-14,JG,1,3,23,N,DIOR,M,A,56,N,NA,NA,NA,NA,NA,NA
1999,S,1999-04-14,JG,1,2,48,N,DIOR,M,A,57,N,NA,NA,NA,NA,NA,NA
1999,S,1999-04-14,JG,1,2,46,N,DIOR,M,A,56,Y,S,NA,NA,NA,NA,NA
1999,S,1999-04-14,JG,1,2,45,N,DISP,M,A,142,N,NA,NA,NA,NA,NA,NA
1999,S,1999-04-14,JG,1,2,39,N,DIOR,M,A,54,Y,S,NA,NA,NA,NA,NA
1999,S,1999-04-14,JG,1,2,115,N,DIOR,M,A,46,N,NA,NA,NA,NA,NA,NA
1999,S,1999-04-14,JG,1,2,117,N,ONLE,F,A,35,N,NA,NA,NA,NA,NA,NA
1999,S,1999-04-14,JG,1,2,119,N,DIOR,F,A,49,N,NA,NA,NA,NA,NA,NA
1999,S,1999-04-14,JG,1,2,103,N,DIOR,M,A,48,N,NA,NA,NA,NA,NA,NA
1999,S,1999-04-14,JG,1,2,104,N,DISP,F,A,124,N,NA,NA,NA,NA,NA,NA
1999,S,1999-04-14,JG,1,2,105,N,DIOR,F,A,56,N,NA,NA,NA,NA,NA,NA
1999,S,1999-04-14,JG,1,2,108,N,DIOR,M,A,54,Y,S,NA,NA,NA,NA,NA
1999,S,1999-04-14,JG,1,1,24,N,DIOR,M,A,46,N,NA,NA,NA,NA,NA,NA
1999,S,1999-04-14,JG,1,1,36,N,DIOR,F,A,56,N,NA,NA,NA,NA,NA,NA
1999,S,1999-04-14,JG,1,1,34,N,DISP,M,A,150,N,NA,NA,NA,NA,NA,NA
1999,S,1999-04-14,JG,1,1,33,N,DIOR,M,A,56,Y,S,NA,NA,NA,NA,NA
1999,S,1999-04-14,JG,1,1,32,N,DIOR,M,A,53,Y,S,NA,NA,NA,NA,NA
1999,S,1999-04-14,JG,1,1,28,N,DIOR,M,A,55,Y,S,NA,NA,NA,NA,NA
1999,S,1999-04-14,JG,1,1,3,N,DIOR,F,A,49,N,NA,NA,NA,NA,NA,NA
1999,S,1999-04-14,JG,1,1,4,N,DIOR,M,A,46,Y,S,NA,NA,NA,NA,NA
1999,S,1999-04-14,JG,1,1,5,N,SPSP,F,A,94,N,NA,NA,NA,NA,NA,NA
1999,S,1999-04-14,JG,1,1,10,N,DIOR,F,A,48,Y,L,NA,NA,NA,NA,NA
1999,S,1999-04-15,JG,2,3,95,N,DIOR,M,A,57,N,NA,NA,NA,NA,NA,NA
1999,S,1999-04-15,JG,2,3,93,Y,DIOR,NA,NA,0,NA,NA,NA,NA,NA,NA,NA
1999,S,1999-04-15,JG,2,3,92,N,DIOR,F,A,52,Y,L,NA,NA,NA,NA,NA
1999,S,1999-04-15,JG,2,3,85,Y,DIOR,NA,NA,0,NA,NA,NA,NA,NA,NA,NA
1999,S,1999-04-15,JG,2,3,10,Y,DIOR,NA,NA,0,NA,NA,NA,NA,NA,NA,NA
1999,S,1999-04-15,JG,2,3,144,Y,DIOR,NA,NA,0,NA,NA,NA,NA,NA,NA,NA
1999,S,1999-04-15,JG,2,3,142,Y,DIOR,NA,NA,0,NA,NA,NA,NA,NA,NA,NA
1999,S,1999-04-15,JG,2,3,20,Y,DIOR,NA,NA,0,NA,NA,NA,NA,NA,NA,NA
1999,S,1999-04-15,JG,2,3,21,Y,DIOR,NA,NA,0,NA,NA,NA,NA,NA,NA,NA
1999,S,1999-04-15,JG,2,3,23,Y,DIOR,NA,NA,0,NA,NA,NA,NA,NA,NA,NA
1999,S,1999-04-15,JG,2,2,47,N,DISP,M,A,134,N,NA,NA,NA,NA,NA,NA
1999,S,1999-04-15,JG,2,2,46,Y,DIOR,NA,NA,0,NA,NA,NA,NA,NA,NA,NA
1999,S,1999-04-15,JG,2,2,56,N,NEAL,M,A,152,Y,S,NA,NA,NA,NA,NA
1999,S,1999-04-15,JG,2,2,58,Y,DIOR,NA,NA,0,NA,NA,NA,NA,NA,NA,NA
1999,S,1999-04-15,JG,2,2,72,N,DIOR,M,A,52,N,NA,NA,NA,NA,NA,NA
1999,S,1999-04-15,JG,2,2,71,N,DIOR,F,A,60,N,NA,NA,NA,NA,NA,NA
1999,S,1999-04-15,JG,2,2,64,Y,DIOR,NA,NA,0,NA,NA,NA,NA,NA,NA,NA
1999,S,1999-04-15,JG,2,2,63,Y,DIOR,NA,NA,0,NA,NA,NA,NA,NA,NA,NA
1999,S,1999-04-15,JG,2,2,62,Y,ONLE,NA,NA,0,NA,NA,NA,NA,NA,NA,NA
1999,S,1999-04-15,JG,2,1,145,Y,DIOR,NA,NA,0,NA,NA,NA,NA,NA,NA,NA
1999,S,1999-04-15,JG,2,1,80,NA,DIOR,NA,NA,0,NA,NA,Y,U,NA,NA,NA
1999,S,1999-04-15,JG,2,1,102,N,DIOR,NA,J,27,N,NA,NA,NA,NA,NA,NA
1999,S,1999-04-15,JG,2,1,106,Y,DIOR,NA,NA,0,NA,NA,NA,NA,NA,NA,NA
1999,S,1999-04-15,JG,2,1,108,Y,DIOR,NA,NA,0,NA,NA,NA,NA,NA,NA,NA
1999,S,1999-04-15,JG,2,1,120,N,DIOR,M,A,54,Y,S,NA,NA,NA,NA,NA
1999,S,1999-04-15,JG,2,1,119,N,SPSP,F,A,112,N,NA,NA,NA,NA,NA,NA
1999,S,1999-04-15,JG,2,1,116,N,DIOR,M,A,53,N,NA,NA,NA,NA,NA,NA
1999,S,1999-04-15,JG,2,1,4,Y,ONLE,NA,NA,0,NA,NA,NA,NA,NA,NA,NA
1999,S,1999-04-15,JG,2,1,9,Y,DIOR,NA,NA,0,NA,NA,NA,NA,NA,NA,NA
1999,S,1999-04-16,JG,3,3,83,Y,DISP,NA,NA,0,NA,NA,NA,NA,NA,NA,NA
1999,S,1999-04-16,JG,3,3,81,Y,DIOR,NA,NA,0,NA,NA,NA,NA,NA,NA,NA
1999,S,1999-04-16,JG,3,3,80,N,SPSP,M,A,82,N,NA,NA,NA,NA,NA,NA
1999,S,1999-04-16,JG,3,3,78,Y,DIOR,NA,NA,0,NA,NA,NA,NA,NA,NA,NA
1999,S,1999-04-16,JG,3,3,65,N,DIOR,M,A,53,N,NA,NA,NA,NA,NA,NA
1999,S,1999-04-16,JG,3,3,70,Y,DIOR,NA,NA,0,NA,NA,NA,NA,NA,NA,NA
1999,S,1999-04-16,JG,3,3,71,Y,DIOR,NA,NA,0,NA,NA,NA,NA,NA,NA,NA
1999,S,1999-04-16,JG,3,3,58,N,NEMI,NA,NA,0,NA,NA,Y,U,NA,NA,NA
1999,S,1999-04-16,JG,3,3,57,Y,DIOR,NA,NA,0,NA,NA,NA,NA,NA,NA,NA
1999,S,1999-04-16,JG,3,3,41,Y,DIOR,NA,NA,0,NA,NA,NA,NA,NA,NA,NA
1999,S,1999-04-16,JG,3,3,42,Y,DIOR,NA,NA,0,NA,NA,NA,NA,NA,NA,NA
1999,S,1999-04-16,JG,3,3,44,Y,DIOR,NA,NA,0,NA,NA,NA,NA,NA,NA,NA
1999,S,1999-04-16,JG,3,3,45,Y,DIOR,NA,NA,0,NA,NA,NA,NA,NA,NA,NA
1999,S,1999-04-16,JG,3,3,46,N,ONLE,F,A,42,Y,P,NA,NA,NA,NA,NA
1999,S,1999-04-16,JG,3,3,48,Y,DIOR,NA,NA,0,NA,NA,NA,NA,NA,NA,NA
1999,S,1999-04-16,JG,3,2,23,Y,DIOR,NA,NA,0,NA,NA,NA,NA,NA,NA,NA
1999,S,1999-04-16,JG,3,2,22,N,SPSP,M,A,128,Y,S,NA,NA,NA,NA,NA
1999,S,1999-04-16,JG,3,2,21,Y,SPSP,NA,NA,0,NA,NA,NA,NA,NA,NA,NA
1999,S,1999-04-16,JG,3,2,19,Y,NEAL,NA,NA,0,NA,NA,NA,NA,NA,NA,NA
1999,S,1999-04-16,JG,3,2,18,Y,DISP,NA,NA,0,NA,NA,NA,NA,NA,NA,NA
1999,S,1999-04-16,JG,3,2,17,Y,DIOR,NA,NA,0,NA,NA,NA,NA,NA,NA,NA
1999,S,1999-04-16,JG,3,2,4,N,ONLE,M,A,39,N,NA,NA,NA,NA,NA,NA
1999,S,1999-04-16,JG,3,2,5,Y,DIOR,NA,NA,0,NA,NA,NA,NA,NA,NA,NA
1999,S,1999-04-16,JG,3,2,10,N,DIOR,F,A,55,N,NA,NA,NA,NA,NA,NA
1999,S,1999-04-16,JG,3,2,144,Y,DIOR,NA,NA,0,NA,NA,NA,NA,NA,NA,NA
1999,S,1999-04-16,JG,3,2,143,N,SPSP,M,A,77,N,NA,NA,NA,NA,NA,NA
1999,S,1999-04-16,JG,3,2,141,N,DIOR,M,A,54,Y,S,NA,NA,NA,NA,NA
1999,S,1999-04-16,JG,3,2,140,Y,DIOR,NA,NA,0,NA,NA,NA,NA,NA,NA,NA
1999,S,1999-04-16,JG,3,2,139,Y,DIOR,NA,NA,0,NA,NA,NA,NA,NA,NA,NA
1999,S,1999-04-16,JG,3,2,130,N,DIOR,M,A,43,N,NA,NA,NA,NA,NA,NA
1999,S,1999-04-16,JG,3,2,132,N,DIOR,M,A,56,N,NA,NA,NA,NA,NA,NA
1999,S,1999-04-16,JG,3,1,48,N,DIOR,F,A,56,N,NA,NA,NA,NA,NA,NA
1999,S,1999-04-16,JG,3,1,46,Y,SPSP,NA,NA,0,NA,NA,NA,NA,NA,NA,NA
1999,S,1999-04-16,JG,3,1,25,Y,DIOR,NA,NA,0,NA,NA,NA,NA,NA,NA,NA
1999,S,1999-04-16,JG,3,1,28,Y,DIOR,NA,NA,0,NA,NA,NA,NA,NA,NA,NA
1999,S,1999-04-16,JG,3,1,29,N,ONLE,F,A,38,N,NA,NA,NA,NA,NA,NA
1999,S,1999-04-16,JG,3,1,30,Y,DIOR,NA,NA,0,NA,NA,NA,NA,NA,NA,NA
1999,S,1999-04-16,JG,3,1,31,Y,DIOR,NA,NA,0,NA,NA,NA,NA,NA,NA,NA
1999,S,1999-04-16,JG,3,1,32,N,SPSP,M,A,112,Y,S,NA,NA,NA,NA,NA
1999,S,1999-04-16,JG,3,1,34,Y,DIOR,NA,NA,0,NA,NA,NA,NA,NA,NA,NA
1999,S,1999-04-16,JG,3,1,36,Y,SPSP,NA,NA,0,NA,NA,NA,NA,NA,NA,NA
1999,S,1999-04-16,JG,3,1,9,Y,DIOR,NA,NA,0,NA,NA,NA,NA,NA,NA,NA
1999,S,1999-04-16,JG,3,1,10,Y,DIOR,NA,NA,0,NA,NA,NA,NA,NA,NA,NA
1999,S,1999-04-16,JG,3,1,12,Y,DIOR,NA,NA,0,NA,NA,NA,NA,NA,NA,NA
1999,S,1999-04-16,JG,3,1,144,Y,DIOR,NA,NA,0,NA,NA,NA,NA,NA,NA,NA
1999,S,1999-04-16,JG,3,1,140,Y,DIOR,NA,NA,0,NA,NA,NA,NA,NA,NA,NA
1999,S,1999-04-16,JG,3,1,49,Y,DIOR,NA,NA,0,NA,NA,NA,NA,NA,NA,NA
1999,S,1999-04-16,JG,3,1,50,Y,DIOR,NA,NA,0,NA,NA,NA,NA,NA,NA,NA
1999,S,1999-04-16,JG,3,1,54,Y,DISP,NA,NA,0,NA,NA,NA,NA,NA,NA,NA
1999,S,1999-04-16,JG,3,1,59,Y,DIOR,NA,NA,0,NA,NA,NA,NA,NA,NA,NA
1999,S,1999-04-14,JG,1,3,82,N,DISP,M,A,121,N,NA,NA,NA,NA,NA,NA
1999,S,1999-04-14,JG,1,3,80,N,DIOR,F,A,51,N,NA,NA,NA,NA,NA,NA
1999,S,1999-04-14,JG,1,3,78,N,DIOR,M,A,58,Y,S,NA,NA,NA,NA,NA
1999,S,1999-04-14,JG,1,3,77,N,DIOR,M,A,56,Y,S,NA,NA,NA,NA,NA
1999,S,1999-04-14,JG,1,3,37,N,DIOR,M,A,57,Y,S,NA,NA,NA,NA,NA
1999,S,1999-04-14,JG,1,3,41,N,DIOR,M,A,48,Y,S,NA,NA,NA,NA,NA
1999,S,1999-04-14,JG,1,3,42,N,DIOR,M,A,49,Y,S,NA,NA,NA,NA,NA
1999,S,1999-04-14,JG,1,3,44,N,SPSP,M,A,118,N,NA,NA,NA,NA,NA,NA
1999,S,1999-04-14,JG,1,3,45,N,DIOR,F,A,52,Y,L,NA,NA,NA,NA,NA
1999,S,1999-04-14,JG,1,3,48,N,DISP,F,A,136,N,NA,NA,NA,NA,NA,NA
1999,S,1999-04-14,JG,1,3,19,N,DIOR,M,A,51,Y,S,NA,NA,NA,NA,NA
1999,S,1999-04-14,JG,1,2,35,N,DIOR,M,A,56,Y,S,NA,NA,NA,NA,NA
1999,S,1999-04-14,JG,1,2,29,N,DIOR,M,A,53,Y,S,NA,NA,NA,NA,NA
1999,S,1999-04-14,JG,1,2,10,N,DIOR,NA,NA,0,NA,NA,Y,U,NA,NA,NA
1999,S,1999-04-14,JG,1,2,11,N,NEAL,F,A,182,N,NA,NA,NA,NA,NA,NA
1999,S,1999-04-14,JG,1,2,144,N,DIOR,M,A,54,Y,S,NA,NA,NA,NA,NA
1999,S,1999-04-14,JG,1,2,143,N,NEAL,M,A,205,N,NA,NA,NA,NA,NA,NA
1999,S,1999-04-14,JG,1,2,141,N,DIOR,F,A,52,N,NA,NA,NA,NA,NA,NA
1999,S,1999-04-14,JG,1,2,139,N,DIOR,F,A,51,N,NA,NA,NA,NA,NA,NA
1999,S,1999-04-14,JG,1,2,138,N,DIOR,M,A,54,N,NA,NA,NA,NA,NA,NA
1999,S,1999-04-14,JG,1,2,94,N,DIOR,M,A,56,Y,S,NA,NA,NA,NA,NA
1999,S,1999-04-14,JG,1,2,90,N,DIOR,M,A,55,N,NA,NA,NA,NA,NA,NA
1999,S,1999-04-14,JG,1,2,89,N,DIOR,F,A,53,N,NA,NA,NA,NA,NA,NA
1999,S,1999-04-14,JG,1,2,65,N,DIOR,F,A,56,Y,L,NA,NA,NA,NA,NA
1999,S,1999-04-14,JG,1,1,60,N,DIOR,M,A,57,N,NA,NA,NA,NA,NA,NA
1999,S,1999-04-14,JG,1,1,54,N,DISP,M,A,156,N,NA,NA,NA,NA,NA,NA
1999,S,1999-04-14,JG,1,1,53,N,DISP,F,A,154,Y,L,NA,NA,NA,NA,NA
1999,S,1999-04-14,JG,1,1,97,N,DIOR,F,A,57,N,NA,NA,NA,NA,NA,NA
1999,S,1999-04-14,JG,1,1,102,N,DIOR,M,A,54,Y,S,NA,NA,NA,NA,NA
1999,S,1999-04-14,JG,1,1,106,N,DIOR,M,A,59,N,NA,NA,NA,NA,NA,NA
1999,S,1999-04-14,JG,1,1,107,N,DIOR,F,A,52,N,NA,NA,NA,NA,NA,NA
1999,S,1999-04-14,JG,1,1,120,N,DIOR,M,A,58,N,NA,NA,NA,NA,NA,NA
1999,S,1999-04-14,JG,1,1,114,N,DIOR,F,A,51,N,NA,NA,NA,NA,NA,NA
1999,S,1999-04-14,JG,1,1,140,N,DIOR,M,A,60,Y,S,NA,NA,NA,NA,NA
1999,S,1999-04-14,JG,1,1,144,N,SPSP,M,A,108,N,NA,NA,NA,NA,NA,NA
1999,S,1999-04-15,JG,2,3,107,N,SPSP,M,A,0,N,NA,Y,M,NA,NA,NA
1999,S,1999-04-15,JG,2,3,101,Y,DIOR,NA,NA,0,NA,NA,NA,NA,NA,NA,NA
1999,S,1999-04-15,JG,2,3,126,Y,SPSP,NA,NA,0,NA,NA,NA,NA,NA,NA,NA
1999,S,1999-04-15,JG,2,3,127,N,DISP,M,A,122,N,NA,NA,NA,NA,NA,NA
1999,S,1999-04-15,JG,2,3,128,Y,DIOR,NA,NA,0,NA,NA,NA,NA,NA,NA,NA
1999,S,1999-04-15,JG,2,3,131,Y,DIOR,NA,NA,0,NA,NA,NA,NA,NA,NA,NA
1999,S,1999-04-15,JG,2,3,120,N,DIOR,M,A,52,Y,S,NA,NA,NA,NA,NA
1999,S,1999-04-15,JG,2,3,117,Y,DIOR,NA,NA,0,NA,NA,NA,NA,NA,NA,NA
1999,S,1999-04-15,JG,2,3,113,N,ONAR,M,A,38,N,NA,NA,NA,NA,NA,NA
1999,S,1999-04-15,JG,2,3,32,Y,ONAR,NA,NA,0,NA,NA,NA,NA,NA,NA,NA
1999,S,1999-04-15,JG,2,3,35,N,CHPE,F,A,14,N,NA,NA,NA,NA,NA,NA
1999,S,1999-04-15,JG,2,2,35,Y,DIOR,NA,NA,0,NA,NA,NA,NA,NA,NA,NA
1999,S,1999-04-15,JG,2,2,33,N,DIOR,M,A,59,Y,S,NA,NA,NA,NA,NA
1999,S,1999-04-15,JG,2,2,10,N,DISP,F,A,0,N,NA,Y,M,NA,NA,NA
1999,S,1999-04-15,JG,2,2,140,Y,DIOR,NA,NA,0,NA,NA,NA,NA,NA,NA,NA
1999,S,1999-04-15,JG,2,2,139,Y,DIOR,NA,NA,0,NA,NA,NA,NA,NA,NA,NA
1999,S,1999-04-15,JG,2,2,136,N,DIOR,F,A,56,N,NA,NA,NA,NA,NA,NA
1999,S,1999-04-15,JG,2,2,135,Y,DIOR,NA,NA,0,NA,NA,NA,NA,NA,NA,NA
1999,S,1999-04-15,JG,2,2,90,Y,DIOR,NA,NA,0,NA,NA,NA,NA,NA,NA,NA
1999,S,1999-04-15,JG,2,2,94,Y,DIOR,NA,NA,0,NA,NA,NA,NA,NA,NA,NA
1999,S,1999-04-15,JG,2,2,96,N,DIOR,M,A,56,N,NA,NA,NA,NA,NA,NA
1999,S,1999-04-15,JG,2,2,79,Y,DISP,NA,NA,0,NA,NA,NA,NA,NA,NA,NA
1999,S,1999-04-15,JG,2,2,83,N,DIOR,M,A,53,Y,S,NA,NA,NA,NA,NA
1999,S,1999-04-15,JG,2,1,60,N,DIOR,M,A,53,Y,S,NA,NA,NA,NA,NA
1999,S,1999-04-15,JG,2,1,59,N,SPSP,M,A,0,N,NA,Y,M,NA,NA,NA
1999,S,1999-04-15,JG,2,1,58,N,SPSP,M,A,118,Y,S,NA,NA,NA,NA,NA
1999,S,1999-04-15,JG,2,1,57,N,DIOR,M,A,55,N,NA,NA,NA,NA,NA,NA
1999,S,1999-04-15,JG,2,1,54,Y,DISP,NA,NA,0,NA,NA,NA,NA,NA,NA,NA
1999,S,1999-04-15,JG,2,1,53,Y,DISP,NA,NA,0,NA,NA,NA,NA,NA,NA,NA
1999,S,1999-04-15,JG,2,1,50,Y,DISP,NA,NA,0,NA,NA,NA,NA,NA,NA,NA
1999,S,1999-04-15,JG,2,1,49,Y,DIOR,NA,NA,0,NA,NA,NA,NA,NA,NA,NA
1999,S,1999-04-15,JG,2,1,122,Y,DIOR,NA,NA,0,NA,NA,NA,NA,NA,NA,NA
1999,S,1999-04-15,JG,2,1,123,N,DIOR,F,A,62,Y,V,NA,NA,NA,NA,NA
1999,S,1999-04-15,JG,2,1,127,Y,DIOR,NA,NA,0,NA,NA,NA,NA,NA,NA,NA
1999,S,1999-04-15,JG,2,1,128,Y,DIOR,NA,NA,0,NA,NA,NA,NA,NA,NA,NA
1999,S,1999-04-15,JG,2,1,130,Y,DIOR,NA,NA,0,NA,NA,NA,NA,NA,NA,NA
1999,S,1999-04-15,JG,2,1,131,N,DIOR,F,A,58,N,NA,NA,NA,NA,NA,NA
1999,S,1999-04-15,JG,2,1,132,N,SPSP,NA,J,63,N,NA,NA,NA,NA,NA,NA
1999,S,1999-04-16,JG,3,3,95,Y,DIOR,NA,NA,0,NA,NA,NA,NA,NA,NA,NA
1999,S,1999-04-16,JG,3,3,93,Y,DIOR,NA,NA,0,NA,NA,NA,NA,NA,NA,NA
1999,S,1999-04-16,JG,3,3,114,Y,DIOR,NA,NA,0,NA,NA,NA,NA,NA,NA,NA
1999,S,1999-04-16,JG,3,3,95,Y,DIOR,NA,NA,0,NA,NA,NA,NA,NA,NA,NA
1999,S,1999-04-16,JG,3,3,131,Y,DIOR,NA,NA,0,NA,NA,NA,NA,NA,NA,NA
1999,S,1999-04-16,JG,3,3,128,Y,DIOR,NA,NA,0,NA,NA,NA,NA,NA,NA,NA
1999,S,1999-04-16,JG,3,3,127,Y,DISP,NA,NA,0,NA,NA,NA,NA,NA,NA,NA
1999,S,1999-04-16,JG,3,3,126,Y,DISP,NA,NA,0,NA,NA,NA,NA,NA,NA,NA
1999,S,1999-04-16,JG,3,3,21,Y,CHPE,NA,NA,0,NA,NA,NA,NA,NA,NA,NA
1999,S,1999-04-16,JG,3,3,22,Y,DIOR,NA,NA,0,NA,NA,NA,NA,NA,NA,NA
1999,S,1999-04-16,JG,3,3,24,Y,SPSP,NA,NA,0,NA,NA,NA,NA,NA,NA,NA
1999,S,1999-04-16,JG,3,3,32,Y,DISP,NA,NA,0,NA,NA,NA,NA,NA,NA,NA
1999,S,1999-04-16,JG,3,2,33,N,DIOR,F,A,54,Y,L,NA,NA,NA,NA,NA
1999,S,1999-04-16,JG,3,2,58,Y,SPSP,NA,NA,0,NA,NA,NA,NA,NA,NA,NA
1999,S,1999-04-16,JG,3,2,72,Y,DIOR,NA,NA,0,NA,NA,NA,NA,NA,NA,NA
1999,S,1999-04-16,JG,3,2,67,Y,DIOR,NA,NA,0,NA,NA,NA,NA,NA,NA,NA
1999,S,1999-04-16,JG,3,2,66,Y,DIOR,NA,NA,0,NA,NA,NA,NA,NA,NA,NA
1999,S,1999-04-16,JG,3,2,65,Y,DIOR,NA,NA,0,NA,NA,NA,NA,NA,NA,NA
1999,S,1999-04-16,JG,3,2,107,Y,DISP,NA,NA,0,NA,NA,NA,NA,NA,NA,NA
1999,S,1999-04-16,JG,3,2,108,Y,NEAL,NA,NA,0,NA,NA,NA,NA,NA,NA,NA
1999,S,1999-04-16,JG,3,2,119,Y,DIOR,NA,NA,0,NA,NA,NA,NA,NA,NA,NA
1999,S,1999-04-16,JG,3,2,116,N,DIOR,M,A,54,Y,S,NA,NA,NA,NA,NA
1999,S,1999-04-16,JG,3,2,85,Y,DIOR,NA,NA,0,NA,NA,NA,NA,NA,NA,NA
1999,S,1999-04-16,JG,3,1,102,Y,DIOR,NA,NA,0,NA,NA,NA,NA,NA,NA,NA
1999,S,1999-04-16,JG,3,1,104,N,DIOR,M,A,53,N,NA,NA,NA,NA,NA,NA
1999,S,1999-04-16,JG,3,1,107,Y,DIOR,NA,NA,0,NA,NA,NA,NA,NA,NA,NA
1999,S,1999-04-16,JG,3,1,108,N,DIOR,F,A,54,Y,L,NA,NA,NA,NA,NA
1999,S,1999-04-16,JG,3,1,119,N,SPSP,M,A,102,Y,S,NA,NA,NA,NA,NA
1999,S,1999-04-16,JG,3,1,114,Y,DIOR,NA,NA,0,NA,NA,NA,NA,NA,NA,NA
1999,S,1999-04-16,JG,3,1,51,Y,DISP,NA,NA,0,NA,NA,NA,NA,NA,NA,NA
1999,S,1999-04-16,JG,3,1,58,N,SPSP,M,A,98,Y,S,NA,NA,NA,NA,NA
1999,S,1999-04-14,JG,1,3,107,N,DIOR,M,A,62,N,NA,NA,NA,NA,NA,NA
1999,S,1999-04-14,JG,1,3,98,N,DIOR,M,A,61,Y,S,NA,NA,NA,NA,NA
1999,S,1999-04-14,JG,1,3,131,N,DIOR,F,A,59,N,NA,NA,NA,NA,NA,NA
1999,S,1999-04-14,JG,1,3,128,N,DIOR,F,A,60,Y,L,NA,NA,NA,NA,NA
1999,S,1999-04-14,JG,1,3,126,N,DISP,F,A,138,Y,L,NA,NA,NA,NA,NA
1999,S,1999-04-14,JG,1,3,138,N,ONLE,F,A,36,Y,L,NA,NA,NA,NA,NA
1999,S,1999-04-14,JG,1,3,142,N,DIOR,M,A,65,Y,S,NA,NA,NA,NA,NA
1999,S,1999-04-14,JG,1,3,143,N,DIOR,F,A,56,Y,L,NA,NA,NA,NA,NA
1999,S,1999-04-14,JG,1,2,20,N,SPSP,F,A,110,N,NA,NA,NA,NA,NA,NA
1999,S,1999-04-14,JG,1,2,17,N,DIOR,F,A,57,Y,L,NA,NA,NA,NA,NA
1999,S,1999-04-14,JG,1,2,15,N,DISP,NA,NA,0,NA,NA,Y,U,NA,NA,NA
1999,S,1999-04-14,JG,1,2,56,N,DIOR,F,A,57,N,NA,NA,NA,NA,NA,NA
1999,S,1999-04-14,JG,1,2,58,N,DIOR,F,A,59,Y,L,NA,NA,NA,NA,NA
1999,S,1999-04-14,JG,1,2,68,N,DISP,F,A,138,N,NA,NA,NA,NA,NA,NA
1999,S,1999-04-14,JG,1,2,67,N,DIOR,M,A,60,Y,S,NA,NA,NA,NA,NA
1999,S,1999-04-14,JG,1,2,66,N,DIOR,F,A,58,Y,V,NA,NA,NA,NA,NA
1999,S,1999-04-14,JG,1,1,72,N,DIOR,F,A,57,N,NA,NA,NA,NA,NA,NA
1999,S,1999-04-14,JG,1,1,145,N,DIOR,M,A,63,Y,S,NA,NA,NA,NA,NA
1999,S,1999-04-14,JG,1,1,75,N,DIOR,NA,NA,0,NA,NA,Y,U,NA,NA,NA
1999,S,1999-04-14,JG,1,1,80,N,DIOR,F,A,58,N,NA,NA,NA,NA,NA,NA
1999,S,1999-04-14,JG,1,1,126,N,DIOR,M,A,63,Y,S,NA,NA,NA,NA,NA
1999,S,1999-04-14,JG,1,1,130,N,SPSP,M,A,110,Y,S,NA,NA,NA,NA,NA
1999,S,1999-04-14,JG,1,1,132,N,DIOR,M,A,58,Y,S,NA,NA,NA,NA,NA
1999,S,1999-04-15,JG,2,3,83,Y,DIOR,NA,NA,0,NA,NA,NA,NA,NA,NA,NA
1999,S,1999-04-15,JG,2,3,82,Y,DISP,NA,NA,0,NA,NA,NA,NA,NA,NA,NA
1999,S,1999-04-15,JG,2,3,78,Y,DIOR,NA,NA,0,NA,NA,NA,NA,NA,NA,NA
1999,S,1999-04-15,JG,2,3,70,N,DIOR,M,A,61,N,NA,NA,NA,NA,NA,NA
1999,S,1999-04-15,JG,2,3,71,Y,DIOR,NA,NA,0,NA,NA,NA,NA,NA,NA,NA
1999,S,1999-04-15,JG,2,3,72,Y,DIOR,NA,NA,0,NA,NA,NA,NA,NA,NA,NA
1999,S,1999-04-15,JG,2,3,57,Y,DIOR,NA,NA,0,NA,NA,NA,NA,NA,NA,NA
1999,S,1999-04-15,JG,2,3,41,Y,DIOR,NA,NA,0,NA,NA,NA,NA,NA,NA,NA
1999,S,1999-04-15,JG,2,3,44,Y,DIOR,NA,NA,0,NA,NA,NA,NA,NA,NA,NA
1999,S,1999-04-15,JG,2,3,45,Y,DIOR,NA,NA,0,NA,NA,NA,NA,NA,NA,NA
1999,S,1999-04-15,JG,2,3,46,N,DIOR,F,A,55,N,NA,NA,NA,NA,NA,NA
1999,S,1999-04-15,JG,2,3,48,Y,DISP,NA,NA,0,NA,NA,NA,NA,NA,NA,NA
1999,S,1999-04-15,JG,2,3,36,Y,SPSP,NA,NA,0,NA,NA,NA,NA,NA,NA,NA
1999,S,1999-04-15,JG,2,2,22,Y,DIOR,NA,NA,0,NA,NA,NA,NA,NA,NA,NA
1999,S,1999-04-15,JG,2,2,21,N,SPSP,M,A,100,Y,S,NA,NA,NA,NA,NA
1999,S,1999-04-15,JG,2,2,19,Y,NEAL,NA,NA,0,NA,NA,NA,NA,NA,NA,NA
1999,S,1999-04-15,JG,2,2,102,Y,DIOR,NA,NA,0,NA,NA,NA,NA,NA,NA,NA
1999,S,1999-04-15,JG,2,2,103,Y,DISP,NA,NA,0,NA,NA,NA,NA,NA,NA,NA
1999,S,1999-04-15,JG,2,2,105,N,SPSP,M,A,104,N,NA,NA,NA,NA,NA,NA
1999,S,1999-04-15,JG,2,2,108,Y,DIOR,NA,NA,0,NA,NA,NA,NA,NA,NA,NA
1999,S,1999-04-15,JG,2,2,113,Y,NEAL,NA,NA,0,NA,NA,NA,NA,NA,NA,NA
1999,S,1999-04-15,JG,2,2,119,Y,DIOR,NA,NA,0,NA,NA,NA,NA,NA,NA,NA
1999,S,1999-04-15,JG,2,2,120,N,ONLE,F,A,40,N,NA,NA,NA,NA,NA,NA
1999,S,1999-04-15,JG,2,2,107,N,NEAL,F,A,148,Y,L,NA,NA,NA,NA,NA
1999,S,1999-04-15,JG,2,1,41,N,DIOR,M,A,55,N,NA,NA,NA,NA,NA,NA
1999,S,1999-04-15,JG,2,1,18,Y,DIOR,NA,NA,0,NA,NA,NA,NA,NA,NA,NA
1999,S,1999-04-15,JG,2,1,22,N,DIOR,M,A,56,N,NA,NA,NA,NA,NA,NA
1999,S,1999-04-15,JG,2,1,24,N,SPSP,M,A,98,N,NA,NA,NA,NA,NA,NA
1999,S,1999-04-15,JG,2,1,36,N,SPSP,F,A,100,N,NA,NA,NA,NA,NA,NA
1999,S,1999-04-15,JG,2,1,34,Y,DIOR,NA,NA,0,NA,NA,NA,NA,NA,NA,NA
1999,S,1999-04-15,JG,2,1,31,Y,DIOR,NA,NA,0,NA,NA,NA,NA,NA,NA,NA
1999,S,1999-04-15,JG,2,1,28,Y,DIOR,NA,NA,0,NA,NA,NA,NA,NA,NA,NA
1999,S,1999-04-15,JG,2,1,140,Y,DIOR,NA,NA,0,NA,NA,NA,NA,NA,NA,NA
1999,S,1999-04-15,JG,2,1,3,Y,SPSP,NA,NA,0,NA,NA,NA,NA,NA,NA,NA
1999,S,1999-04-15,JG,2,1,10,Y,DIOR,NA,NA,0,NA,NA,NA,NA,NA,NA,NA
1999,S,1999-04-15,JG,2,1,12,N,DIOR,F,A,65,Y,L,NA,NA,NA,NA,NA
1999,S,1999-04-16,JG,3,3,107,N,SPSP,M,A,110,Y,S,NA,NA,NA,NA,NA
1999,S,1999-04-16,JG,3,3,102,Y,DIOR,NA,NA,0,NA,NA,NA,NA,NA,NA,NA
1999,S,1999-04-16,JG,3,3,101,Y,DIOR,NA,NA,0,NA,NA,NA,NA,NA,NA,NA
1999,S,1999-04-16,JG,3,3,9,Y,DIOR,NA,NA,0,NA,NA,NA,NA,NA,NA,NA
1999,S,1999-04-16,JG,3,3,10,N,SPSP,M,A,130,N,NA,NA,NA,NA,NA,NA
1999,S,1999-04-16,JG,3,3,144,Y,DIOR,NA,NA,0,NA,NA,NA,NA,NA,NA,NA
1999,S,1999-04-16,JG,3,3,142,Y,DIOR,NA,NA,0,NA,NA,NA,NA,NA,NA,NA
1999,S,1999-04-16,JG,3,3,141,N,DIOR,M,A,63,Y,S,NA,NA,NA,NA,NA
1999,S,1999-04-16,JG,3,2,47,Y,DISP,NA,NA,0,NA,NA,NA,NA,NA,NA,NA
1999,S,1999-04-16,JG,3,2,46,Y,DIOR,NA,NA,0,NA,NA,NA,NA,NA,NA,NA
1999,S,1999-04-16,JG,3,2,80,Y,DISP,NA,NA,0,NA,NA,NA,NA,NA,NA,NA
1999,S,1999-04-16,JG,3,2,82,Y,SPSP,NA,NA,0,NA,NA,NA,NA,NA,NA,NA
1999,S,1999-04-16,JG,3,2,83,N,DIOR,M,A,56,N,NA,NA,NA,NA,NA,NA
1999,S,1999-04-16,JG,3,2,96,N,DISP,F,A,144,Y,L,NA,NA,NA,NA,NA
1999,S,1999-04-16,JG,3,2,94,N,DIOR,F,A,59,N,NA,NA,NA,NA,NA,NA
1999,S,1999-04-16,JG,3,2,93,Y,DIOR,NA,NA,0,NA,NA,NA,NA,NA,NA,NA
1999,S,1999-04-16,JG,3,2,90,N,DIOR,M,A,60,Y,S,NA,NA,NA,NA,NA
1999,S,1999-04-16,JG,3,1,75,Y,DIOR,NA,NA,0,NA,NA,NA,NA,NA,NA,NA
1999,S,1999-04-16,JG,3,1,79,N,DIOR,F,A,57,N,NA,NA,NA,NA,NA,NA
1999,S,1999-04-16,JG,3,1,80,Y,SPSP,NA,NA,0,NA,NA,NA,NA,NA,NA,NA
1999,S,1999-04-16,JG,3,1,81,N,SPSP,F,A,102,N,NA,NA,NA,NA,NA,NA
1999,S,1999-04-16,JG,3,1,123,Y,DIOR,NA,NA,0,NA,NA,NA,NA,NA,NA,NA
1999,S,1999-04-16,JG,3,1,128,Y,DIOR,NA,NA,0,NA,NA,NA,NA,NA,NA,NA
1999,S,1999-04-16,JG,3,1,131,Y,DIOR,NA,NA,0,NA,NA,NA,NA,NA,NA,NA
1999,S,1999-04-16,JG,3,1,53,Y,DISP,NA,NA,0,NA,NA,NA,NA,NA,NA,NA
1999,S,1999-04-16,JG,3,1,57,Y,DIOR,NA,NA,0,NA,NA,NA,NA,NA,NA,NA
2006,F,2006-11-14,JC,1,1,6,N,ONAR,M,A,17,Y,PS,NA,NA,NA,2,NA
2006,F,2006-11-14,JC,1,1,8,N,DIME,F,A,37,N,NA,NA,NA,NA,NA,NA
2006,F,2006-11-14,JC,1,1,9,N,DIME,M,A,51,Y,PS,NA,NA,NA,NA,NA
2006,F,2006-11-14,JC,1,1,12,N,DIME,F,A,39,N,NA,NA,NA,NA,NA,NA
2006,F,2006-11-14,JC,1,1,24,N,DIME,M,A,47,Y,PS,NA,NA,NA,NA,NA
2006,F,2006-11-14,JC,1,1,34,N,DIME,M,A,46,Y,S,NA,NA,NA,NA,NA
2006,F,2006-11-14,JC,1,1,40,N,DIME,M,A,47,Y,S,NA,NA,NA,NA,NA
2006,F,2006-11-14,JC,1,1,46,N,DIME,M,A,41,Y,PS,NA,NA,NA,NA,NA
2006,F,2006-11-14,JC,1,1,58,N,DIME,M,A,49,Y,PS,NA,NA,NA,NA,NA
2006,F,2006-11-14,JC,1,1,63,N,CHPE,F,A,14,N,NA,NA,NA,NA,NA,NA
2006,F,2006-11-14,JC,1,1,66,N,MUMU,F,A,14,Y,L;P,NA,NA,NA,NA,NA
2006,F,2006-11-14,JC,1,1,67,N,DIME,M,A,48,Y,PS,NA,NA,NA,NA,NA
2006,F,2006-11-14,JC,1,1,70,N,DIME,F,A,19,N,NA,NA,NA,NA,NA,NA
2006,F,2006-11-14,JC,1,1,71,N,DIME,M,A,23,N,NA,NA,NA,NA,NA,NA
2006,F,2006-11-14,JC,1,1,82,N,DIME,F,A,51,Y,L,NA,NA,NA,NA,NA
2006,F,2006-11-14,JC,1,1,83,N,DIME,M,A,55,Y,PS,NA,NA,NA,NA,NA
2006,F,2006-11-14,JC,1,1,87,N,DIME,NA,J,34,N,NA,NA,NA,NA,NA,NA
2006,F,2006-11-14,JC,1,1,95,N,ONAR,M,A,17,N,NA,NA,NA,NA,NA,NA
2006,F,2006-11-14,JC,1,1,96,N,DIME,F,A,54,N,NA,NA,NA,NA,NA,NA
2006,F,2006-11-14,JC,1,1,98,N,DIME,NA,J,24,N,NA,NA,NA,NA,NA,NA
2006,F,2006-11-14,JC,1,1,103,N,DIME,M,A,50,Y,PS,NA,NA,NA,NA,NA
2006,F,2006-11-14,JC,1,1,109,N,DIME,F,A,42,Y,L,NA,NA,NA,NA,NA
2006,F,2006-11-14,JC,1,1,113,N,SPSP,M,A,95,N,NA,NA,NA,NA,NA,NA
2006,F,2006-11-14,JC,1,1,116,N,SIHI,NA,J,35,N,NA,NA,NA,NA,NA,NA
2006,F,2006-11-14,JC,1,1,120,N,DIME,F,A,43,Y,L,NA,NA,NA,NA,NA
2006,F,2006-11-14,JC,1,1,128,N,DIME,F,A,44,N,NA,NA,NA,NA,NA,NA
2006,F,2006-11-14,JC,1,1,132,N,DIME,F,A,48,N,NA,NA,NA,NA,NA,NA
2006,F,2006-11-14,JC,1,1,137,N,DIME,M,A,52,Y,S,NA,NA,NA,NA,NA
2006,F,2006-11-14,JC,1,1,138,N,SIHI,M,A,0,NA,NA,Y,N,NA,NA,NA
2006,F,2006-11-14,JC,1,1,139,N,DIME,NA,J,29,N,NA,NA,NA,NA,NA,NA
2006,F,2006-11-14,JC,1,1,142,N,DIME,F,A,45,N,NA,NA,NA,NA,NA,NA
2006,F,2006-11-14,JC,1,2,1,N,PELE,M,A,20,N,NA,NA,NA,NA,4,NA
2006,F,2006-11-14,JC,1,2,3,N,DIME,M,A,48,Y,S,NA,NA,NA,NA,NA
2006,F,2006-11-14,JC,1,2,8,N,DIME,F,A,42,N,NA,NA,NA,NA,NA,NA
2006,F,2006-11-14,JC,1,2,11,N,DIME,M,A,46,Y,PS,NA,NA,NA,NA,NA
2006,F,2006-11-14,JC,1,2,15,N,PGFL,F,A,8,Y,L;P,NA,NA,NA,NA,NA
2006,F,2006-11-14,JC,1,2,18,N,DIME,M,A,48,Y,PS,NA,NA,NA,NA,NA
2006,F,2006-11-14,JC,1,2,24,N,CHPE,F,A,12,N,NA,NA,NA,NA,NA,NA
2006,F,2006-11-14,JC,1,2,34,N,DIME,M,A,49,Y,PS,NA,NA,NA,NA,NA
2006,F,2006-11-14,JC,1,2,38,N,DIME,F,A,29,N,NA,NA,NA,NA,NA,NA
2006,F,2006-11-14,JC,1,2,39,N,ONAR,F,A,21,Y,L;P;V,NA,NA,NA,NA,NA
2006,F,2006-11-14,JC,1,2,43,N,DIME,F,A,41,N,NA,NA,NA,NA,NA,NA
2006,F,2006-11-14,JC,1,2,47,N,PEER,F,A,26,Y,L;P;V,NA,NA,NA,NA,NA
2006,F,2006-11-14,JC,1,2,124,N,ONAR,F,A,21,N,NA,NA,NA,NA,NA,NA
2006,F,2006-11-14,JC,1,2,127,N,DIME,M,A,43,Y,S,NA,NA,NA,NA,NA
2006,F,2006-11-14,JC,1,2,130,N,DIME,M,A,43,Y,S,NA,NA,NA,NA,NA
2006,F,2006-11-14,JC,1,2,132,N,DIME,M,A,46,Y,S,NA,NA,NA,NA,NA
2006,F,2006-11-14,JC,1,2,138,N,SPSP,M,A,90,Y,S,NA,NA,NA,NA,NA
2006,F,2006-11-14,JC,1,2,143,N,DIME,M,A,44,Y,S,NA,NA,NA,NA,NA
2006,F,2006-11-14,JC,1,2,55,N,SIHI,NA,J,22,N,NA,NA,NA,NA,NA,NA
2006,F,2006-11-14,JC,1,2,57,N,DIME,M,A,49,Y,PS,NA,NA,NA,NA,NA
2006,F,2006-11-14,JC,1,2,58,N,DIME,M,A,38,N,NA,NA,NA,NA,NA,NA
2006,F,2006-11-14,JC,1,2,76,N,DIME,F,A,46,N,NA,NA,NA,NA,NA,NA
2006,F,2006-11-14,JC,1,2,80,N,ONAR,M,A,24,N,NA,NA,NA,NA,NA,NA
2006,F,2006-11-14,JC,1,2,88,N,DIME,NA,J,36,N,NA,NA,NA,NA,NA,NA
2006,F,2006-11-14,JC,1,2,94,N,DIME,F,A,46,N,NA,NA,NA,NA,NA,NA
2006,F,2006-11-14,JC,1,2,96,N,DIME,M,A,50,Y,S,NA,NA,NA,NA,NA
2006,F,2006-11-14,JC,1,2,100,N,PGFL,M,A,8,N,NA,NA,NA,NA,NA,NA
2006,F,2006-11-14,JC,1,2,102,N,DIME,M,A,48,Y,S,NA,NA,NA,NA,NA
2006,F,2006-11-14,JC,1,2,105,N,DIME,M,A,47,N,NA,NA,NA,NA,NA,NA
2006,F,2006-11-14,JC,1,2,107,N,DIME,NA,J,35,N,NA,NA,NA,NA,NA,NA
2006,F,2006-11-14,JC,1,2,117,N,DIME,NA,J,32,N,NA,NA,NA,NA,NA,NA
2006,F,2006-11-14,JC,1,3,39,N,ONAR,F,A,18,N,NA,NA,NA,NA,1,NA
2006,F,2006-11-14,JC,1,3,41,N,DIME,F,A,46,N,NA,NA,NA,NA,NA,NA
2006,F,2006-11-14,JC,1,3,46,N,DIME,M,A,45,Y,PS,NA,NA,NA,NA,NA
2006,F,2006-11-14,JC,1,3,60,N,DIME,F,A,40,N,NA,NA,NA,NA,NA,NA
2006,F,2006-11-14,JC,1,3,64,N,DIME,F,A,30,N,NA,NA,NA,NA,NA,NA
2006,F,2006-11-14,JC,1,3,65,N,DIME,M,A,50,Y,S,NA,NA,NA,NA,NA
2006,F,2006-11-14,JC,1,3,69,N,PELE,M,A,19,Y,S,NA,NA,NA,NA,NA
2006,F,2006-11-14,JC,1,3,70,N,DIME,F,A,45,N,NA,NA,NA,NA,NA,NA
2006,F,2006-11-14,JC,1,3,71,N,DIME,M,A,40,N,NA,NA,NA,NA,NA,NA
2006,F,2006-11-14,JC,1,3,72,N,DIME,M,A,45,Y,S,NA,NA,NA,NA,NA
2006,F,2006-11-14,JC,1,3,74,N,PEER,M,A,26,Y,S,NA,NA,NA,NA,NA
2006,F,2006-11-14,JC,1,3,75,N,ONAR,F,A,14,N,NA,NA,NA,NA,NA,NA
2006,F,2006-11-14,JC,1,3,76,N,DIME,M,A,30,N,NA,NA,NA,NA,NA,NA
2006,F,2006-11-14,JC,1,3,78,N,DIME,M,A,45,N,NA,NA,NA,NA,NA,NA
2006,F,2006-11-14,JC,1,3,79,N,DIME,M,A,48,N,NA,NA,NA,NA,NA,NA
2006,F,2006-11-14,JC,1,3,81,N,MUMU,M,A,10,Y,S,NA,NA,NA,NA,NA
2006,F,2006-11-14,JC,1,3,86,N,DIOR,F,A,44,N,NA,NA,NA,NA,NA,NA
2006,F,2006-11-14,JC,1,3,91,N,MUMU,M,A,11,Y,S,NA,NA,NA,NA,NA
2006,F,2006-11-14,JC,1,3,93,N,PELE,F,A,21,Y,L;P;V,NA,NA,NA,NA,NA
2006,F,2006-11-14,JC,1,3,99,N,SIHI,M,A,105,Y,S,NA,NA,NA,NA,NA
2006,F,2006-11-14,JC,1,3,102,N,NEAL,F,A,0,Y,L;V,Y,U,NA,NA,NA
2006,F,2006-11-14,JC,1,3,104,N,SIHI,F,A,56,N,NA,NA,NA,NA,NA,NA
2006,F,2006-11-14,JC,1,3,105,N,SIHI,M,A,105,Y,S,NA,NA,NA,NA,NA
2006,F,2006-11-14,JC,1,3,106,N,MUMU,F,A,14,Y,L;P;V,NA,NA,NA,NA,NA
2006,F,2006-11-14,JC,1,3,119,N,DIME,M,A,20,N,NA,NA,NA,NA,NA,NA
2006,F,2006-11-14,JC,1,3,113,NA,NA,NA,NA,0,NA,NA,Y,U,NA,NA,NA
2006,F,2006-11-14,JC,1,3,6,N,DIME,F,A,43,N,NA,NA,NA,NA,NA,NA
2006,F,2006-11-14,JC,1,3,10,N,CHPE,F,A,13,N,NA,NA,NA,NA,NA,NA
2006,F,2006-11-14,JC,1,3,12,N,DIME,F,A,44,Y,L,NA,NA,NA,NA,NA
2006,F,2006-11-14,JC,1,3,13,N,CHPE,M,A,16,N,NA,NA,NA,NA,NA,NA
2006,F,2006-11-14,JC,1,3,17,N,DIME,M,A,54,Y,S,NA,NA,NA,NA,NA
2006,F,2006-11-14,JC,1,3,19,N,SPSP,F,A,90,N,NA,NA,NA,NA,NA,NA
2006,F,2006-11-14,JC,1,3,20,N,DIME,M,A,47,Y,PS,NA,NA,NA,NA,NA
2006,F,2006-11-14,JC,1,3,22,N,DIME,F,A,44,Y,L,NA,NA,NA,NA,NA
2006,F,2006-11-14,JC,1,3,30,N,DIME,F,A,36,Y,L,NA,NA,NA,NA,NA
2006,F,2006-11-14,JC,1,3,31,N,DIME,F,A,53,Y,P,NA,NA,NA,NA,NA
2006,F,2006-11-14,JC,1,3,32,N,CHPE,M,A,15,N,NA,NA,NA,NA,NA,NA
2006,F,2006-11-14,JC,1,3,36,N,DIME,M,A,56,Y,S,NA,NA,NA,NA,NA
2006,F,2006-11-14,JC,1,3,121,N,DIME,F,A,45,N,NA,NA,NA,NA,NA,NA
2006,F,2006-11-14,JC,1,3,122,N,NEAL,M,A,99,N,NA,NA,NA,NA,NA,NA
2006,F,2006-11-14,JC,1,3,131,N,DIME,M,A,45,Y,PS,NA,NA,NA,NA,NA
2006,F,2006-11-14,JC,1,3,134,N,PEER,F,A,34,Y,L;V,NA,NA,NA,NA,NA
2006,F,2006-11-14,JC,1,3,135,N,NEAL,M,A,235,Y,S,NA,NA,NA,NA,NA
2006,F,2006-11-14,JC,1,3,139,N,DIME,M,A,51,Y,S,NA,NA,NA,NA,NA
2006,F,2006-11-14,JC,1,3,141,N,DIME,M,A,49,Y,PS,NA,NA,NA,NA,NA
2006,F,2006-11-14,JC,1,3,144,N,CHPE,M,A,14,N,NA,NA,NA,NA,NA,NA
2006,F,2006-11-15,JC,2,1,6,Y,DIME,NA,NA,0,NA,NA,NA,NA,NA,1,NA
2006,F,2006-11-15,JC,2,1,9,Y,DIME,NA,NA,0,NA,NA,NA,NA,NA,NA,NA
2006,F,2006-11-15,JC,2,1,12,Y,DIME,NA,NA,0,NA,NA,NA,NA,NA,NA,NA
2006,F,2006-11-15,JC,2,1,19,N,DIME,F,A,42,N,NA,NA,NA,NA,NA,NA
2006,F,2006-11-15,JC,2,1,20,Y,DIME,NA,NA,0,NA,NA,NA,NA,NA,NA,NA
2006,F,2006-11-15,JC,2,1,24,Y,DIME,NA,NA,0,NA,NA,NA,NA,NA,NA,NA
2006,F,2006-11-15,JC,2,1,46,Y,DIME,NA,NA,0,NA,NA,NA,NA,NA,NA,NA
2006,F,2006-11-15,JC,2,1,52,Y,DIME,NA,NA,0,NA,NA,NA,NA,NA,NA,NA
2006,F,2006-11-15,JC,2,1,55,Y,DIME,NA,NA,0,NA,NA,NA,NA,NA,NA,NA
2006,F,2006-11-15,JC,2,1,56,Y,DIME,NA,NA,0,NA,NA,NA,NA,NA,NA,NA
2006,F,2006-11-15,JC,2,1,59,N,DIME,M,A,40,N,NA,NA,NA,NA,NA,NA
2006,F,2006-11-15,JC,2,1,109,N,PELE,M,A,22,N,NA,NA,NA,NA,NA,NA
2006,F,2006-11-15,JC,2,1,134,Y,DIME,NA,NA,0,NA,NA,NA,NA,NA,NA,NA
2006,F,2006-11-15,JC,2,1,136,N,CHPE,M,A,12,N,NA,NA,NA,NA,NA,NA
2006,F,2006-11-15,JC,2,1,63,N,DIME,NA,J,8,N,NA,NA,NA,NA,NA,NA
2006,F,2006-11-15,JC,2,1,66,N,DIME,F,A,34,N,NA,NA,NA,NA,NA,NA
2006,F,2006-11-15,JC,2,1,69,Y,DIME,NA,NA,0,NA,NA,NA,NA,NA,NA,NA
2006,F,2006-11-15,JC,2,1,71,N,DIME,M,A,43,Y,PS,NA,NA,NA,NA,NA
2006,F,2006-11-15,JC,2,1,72,Y,DIME,NA,NA,0,NA,NA,NA,NA,NA,NA,NA
2006,F,2006-11-15,JC,2,1,80,Y,DIME,NA,NA,0,NA,NA,NA,NA,NA,NA,NA
2006,F,2006-11-15,JC,2,1,83,N,DIME,M,A,44,N,NA,NA,NA,NA,NA,NA
2006,F,2006-11-15,JC,2,1,89,Y,DIME,NA,NA,0,NA,NA,NA,NA,NA,NA,NA
2006,F,2006-11-15,JC,2,1,95,N,DIME,M,A,48,N,NA,NA,NA,NA,NA,NA
2006,F,2006-11-15,JC,2,1,96,Y,DIME,NA,NA,0,NA,NA,NA,NA,NA,NA,NA
2006,F,2006-11-15,JC,2,1,98,Y,DIME,NA,NA,0,NA,NA,NA,NA,NA,NA,NA
2006,F,2006-11-15,JC,2,1,103,Y,DIME,NA,NA,0,NA,NA,NA,NA,NA,NA,NA
2006,F,2006-11-15,JC,2,1,116,N,SIHI,NA,J,37,N,NA,NA,NA,NA,NA,NA
2006,F,2006-11-15,JC,2,1,118,N,DIME,M,A,51,Y,PS,NA,NA,NA,NA,NA
2006,F,2006-11-15,JC,2,1,119,Y,DIME,NA,NA,0,NA,NA,NA,NA,NA,NA,NA
2006,F,2006-11-15,JC,2,1,120,N,CHPE,M,A,14,N,NA,NA,NA,NA,NA,NA
2006,F,2006-11-15,JC,2,1,128,Y,DIME,NA,NA,0,NA,NA,NA,NA,NA,NA,NA
2006,F,2006-11-15,JC,2,1,142,Y,DIME,NA,NA,0,NA,NA,NA,NA,NA,NA,NA
2006,F,2006-11-15,JC,2,1,143,Y,DIME,NA,NA,0,NA,NA,NA,NA,NA,NA,NA
2006,F,2006-11-15,JC,2,2,1,N,PEMA,M,A,20,N,NA,NA,NA,NA,3,NA
2006,F,2006-11-15,JC,2,2,3,Y,DIME,NA,NA,0,NA,NA,NA,NA,NA,NA,NA
2006,F,2006-11-15,JC,2,2,5,N,DIME,M,A,38,N,NA,NA,NA,NA,NA,NA
2006,F,2006-11-15,JC,2,2,11,Y,CHPE,NA,NA,0,NA,NA,NA,NA,NA,NA,NA
2006,F,2006-11-15,JC,2,2,12,Y,DIME,NA,NA,0,NA,NA,NA,NA,NA,NA,NA
2006,F,2006-11-15,JC,2,2,18,Y,DIME,NA,NA,0,NA,NA,NA,NA,NA,NA,NA
2006,F,2006-11-15,JC,2,2,22,N,ONAR,M,A,18,N,NA,NA,NA,NA,NA,NA
2006,F,2006-11-15,JC,2,2,24,Y,SPSP,NA,NA,0,NA,NA,NA,NA,NA,NA,NA
2006,F,2006-11-15,JC,2,2,53,N,CHPE,M,A,8,N,NA,NA,NA,NA,NA,NA
2006,F,2006-11-15,JC,2,2,56,N,SIHI,M,A,40,Y,S,NA,NA,NA,NA,NA
2006,F,2006-11-15,JC,2,2,58,Y,DIME,NA,NA,0,NA,NA,NA,NA,NA,NA,NA
2006,F,2006-11-15,JC,2,2,59,N,MUMU,M,A,11,Y,S,NA,NA,NA,NA,NA
2006,F,2006-11-15,JC,2,2,138,Y,DIME,NA,NA,0,NA,NA,NA,NA,NA,NA,NA
2006,F,2006-11-15,JC,2,2,34,Y,DIME,NA,NA,0,NA,NA,NA,NA,NA,NA,NA
2006,F,2006-11-15,JC,2,2,37,N,CHPE,M,A,0,Y,PS,Y,U,NA,NA,NA
2006,F,2006-11-15,JC,2,2,45,Y,DIME,NA,NA,0,NA,NA,NA,NA,NA,NA,NA
2006,F,2006-11-15,JC,2,2,48,N,SIHI,NA,NA,0,NA,NA,Y,N,NA,NA,NA
2006,F,2006-11-15,JC,2,2,61,N,CHPE,M,A,16,N,NA,NA,NA,NA,NA,NA
2006,F,2006-11-15,JC,2,2,67,N,DIOR,M,A,70,Y,S,NA,NA,NA,NA,NA
2006,F,2006-11-15,JC,2,2,79,Y,DIME,NA,NA,0,NA,NA,NA,NA,NA,NA,NA
2006,F,2006-11-15,JC,2,2,81,N,SIHI,M,A,20,Y,PS,NA,NA,NA,NA,NA
2006,F,2006-11-15,JC,2,2,82,Y,DIME,NA,NA,0,NA,NA,NA,NA,NA,NA,NA
2006,F,2006-11-15,JC,2,2,83,N,DIME,F,A,44,Y,L,NA,NA,NA,NA,NA
2006,F,2006-11-15,JC,2,2,84,N,DIME,M,A,24,Y,PS,NA,NA,NA,NA,NA
2006,F,2006-11-15,JC,2,2,91,Y,DIME,NA,NA,0,NA,NA,NA,NA,NA,NA,NA
2006,F,2006-11-15,JC,2,2,94,N,DIME,M,A,33,Y,PS,NA,NA,NA,NA,NA
2006,F,2006-11-15,JC,2,2,99,N,CHPE,M,A,16,N,NA,NA,NA,NA,NA,NA
2006,F,2006-11-15,JC,2,2,102,Y,DIME,NA,NA,0,NA,NA,NA,NA,NA,NA,NA
2006,F,2006-11-15,JC,2,2,104,Y,DIME,NA,NA,0,NA,NA,NA,NA,NA,NA,NA
2006,F,2006-11-15,JC,2,2,105,Y,DIME,NA,NA,0,NA,NA,NA,NA,NA,NA,NA
2006,F,2006-11-15,JC,2,2,106,N,DIME,NA,J,33,N,NA,NA,NA,NA,NA,NA
2006,F,2006-11-15,JC,2,2,117,Y,DIME,NA,NA,0,NA,NA,NA,NA,NA,NA,NA
2006,F,2006-11-15,JC,2,2,119,N,DIME,M,A,50,Y,PS,NA,NA,NA,NA,NA
2006,F,2006-11-15,JC,2,2,130,Y,DIME,NA,NA,0,NA,NA,NA,NA,NA,NA,NA
2006,F,2006-11-15,JC,2,3,74,N,PEMA,M,A,20,N,NA,NA,NA,NA,1,NA
2006,F,2006-11-15,JC,2,3,79,Y,DIME,NA,NA,0,NA,NA,NA,NA,NA,NA,NA
2006,F,2006-11-15,JC,2,3,81,Y,DIME,NA,NA,0,NA,NA,NA,NA,NA,NA,NA
2006,F,2006-11-15,JC,2,3,82,N,MUMU,M,A,10,Y,S,NA,NA,NA,NA,NA
2006,F,2006-11-15,JC,2,3,83,N,DIME,M,A,51,Y,S,NA,NA,NA,NA,NA
2006,F,2006-11-15,JC,2,3,86,N,CHPE,F,A,11,N,NA,NA,NA,NA,NA,NA
2006,F,2006-11-15,JC,2,3,87,Y,PEER,NA,NA,0,NA,NA,NA,NA,NA,NA,NA
2006,F,2006-11-15,JC,2,3,89,N,MUMU,M,A,10,Y,S,NA,NA,NA,NA,NA
2006,F,2006-11-15,JC,2,3,90,N,SIHI,M,A,40,N,NA,NA,NA,NA,NA,NA
2006,F,2006-11-15,JC,2,3,92,N,PEMA,M,A,20,Y,S,NA,NA,NA,NA,NA
2006,F,2006-11-15,JC,2,3,93,N,PEMA,F,A,21,Y,V,NA,NA,NA,NA,NA
2006,F,2006-11-15,JC,2,3,95,N,DIME,M,A,42,Y,S,NA,NA,NA,NA,NA
2006,F,2006-11-15,JC,2,3,97,Y,DIME,NA,NA,0,NA,NA,NA,NA,NA,NA,NA
2006,F,2006-11-15,JC,2,3,98,Y,DIOR,NA,NA,0,NA,NA,NA,NA,NA,NA,NA
2006,F,2006-11-15,JC,2,3,101,Y,SIHI,NA,NA,0,NA,NA,NA,NA,NA,NA,NA
2006,F,2006-11-15,JC,2,3,104,N,SIHI,F,A,105,Y,P,NA,NA,NA,NA,NA
2006,F,2006-11-15,JC,2,3,105,N,SIHI,F,A,40,N,NA,NA,NA,NA,NA,NA
2006,F,2006-11-15,JC,2,3,106,Y,MUMU,NA,NA,0,NA,NA,NA,NA,NA,NA,NA
2006,F,2006-11-15,JC,2,3,133,N,CHPE,F,A,13,N,NA,NA,NA,NA,NA,NA
2006,F,2006-11-15,JC,2,3,134,N,PEER,M,A,23,Y,S,NA,NA,NA,NA,NA
2006,F,2006-11-15,JC,2,3,137,N,CHPE,F,A,12,N,NA,NA,NA,NA,NA,NA
2006,F,2006-11-15,JC,2,3,139,Y,DIME,NA,NA,0,NA,NA,NA,NA,NA,NA,NA
2006,F,2006-11-15,JC,2,3,140,Y,CHPE,NA,NA,0,NA,NA,NA,NA,NA,NA,NA
2006,F,2006-11-15,JC,2,3,143,Y,DIME,NA,NA,0,NA,NA,NA,NA,NA,NA,NA
2006,F,2006-11-15,JC,2,3,5,N,CHPE,M,A,11,Y,PS,NA,NA,NA,NA,NA
2006,F,2006-11-15,JC,2,3,7,Y,DIME,NA,NA,0,NA,NA,NA,NA,NA,NA,NA
2006,F,2006-11-15,JC,2,3,9,Y,DIME,NA,NA,0,NA,NA,NA,NA,NA,NA,NA
2006,F,2006-11-15,JC,2,3,12,N,DIME,M,A,40,Y,PS,NA,NA,NA,NA,NA
2006,F,2006-11-15,JC,2,3,13,Y,DIME,NA,NA,0,NA,NA,NA,NA,NA,NA,NA
2006,F,2006-11-15,JC,2,3,20,Y,DIME,NA,NA,0,NA,NA,NA,NA,NA,NA,NA
2006,F,2006-11-15,JC,2,3,22,N,DIME,M,A,51,Y,S,NA,NA,NA,NA,NA
2006,F,2006-11-15,JC,2,3,23,Y,DIME,NA,NA,0,NA,NA,NA,NA,NA,NA,NA
2006,F,2006-11-15,JC,2,3,24,N,CHPE,M,A,11,Y,PS,NA,NA,NA,NA,NA
2006,F,2006-11-15,JC,2,3,29,N,DIME,F,A,40,N,NA,NA,NA,NA,NA,NA
2006,F,2006-11-15,JC,2,3,30,N,DIME,F,A,0,N,NA,Y,M,NA,NA,NA
2006,F,2006-11-15,JC,2,3,31,Y,DIME,NA,NA,0,NA,NA,NA,NA,NA,NA,NA
2006,F,2006-11-15,JC,2,3,34,N,DIME,M,A,34,Y,PS,NA,NA,NA,NA,NA
2006,F,2006-11-15,JC,2,3,37,N,DIME,F,A,52,Y,L,NA,NA,NA,NA,NA
2006,F,2006-11-15,JC,2,3,41,N,DIME,F,A,42,Y,L,NA,NA,NA,NA,NA
2006,F,2006-11-15,JC,2,3,42,N,DIME,F,A,42,Y,L,NA,NA,NA,NA,NA
2006,F,2006-11-15,JC,2,3,42,Y,DIME,NA,NA,0,NA,NA,NA,NA,NA,NA,NA
2006,F,2006-11-15,JC,2,3,46,Y,DIME,NA,NA,0,NA,NA,NA,NA,NA,NA,NA
2006,F,2006-11-15,JC,2,3,51,Y,DIME,NA,NA,0,NA,NA,NA,NA,NA,NA,NA
2006,F,2006-11-15,JC,2,3,56,N,SPSP,NA,J,65,N,NA,NA,NA,NA,NA,NA
2006,F,2006-11-15,JC,2,3,58,Y,DIME,NA,NA,0,NA,NA,NA,NA,NA,NA,NA
2006,F,2006-11-15,JC,2,3,60,Y,DIME,NA,NA,0,NA,NA,NA,NA,NA,NA,NA
2006,F,2006-11-15,JC,2,3,66,N,CHPE,F,A,16,N,NA,NA,NA,NA,NA,NA
2006,F,2006-11-15,JC,2,3,67,Y,DIME,NA,NA,0,NA,NA,NA,NA,NA,NA,NA
2006,F,2006-11-15,JC,2,3,68,Y,DIME,NA,NA,0,NA,NA,NA,NA,NA,NA,NA
2006,F,2006-11-15,JC,2,3,72,Y,DIME,NA,NA,0,NA,NA,NA,NA,NA,NA,NA
2006,F,2006-11-15,JC,2,3,119,Y,DIME,NA,NA,0,NA,NA,NA,NA,NA,NA,NA
2006,F,2006-11-15,JC,2,3,124,N,SIHI,F,A,72,N,NA,NA,NA,NA,NA,NA
2006,F,2006-11-15,JC,2,3,132,N,SPSP,F,A,92,N,NA,NA,NA,NA,NA,NA
2006,F,2006-11-15,JC,2,3,144,N,ONAR,F,A,11,N,NA,NA,NA,NA,NA,NA
2006,F,2006-11-16,JC,3,1,4,Y,DIME,NA,NA,0,NA,NA,NA,NA,NA,3,NA
2006,F,2006-11-16,JC,3,1,6,Y,CHPE,NA,NA,0,NA,NA,NA,NA,NA,NA,NA
2006,F,2006-11-16,JC,3,1,9,N,PEMA,M,A,12,Y,S,NA,NA,NA,NA,NA
2006,F,2006-11-16,JC,3,1,18,N,MUMU,F,A,12,Y,P;V,NA,NA,NA,NA,NA
2006,F,2006-11-16,JC,3,1,21,Y,DIME,NA,NA,0,NA,NA,NA,NA,NA,NA,NA
2006,F,2006-11-16,JC,3,1,24,N,DIME,F,A,40,N,NA,NA,NA,NA,NA,NA
2006,F,2006-11-16,JC,3,1,49,Y,DIME,NA,NA,0,NA,NA,NA,NA,NA,NA,NA
2006,F,2006-11-16,JC,3,1,56,Y,DIME,NA,NA,0,NA,NA,NA,NA,NA,NA,NA
2006,F,2006-11-16,JC,3,1,63,Y,DIME,NA,NA,0,NA,NA,NA,NA,NA,NA,NA
2006,F,2006-11-16,JC,3,1,65,N,CHPE,NA,J,8,N,NA,NA,NA,NA,NA,NA
2006,F,2006-11-16,JC,3,1,66,Y,DIME,NA,NA,0,NA,NA,NA,NA,NA,NA,NA
2006,F,2006-11-16,JC,3,1,69,N,SPSP,M,A,0,Y,S,Y,U,NA,NA,NA
2006,F,2006-11-16,JC,3,1,71,Y,DIME,NA,NA,0,NA,NA,NA,NA,NA,NA,NA
2006,F,2006-11-16,JC,3,1,72,Y,DIME,NA,NA,0,NA,NA,NA,NA,NA,NA,NA
2006,F,2006-11-16,JC,3,1,80,Y,DIME,NA,NA,0,NA,NA,NA,NA,NA,NA,NA
2006,F,2006-11-16,JC,3,1,82,Y,DIME,NA,NA,0,NA,NA,NA,NA,NA,NA,NA
2006,F,2006-11-16,JC,3,1,87,Y,DIME,NA,NA,0,NA,NA,NA,NA,NA,NA,NA
2006,F,2006-11-16,JC,3,1,88,Y,DIME,NA,NA,0,NA,NA,NA,NA,NA,NA,NA
2006,F,2006-11-16,JC,3,1,96,Y,DIME,NA,NA,0,NA,NA,NA,NA,NA,NA,NA
2006,F,2006-11-16,JC,3,1,98,N,DIME,NA,J,24,N,NA,NA,NA,NA,NA,NA
2006,F,2006-11-16,JC,3,1,103,N,DIME,F,A,45,N,NA,NA,NA,NA,NA,NA
2006,F,2006-11-16,JC,3,1,115,Y,DIME,NA,NA,0,NA,NA,NA,NA,NA,NA,NA
2006,F,2006-11-16,JC,3,1,120,N,PGFL,M,A,8,N,NA,NA,NA,NA,NA,NA
2006,F,2006-11-16,JC,3,1,137,Y,DIME,NA,NA,0,NA,NA,NA,NA,NA,NA,NA
2006,F,2006-11-16,JC,3,1,138,N,SIHI,M,A,104,Y,S,NA,NA,NA,NA,NA
2006,F,2006-11-16,JC,3,1,139,Y,DIME,NA,NA,0,NA,NA,NA,NA,NA,NA,NA
2006,F,2006-11-16,JC,3,1,140,Y,DIME,NA,NA,0,NA,NA,NA,NA,NA,NA,NA
2006,F,2006-11-16,JC,3,1,142,Y,DIME,NA,NA,0,NA,NA,NA,NA,NA,NA,NA
2006,F,2006-11-16,JC,3,1,143,Y,DIME,NA,NA,0,NA,NA,NA,NA,NA,NA,NA
2006,F,2006-11-16,JC,3,2,8,Y,DIME,NA,NA,0,NA,NA,NA,NA,NA,NA,NA
2006,F,2006-11-16,JC,3,2,11,Y,CHPE,NA,NA,0,NA,NA,NA,NA,NA,NA,NA
2006,F,2006-11-16,JC,3,2,14,Y,DIME,NA,NA,0,NA,NA,NA,NA,NA,2,NA
2006,F,2006-11-16,JC,3,2,15,Y,DIME,NA,NA,0,NA,NA,NA,NA,NA,NA,NA
2006,F,2006-11-16,JC,3,2,18,Y,DIME,NA,NA,0,NA,NA,NA,NA,NA,NA,NA
2006,F,2006-11-16,JC,3,2,23,Y,SPSP,NA,NA,0,NA,NA,NA,NA,NA,NA,NA
2006,F,2006-11-16,JC,3,2,28,N,MUMU,M,A,10,N,NA,NA,NA,NA,NA,NA
2006,F,2006-11-16,JC,3,2,34,N,DIME,F,A,42,N,NA,NA,NA,NA,NA,NA
2006,F,2006-11-16,JC,3,2,41,Y,DIME,NA,NA,0,NA,NA,NA,NA,NA,NA,NA
2006,F,2006-11-16,JC,3,2,47,N,SIHI,NA,J,47,N,NA,NA,NA,NA,NA,NA
2006,F,2006-11-16,JC,3,2,48,N,SIHI,F,A,120,Y,L;P,NA,NA,NA,NA,NA
2006,F,2006-11-16,JC,3,2,57,Y,DIME,NA,NA,0,NA,NA,NA,NA,NA,NA,NA
2006,F,2006-11-16,JC,3,2,55,Y,PELE,NA,NA,0,NA,NA,NA,NA,NA,NA,NA
2006,F,2006-11-16,JC,3,2,56,N,SIHI,NA,J,41,N,NA,NA,NA,NA,NA,NA
2006,F,2006-11-16,JC,3,2,59,Y,DIME,NA,NA,0,NA,NA,NA,NA,NA,NA,NA
2006,F,2006-11-16,JC,3,2,69,N,DIME,M,A,30,Y,PS,NA,NA,NA,NA,NA
2006,F,2006-11-16,JC,3,2,72,N,DIME,M,A,41,Y,PS,NA,NA,NA,NA,NA
2006,F,2006-11-16,JC,3,2,79,N,SIHI,F,A,100,N,NA,NA,NA,NA,NA,NA
2006,F,2006-11-16,JC,3,2,84,Y,DIME,NA,NA,0,NA,NA,NA,NA,NA,NA,NA
2006,F,2006-11-16,JC,3,2,88,Y,DIME,NA,NA,0,NA,NA,NA,NA,NA,NA,NA
2006,F,2006-11-16,JC,3,2,91,Y,DIME,NA,NA,0,NA,NA,NA,NA,NA,NA,NA
2006,F,2006-11-16,JC,3,2,94,Y,DIME,NA,NA,0,NA,NA,NA,NA,NA,NA,NA
2006,F,2006-11-16,JC,3,2,99,N,DIME,M,A,52,Y,PS,NA,NA,NA,NA,NA
2006,F,2006-11-16,JC,3,2,102,Y,DIME,NA,NA,0,NA,NA,NA,NA,NA,NA,NA
2006,F,2006-11-16,JC,3,2,103,Y,DIME,NA,NA,0,NA,NA,NA,NA,NA,NA,NA
2006,F,2006-11-16,JC,3,2,104,Y,DIME,NA,NA,0,NA,NA,NA,NA,NA,NA,NA
2006,F,2006-11-16,JC,3,2,105,Y,DIME,NA,NA,0,NA,NA,NA,NA,NA,NA,NA
2006,F,2006-11-16,JC,3,2,106,Y,DIME,NA,NA,0,NA,NA,NA,NA,NA,NA,NA
2006,F,2006-11-16,JC,3,2,117,N,NEMI,NA,J,122,N,NA,NA,NA,NA,NA,NA
2006,F,2006-11-16,JC,3,2,128,Y,DIOR,NA,NA,0,NA,NA,NA,NA,NA,NA,NA
2006,F,2006-11-16,JC,3,2,130,Y,DIME,NA,NA,0,NA,NA,NA,NA,NA,NA,NA
2006,F,2006-11-16,JC,3,2,132,N,DIME,NA,J,26,N,NA,NA,NA,NA,NA,NA
2006,F,2006-11-16,JC,3,3,9,N,DIME,F,A,40,N,NA,NA,NA,NA,2,NA
2006,F,2006-11-16,JC,3,3,13,Y,DIME,NA,NA,0,NA,NA,NA,NA,NA,NA,NA
2006,F,2006-11-16,JC,3,3,16,N,DIME,F,A,41,N,NA,NA,NA,NA,NA,NA
2006,F,2006-11-16,JC,3,3,17,N,DIME,NA,J,20,N,NA,NA,NA,NA,NA,NA
2006,F,2006-11-16,JC,3,3,18,Y,ONAR,NA,NA,0,NA,NA,NA,NA,NA,NA,NA
2006,F,2006-11-16,JC,3,3,20,Y,DIME,NA,NA,0,NA,NA,NA,NA,NA,NA,NA
2006,F,2006-11-16,JC,3,3,22,Y,DIME,NA,NA,0,NA,NA,NA,NA,NA,NA,NA
2006,F,2006-11-16,JC,3,3,23,Y,DIME,NA,NA,0,NA,NA,NA,NA,NA,NA,NA
2006,F,2006-11-16,JC,3,3,51,N,DIME,NA,J,12,N,NA,NA,NA,NA,NA,NA
2006,F,2006-11-16,JC,3,3,58,N,DIME,M,A,46,Y,PS,NA,NA,NA,NA,NA
2006,F,2006-11-16,JC,3,3,61,N,PEER,F,A,21,N,NA,NA,NA,NA,NA,NA
2006,F,2006-11-16,JC,3,3,63,N,DIME,M,A,45,N,NA,NA,NA,NA,NA,NA
2006,F,2006-11-16,JC,3,3,66,Y,DIME,NA,NA,0,NA,NA,NA,NA,NA,NA,NA
2006,F,2006-11-16,JC,3,3,71,Y,DIME,NA,NA,0,NA,NA,NA,NA,NA,NA,NA
2006,F,2006-11-16,JC,3,3,72,N,DIME,F,A,40,N,NA,NA,NA,NA,NA,NA
2006,F,2006-11-16,JC,3,3,118,N,DIME,M,A,40,N,NA,NA,NA,NA,NA,NA
2006,F,2006-11-16,JC,3,3,29,Y,DIME,NA,NA,0,NA,NA,NA,NA,NA,NA,NA
2006,F,2006-11-16,JC,3,3,30,Y,DIME,NA,NA,0,NA,NA,NA,NA,NA,NA,NA
2006,F,2006-11-16,JC,3,3,31,Y,DIME,NA,NA,0,NA,NA,NA,NA,NA,NA,NA
2006,F,2006-11-16,JC,3,3,34,Y,DIME,NA,NA,0,NA,NA,NA,NA,NA,NA,NA
2006,F,2006-11-16,JC,3,3,37,Y,DIME,NA,NA,0,NA,NA,NA,NA,NA,NA,NA
2006,F,2006-11-16,JC,3,3,39,Y,DIME,NA,NA,0,NA,NA,NA,NA,NA,NA,NA
2006,F,2006-11-16,JC,3,3,41,Y,DIME,NA,NA,0,NA,NA,NA,NA,NA,NA,NA
2006,F,2006-11-16,JC,3,3,42,Y,DIME,NA,NA,0,NA,NA,NA,NA,NA,NA,NA
2006,F,2006-11-16,JC,3,3,78,Y,DIME,NA,NA,0,NA,NA,NA,NA,NA,NA,NA
2006,F,2006-11-16,JC,3,3,80,Y,DIME,NA,NA,0,NA,NA,NA,NA,NA,NA,NA
2006,F,2006-11-16,JC,3,3,82,N,PELE,M,A,11,N,NA,NA,NA,NA,NA,NA
2006,F,2006-11-16,JC,3,3,91,Y,ONAR,NA,NA,0,NA,NA,NA,NA,NA,NA,NA
2006,F,2006-11-16,JC,3,3,98,N,DIOR,M,A,43,Y,PS,NA,NA,NA,NA,NA
2006,F,2006-11-16,JC,3,3,101,N,SIHI,F,A,56,Y,P;V,NA,NA,NA,NA,NA
2006,F,2006-11-16,JC,3,3,104,N,SIHI,M,A,109,Y,S,NA,NA,NA,NA,NA
2006,F,2006-11-16,JC,3,3,105,N,SIHI,F,A,58,N,NA,NA,NA,NA,NA,NA
2006,F,2006-11-16,JC,3,3,107,N,DIME,F,A,27,N,NA,NA,NA,NA,NA,NA
2006,F,2006-11-16,JC,3,3,131,Y,DIME,NA,NA,0,NA,NA,NA,NA,NA,NA,NA
2006,F,2006-11-16,JC,3,3,142,Y,DIME,NA,NA,0,NA,NA,NA,NA,NA,NA,NA
2006,F,2006-11-16,JC,3,3,144,Y,CHPE,NA,NA,0,NA,NA,NA,NA,NA,NA,NA
2006,F,2006-11-17,JG,1,1,108,N,DIOR,M,A,59,Y,S,NA,NA,NA,3,NA
2006,F,2006-11-17,JG,1,1,122,N,DISP,M,A,150,Y,S,NA,NA,NA,NA,NA
2006,F,2006-11-17,JG,1,1,123,N,DISP,F,A,126,Y,L,NA,NA,NA,NA,NA
2006,F,2006-11-17,JG,1,2,64,N,ONLE,M,A,41,Y,PS,NA,NA,NA,1,NA
2006,F,2006-11-17,JG,1,2,96,N,SPSP,F,A,110,N,NA,NA,NA,NA,NA,NA
2006,F,2006-11-17,JG,1,3,123,N,DIOR,M,A,56,Y,PS,NA,NA,NA,NA,NA
2006,F,2006-11-17,JG,1,3,128,N,CHPE,F,A,10,N,NA,NA,NA,NA,NA,NA
2006,F,2006-11-18,JG,2,1,4,N,SPSP,M,A,0,Y,PS,Y,U,NA,NA,NA
2006,F,2006-11-18,JG,2,1,61,Y,DISP,NA,NA,0,NA,NA,NA,NA,NA,8,NA
2006,F,2006-11-18,JG,2,1,77,N,DIOR,F,A,30,N,NA,NA,NA,NA,NA,NA
2006,F,2006-11-18,JG,2,1,123,Y,DISP,NA,NA,0,NA,NA,NA,NA,NA,NA,NA
2006,F,2006-11-18,JG,2,2,63,Y,ONLE,NA,NA,0,NA,NA,NA,NA,NA,8,NA
2006,F,2006-11-18,JG,2,2,72,N,DISP,F,A,124,N,NA,NA,NA,NA,NA,NA
2006,F,2006-11-18,JG,2,2,76,N,DIOR,M,A,65,Y,S,NA,NA,NA,NA,NA
2006,F,2006-11-18,JG,2,2,89,N,DISP,F,A,110,N,NA,NA,NA,NA,NA,NA
2006,F,2006-11-18,JG,2,2,103,N,SPSP,F,A,82,N,NA,NA,NA,NA,NA,NA
2006,F,2006-11-18,JG,2,3,25,N,CHPE,M,A,17,N,NA,NA,NA,NA,3,NA
2006,F,2006-11-18,JG,2,3,36,N,SPSP,NA,J,58,N,NA,NA,NA,NA,NA,NA
2006,F,2006-11-18,JG,2,3,143,N,CHPE,M,A,6,N,NA,NA,NA,NA,NA,NA
2006,F,2006-11-19,JG,3,1,17,Y,SPSP,NA,NA,0,NA,NA,NA,NA,NA,2,NA
2006,F,2006-11-19,JG,3,1,55,N,DIOR,M,A,65,Y,S,NA,NA,NA,NA,NA
2006,F,2006-11-19,JG,3,1,122,Y,DISP,NA,NA,0,NA,NA,NA,NA,NA,NA,NA
2006,F,2006-11-19,JG,3,2,53,N,CHPE,M,A,14,N,NA,NA,NA,NA,NA,NA
2006,F,2006-11-19,JG,3,2,76,Y,SPSP,NA,NA,0,NA,NA,NA,NA,NA,1,NA
2006,F,2006-11-19,JG,3,2,105,Y,SPSP,NA,NA,0,NA,NA,NA,NA,NA,NA,NA
2006,F,2006-11-19,JG,3,2,140,N,DIOR,F,A,59,Y,P;L;V,NA,NA,NA,NA,NA
2006,F,2006-11-19,JG,3,3,20,N,DIME,M,A,46,Y,S,NA,NA,NA,1,NA
2006,F,2006-11-19,JG,3,3,131,N,DIOR,F,A,62,Y,L,NA,NA,NA,NA,NA
2006,F,2006-11-19,JG,3,3,141,Y,CHPE,NA,NA,0,NA,NA,NA,NA,NA,NA,NA
2006,F,2006-11-19,JG,3,3,142,N,CHPE,F,A,10,N,NA,NA,NA,NA,NA,NA
2006,F,2006-11-19,JG,3,3,144,N,DISP,M,A,140,Y,S,NA,NA,NA,NA,NA
2007,F,2007-10-09,JC,1,1,12,N,DIME,M,A,48,N,NA,NA,NA,NA,9,NA
2007,F,2007-10-09,JC,1,1,26,N,DIME,NA,J,36,N,NA,NA,NA,NA,NA,NA
2007,F,2007-10-09,JC,1,1,29,N,PGFL,NA,J,6,N,NA,NA,NA,NA,NA,NA
2007,F,2007-10-09,JC,1,1,85,N,PELE,M,A,13,N,NA,NA,NA,NA,NA,NA
2007,F,2007-10-09,JC,1,1,94,N,DIME,M,A,48,N,NA,NA,NA,NA,NA,NA
2007,F,2007-10-09,JC,1,1,95,N,DIME,F,A,46,N,NA,NA,NA,NA,NA,NA
2007,F,2007-10-09,JC,1,1,98,N,PELE,M,A,21,N,NA,NA,NA,NA,NA,NA
2007,F,2007-10-09,JC,1,1,99,N,DIME,M,A,46,N,NA,NA,NA,NA,NA,NA
2007,F,2007-10-09,JC,1,1,102,N,PELE,M,A,21,N,NA,NA,NA,NA,NA,NA
2007,F,2007-10-09,JC,1,1,103,N,DIME,F,A,40,N,NA,NA,NA,NA,NA,NA
2007,F,2007-10-09,JC,1,1,107,N,DIME,M,A,43,N,NA,NA,NA,NA,NA,NA
2007,F,2007-10-09,JC,1,1,109,N,SIHI,NA,J,51,N,NA,NA,NA,NA,NA,NA
2007,F,2007-10-09,JC,1,1,113,N,NEMI,M,A,165,N,NA,NA,NA,NA,NA,NA
2007,F,2007-10-09,JC,1,1,116,N,SIHI,NA,J,42,N,NA,NA,NA,NA,NA,NA
2007,F,2007-10-09,JC,1,1,117,N,SIHI,NA,J,46,N,NA,NA,NA,NA,NA,NA
2007,F,2007-10-09,JC,1,1,118,N,DIME,NA,J,33,N,NA,NA,NA,NA,NA,NA
2007,F,2007-10-09,JC,1,1,120,N,DIME,M,A,43,N,NA,NA,NA,NA,NA,NA
2007,F,2007-10-09,JC,1,1,122,N,DIME,M,A,42,Y,PS,NA,NA,NA,NA,NA
2007,F,2007-10-09,JC,1,1,125,N,PELE,M,A,17,N,NA,NA,NA,NA,NA,NA
2007,F,2007-10-09,JC,1,1,128,N,DIME,NA,J,36,N,NA,NA,NA,NA,NA,NA
2007,F,2007-10-09,JC,1,1,131,N,DIME,NA,J,35,N,NA,NA,NA,NA,NA,NA
2007,F,2007-10-09,JC,1,1,132,N,NEMI,NA,NA,230,NA,NA,Y,M,NA,NA,NA
2007,F,2007-10-09,JC,1,1,138,N,SIHI,NA,NA,0,NA,NA,Y,N,NA,NA,NA
2007,F,2007-10-09,JC,1,1,139,N,DIME,M,A,35,Y,PS,NA,NA,NA,NA,NA
2007,F,2007-10-09,JC,1,1,141,N,DIME,M,A,41,N,NA,NA,NA,NA,NA,NA
2007,F,2007-10-09,JC,1,1,142,N,DIME,M,A,47,Y,PS,NA,NA,NA,NA,NA
2007,F,2007-10-09,JC,1,1,143,N,DIME,M,A,48,Y,PS,NA,NA,NA,NA,NA
2007,F,2007-10-09,JC,1,1,144,N,DIME,NA,J,35,N,NA,NA,NA,NA,NA,NA
2007,F,2007-10-09,JC,1,1,145,N,ONAR,M,A,21,N,NA,NA,NA,NA,NA,NA
2007,F,2007-10-09,JC,1,1,4,N,PELE,M,A,19,N,NA,NA,NA,NA,NA,NA
2007,F,2007-10-09,JC,1,1,6,N,DIME,M,A,37,Y,S,NA,NA,NA,NA,NA
2007,F,2007-10-09,JC,1,1,8,N,PELE,NA,J,14,N,NA,NA,NA,NA,NA,NA
2007,F,2007-10-09,JC,1,1,18,N,SIHI,M,A,68,N,NA,NA,NA,NA,NA,NA
2007,F,2007-10-09,JC,1,1,19,N,SIHI,NA,J,75,N,NA,NA,NA,NA,NA,NA
2007,F,2007-10-09,JC,1,1,21,N,PELE,M,A,16,N,NA,NA,NA,NA,NA,NA
2007,F,2007-10-09,JC,1,1,22,N,DIME,M,A,40,Y,PS,NA,NA,NA,NA,NA
2007,F,2007-10-09,JC,1,1,24,N,SIHI,NA,A,70,NA,NA,Y,U,NA,NA,NA
2007,F,2007-10-09,JC,1,1,31,N,NEMI,F,A,120,N,NA,NA,NA,NA,NA,NA
2007,F,2007-10-09,JC,1,1,32,N,DIME,M,A,51,Y,PS,NA,NA,NA,NA,NA
2007,F,2007-10-09,JC,1,1,34,N,DIME,F,A,45,N,NA,NA,NA,NA,NA,NA
2007,F,2007-10-09,JC,1,1,36,N,PELE,M,A,18,N,NA,NA,NA,NA,NA,NA
2007,F,2007-10-09,JC,1,1,37,N,PGFL,M,A,8,Y,S,NA,NA,NA,NA,NA
2007,F,2007-10-09,JC,1,1,42,N,PGFL,NA,J,7,N,NA,NA,NA,NA,NA,NA
2007,F,2007-10-09,JC,1,1,43,N,ONAR,NA,J,22,N,NA,NA,NA,NA,NA,NA
2007,F,2007-10-09,JC,1,1,44,N,PELE,NA,J,15,N,NA,NA,NA,NA,NA,NA
2007,F,2007-10-09,JC,1,1,45,N,DIME,M,A,45,Y,PS,NA,NA,NA,NA,NA
2007,F,2007-10-09,JC,1,1,52,N,DIME,NA,J,35,N,NA,NA,NA,NA,NA,NA
2007,F,2007-10-09,JC,1,1,28,N,NA,NA,NA,0,NA,NA,Y,U,NA,NA,NA
2007,F,2007-10-09,JC,1,1,55,N,CHPE,M,A,15,Y,S,NA,NA,NA,NA,NA
2007,F,2007-10-09,JC,1,1,56,N,DIME,M,A,48,N,NA,NA,NA,NA,NA,NA
2007,F,2007-10-09,JC,1,1,57,N,DIME,F,A,43,N,NA,NA,NA,NA,NA,NA
2007,F,2007-10-09,JC,1,1,58,N,DIME,M,A,39,N,NA,NA,NA,NA,NA,NA
2007,F,2007-10-09,JC,1,1,59,N,ONAR,NA,J,19,N,NA,NA,NA,NA,NA,NA
2007,F,2007-10-09,JC,1,1,65,N,DIME,F,A,45,N,NA,NA,NA,NA,NA,NA
2007,F,2007-10-09,JC,1,1,68,N,PGFL,M,A,7,N,NA,NA,NA,NA,NA,NA
2007,F,2007-10-09,JC,1,1,69,N,DIME,M,A,51,Y,PS,NA,NA,NA,NA,NA
2007,F,2007-10-09,JC,1,1,70,N,DIME,M,A,44,N,NA,NA,NA,NA,NA,NA
2007,F,2007-10-09,JC,1,1,71,N,ONAR,M,A,28,N,NA,NA,NA,NA,NA,NA
2007,F,2007-10-09,JC,1,1,75,N,DIME,M,A,37,N,NA,NA,NA,NA,NA,NA
2007,F,2007-10-09,JC,1,1,76,N,DIME,M,A,42,Y,PS,NA,NA,NA,NA,NA
2007,F,2007-10-09,JC,1,1,77,N,PELE,F,A,25,N,NA,NA,NA,NA,NA,NA
2007,F,2007-10-09,JC,1,1,79,N,DIME,NA,NA,0,NA,NA,Y,U,NA,NA,NA
2007,F,2007-10-09,JC,1,1,80,N,DIME,M,A,36,N,NA,NA,NA,NA,NA,NA
2007,F,2007-10-09,JC,1,1,83,N,ONAR,M,A,20,N,NA,NA,NA,NA,NA,NA
2007,F,2007-10-09,JC,1,1,84,N,PGFL,M,A,6,N,NA,NA,NA,NA,NA,NA
2007,F,2007-10-09,JC,1,2,18,N,DIME,M,A,42,N,NA,NA,NA,NA,6,NA
2007,F,2007-10-09,JC,1,2,22,N,DIME,M,A,46,N,NA,NA,NA,NA,NA,NA
2007,F,2007-10-09,JC,1,2,23,N,DIME,M,A,40,Y,PS,NA,NA,NA,NA,NA
2007,F,2007-10-09,JC,1,2,24,N,NEMI,M,A,128,N,NA,NA,NA,NA,NA,NA
2007,F,2007-10-09,JC,1,2,32,N,PELE,M,A,22,N,NA,NA,NA,NA,NA,NA
2007,F,2007-10-09,JC,1,2,33,N,PELE,M,A,16,N,NA,NA,NA,NA,NA,NA
2007,F,2007-10-09,JC,1,2,34,N,CHPE,M,A,14,N,NA,NA,NA,NA,NA,NA
2007,F,2007-10-09,JC,1,2,36,N,DIME,M,A,40,Y,PS,NA,NA,NA,NA,NA
2007,F,2007-10-09,JC,1,2,39,N,PELE,M,A,21,N,NA,NA,NA,NA,NA,NA
2007,F,2007-10-09,JC,1,2,40,N,SIHI,NA,J,40,N,NA,NA,NA,NA,NA,NA
2007,F,2007-10-09,JC,1,2,41,N,PELE,F,A,33,N,NA,NA,NA,NA,NA,NA
2007,F,2007-10-09,JC,1,2,42,N,CHPE,M,A,14,N,NA,NA,NA,NA,NA,NA
2007,F,2007-10-09,JC,1,2,45,N,DIME,M,A,45,Y,S,NA,NA,NA,NA,NA
2007,F,2007-10-09,JC,1,2,46,N,CHPE,M,A,18,N,NA,NA,NA,NA,NA,NA
2007,F,2007-10-09,JC,1,2,50,N,NEMI,M,A,0,N,NA,Y,M,NA,NA,NA
2007,F,2007-10-09,JC,1,2,53,N,DIOR,M,A,57,Y,PS,NA,NA,NA,NA,NA
2007,F,2007-10-09,JC,1,2,56,N,SIHI,F,A,77,N,NA,NA,NA,NA,NA,NA
2007,F,2007-10-09,JC,1,2,59,N,DIME,F,A,45,N,NA,NA,NA,NA,NA,NA
2007,F,2007-10-09,JC,1,2,60,N,ONAR,M,A,22,N,NA,NA,NA,NA,NA,NA
2007,F,2007-10-09,JC,1,2,74,N,PGFL,M,A,9,N,NA,NA,NA,NA,NA,NA
2007,F,2007-10-09,JC,1,2,79,N,ONAR,M,A,23,N,NA,NA,NA,NA,NA,NA
2007,F,2007-10-09,JC,1,2,82,N,SIHI,F,A,68,N,NA,NA,NA,NA,NA,NA
2007,F,2007-10-09,JC,1,2,83,N,PELE,F,A,20,Y,P?,NA,NA,NA,NA,NA
2007,F,2007-10-09,JC,1,2,86,N,PGFL,M,A,6,N,NA,NA,NA,NA,NA,NA
2007,F,2007-10-09,JC,1,2,89,N,PGFL,NA,J,6,N,NA,NA,NA,NA,NA,NA
2007,F,2007-10-09,JC,1,2,91,N,DIME,M,A,42,N,NA,NA,NA,NA,NA,NA
2007,F,2007-10-09,JC,1,2,92,N,PELE,M,A,18,N,NA,NA,NA,NA,NA,NA
2007,F,2007-10-09,JC,1,2,94,N,DIME,M,A,38,N,NA,NA,NA,NA,NA,NA
2007,F,2007-10-09,JC,1,2,95,N,ONAR,NA,NA,0,NA,NA,Y,N,NA,NA,NA
2007,F,2007-10-09,JC,1,2,96,N,PGFL,F,A,7,N,NA,NA,NA,NA,NA,NA
2007,F,2007-10-09,JC,1,2,99,N,PELE,M,A,18,N,NA,NA,NA,NA,NA,NA
2007,F,2007-10-09,JC,1,2,100,N,ONAR,F,A,18,N,NA,NA,NA,NA,NA,NA
2007,F,2007-10-09,JC,1,2,101,N,ONAR,M,A,18,N,NA,NA,NA,NA,NA,NA
2007,F,2007-10-09,JC,1,2,102,N,NEMI,F,A,0,N,NA,NA,NA,NA,NA,NA
2007,F,2007-10-09,JC,1,2,107,N,DIME,F,A,37,N,NA,NA,NA,NA,NA,NA
2007,F,2007-10-09,JC,1,2,116,N,PGFL,F,A,7,N,NA,NA,NA,NA,NA,NA
2007,F,2007-10-09,JC,1,2,118,N,SIHI,M,A,76,N,NA,NA,NA,NA,NA,NA
2007,F,2007-10-09,JC,1,2,120,N,DIME,M,A,37,N,NA,NA,NA,NA,NA,NA
2007,F,2007-10-09,JC,1,2,123,N,PGFL,M,A,7,Y,S,NA,NA,NA,NA,NA
2007,F,2007-10-09,JC,1,2,124,N,DIME,M,A,45,N,NA,NA,NA,NA,NA,NA
2007,F,2007-10-09,JC,1,2,125,N,SIHI,NA,J,46,N,NA,NA,NA,NA,NA,NA
2007,F,2007-10-09,JC,1,2,128,N,DIME,F,A,45,N,NA,NA,NA,NA,NA,NA
2007,F,2007-10-09,JC,1,2,132,N,DIME,M,A,42,N,NA,NA,NA,NA,NA,NA
2007,F,2007-10-09,JC,1,2,4,N,SIHI,NA,J,40,N,NA,NA,NA,NA,NA,NA
2007,F,2007-10-09,JC,1,2,10,N,DIME,M,A,45,Y,PS,NA,NA,NA,NA,NA
2007,F,2007-10-09,JC,1,2,11,N,PELE,NA,J,14,N,NA,NA,NA,NA,NA,NA
2007,F,2007-10-09,JC,1,2,12,N,NEAL,NA,J,135,N,NA,NA,NA,NA,NA,NA
2007,F,2007-10-09,JC,1,2,58,N,NEMI,NA,NA,0,NA,NA,Y,U,NA,NA,NA
2007,F,2007-10-09,JC,1,2,61,N,DIME,F,A,42,N,NA,NA,NA,NA,NA,NA
2007,F,2007-10-09,JC,1,2,64,N,PGFL,M,A,7,N,NA,NA,NA,NA,NA,NA
2007,F,2007-10-09,JC,1,2,65,N,PELE,NA,NA,0,NA,NA,Y,N,NA,NA,NA
2007,F,2007-10-09,JC,1,2,67,N,CHPE,M,A,14,N,NA,NA,NA,NA,NA,NA
2007,F,2007-10-09,JC,1,2,68,N,NEAL,NA,NA,0,NA,NA,Y,N,NA,NA,NA
2007,F,2007-10-09,JC,1,2,69,N,DIME,M,A,40,Y,PS,NA,NA,NA,NA,NA
2007,F,2007-10-09,JC,1,2,70,N,NEAL,M,A,0,Y,S,Y,M,NA,NA,NA
2007,F,2007-10-09,JC,1,2,72,N,DIME,M,A,38,Y,S,NA,NA,NA,NA,NA
2007,F,2007-10-09,JC,1,2,73,N,CHPE,M,A,14,N,NA,NA,NA,NA,NA,NA
2007,F,2007-10-09,JC,1,2,84,N,PELE,F,A,14,N,NA,NA,NA,NA,NA,NA
2007,F,2007-10-09,JC,1,2,138,N,PGFL,M,A,7,N,NA,NA,NA,NA,NA,NA
2007,F,2007-10-09,JC,1,2,139,N,PELE,M,A,21,Y,S,NA,NA,NA,NA,NA
2007,F,2007-10-09,JC,1,2,144,N,SIHI,NA,J,44,N,NA,NA,NA,NA,NA,NA
2007,F,2007-10-09,JC,1,3,8,N,NEMI,F,A,208,N,NA,NA,NA,NA,9,NA
2007,F,2007-10-09,JC,1,3,10,N,NEAL,M,A,230,N,NA,NA,NA,NA,NA,NA
2007,F,2007-10-09,JC,1,3,11,N,DIME,F,A,47,N,NA,NA,NA,NA,NA,NA
2007,F,2007-10-09,JC,1,3,16,N,PGFL,NA,J,6,N,NA,NA,NA,NA,NA,NA
2007,F,2007-10-09,JC,1,3,20,N,DIME,F,A,49,N,NA,NA,NA,NA,NA,NA
2007,F,2007-10-09,JC,1,3,23,N,SPSP,M,A,98,Y,S,NA,NA,NA,NA,NA
2007,F,2007-10-09,JC,1,3,55,N,PGFL,M,A,7,N,NA,NA,NA,NA,NA,NA
2007,F,2007-10-09,JC,1,3,56,N,DIME,M,A,42,N,NA,NA,NA,NA,NA,NA
2007,F,2007-10-09,JC,1,3,60,N,DIME,M,A,44,Y,S,NA,NA,NA,NA,NA
2007,F,2007-10-09,JC,1,3,62,N,ONAR,M,A,23,N,NA,NA,NA,NA,NA,NA
2007,F,2007-10-09,JC,1,3,64,N,PGFL,M,A,6,N,NA,NA,NA,NA,NA,NA
2007,F,2007-10-09,JC,1,3,70,N,CHPE,M,A,13,N,NA,NA,NA,NA,NA,NA
2007,F,2007-10-09,JC,1,3,72,N,NEMI,F,A,185,N,NA,NA,NA,NA,NA,NA
2007,F,2007-10-09,JC,1,3,99,N,ONAR,M,A,18,N,NA,NA,NA,NA,NA,NA
2007,F,2007-10-09,JC,1,3,102,N,PGFL,NA,J,5,N,NA,NA,NA,NA,NA,NA
2007,F,2007-10-09,JC,1,3,104,N,SIHI,M,A,54,N,NA,NA,NA,NA,NA,NA
2007,F,2007-10-09,JC,1,3,105,N,SIHI,F,A,65,N,NA,NA,NA,NA,NA,NA
2007,F,2007-10-09,JC,1,3,106,N,SIHI,NA,J,41,N,NA,NA,NA,NA,NA,NA
2007,F,2007-10-09,JC,1,3,107,N,SIHI,NA,J,29,N,NA,NA,NA,NA,NA,NA
2007,F,2007-10-09,JC,1,3,109,N,ONAR,M,A,29,N,NA,NA,NA,NA,NA,NA
2007,F,2007-10-09,JC,1,3,113,N,SIHI,NA,J,38,N,NA,NA,NA,NA,NA,NA
2007,F,2007-10-09,JC,1,3,114,N,SIHI,F,A,63,N,NA,NA,NA,NA,NA,NA
2007,F,2007-10-09,JC,1,3,117,N,NEMI,M,A,165,N,NA,NA,NA,NA,NA,NA
2007,F,2007-10-09,JC,1,3,119,N,DIME,F,A,34,N,NA,NA,NA,NA,NA,NA
2007,F,2007-10-09,JC,1,3,28,N,DIOR,M,A,58,Y,S,NA,NA,NA,NA,NA
2007,F,2007-10-09,JC,1,3,30,N,PGFL,M,A,7,N,NA,NA,NA,NA,NA,NA
2007,F,2007-10-09,JC,1,3,31,N,DIME,M,A,42,Y,PS,NA,NA,NA,NA,NA
2007,F,2007-10-09,JC,1,3,35,N,DIME,F,A,44,Y,P?,NA,NA,NA,NA,NA
2007,F,2007-10-09,JC,1,3,39,N,PELE,F,A,20,Y,L,NA,NA,NA,NA,NA
2007,F,2007-10-09,JC,1,3,41,N,DIME,M,A,44,N,NA,NA,NA,NA,NA,NA
2007,F,2007-10-09,JC,1,3,44,N,ONAR,M,A,22,N,NA,NA,NA,NA,NA,NA
2007,F,2007-10-09,JC,1,3,47,N,DIME,F,A,37,N,NA,NA,NA,NA,NA,NA
2007,F,2007-10-09,JC,1,3,48,N,SIHI,F,A,100,Y,L,NA,NA,NA,NA,NA
2007,F,2007-10-09,JC,1,3,52,N,DIME,M,A,42,Y,S,NA,NA,NA,NA,NA
2007,F,2007-10-09,JC,1,3,76,N,SIHI,F,A,51,N,NA,NA,NA,NA,NA,NA
2007,F,2007-10-09,JC,1,3,77,N,DIME,F,A,40,N,NA,NA,NA,NA,NA,NA
2007,F,2007-10-09,JC,1,3,78,N,DIME,M,A,44,Y,S,NA,NA,NA,NA,NA
2007,F,2007-10-09,JC,1,3,80,N,CHPE,NA,NA,0,NA,NA,Y,N,NA,NA,NA
2007,F,2007-10-09,JC,1,3,82,N,ONAR,M,A,14,N,NA,NA,NA,NA,NA,NA
2007,F,2007-10-09,JC,1,3,84,N,NEMI,M,A,42,Y,S,NA,NA,NA,NA,NA
2007,F,2007-10-09,JC,1,3,86,N,DIOR,M,A,55,Y,S,NA,NA,NA,NA,NA
2007,F,2007-10-09,JC,1,3,89,N,PGFL,NA,J,0,N,NA,Y,U,NA,NA,NA
2007,F,2007-10-09,JC,1,3,91,N,SIHI,F,A,35,N,NA,NA,NA,NA,NA,NA
2007,F,2007-10-09,JC,1,3,92,N,DIOR,M,A,61,Y,S,NA,NA,NA,NA,NA
2007,F,2007-10-09,JC,1,3,93,N,PELE,M,A,19,Y,S,NA,NA,NA,NA,NA
2007,F,2007-10-09,JC,1,3,95,N,PGFL,NA,J,6,N,NA,NA,NA,NA,NA,NA
2007,F,2007-10-09,JC,1,3,125,N,PGFL,M,A,8,N,NA,NA,NA,NA,NA,NA
2007,F,2007-10-09,JC,1,3,127,N,PELE,M,A,18,Y,S,NA,NA,NA,NA,NA
2007,F,2007-10-09,JC,1,3,128,N,NEMI,NA,NA,0,N,NA,Y,U,NA,NA,NA
2007,F,2007-10-09,JC,1,3,129,N,DIME,M,A,44,Y,S,NA,NA,NA,NA,NA
2007,F,2007-10-09,JC,1,3,131,N,NEAL,M,A,140,N,NA,NA,NA,NA,NA,NA
2007,F,2007-10-09,JC,1,3,133,N,PGFL,M,A,7,N,NA,NA,NA,NA,NA,NA
2007,F,2007-10-09,JC,1,3,134,N,NEMI,F,A,156,N,NA,NA,NA,NA,NA,NA
2007,F,2007-10-09,JC,1,3,136,N,ONAR,F,A,20,N,NA,NA,NA,NA,NA,NA
2007,F,2007-10-09,JC,1,3,137,N,CHPE,F,A,16,N,NA,NA,NA,NA,NA,NA
2007,F,2007-10-09,JC,1,3,138,N,PELE,NA,J,17,N,NA,NA,NA,NA,NA,NA
2007,F,2007-10-09,JC,1,3,140,N,PELE,M,A,40,Y,S,NA,NA,NA,NA,NA
2007,F,2007-10-09,JC,1,3,141,N,ONAR,M,A,27,N,NA,NA,NA,NA,NA,NA
2007,F,2007-10-09,JC,1,3,142,N,DIME,F,A,40,N,NA,NA,NA,NA,NA,NA
2007,F,2007-10-09,JC,1,3,143,N,ONAR,NA,J,17,N,NA,NA,NA,NA,NA,NA
2007,F,2007-10-09,JC,1,3,144,N,DIME,F,A,40,N,NA,NA,NA,NA,NA,NA
2007,F,2007-10-10,JC,2,1,2,N,PELE,M,A,19,N,NA,NA,NA,NA,9,NA
2007,F,2007-10-10,JC,2,1,4,Y,PELE,NA,NA,0,NA,NA,NA,NA,NA,NA,NA
2007,F,2007-10-10,JC,2,1,5,Y,DIME,NA,NA,0,NA,NA,NA,NA,NA,NA,NA
2007,F,2007-10-10,JC,2,1,6,N,SIHI,F,A,105,Y,P?,NA,NA,NA,NA,NA
2007,F,2007-10-10,JC,2,1,8,N,SIHI,NA,J,31,N,NA,NA,NA,NA,NA,NA
2007,F,2007-10-10,JC,2,1,9,N,PELE,M,A,16,N,NA,NA,NA,NA,NA,NA
2007,F,2007-10-10,JC,2,1,11,Y,DIME,NA,NA,0,NA,NA,NA,NA,NA,NA,NA
2007,F,2007-10-10,JC,2,1,12,N,DIME,NA,J,38,N,NA,NA,NA,NA,NA,NA
2007,F,2007-10-10,JC,2,1,31,N,PGFL,M,A,6,N,NA,NA,NA,NA,NA,NA
2007,F,2007-10-10,JC,2,1,40,N,NEMI,NA,NA,0,NA,NA,Y,U,NA,NA,NA
2007,F,2007-10-10,JC,2,1,41,N,ONAR,F,A,22,N,NA,NA,NA,NA,NA,NA
2007,F,2007-10-10,JC,2,1,43,N,DIME,F,A,48,N,NA,NA,NA,NA,NA,NA
2007,F,2007-10-10,JC,2,1,44,Y,DIME,NA,NA,0,NA,NA,NA,NA,NA,NA,NA
2007,F,2007-10-10,JC,2,1,45,Y,PELE,NA,NA,0,NA,NA,NA,NA,NA,NA,NA
2007,F,2007-10-10,JC,2,1,52,N,SIHI,M,A,96,N,NA,NA,NA,NA,NA,NA
2007,F,2007-10-10,JC,2,1,53,Y,DIME,NA,NA,0,NA,NA,NA,NA,NA,NA,NA
2007,F,2007-10-10,JC,2,1,54,Y,DIME,NA,NA,0,NA,NA,NA,NA,NA,NA,NA
2007,F,2007-10-10,JC,2,1,57,N,DIME,M,A,42,Y,PS,NA,NA,NA,NA,NA
2007,F,2007-10-10,JC,2,1,58,Y,ONAR,NA,NA,0,NA,NA,NA,NA,NA,NA,NA
2007,F,2007-10-10,JC,2,1,59,Y,DIME,NA,NA,0,NA,NA,NA,NA,NA,NA,NA
2007,F,2007-10-10,JC,2,1,61,N,PGFL,M,A,6,N,NA,NA,NA,NA,NA,NA
2007,F,2007-10-10,JC,2,1,63,N,SIHI,NA,J,33,N,NA,NA,NA,NA,NA,NA
2007,F,2007-10-10,JC,2,1,65,Y,DIME,NA,NA,0,NA,NA,NA,NA,NA,NA,NA
2007,F,2007-10-10,JC,2,1,67,N,SIHI,NA,J,45,N,NA,NA,NA,NA,NA,NA
2007,F,2007-10-10,JC,2,1,69,Y,DIME,NA,NA,0,NA,NA,NA,NA,NA,NA,NA
2007,F,2007-10-10,JC,2,1,70,N,DIME,M,A,47,N,NA,NA,NA,NA,NA,NA
2007,F,2007-10-10,JC,2,1,71,Y,DIME,NA,NA,0,NA,NA,NA,NA,NA,NA,NA
2007,F,2007-10-10,JC,2,1,72,Y,DIME,NA,NA,0,NA,NA,NA,NA,NA,NA,NA
2007,F,2007-10-10,JC,2,1,77,N,DIME,M,A,37,N,NA,NA,NA,NA,NA,NA
2007,F,2007-10-10,JC,2,1,80,Y,DIME,NA,NA,0,NA,NA,NA,NA,NA,NA,NA
2007,F,2007-10-10,JC,2,1,81,N,SIHI,F,A,59,N,NA,NA,NA,NA,NA,NA
2007,F,2007-10-10,JC,2,1,84,N,DIME,M,A,47,Y,PS,NA,NA,NA,NA,NA
2007,F,2007-10-10,JC,2,1,109,Y,DIME,NA,NA,0,NA,NA,NA,NA,NA,NA,NA
2007,F,2007-10-10,JC,2,1,113,N,SPSP,F,A,130,N,NA,NA,NA,NA,NA,NA
2007,F,2007-10-10,JC,2,1,114,N,DIME,NA,J,37,N,NA,NA,NA,NA,NA,NA
2007,F,2007-10-10,JC,2,1,115,Y,DIME,NA,NA,0,NA,NA,NA,NA,NA,NA,NA
2007,F,2007-10-10,JC,2,1,117,N,SIHI,F,A,72,N,NA,NA,NA,NA,NA,NA
2007,F,2007-10-10,JC,2,1,118,N,SIHI,NA,J,48,N,NA,NA,NA,NA,NA,NA
2007,F,2007-10-10,JC,2,1,120,N,PELE,M,A,21,N,NA,NA,NA,NA,NA,NA
2007,F,2007-10-10,JC,2,1,121,N,PGFL,M,A,6,N,NA,NA,NA,NA,NA,NA
2007,F,2007-10-10,JC,2,1,125,Y,PELE,NA,NA,0,NA,NA,NA,NA,NA,NA,NA
2007,F,2007-10-10,JC,2,1,129,Y,DIME,NA,NA,0,NA,NA,NA,NA,NA,NA,NA
2007,F,2007-10-10,JC,2,1,130,Y,DIME,NA,NA,0,NA,NA,NA,NA,NA,NA,NA
2007,F,2007-10-10,JC,2,1,131,N,DIME,NA,J,35,N,NA,NA,NA,NA,NA,NA
2007,F,2007-10-10,JC,2,1,133,Y,SIHI,NA,NA,0,NA,NA,NA,NA,NA,NA,NA
2007,F,2007-10-10,JC,2,1,134,Y,PELE,NA,NA,0,NA,NA,NA,NA,NA,NA,NA
2007,F,2007-10-10,JC,2,1,135,N,SIHI,M,A,72,N,NA,NA,NA,NA,NA,NA
2007,F,2007-10-10,JC,2,1,136,N,PGFL,M,A,7,N,NA,NA,NA,NA,NA,NA
2007,F,2007-10-10,JC,2,1,138,N,SIHI,F,A,90,N,NA,NA,NA,NA,NA,NA
2007,F,2007-10-10,JC,2,1,139,Y,DIME,NA,NA,0,NA,NA,NA,NA,NA,NA,NA
2007,F,2007-10-10,JC,2,1,140,N,ONAR,M,A,23,N,NA,NA,NA,NA,NA,NA
2007,F,2007-10-10,JC,2,1,144,NA,NEAL,NA,NA,160,NA,NA,Y,U,NA,NA,NA
2007,F,2007-10-10,JC,2,1,145,Y,DIME,NA,NA,0,NA,NA,NA,NA,NA,NA,NA
2007,F,2007-10-10,JC,2,1,18,Y,SIHI,NA,NA,0,NA,NA,NA,NA,NA,NA,NA
2007,F,2007-10-10,JC,2,1,20,N,PGFL,NA,J,5,N,NA,NA,NA,NA,NA,NA
2007,F,2007-10-10,JC,2,1,21,Y,SIHI,NA,NA,0,NA,NA,NA,NA,NA,NA,NA
2007,F,2007-10-10,JC,2,1,24,Y,DIME,NA,NA,0,NA,NA,NA,NA,NA,NA,NA
2007,F,2007-10-10,JC,2,1,29,N,PELE,M,A,19,Y,S,NA,NA,NA,NA,NA
2007,F,2007-10-10,JC,2,1,32,Y,DIME,NA,NA,0,NA,NA,NA,NA,NA,NA,NA
2007,F,2007-10-10,JC,2,1,34,Y,DIME,NA,NA,0,NA,NA,NA,NA,NA,NA,NA
2007,F,2007-10-10,JC,2,1,36,N,ONAR,F,A,22,N,NA,NA,NA,NA,NA,NA
2007,F,2007-10-10,JC,2,1,42,N,ONAR,M,A,20,N,NA,NA,NA,NA,NA,NA
2007,F,2007-10-10,JC,2,1,85,N,PELE,M,A,26,N,NA,NA,NA,NA,NA,NA
2007,F,2007-10-10,JC,2,1,86,N,PELE,NA,J,13,N,NA,NA,NA,NA,NA,NA
2007,F,2007-10-10,JC,2,1,87,Y,PELE,NA,NA,0,NA,NA,NA,NA,NA,NA,NA
2007,F,2007-10-10,JC,2,1,88,Y,PELE,NA,NA,0,NA,NA,NA,NA,NA,NA,NA
2007,F,2007-10-10,JC,2,1,90,N,PELE,NA,J,13,N,NA,NA,NA,NA,NA,NA
2007,F,2007-10-10,JC,2,1,91,Y,DIME,NA,NA,0,NA,NA,NA,NA,NA,NA,NA
2007,F,2007-10-10,JC,2,1,92,N,PELE,M,A,20,N,NA,NA,NA,NA,NA,NA
2007,F,2007-10-10,JC,2,1,93,Y,DIME,NA,NA,0,NA,NA,NA,NA,NA,NA,NA
2007,F,2007-10-10,JC,2,1,95,Y,DIME,NA,NA,0,NA,NA,NA,NA,NA,NA,NA
2007,F,2007-10-10,JC,2,1,98,N,PGFL,NA,NA,0,NA,NA,Y,U,NA,NA,NA
2007,F,2007-10-10,JC,2,1,99,N,DIME,M,A,38,N,NA,NA,NA,NA,NA,NA
2007,F,2007-10-10,JC,2,1,102,Y,NEMI,NA,NA,0,NA,NA,NA,NA,NA,NA,NA
2007,F,2007-10-10,JC,2,1,103,Y,DIME,NA,NA,0,NA,NA,NA,NA,NA,NA,NA
2007,F,2007-10-10,JC,2,1,105,N,DIME,NA,J,32,N,NA,NA,NA,NA,NA,NA
2007,F,2007-10-10,JC,2,1,106,Y,PELE,NA,NA,0,NA,NA,NA,NA,NA,NA,NA
2007,F,2007-10-10,JC,2,1,107,N,DIME,M,A,40,N,NA,NA,NA,NA,NA,NA
2007,F,2007-10-10,JC,2,1,108,Y,DIME,NA,NA,0,NA,NA,NA,NA,NA,NA,NA
2007,F,2007-10-10,JC,2,2,3,Y,PGFL,NA,NA,0,NA,NA,NA,NA,NA,9,NA
2007,F,2007-10-10,JC,2,2,6,Y,SIHI,NA,NA,0,NA,NA,NA,NA,NA,NA,NA
2007,F,2007-10-10,JC,2,2,8,Y,DIME,NA,NA,0,NA,NA,NA,NA,NA,NA,NA
2007,F,2007-10-10,JC,2,2,9,N,SIHI,M,A,95,N,NA,NA,NA,NA,NA,NA
2007,F,2007-10-10,JC,2,2,10,N,DIME,F,A,48,N,NA,NA,NA,NA,NA,NA
2007,F,2007-10-10,JC,2,2,11,Y,PELE,NA,NA,0,NA,NA,NA,NA,NA,NA,NA
2007,F,2007-10-10,JC,2,2,12,Y,NEAL,NA,NA,205,NA,NA,NA,NA,NA,NA,NA
2007,F,2007-10-10,JC,2,2,14,N,ONAR,M,A,22,N,NA,NA,NA,NA,NA,NA
2007,F,2007-10-10,JC,2,2,15,Y,DIME,NA,NA,0,NA,NA,NA,NA,NA,NA,NA
2007,F,2007-10-10,JC,2,2,16,Y,SIHI,NA,NA,0,NA,NA,NA,NA,NA,NA,NA
2007,F,2007-10-10,JC,2,2,22,Y,DIME,NA,NA,0,NA,NA,NA,NA,NA,NA,NA
2007,F,2007-10-10,JC,2,2,23,Y,DIME,NA,NA,0,NA,NA,NA,NA,NA,NA,NA
2007,F,2007-10-10,JC,2,2,24,Y,PELE,NA,NA,0,NA,NA,NA,NA,NA,NA,NA
2007,F,2007-10-10,JC,2,2,25,Y,DIME,NA,NA,0,NA,NA,NA,NA,NA,NA,NA
2007,F,2007-10-10,JC,2,2,29,Y,DIME,NA,NA,0,NA,NA,NA,NA,NA,NA,NA
2007,F,2007-10-10,JC,2,2,30,N,CHPE,M,A,15,N,NA,NA,NA,NA,NA,NA
2007,F,2007-10-10,JC,2,2,31,N,DIME,M,A,46,Y,PS,NA,NA,NA,NA,NA
2007,F,2007-10-10,JC,2,2,33,Y,CHPE,NA,NA,0,NA,NA,NA,NA,NA,NA,NA
2007,F,2007-10-10,JC,2,2,36,Y,DIME,NA,NA,0,NA,NA,NA,NA,NA,NA,NA
2007,F,2007-10-10,JC,2,2,38,Y,DIME,NA,NA,0,NA,NA,NA,NA,NA,NA,NA
2007,F,2007-10-10,JC,2,2,40,N,PELE,F,A,26,Y,P?,NA,NA,NA,NA,NA
2007,F,2007-10-10,JC,2,2,41,Y,CHPE,NA,NA,0,NA,NA,NA,NA,NA,NA,NA
2007,F,2007-10-10,JC,2,2,42,Y,SIHI,NA,NA,0,NA,NA,NA,NA,NA,NA,NA
2007,F,2007-10-10,JC,2,2,45,Y,DIME,NA,NA,0,NA,NA,NA,NA,NA,NA,NA
2007,F,2007-10-10,JC,2,2,46,N,ONAR,M,A,17,N,NA,NA,NA,NA,NA,NA
2007,F,2007-10-10,JC,2,2,48,N,SIHI,F,A,112,N,NA,NA,NA,NA,NA,NA
2007,F,2007-10-10,JC,2,2,61,Y,CHPE,NA,NA,0,NA,NA,NA,NA,NA,NA,NA
2007,F,2007-10-10,JC,2,2,63,Y,PELE,NA,NA,0,NA,NA,NA,NA,NA,NA,NA
2007,F,2007-10-10,JC,2,2,64,N,SIHI,NA,J,50,N,NA,NA,NA,NA,NA,NA
2007,F,2007-10-10,JC,2,2,66,Y,CHPE,NA,NA,0,NA,NA,NA,NA,NA,NA,NA
2007,F,2007-10-10,JC,2,2,72,Y,DIME,NA,NA,0,NA,NA,NA,NA,NA,NA,NA
2007,F,2007-10-10,JC,2,2,75,N,PELE,F,A,35,Y,L,NA,NA,NA,NA,NA
2007,F,2007-10-10,JC,2,2,79,Y,DIME,NA,NA,0,NA,NA,NA,NA,NA,NA,NA
2007,F,2007-10-10,JC,2,2,81,N,SIHI,NA,J,35,N,NA,NA,NA,NA,NA,NA
2007,F,2007-10-10,JC,2,2,82,N,SIHI,NA,J,47,N,NA,NA,NA,NA,NA,NA
2007,F,2007-10-10,JC,2,2,83,N,NEAL,M,A,180,N,NA,NA,NA,NA,NA,NA
2007,F,2007-10-10,JC,2,2,121,Y,PELE,NA,NA,0,NA,NA,NA,NA,NA,NA,NA
2007,F,2007-10-10,JC,2,2,124,Y,PELE,NA,NA,0,NA,NA,NA,NA,NA,NA,NA
2007,F,2007-10-10,JC,2,2,127,Y,DIME,NA,NA,0,NA,NA,NA,NA,NA,NA,NA
2007,F,2007-10-10,JC,2,2,133,Y,PGFL,NA,NA,0,NA,NA,NA,NA,NA,NA,NA
2007,F,2007-10-10,JC,2,2,134,N,DIME,M,A,46,N,NA,NA,NA,NA,NA,NA
2007,F,2007-10-10,JC,2,2,135,N,SIHI,F,A,48,N,NA,NA,NA,NA,NA,NA
2007,F,2007-10-10,JC,2,2,138,N,PGFL,F,A,7,N,NA,NA,NA,NA,NA,NA
2007,F,2007-10-10,JC,2,2,139,N,ONAR,M,A,20,N,NA,NA,NA,NA,NA,NA
2007,F,2007-10-10,JC,2,2,140,N,SIHI,M,A,55,N,NA,NA,NA,NA,NA,NA
2007,F,2007-10-10,JC,2,2,143,Y,DIME,NA,NA,0,NA,NA,NA,NA,NA,NA,NA
2007,F,2007-10-10,JC,2,2,144,Y,SIHI,NA,NA,0,NA,NA,NA,NA,NA,NA,NA
2007,F,2007-10-10,JC,2,2,50,Y,NEMI,NA,NA,0,NA,NA,NA,NA,NA,NA,NA
2007,F,2007-10-10,JC,2,2,53,Y,DIOR,NA,NA,0,NA,NA,NA,NA,NA,NA,NA
2007,F,2007-10-10,JC,2,2,56,Y,SIHI,NA,NA,0,NA,NA,NA,NA,NA,NA,NA
2007,F,2007-10-10,JC,2,2,59,Y,ONAR,NA,NA,0,NA,NA,NA,NA,NA,NA,NA
2007,F,2007-10-10,JC,2,2,88,Y,PELE,NA,NA,0,NA,NA,NA,NA,NA,NA,NA
2007,F,2007-10-10,JC,2,2,92,Y,DIME,NA,NA,0,NA,NA,NA,NA,NA,NA,NA
2007,F,2007-10-10,JC,2,2,98,N,DIME,F,A,42,Y,L,NA,NA,NA,NA,NA
2007,F,2007-10-10,JC,2,2,99,N,PELE,F,A,24,N,NA,NA,NA,NA,NA,NA
2007,F,2007-10-10,JC,2,2,100,N,PELE,F,A,22,N,NA,NA,NA,NA,NA,NA
2007,F,2007-10-10,JC,2,2,104,Y,DIME,NA,NA,0,NA,NA,NA,NA,NA,NA,NA
2007,F,2007-10-10,JC,2,2,108,N,PELE,NA,J,15,N,NA,NA,NA,NA,NA,NA
2007,F,2007-10-10,JC,2,2,111,N,ONAR,F,A,26,Y,P?,NA,NA,NA,NA,NA
2007,F,2007-10-10,JC,2,2,114,Y,NEAL,NA,NA,0,NA,NA,NA,NA,NA,NA,NA
2007,F,2007-10-10,JC,2,2,115,N,SIHI,NA,NA,0,NA,NA,Y,N,NA,NA,NA
2007,F,2007-10-10,JC,2,2,116,N,PGFL,F,A,7,N,NA,NA,NA,NA,NA,NA
2007,F,2007-10-10,JC,2,2,118,Y,SIHI,NA,NA,0,NA,NA,NA,NA,NA,NA,NA
2007,F,2007-10-10,JC,2,2,119,N,SIHI,M,A,44,N,NA,NA,NA,NA,NA,NA
2007,F,2007-10-10,JC,2,2,120,N,NEAL,NA,NA,0,NA,NA,Y,N,NA,NA,NA
2007,F,2007-10-10,JC,2,2,129,N,PGFL,F,A,7,N,NA,NA,NA,NA,NA,NA
2007,F,2007-10-10,JC,2,2,131,N,DIME,F,A,45,N,NA,NA,NA,NA,NA,NA
2007,F,2007-10-10,JC,2,2,132,N,DIME,M,A,44,Y,S,NA,NA,NA,NA,NA
2007,F,2007-10-10,JC,2,3,11,N,CHPE,F,A,15,N,NA,NA,NA,NA,2,NA
2007,F,2007-10-10,JC,2,3,13,Y,PGFL,NA,NA,0,NA,NA,NA,NA,NA,NA,NA
2007,F,2007-10-10,JC,2,3,16,N,PGFL,M,A,6,N,NA,NA,NA,NA,NA,NA
2007,F,2007-10-10,JC,2,3,17,N,PGFL,M,A,7,N,NA,NA,NA,NA,NA,NA
2007,F,2007-10-10,JC,2,3,19,N,PGFL,M,A,9,N,NA,NA,NA,NA,NA,NA
2007,F,2007-10-10,JC,2,3,20,Y,DIME,NA,NA,0,NA,NA,NA,NA,NA,NA,NA
2007,F,2007-10-10,JC,2,3,22,Y,SPSP,NA,NA,0,NA,NA,NA,NA,NA,NA,NA
2007,F,2007-10-10,JC,2,3,24,N,CHPE,F,A,15,N,NA,NA,NA,NA,NA,NA
2007,F,2007-10-10,JC,2,3,25,Y,ONAR,NA,NA,0,NA,NA,NA,NA,NA,NA,NA
2007,F,2007-10-10,JC,2,3,28,Y,DIOR,NA,NA,0,NA,NA,NA,NA,NA,NA,NA
2007,F,2007-10-10,JC,2,3,29,Y,DIME,NA,NA,0,NA,NA,NA,NA,NA,NA,NA
2007,F,2007-10-10,JC,2,3,31,Y,ONAR,NA,NA,0,NA,NA,NA,NA,NA,NA,NA
2007,F,2007-10-10,JC,2,3,33,Y,ONAR,NA,NA,0,NA,NA,NA,NA,NA,NA,NA
2007,F,2007-10-10,JC,2,3,34,Y,DIME,NA,NA,0,NA,NA,NA,NA,NA,NA,NA
2007,F,2007-10-10,JC,2,3,37,Y,PELE,NA,NA,0,NA,NA,NA,NA,NA,NA,NA
2007,F,2007-10-10,JC,2,3,41,Y,DIME,NA,NA,0,NA,NA,NA,NA,NA,NA,NA
2007,F,2007-10-10,JC,2,3,43,N,NEMI,M,A,255,Y,S,NA,NA,NA,NA,NA
2007,F,2007-10-10,JC,2,3,46,Y,DIME,NA,NA,0,NA,NA,NA,NA,NA,NA,NA
2007,F,2007-10-10,JC,2,3,47,N,PGFL,M,A,7,N,NA,NA,NA,NA,NA,NA
2007,F,2007-10-10,JC,2,3,48,Y,SIHI,NA,NA,0,NA,NA,NA,NA,NA,NA,NA
2007,F,2007-10-10,JC,2,3,53,N,CHPE,M,A,14,N,NA,NA,NA,NA,NA,NA
2007,F,2007-10-10,JC,2,3,55,Y,DIME,NA,NA,0,NA,NA,NA,NA,NA,NA,NA
2007,F,2007-10-10,JC,2,3,56,Y,DIME,NA,NA,0,NA,NA,NA,NA,NA,NA,NA
2007,F,2007-10-10,JC,2,3,58,N,PELE,M,A,20,Y,S,NA,NA,NA,NA,NA
2007,F,2007-10-10,JC,2,3,59,N,PGFL,M,A,6,N,NA,NA,NA,NA,NA,NA
2007,F,2007-10-10,JC,2,3,60,N,DIME,M,A,38,N,NA,NA,NA,NA,NA,NA
2007,F,2007-10-10,JC,2,3,61,N,PELE,M,A,22,N,NA,NA,NA,NA,NA,NA
2007,F,2007-10-10,JC,2,3,64,N,SIHI,M,A,55,N,NA,NA,NA,NA,NA,NA
2007,F,2007-10-10,JC,2,3,72,Y,NEMI,NA,NA,0,NA,NA,NA,NA,NA,NA,NA
2007,F,2007-10-10,JC,2,3,100,N,SIHI,M,A,50,N,NA,NA,NA,NA,NA,NA
2007,F,2007-10-10,JC,2,3,101,N,SIHI,M,A,52,N,NA,NA,NA,NA,NA,NA
2007,F,2007-10-10,JC,2,3,102,Y,PGFL,NA,NA,0,NA,NA,NA,NA,NA,NA,NA
2007,F,2007-10-10,JC,2,3,104,N,SIHI,M,A,60,N,NA,NA,NA,NA,NA,NA
2007,F,2007-10-10,JC,2,3,105,N,SIHI,M,A,63,N,NA,NA,NA,NA,NA,NA
2007,F,2007-10-10,JC,2,3,106,Y,SIHI,NA,NA,0,NA,NA,NA,NA,NA,NA,NA
2007,F,2007-10-10,JC,2,3,107,N,NEAL,F,A,163,N,NA,NA,NA,NA,NA,NA
2007,F,2007-10-10,JC,2,3,109,Y,ONAR,NA,NA,0,NA,NA,NA,NA,NA,NA,NA
2007,F,2007-10-10,JC,2,3,113,Y,SIHI,NA,NA,0,NA,NA,NA,NA,NA,NA,NA
2007,F,2007-10-10,JC,2,3,114,Y,SIHI,NA,NA,0,NA,NA,NA,NA,NA,NA,NA
2007,F,2007-10-10,JC,2,3,117,Y,NEMI,NA,NA,0,NA,NA,NA,NA,NA,NA,NA
2007,F,2007-10-10,JC,2,3,119,Y,NEAL,NA,NA,0,NA,NA,NA,NA,NA,NA,NA
2007,F,2007-10-10,JC,2,3,120,Y,DIME,NA,NA,0,NA,NA,NA,NA,NA,NA,NA
2007,F,2007-10-10,JC,2,3,134,Y,ONAR,NA,NA,0,NA,NA,NA,NA,NA,NA,NA
2007,F,2007-10-10,JC,2,3,74,Y,DIOR,NA,NA,0,NA,NA,NA,NA,NA,NA,NA
2007,F,2007-10-10,JC,2,3,78,Y,DIME,NA,NA,0,NA,NA,NA,NA,NA,NA,NA
2007,F,2007-10-10,JC,2,3,79,N,SIHI,NA,J,44,N,NA,NA,NA,NA,NA,NA
2007,F,2007-10-10,JC,2,3,81,Y,DIME,NA,NA,0,NA,NA,NA,NA,NA,NA,NA
2007,F,2007-10-10,JC,2,3,83,N,PGFL,M,A,6,N,NA,NA,NA,NA,NA,NA
2007,F,2007-10-10,JC,2,3,84,N,NEMI,NA,J,44,N,NA,NA,NA,NA,NA,NA
2007,F,2007-10-10,JC,2,3,88,N,PGFL,NA,NA,0,NA,NA,Y,U,NA,NA,NA
2007,F,2007-10-10,JC,2,3,91,N,PGFL,M,A,6,N,NA,NA,NA,NA,NA,NA
2007,F,2007-10-10,JC,2,3,93,N,SIHI,NA,J,36,N,NA,NA,NA,NA,NA,NA
2007,F,2007-10-10,JC,2,3,124,N,SIHI,M,A,33,N,NA,NA,NA,NA,NA,NA
2007,F,2007-10-10,JC,2,3,129,N,DIME,M,A,44,Y,S,NA,NA,NA,NA,NA
2007,F,2007-10-10,JC,2,3,130,N,DIME,M,A,47,Y,S,NA,NA,NA,NA,NA
2007,F,2007-10-10,JC,2,3,132,N,SIHI,M,A,52,N,NA,NA,NA,NA,NA,NA
2007,F,2007-10-10,JC,2,3,137,Y,CHPE,NA,NA,0,NA,NA,NA,NA,NA,NA,NA
2007,F,2007-10-10,JC,2,3,138,N,NEMI,M,A,145,N,NA,NA,NA,NA,NA,NA
2007,F,2007-10-10,JC,2,3,139,Y,PELE,NA,NA,0,NA,NA,NA,NA,NA,NA,NA
2007,F,2007-10-10,JC,2,3,140,Y,DIME,NA,NA,0,NA,NA,NA,NA,NA,NA,NA
2007,F,2007-10-10,JC,2,3,142,Y,ONAR,NA,NA,0,NA,NA,NA,NA,NA,NA,NA
2007,F,2007-10-10,JC,2,3,143,Y,ONAR,NA,NA,0,NA,NA,NA,NA,NA,NA,NA
2007,F,2007-10-10,JC,2,3,144,N,CHPE,M,A,16,Y,S,NA,NA,NA,NA,NA
2007,F,2007-10-11,JC,3,1,1,Y,SIHI,NA,NA,0,NA,NA,NA,NA,NA,2,NA
2007,F,2007-10-11,JC,3,1,3,Y,SIHI,NA,NA,0,NA,NA,NA,NA,NA,NA,NA
2007,F,2007-10-11,JC,3,1,4,Y,DIME,NA,NA,0,NA,NA,NA,NA,NA,NA,NA
2007,F,2007-10-11,JC,3,1,6,Y,SIHI,NA,NA,0,NA,NA,NA,NA,NA,NA,NA
2007,F,2007-10-11,JC,3,1,9,N,SIHI,NA,J,47,N,NA,NA,NA,NA,NA,NA
2007,F,2007-10-11,JC,3,1,12,Y,SPSP,NA,NA,0,NA,NA,NA,NA,NA,NA,NA
2007,F,2007-10-11,JC,3,1,109,Y,DIME,NA,NA,0,NA,NA,NA,NA,NA,NA,NA
2007,F,2007-10-11,JC,3,1,112,Y,DIME,NA,NA,0,NA,NA,NA,NA,NA,NA,NA
2007,F,2007-10-11,JC,3,1,114,Y,DIME,NA,NA,0,NA,NA,NA,NA,NA,NA,NA
2007,F,2007-10-11,JC,3,1,115,Y,PELE,NA,NA,0,NA,NA,NA,NA,NA,NA,NA
2007,F,2007-10-11,JC,3,1,120,Y,SIHI,NA,NA,0,NA,NA,NA,NA,NA,NA,NA
2007,F,2007-10-11,JC,3,1,121,N,SIHI,NA,J,45,N,NA,NA,NA,NA,NA,NA
2007,F,2007-10-11,JC,3,1,125,Y,PELE,NA,NA,0,NA,NA,NA,NA,NA,NA,NA
2007,F,2007-10-11,JC,3,1,128,Y,DIME,NA,NA,0,NA,NA,NA,NA,NA,NA,NA
2007,F,2007-10-11,JC,3,1,130,Y,DIME,NA,NA,0,NA,NA,NA,NA,NA,NA,NA
2007,F,2007-10-11,JC,3,1,132,Y,NEMI,NA,NA,0,NA,NA,NA,NA,NA,NA,NA
2007,F,2007-10-11,JC,3,1,133,N,SIHI,F,A,56,N,NA,NA,NA,NA,NA,NA
2007,F,2007-10-11,JC,3,1,138,Y,SIHI,NA,NA,0,NA,NA,NA,NA,NA,NA,NA
2007,F,2007-10-11,JC,3,1,139,Y,SIHI,NA,NA,0,NA,NA,NA,NA,NA,NA,NA
2007,F,2007-10-11,JC,3,1,140,Y,DIME,NA,NA,0,NA,NA,NA,NA,NA,NA,NA
2007,F,2007-10-11,JC,3,1,142,Y,DIME,NA,NA,0,NA,NA,NA,NA,NA,NA,NA
2007,F,2007-10-11,JC,3,1,143,N,CHPE,M,A,14,N,NA,NA,NA,NA,NA,NA
2007,F,2007-10-11,JC,3,1,144,Y,DIME,NA,NA,0,NA,NA,NA,NA,NA,NA,NA
2007,F,2007-10-11,JC,3,1,13,N,PELE,F,A,30,Y,P?,NA,NA,NA,NA,NA
2007,F,2007-10-11,JC,3,1,15,Y,DIME,NA,NA,0,NA,NA,NA,NA,NA,NA,NA
2007,F,2007-10-11,JC,3,1,16,Y,ONAR,NA,NA,0,NA,NA,NA,NA,NA,NA,NA
2007,F,2007-10-11,JC,3,1,17,Y,PELE,NA,NA,0,NA,NA,NA,NA,NA,NA,NA
2007,F,2007-10-11,JC,3,1,18,N,PGFL,F,A,6,N,NA,NA,NA,NA,NA,NA
2007,F,2007-10-11,JC,3,1,19,Y,SIHI,NA,NA,0,NA,NA,NA,NA,NA,NA,NA
2007,F,2007-10-11,JC,3,1,20,Y,DIME,NA,NA,0,NA,NA,NA,NA,NA,NA,NA
2007,F,2007-10-11,JC,3,1,21,Y,SIHI,NA,NA,0,NA,NA,NA,NA,NA,NA,NA
2007,F,2007-10-11,JC,3,1,22,Y,SIHI,NA,NA,0,NA,NA,NA,NA,NA,NA,NA
2007,F,2007-10-11,JC,3,1,24,Y,SIHI,NA,NA,0,NA,NA,NA,NA,NA,NA,NA
2007,F,2007-10-11,JC,3,1,32,N,PGFL,M,A,6,N,NA,NA,NA,NA,NA,NA
2007,F,2007-10-11,JC,3,1,36,Y,DIME,NA,NA,0,NA,NA,NA,NA,NA,NA,NA
2007,F,2007-10-11,JC,3,1,38,N,PELE,F,A,24,Y,P,NA,NA,NA,NA,NA
2007,F,2007-10-11,JC,3,1,40,N,PGFL,F,A,7,N,NA,NA,NA,NA,NA,NA
2007,F,2007-10-11,JC,3,1,41,Y,ONAR,NA,NA,0,NA,NA,NA,NA,NA,NA,NA
2007,F,2007-10-11,JC,3,1,42,N,PGFL,NA,NA,0,NA,NA,Y,U,NA,NA,NA
2007,F,2007-10-11,JC,3,1,43,Y,DIME,NA,NA,0,NA,NA,NA,NA,NA,NA,NA
2007,F,2007-10-11,JC,3,1,44,Y,DIME,NA,NA,0,NA,NA,NA,NA,NA,NA,NA
2007,F,2007-10-11,JC,3,1,45,N,SIHI,F,A,55,N,NA,NA,NA,NA,NA,NA
2007,F,2007-10-11,JC,3,1,47,Y,DIME,NA,NA,0,NA,NA,NA,NA,NA,NA,NA
2007,F,2007-10-11,JC,3,1,48,N,NEMI,M,A,0,Y,S,Y,U,NA,NA,NA
2007,F,2007-10-11,JC,3,1,49,Y,DIME,NA,NA,0,NA,NA,NA,NA,NA,NA,NA
2007,F,2007-10-11,JC,3,1,50,Y,PELE,NA,NA,0,NA,NA,NA,NA,NA,NA,NA
2007,F,2007-10-11,JC,3,1,52,Y,DIME,NA,NA,0,NA,NA,NA,NA,NA,NA,NA
2007,F,2007-10-11,JC,3,1,54,Y,DIME,NA,NA,0,NA,NA,NA,NA,NA,NA,NA
2007,F,2007-10-11,JC,3,1,55,Y,CHPE,NA,NA,0,NA,NA,NA,NA,NA,NA,NA
2007,F,2007-10-11,JC,3,1,56,Y,ONAR,NA,NA,0,NA,NA,NA,NA,NA,NA,NA
2007,F,2007-10-11,JC,3,1,57,Y,DIME,NA,NA,0,NA,NA,NA,NA,NA,NA,NA
2007,F,2007-10-11,JC,3,1,59,N,PELE,M,A,19,N,NA,NA,NA,NA,NA,NA
2007,F,2007-10-11,JC,3,1,60,Y,DIME,NA,NA,0,NA,NA,NA,NA,NA,NA,NA
2007,F,2007-10-11,JC,3,1,63,N,SIHI,NA,J,31,N,NA,NA,NA,NA,NA,NA
2007,F,2007-10-11,JC,3,1,65,Y,PELE,NA,NA,0,NA,NA,NA,NA,NA,NA,NA
2007,F,2007-10-11,JC,3,1,66,N,SIHI,NA,J,26,N,NA,NA,NA,NA,NA,NA
2007,F,2007-10-11,JC,3,1,67,N,SIHI,NA,J,32,N,NA,NA,NA,NA,NA,NA
2007,F,2007-10-11,JC,3,1,69,Y,DIME,NA,NA,0,NA,NA,NA,NA,NA,NA,NA
2007,F,2007-10-11,JC,3,1,70,Y,DIME,NA,NA,0,NA,NA,NA,NA,NA,NA,NA
2007,F,2007-10-11,JC,3,1,71,Y,DIME,NA,NA,0,NA,NA,NA,NA,NA,NA,NA
2007,F,2007-10-11,JC,3,1,75,Y,SIHI,NA,NA,0,NA,NA,NA,NA,NA,NA,NA
2007,F,2007-10-11,JC,3,1,76,Y,DIME,NA,NA,0,NA,NA,NA,NA,NA,NA,NA
2007,F,2007-10-11,JC,3,1,79,Y,DIME,NA,NA,0,NA,NA,NA,NA,NA,NA,NA
2007,F,2007-10-11,JC,3,1,80,Y,DIME,NA,NA,0,NA,NA,NA,NA,NA,NA,NA
2007,F,2007-10-11,JC,3,1,81,N,NEMI,F,A,180,Y,L,NA,NA,NA,NA,NA
2007,F,2007-10-11,JC,3,1,82,Y,SIHI,NA,NA,0,NA,NA,NA,NA,NA,NA,NA
2007,F,2007-10-11,JC,3,1,83,N,ONAR,M,A,22,N,NA,NA,NA,NA,NA,NA
2007,F,2007-10-11,JC,3,1,84,Y,DIME,NA,NA,0,NA,NA,NA,NA,NA,NA,NA
2007,F,2007-10-11,JC,3,1,85,Y,ONAR,NA,NA,0,NA,NA,NA,NA,NA,NA,NA
2007,F,2007-10-11,JC,3,1,88,Y,PELE,NA,NA,0,NA,NA,NA,NA,NA,NA,NA
2007,F,2007-10-11,JC,3,1,91,Y,DIME,NA,NA,0,NA,NA,NA,NA,NA,NA,NA
2007,F,2007-10-11,JC,3,1,93,N,PELE,M,A,15,N,NA,NA,NA,NA,NA,NA
2007,F,2007-10-11,JC,3,1,94,N,SIHI,M,A,89,Y,PS,NA,NA,NA,NA,NA
2007,F,2007-10-11,JC,3,1,95,Y,DIME,NA,NA,0,NA,NA,NA,NA,NA,NA,NA
2007,F,2007-10-11,JC,3,1,96,N,NEAL,M,A,97,Y,S,NA,NA,NA,NA,NA
2007,F,2007-10-11,JC,3,1,98,Y,DIME,NA,NA,0,NA,NA,NA,NA,NA,NA,NA
2007,F,2007-10-11,JC,3,1,99,Y,PELE,NA,NA,0,NA,NA,NA,NA,NA,NA,NA
2007,F,2007-10-11,JC,3,1,101,Y,PELE,NA,NA,0,NA,NA,NA,NA,NA,NA,NA
2007,F,2007-10-11,JC,3,1,103,Y,ONAR,NA,NA,0,NA,NA,NA,NA,NA,NA,NA
2007,F,2007-10-11,JC,3,1,105,Y,NEMI,NA,NA,0,NA,NA,NA,NA,NA,NA,NA
2007,F,2007-10-11,JC,3,1,107,Y,DIME,NA,NA,0,NA,NA,NA,NA,NA,NA,NA
2007,F,2007-10-11,JC,3,1,108,Y,DIME,NA,NA,0,NA,NA,NA,NA,NA,NA,NA
2007,F,2007-10-11,JC,3,1,145,Y,ONAR,NA,NA,0,NA,NA,NA,NA,NA,NA,NA
2007,F,2007-10-11,JC,3,2,4,Y,PELE,NA,NA,0,NA,NA,NA,NA,NA,15,NA
2007,F,2007-10-11,JC,3,2,5,N,SIHI,NA,J,48,N,NA,NA,NA,NA,NA,NA
2007,F,2007-10-11,JC,3,2,8,Y,DIME,NA,NA,0,NA,NA,NA,NA,NA,NA,NA
2007,F,2007-10-11,JC,3,2,9,N,SIHI,M,A,50,N,NA,NA,NA,NA,NA,NA
2007,F,2007-10-11,JC,3,2,10,NA,SIHI,NA,NA,0,NA,NA,Y,U,NA,NA,NA
2007,F,2007-10-11,JC,3,2,11,N,PGFL,F,A,9,N,NA,NA,NA,NA,NA,NA
2007,F,2007-10-11,JC,3,2,12,Y,NEAL,NA,NA,0,NA,NA,NA,NA,NA,NA,NA
2007,F,2007-10-11,JC,3,2,22,N,DIME,M,A,43,Y,PS,NA,NA,NA,NA,NA
2007,F,2007-10-11,JC,3,2,23,Y,PELE,NA,NA,0,NA,NA,NA,NA,NA,NA,NA
2007,F,2007-10-11,JC,3,2,24,Y,DIME,NA,NA,0,NA,NA,NA,NA,NA,NA,NA
2007,F,2007-10-11,JC,3,2,26,Y,NEMI,NA,NA,0,NA,NA,NA,NA,NA,NA,NA
2007,F,2007-10-11,JC,3,2,29,Y,SIHI,NA,NA,0,NA,NA,NA,NA,NA,NA,NA
2007,F,2007-10-11,JC,3,2,30,Y,CHPE,NA,NA,0,NA,NA,NA,NA,NA,NA,NA
2007,F,2007-10-11,JC,3,2,31,NA,DIPO1,NA,NA,0,NA,NA,Y,N,NA,NA,NA
2007,F,2007-10-11,JC,3,2,33,Y,PELE,NA,NA,0,NA,NA,NA,NA,NA,NA,NA
2007,F,2007-10-11,JC,3,2,35,Y,DIME,NA,NA,0,NA,NA,NA,NA,NA,NA,NA
2007,F,2007-10-11,JC,3,2,36,Y,CHPE,NA,NA,0,NA,NA,NA,NA,NA,NA,NA
2007,F,2007-10-11,JC,3,2,39,Y,PELE,NA,NA,0,NA,NA,NA,NA,NA,NA,NA
2007,F,2007-10-11,JC,3,2,40,Y,SIHI,NA,NA,0,NA,NA,NA,NA,NA,NA,NA
2007,F,2007-10-11,JC,3,2,41,Y,DIME,NA,NA,0,NA,NA,NA,NA,NA,NA,NA
2007,F,2007-10-11,JC,3,2,45,Y,DIME,NA,NA,0,NA,NA,NA,NA,NA,NA,NA
2007,F,2007-10-11,JC,3,2,46,N,SIHI,F,A,80,N,NA,NA,NA,NA,NA,NA
2007,F,2007-10-11,JC,3,2,47,N,ONAR,M,A,17,N,NA,NA,NA,NA,NA,NA
2007,F,2007-10-11,JC,3,2,48,Y,SIHI,NA,NA,0,NA,NA,NA,NA,NA,NA,NA
2007,F,2007-10-11,JC,3,2,53,Y,DIOR,NA,NA,0,NA,NA,NA,NA,NA,NA,NA
2007,F,2007-10-11,JC,3,2,54,NA,ONAR,F,A,0,N,NA,Y,U,NA,NA,NA
2007,F,2007-10-11,JC,3,2,55,N,SIHI,NA,J,22,N,NA,NA,NA,NA,NA,NA
2007,F,2007-10-11,JC,3,2,56,N,SIHI,NA,J,26,N,NA,NA,NA,NA,NA,NA
2007,F,2007-10-11,JC,3,2,58,N,PGFL,M,A,6,N,NA,NA,NA,NA,NA,NA
2007,F,2007-10-11,JC,3,2,59,Y,DIME,NA,NA,0,NA,NA,NA,NA,NA,NA,NA
2007,F,2007-10-11,JC,3,2,60,N,DIME,M,A,44,Y,PS,NA,NA,NA,NA,NA
2007,F,2007-10-11,JC,3,2,61,Y,PELE,NA,NA,0,NA,NA,NA,NA,NA,NA,NA
2007,F,2007-10-11,JC,3,2,66,N,NEAL,M,A,158,Y,S,NA,NA,NA,NA,NA
2007,F,2007-10-11,JC,3,2,67,Y,CHPE,NA,NA,0,NA,NA,NA,NA,NA,NA,NA
2007,F,2007-10-11,JC,3,2,68,N,SIHI,F,A,100,N,NA,NA,NA,NA,NA,NA
2007,F,2007-10-11,JC,3,2,69,N,PGFL,M,A,7,N,NA,NA,NA,NA,NA,NA
2007,F,2007-10-11,JC,3,2,72,Y,DIME,NA,NA,0,NA,NA,NA,NA,NA,NA,NA
2007,F,2007-10-11,JC,3,2,79,N,SIHI,NA,J,23,N,NA,NA,NA,NA,NA,NA
2007,F,2007-10-11,JC,3,2,81,NA,SIHI,NA,J,24,NA,NA,Y,U,NA,NA,NA
2007,F,2007-10-11,JC,3,2,87,Y,CHPE,NA,NA,0,NA,NA,NA,NA,NA,NA,NA
2007,F,2007-10-11,JC,3,2,88,Y,DIME,NA,NA,0,NA,NA,NA,NA,NA,NA,NA
2007,F,2007-10-11,JC,3,2,92,N,SIHI,NA,J,27,N,NA,NA,NA,NA,NA,NA
2007,F,2007-10-11,JC,3,2,96,Y,DIME,NA,NA,0,NA,NA,NA,NA,NA,NA,NA
2007,F,2007-10-11,JC,3,2,97,N,PELE,F,A,29,Y,P,NA,NA,NA,NA,NA
2007,F,2007-10-11,JC,3,2,98,Y,SIHI,NA,NA,0,NA,NA,NA,NA,NA,NA,NA
2007,F,2007-10-11,JC,3,2,99,N,NEMI,NA,J,98,N,NA,NA,NA,NA,NA,NA
2007,F,2007-10-11,JC,3,2,102,N,PGFL,F,A,7,N,NA,NA,NA,NA,NA,NA
2007,F,2007-10-11,JC,3,2,104,Y,PELE,NA,NA,0,NA,NA,NA,NA,NA,NA,NA
2007,F,2007-10-11,JC,3,2,105,Y,DIME,NA,NA,0,NA,NA,NA,NA,NA,NA,NA
2007,F,2007-10-11,JC,3,2,110,Y,PELE,NA,NA,0,NA,NA,NA,NA,NA,NA,NA
2007,F,2007-10-11,JC,3,2,114,N,CHPE,M,A,15,N,NA,NA,NA,NA,NA,NA
2007,F,2007-10-11,JC,3,2,116,N,PGFL,M,A,7,N,NA,NA,NA,NA,NA,NA
2007,F,2007-10-11,JC,3,2,117,N,SIHI,M,A,100,N,NA,NA,NA,NA,NA,NA
2007,F,2007-10-11,JC,3,2,118,N,SIHI,M,A,78,N,NA,NA,NA,NA,NA,NA
2007,F,2007-10-11,JC,3,2,119,N,NEMI,M,A,263,Y,S,NA,NA,NA,NA,NA
2007,F,2007-10-11,JC,3,2,120,Y,DIME,NA,NA,0,NA,NA,NA,NA,NA,NA,NA
2007,F,2007-10-11,JC,3,2,124,Y,PELE,NA,NA,0,NA,NA,NA,NA,NA,NA,NA
2007,F,2007-10-11,JC,3,2,125,Y,DIME,NA,NA,0,NA,NA,NA,NA,NA,NA,NA
2007,F,2007-10-11,JC,3,2,128,Y,DIME,NA,NA,0,NA,NA,NA,NA,NA,NA,NA
2007,F,2007-10-11,JC,3,2,130,N,SIHI,M,A,56,N,NA,NA,NA,NA,NA,NA
2007,F,2007-10-11,JC,3,2,132,Y,DIME,NA,NA,0,NA,NA,NA,NA,NA,NA,NA
2007,F,2007-10-11,JC,3,2,134,Y,DIME,NA,NA,0,NA,NA,NA,NA,NA,NA,NA
2007,F,2007-10-11,JC,3,2,137,Y,PELE,NA,NA,0,NA,NA,NA,NA,NA,NA,NA
2007,F,2007-10-11,JC,3,2,138,N,SIHI,NA,J,49,N,NA,NA,NA,NA,NA,NA
2007,F,2007-10-11,JC,3,2,139,Y,PGFL,NA,NA,0,NA,NA,NA,NA,NA,NA,NA
2007,F,2007-10-11,JC,3,2,141,Y,DIOR,NA,NA,0,NA,NA,NA,NA,NA,NA,NA
2007,F,2007-10-11,JC,3,2,143,N,PGFL,M,A,5,N,NA,NA,NA,NA,NA,NA
2007,F,2007-10-11,JC,3,2,144,N,SIHI,M,A,53,N,NA,NA,NA,NA,NA,NA
2007,F,2007-10-11,JC,3,2,145,Y,DIME,NA,NA,0,NA,NA,NA,NA,NA,NA,NA
2007,F,2007-10-11,JC,3,3,5,Y,PELE,NA,NA,0,NA,NA,NA,NA,NA,5,NA
2007,F,2007-10-11,JC,3,3,9,N,NEAL,M,A,225,Y,S,NA,NA,NA,NA,NA
2007,F,2007-10-11,JC,3,3,10,N,NEAL,NA,J,90,N,NA,NA,NA,NA,NA,NA
2007,F,2007-10-11,JC,3,3,11,Y,DIME,NA,NA,0,NA,NA,NA,NA,NA,NA,NA
2007,F,2007-10-11,JC,3,3,12,N,SPSP,M,A,100,Y,S,NA,NA,NA,NA,NA
2007,F,2007-10-11,JC,3,3,13,NA,SIHI,NA,NA,0,NA,NA,Y,U,NA,NA,NA
2007,F,2007-10-11,JC,3,3,15,Y,PGFL,NA,NA,0,NA,NA,NA,NA,NA,NA,NA
2007,F,2007-10-11,JC,3,3,16,Y,DIOR,NA,NA,0,NA,NA,NA,NA,NA,NA,NA
2007,F,2007-10-11,JC,3,3,17,Y,PGFL,NA,NA,0,NA,NA,NA,NA,NA,NA,NA
2007,F,2007-10-11,JC,3,3,19,Y,DIME,NA,NA,0,NA,NA,NA,NA,NA,NA,NA
2007,F,2007-10-11,JC,3,3,20,Y,NEMI,NA,NA,0,NA,NA,NA,NA,NA,NA,NA
2007,F,2007-10-11,JC,3,3,23,Y,CHPE,NA,NA,0,NA,NA,NA,NA,NA,NA,NA
2007,F,2007-10-11,JC,3,3,24,Y,SPSP,NA,NA,0,NA,NA,NA,NA,NA,NA,NA
2007,F,2007-10-11,JC,3,3,29,N,PGFL,M,A,7,Y,S,NA,NA,NA,NA,NA
2007,F,2007-10-11,JC,3,3,31,N,SPSP,M,A,95,Y,S,NA,NA,NA,NA,NA
2007,F,2007-10-11,JC,3,3,33,N,PGFL,M,A,6,N,NA,NA,NA,NA,NA,NA
2007,F,2007-10-11,JC,3,3,34,Y,DIME,NA,NA,0,NA,NA,NA,NA,NA,NA,NA
2007,F,2007-10-11,JC,3,3,35,N,PGFL,F,A,7,N,NA,NA,NA,NA,NA,NA
2007,F,2007-10-11,JC,3,3,36,N,DIME,M,A,37,N,NA,NA,NA,NA,NA,NA
2007,F,2007-10-11,JC,3,3,62,Y,PELE,NA,NA,0,NA,NA,NA,NA,NA,NA,NA
2007,F,2007-10-11,JC,3,3,64,Y,SIHI,NA,NA,0,NA,NA,NA,NA,NA,NA,NA
2007,F,2007-10-11,JC,3,3,67,Y,DIME,NA,NA,0,NA,NA,NA,NA,NA,NA,NA
2007,F,2007-10-11,JC,3,3,72,Y,NEMI,NA,NA,0,NA,NA,NA,NA,NA,NA,NA
2007,F,2007-10-11,JC,3,3,74,Y,ONAR,NA,NA,0,NA,NA,NA,NA,NA,NA,NA
2007,F,2007-10-11,JC,3,3,79,Y,SIHI,NA,NA,0,NA,NA,NA,NA,NA,NA,NA
2007,F,2007-10-11,JC,3,3,81,N,PGFL,M,A,8,N,NA,NA,NA,NA,NA,NA
2007,F,2007-10-11,JC,3,3,82,Y,PELE,NA,NA,0,NA,NA,NA,NA,NA,NA,NA
2007,F,2007-10-11,JC,3,3,84,Y,NEMI,NA,NA,0,NA,NA,NA,NA,NA,NA,NA
2007,F,2007-10-11,JC,3,3,109,Y,PGFL,NA,NA,0,NA,NA,NA,NA,NA,NA,NA
2007,F,2007-10-11,JC,3,3,112,Y,SIHI,NA,NA,0,NA,NA,NA,NA,NA,NA,NA
2007,F,2007-10-11,JC,3,3,113,Y,SIHI,NA,NA,0,NA,NA,NA,NA,NA,NA,NA
2007,F,2007-10-11,JC,3,3,114,Y,SIHI,NA,NA,0,NA,NA,NA,NA,NA,NA,NA
2007,F,2007-10-11,JC,3,3,117,N,DIME,M,A,45,Y,PS,NA,NA,NA,NA,NA
2007,F,2007-10-11,JC,3,3,119,Y,NEAL,NA,NA,0,NA,NA,NA,NA,NA,NA,NA
2007,F,2007-10-11,JC,3,3,120,Y,DIME,NA,NA,0,NA,NA,NA,NA,NA,NA,NA
2007,F,2007-10-11,JC,3,3,121,Y,ONAR,NA,NA,0,NA,NA,NA,NA,NA,NA,NA
2007,F,2007-10-11,JC,3,3,129,Y,DIME,NA,NA,0,NA,NA,NA,NA,NA,NA,NA
2007,F,2007-10-11,JC,3,3,134,Y,ONAR,NA,NA,0,NA,NA,NA,NA,NA,NA,NA
2007,F,2007-10-11,JC,3,3,137,Y,CHPE,NA,NA,0,NA,NA,NA,NA,NA,NA,NA
2007,F,2007-10-11,JC,3,3,139,Y,NEMI,NA,NA,0,NA,NA,NA,NA,NA,NA,NA
2007,F,2007-10-11,JC,3,3,140,Y,DIME,NA,NA,0,NA,NA,NA,NA,NA,NA,NA
2007,F,2007-10-11,JC,3,3,141,N,DIME,F,A,40,N,NA,NA,NA,NA,NA,NA
2007,F,2007-10-11,JC,3,3,142,Y,ONAR,NA,NA,0,NA,NA,NA,NA,NA,NA,NA
2007,F,2007-10-11,JC,3,3,143,N,PGFL,M,A,6,N,NA,NA,NA,NA,NA,NA
2007,F,2007-10-11,JC,3,3,144,N,SIHI,NA,J,35,N,NA,NA,NA,NA,NA,NA
2007,F,2007-10-11,JC,3,3,145,Y,DIOR,NA,NA,0,NA,NA,NA,NA,NA,NA,NA
2007,F,2007-10-11,JC,3,3,19,N,PELE,F,A,19,N,NA,NA,NA,NA,NA,NA
2007,F,2007-10-11,JC,3,3,41,N,PELE,M,A,20,N,NA,NA,NA,NA,NA,NA
2007,F,2007-10-11,JC,3,3,47,Y,DIME,NA,NA,0,NA,NA,NA,NA,NA,NA,NA
2007,F,2007-10-11,JC,3,3,48,Y,SIHI,NA,NA,0,NA,NA,NA,NA,NA,NA,NA
2007,F,2007-10-11,JC,3,3,52,N,ONAR,M,A,18,N,NA,NA,NA,NA,NA,NA
2007,F,2007-10-11,JC,3,3,56,Y,DIME,NA,NA,0,NA,NA,NA,NA,NA,NA,NA
2007,F,2007-10-11,JC,3,3,58,Y,PELE,NA,NA,0,NA,NA,NA,NA,NA,NA,NA
2007,F,2007-10-11,JC,3,3,59,Y,DIME,NA,NA,0,NA,NA,NA,NA,NA,NA,NA
2007,F,2007-10-11,JC,3,3,60,Y,DIME,NA,NA,0,NA,NA,NA,NA,NA,NA,NA
2007,F,2007-10-11,JC,3,3,85,N,PGFL,M,A,9,N,NA,NA,NA,NA,NA,NA
2007,F,2007-10-11,JC,3,3,91,N,PGFL,F,A,8,N,NA,NA,NA,NA,NA,NA
2007,F,2007-10-11,JC,3,3,92,Y,SIHI,NA,NA,0,NA,NA,NA,NA,NA,NA,NA
2007,F,2007-10-11,JC,3,3,93,N,PELE,M,A,13,N,NA,NA,NA,NA,NA,NA
2007,F,2007-10-11,JC,3,3,95,Y,PGFL,NA,NA,0,NA,NA,NA,NA,NA,NA,NA
2007,F,2007-10-11,JC,3,3,104,Y,SIHI,NA,NA,0,NA,NA,NA,NA,NA,NA,NA
2007,F,2007-10-11,JC,3,3,104,Y,SIHI,NA,NA,0,NA,NA,NA,NA,NA,NA,NA
2007,F,2007-10-11,JC,3,3,104,Y,SIHI,NA,NA,0,NA,NA,NA,NA,NA,NA,NA
2007,F,2007-10-11,JC,3,3,104,Y,SIHI,NA,NA,0,NA,NA,NA,NA,NA,NA,NA
2007,F,2007-10-11,JC,3,3,105,N,SIHI,M,A,65,Y,S,NA,NA,NA,NA,NA
2007,F,2007-10-11,JC,3,3,106,Y,SIHI,NA,NA,0,NA,NA,NA,NA,NA,NA,NA
2007,F,2007-10-16,JG,1,1,2,N,DIOR,M,A,0,Y,S,Y,N,NA,NA,NA
2007,F,2007-10-16,JG,1,1,6,N,DIOR,M,A,51,N,NA,NA,NA,NA,3,NA
2007,F,2007-10-16,JG,1,1,11,N,DIOR,M,A,64,Y,S,NA,NA,NA,NA,NA
2007,F,2007-10-16,JG,1,1,17,N,CHPE,M,A,18,Y,PS,NA,NA,NA,NA,NA
2007,F,2007-10-16,JG,1,1,19,N,DIOR,M,A,58,Y,S,NA,NA,NA,NA,NA
2007,F,2007-10-16,JG,1,1,21,N,DIOR,M,A,40,Y,PS,NA,NA,NA,NA,NA
2007,F,2007-10-16,JG,1,1,35,N,PELE,M,A,23,N,NA,NA,NA,NA,NA,NA
2007,F,2007-10-16,JG,1,1,46,N,DIOR,F,A,60,N,NA,NA,NA,NA,NA,NA
2007,F,2007-10-16,JG,1,1,47,N,DIOR,M,A,61,Y,S,NA,NA,NA,NA,NA
2007,F,2007-10-16,JG,1,1,50,N,DIOR,F,A,55,Y,L,NA,NA,NA,NA,NA
2007,F,2007-10-16,JG,1,1,53,N,DISP,M,A,0,Y,S,Y,U,NA,NA,NA
2007,F,2007-10-16,JG,1,1,56,N,DIOR,F,A,61,Y,L,NA,NA,NA,NA,NA
2007,F,2007-10-16,JG,1,1,57,N,CHPE,NA,NA,0,NA,NA,Y,U,NA,NA,NA
2007,F,2007-10-16,JG,1,1,66,N,CHPE,M,A,15,N,NA,NA,NA,NA,NA,NA
2007,F,2007-10-16,JG,1,1,74,N,DIOR,M,A,55,Y,S,NA,NA,NA,NA,NA
2007,F,2007-10-16,JG,1,1,75,N,NEMI,M,A,265,N,NA,NA,NA,NA,NA,NA
2007,F,2007-10-16,JG,1,1,76,N,CHPE,NA,NA,0,NA,NA,Y,N,NA,NA,NA
2007,F,2007-10-16,JG,1,1,78,N,DIOR,F,A,56,N,NA,NA,NA,NA,NA,NA
2007,F,2007-10-16,JG,1,1,79,N,DIOR,M,A,55,Y,S,NA,NA,NA,NA,NA
2007,F,2007-10-16,JG,1,1,80,N,DIOR,M,A,48,Y,PS,NA,NA,NA,NA,NA
2007,F,2007-10-16,JG,1,1,90,N,CHPE,F,A,18,N,NA,NA,NA,NA,NA,NA
2007,F,2007-10-16,JG,1,1,93,N,DISP,NA,NA,0,NA,NA,Y,U,NA,NA,NA
2007,F,2007-10-16,JG,1,1,94,N,DIOR,M,A,64,Y,S,NA,NA,NA,NA,NA
2007,F,2007-10-16,JG,1,1,102,N,DIOR,F,A,58,Y,V,NA,NA,NA,NA,NA
2007,F,2007-10-16,JG,1,1,105,N,DIOR,M,A,0,Y,S,Y,U,NA,NA,NA
2007,F,2007-10-16,JG,1,1,118,N,CHPE,M,A,14,Y,S,NA,NA,NA,NA,NA
2007,F,2007-10-16,JG,1,1,119,N,SIHI,NA,NA,0,NA,NA,Y,N,NA,NA,NA
2007,F,2007-10-16,JG,1,1,130,N,DISP,M,A,110,Y,S,NA,NA,NA,NA,NA
2007,F,2007-10-16,JG,1,1,131,N,DIOR,M,A,55,Y,S,NA,NA,NA,NA,NA
2007,F,2007-10-16,JG,1,1,135,N,DISP,F,A,145,N,NA,NA,NA,NA,NA,NA
2007,F,2007-10-16,JG,1,2,16,N,DIOR,M,A,59,Y,S,NA,NA,NA,6,NA
2007,F,2007-10-16,JG,1,2,40,N,NEMI,F,A,125,N,NA,NA,NA,NA,NA,NA
2007,F,2007-10-16,JG,1,2,42,N,DISP,M,A,123,N,NA,NA,NA,NA,NA,NA
2007,F,2007-10-16,JG,1,2,43,N,DIPO1,NA,NA,0,NA,NA,Y,N,NA,NA,NA
2007,F,2007-10-16,JG,1,2,45,N,DIOR,NA,J,39,N,NA,NA,NA,NA,NA,NA
2007,F,2007-10-16,JG,1,2,47,N,DISP,M,A,125,N,NA,NA,NA,NA,NA,NA
2007,F,2007-10-16,JG,1,2,60,N,DIOR,M,A,60,Y,PS,NA,NA,NA,NA,NA
2007,F,2007-10-16,JG,1,2,61,N,PELE,M,A,21,Y,PS,NA,NA,NA,NA,NA
2007,F,2007-10-16,JG,1,2,62,N,PELE,M,A,22,Y,S,NA,NA,NA,NA,NA
2007,F,2007-10-16,JG,1,2,63,NA,SPSP,M,A,130,NA,NA,Y,U,NA,NA,NA
2007,F,2007-10-16,JG,1,2,64,N,PELE,M,A,23,N,NA,NA,NA,NA,NA,NA
2007,F,2007-10-16,JG,1,2,72,N,DIOR,M,A,65,Y,S,NA,NA,NA,NA,NA
2007,F,2007-10-16,JG,1,2,83,N,DIOR,F,A,54,N,NA,NA,NA,NA,NA,NA
2007,F,2007-10-16,JG,1,2,85,N,DIOR,M,A,61,Y,S,NA,NA,NA,NA,NA
2007,F,2007-10-16,JG,1,2,86,N,ONLE,F,A,35,N,NA,NA,NA,NA,NA,NA
2007,F,2007-10-16,JG,1,2,88,N,PGFL,M,A,6,N,NA,NA,NA,NA,NA,NA
2007,F,2007-10-16,JG,1,2,93,N,DIOR,M,A,48,Y,PS,NA,NA,NA,NA,NA
2007,F,2007-10-16,JG,1,2,109,N,DIOR,F,A,0,Y,L,Y,M,NA,NA,NA
2007,F,2007-10-16,JG,1,2,113,N,DIOR,NA,NA,0,NA,NA,Y,N,NA,NA,NA
2007,F,2007-10-16,JG,1,2,115,N,NEMI,F,A,102,N,NA,NA,NA,NA,NA,NA
2007,F,2007-10-16,JG,1,2,129,N,DIOR,M,A,0,Y,PS,Y,N,NA,NA,NA
2007,F,2007-10-16,JG,1,2,143,N,DIOR,M,A,54,Y,S,NA,NA,NA,NA,NA
2007,F,2007-10-16,JG,1,3,20,N,CHPE,M,A,17,N,NA,NA,NA,NA,NA,NA
2007,F,2007-10-16,JG,1,3,21,N,CHPE,M,A,16,N,NA,NA,NA,NA,NA,NA
2007,F,2007-10-16,JG,1,3,28,N,DISP,M,A,157,Y,S,NA,NA,NA,10,NA
2007,F,2007-10-16,JG,1,3,30,N,DIOR,M,A,61,Y,S,NA,NA,NA,NA,NA
2007,F,2007-10-16,JG,1,3,41,N,DISP,F,A,125,N,NA,NA,NA,NA,NA,NA
2007,F,2007-10-16,JG,1,3,47,N,NEMI,M,A,260,N,NA,NA,NA,NA,NA,NA
2007,F,2007-10-16,JG,1,3,55,N,SIHI,NA,J,55,N,NA,NA,NA,NA,NA,NA
2007,F,2007-10-16,JG,1,3,60,N,DIOR,M,A,57,Y,S,NA,NA,NA,NA,NA
2007,F,2007-10-16,JG,1,3,65,N,DIOR,F,A,47,N,NA,NA,NA,NA,NA,NA
2007,F,2007-10-16,JG,1,3,67,N,SIHI,M,A,112,N,NA,NA,NA,NA,NA,NA
2007,F,2007-10-16,JG,1,3,78,N,SIHI,NA,J,52,N,NA,NA,NA,NA,NA,NA
2007,F,2007-10-16,JG,1,3,79,N,SIHI,F,A,135,N,NA,NA,NA,NA,NA,NA
2007,F,2007-10-16,JG,1,3,82,N,CHPE,M,A,17,N,NA,NA,NA,NA,NA,NA
2007,F,2007-10-16,JG,1,3,92,N,DIOR,M,A,54,Y,S,NA,NA,NA,NA,NA
2007,F,2007-10-16,JG,1,3,101,N,DISP,M,A,180,Y,PS,NA,NA,NA,NA,NA
2007,F,2007-10-16,JG,1,3,104,N,DIOR,M,A,56,Y,S,NA,NA,NA,NA,NA
2007,F,2007-10-16,JG,1,3,120,N,ONLE,M,A,18,N,NA,NA,NA,NA,NA,NA
2007,F,2007-10-16,JG,1,3,122,N,PELE,F,A,18,N,NA,NA,NA,NA,NA,NA
2007,F,2007-10-16,JG,1,3,135,N,ONLE,F,A,33,Y,P,NA,NA,NA,NA,NA
2007,F,2007-10-16,JG,1,3,142,N,SIHI,NA,J,42,N,NA,NA,NA,NA,NA,NA
2007,F,2007-10-16,JG,1,3,143,N,DISP,M,A,128,Y,S,NA,NA,NA,NA,NA
2007,F,2007-10-16,JG,1,3,145,N,DIOR,F,A,62,Y,L,NA,NA,NA,NA,NA
2007,F,2007-10-16,JG,1,3,145,N,PELE,F,A,18,Y,V,NA,NA,NA,NA,NA
2007,F,2007-10-17,JG,2,1,1,N,NEMI,M,A,129,N,NA,NA,NA,NA,NA,NA
2007,F,2007-10-17,JG,2,1,5,Y,DIOR,NA,NA,0,NA,NA,NA,NA,NA,6,NA
2007,F,2007-10-17,JG,2,1,7,N,DIOR,NA,NA,0,NA,NA,Y,N,NA,NA,NA
2007,F,2007-10-17,JG,2,1,11,Y,DIOR,NA,NA,0,NA,NA,NA,NA,NA,NA,NA
2007,F,2007-10-17,JG,2,1,21,Y,DIOR,NA,NA,0,NA,NA,NA,NA,NA,NA,NA
2007,F,2007-10-17,JG,2,1,35,N,CHPE,M,A,15,N,NA,NA,NA,NA,NA,NA
2007,F,2007-10-17,JG,2,1,41,Y,DIOR,NA,NA,0,NA,NA,NA,NA,NA,NA,NA
2007,F,2007-10-17,JG,2,1,46,Y,DIOR,NA,NA,0,NA,NA,NA,NA,NA,NA,NA
2007,F,2007-10-17,JG,2,1,49,N,DIOR,M,A,62,Y,S,NA,NA,NA,NA,NA
2007,F,2007-10-17,JG,2,1,50,Y,DIOR,NA,NA,0,NA,NA,NA,NA,NA,NA,NA
2007,F,2007-10-17,JG,2,1,55,N,CHPE,M,A,15,N,NA,NA,NA,NA,NA,NA
2007,F,2007-10-17,JG,2,1,57,N,CHPE,M,A,16,N,NA,NA,NA,NA,NA,NA
2007,F,2007-10-17,JG,2,1,65,Y,DIOR,NA,NA,0,NA,NA,NA,NA,NA,NA,NA
2007,F,2007-10-17,JG,2,1,66,Y,CHPE,NA,NA,0,NA,NA,NA,NA,NA,NA,NA
2007,F,2007-10-17,JG,2,1,67,N,DISP,M,A,143,Y,S,NA,NA,NA,NA,NA
2007,F,2007-10-17,JG,2,1,69,N,CHPE,F,A,11,N,NA,NA,NA,NA,NA,NA
2007,F,2007-10-17,JG,2,1,70,Y,NEMI,NA,NA,0,NA,NA,NA,NA,NA,NA,NA
2007,F,2007-10-17,JG,2,1,73,N,CHPE,M,A,16,N,NA,NA,NA,NA,NA,NA
2007,F,2007-10-17,JG,2,1,75,Y,DIOR,NA,NA,0,NA,NA,NA,NA,NA,NA,NA
2007,F,2007-10-17,JG,2,1,80,N,NEMI,M,A,222,Y,S,NA,NA,NA,NA,NA
2007,F,2007-10-17,JG,2,1,83,Y,DIOR,NA,NA,0,NA,NA,NA,NA,NA,NA,NA
2007,F,2007-10-17,JG,2,1,90,Y,CHPE,NA,NA,0,NA,NA,NA,NA,NA,NA,NA
2007,F,2007-10-17,JG,2,1,91,Y,DIOR,NA,NA,0,NA,NA,NA,NA,NA,NA,NA
2007,F,2007-10-17,JG,2,1,92,Y,DIOR,NA,NA,0,NA,NA,NA,NA,NA,NA,NA
2007,F,2007-10-17,JG,2,1,98,N,DIOR,M,A,61,Y,S,NA,NA,NA,NA,NA
2007,F,2007-10-17,JG,2,1,101,N,DIOR,F,A,70,Y,P;;L,NA,NA,NA,NA,NA
2007,F,2007-10-17,JG,2,1,101,N,PGFL,M,A,6,N,NA,NA,NA,NA,NA,NA
2007,F,2007-10-17,JG,2,1,102,Y,DIOR,NA,NA,0,NA,NA,NA,NA,NA,NA,NA
2007,F,2007-10-17,JG,2,1,103,Y,DIOR,NA,NA,0,NA,NA,NA,NA,NA,NA,NA
2007,F,2007-10-17,JG,2,1,108,N,SIHI,F,A,61,N,NA,NA,NA,NA,NA,NA
2007,F,2007-10-17,JG,2,1,115,N,DIOR,NA,NA,0,NA,NA,Y,U,NA,NA,NA
2007,F,2007-10-17,JG,2,1,119,N,SIHI,F,A,90,N,NA,NA,NA,NA,NA,NA
2007,F,2007-10-17,JG,2,1,123,N,CHPE,F,A,14,N,NA,NA,NA,NA,NA,NA
2007,F,2007-10-17,JG,2,1,124,N,DIOR,M,A,57,NA,NA,Y,M,NA,NA,NA
2007,F,2007-10-17,JG,2,1,125,N,PELE,NA,J,12,N,NA,NA,NA,NA,NA,NA
2007,F,2007-10-17,JG,2,1,128,N,CHPE,M,A,14,N,NA,NA,NA,NA,NA,NA
2007,F,2007-10-17,JG,2,1,129,N,DIOR,F,A,54,Y,P,NA,NA,NA,NA,NA
2007,F,2007-10-17,JG,2,1,131,Y,DISP,NA,NA,0,NA,NA,NA,NA,NA,NA,NA
2007,F,2007-10-17,JG,2,1,132,N,CHPE,F,A,13,N,NA,NA,NA,NA,NA,NA
2007,F,2007-10-17,JG,2,1,137,N,ONLE,M,A,26,N,NA,NA,NA,NA,NA,NA
2007,F,2007-10-17,JG,2,1,137,N,PGFL,M,A,8,N,NA,NA,NA,NA,NA,NA
2007,F,2007-10-17,JG,2,1,140,N,NEMI,F,A,150,N,NA,NA,NA,NA,NA,NA
2007,F,2007-10-17,JG,2,1,144,Y,DIOR,NA,NA,0,NA,NA,NA,NA,NA,NA,NA
2007,F,2007-10-17,JG,2,2,5,N,DIOR,M,A,0,Y,S,Y,U,NA,6,NA
2007,F,2007-10-17,JG,2,2,27,Y,DIOR,NA,NA,0,NA,NA,NA,NA,NA,NA,NA
2007,F,2007-10-17,JG,2,2,42,N,DIOR,M,A,50,N,NA,NA,NA,NA,NA,NA
2007,F,2007-10-17,JG,2,2,43,N,DIOR,F,A,56,Y,L,NA,NA,NA,NA,NA
2007,F,2007-10-17,JG,2,2,44,N,PGFL,F,A,7,N,NA,NA,NA,NA,NA,NA
2007,F,2007-10-17,JG,2,2,46,N,CHPE,M,A,14,N,NA,NA,NA,NA,NA,NA
2007,F,2007-10-17,JG,2,2,47,Y,DIOR,NA,NA,0,NA,NA,NA,NA,NA,NA,NA
2007,F,2007-10-17,JG,2,2,54,N,CHPE,M,A,15,N,NA,NA,NA,NA,NA,NA
2007,F,2007-10-17,JG,2,2,56,N,DISP,F,A,130,N,NA,NA,NA,NA,NA,NA
2007,F,2007-10-17,JG,2,2,60,N,DIOR,F,A,60,Y,P,NA,NA,NA,NA,NA
2007,F,2007-10-17,JG,2,2,63,Y,PELE,NA,NA,0,NA,NA,NA,NA,NA,NA,NA
2007,F,2007-10-17,JG,2,2,64,Y,DIOR,NA,NA,0,NA,NA,NA,NA,NA,NA,NA
2007,F,2007-10-17,JG,2,2,66,N,CHPE,NA,NA,0,NA,NA,Y,M,NA,NA,NA
2007,F,2007-10-17,JG,2,2,68,N,CHPE,M,A,17,Y,S,NA,NA,NA,NA,NA
2007,F,2007-10-17,JG,2,2,69,N,ONLE,F,A,28,Y,P,NA,NA,NA,NA,NA
2007,F,2007-10-17,JG,2,2,71,N,CHPE,M,A,15,N,NA,NA,NA,NA,NA,NA
2007,F,2007-10-17,JG,2,2,72,Y,DIOR,NA,NA,0,NA,NA,NA,NA,NA,NA,NA
2007,F,2007-10-17,JG,2,2,74,N,CHPE,M,A,12,N,NA,NA,NA,NA,NA,NA
2007,F,2007-10-17,JG,2,2,83,Y,DIOR,NA,NA,0,NA,NA,NA,NA,NA,NA,NA
2007,F,2007-10-17,JG,2,2,85,N,DIOR,F,A,60,N,NA,NA,NA,NA,NA,NA
2007,F,2007-10-17,JG,2,2,86,Y,DIOR,NA,NA,0,NA,NA,NA,NA,NA,NA,NA
2007,F,2007-10-17,JG,2,2,89,Y,PGFL,NA,NA,0,NA,NA,NA,NA,NA,NA,NA
2007,F,2007-10-17,JG,2,2,92,Y,DIOR,NA,NA,0,NA,NA,NA,NA,NA,NA,NA
2007,F,2007-10-17,JG,2,2,94,N,PELE,M,A,25,N,NA,NA,NA,NA,NA,NA
2007,F,2007-10-17,JG,2,2,96,N,PELE,M,A,23,N,NA,NA,NA,NA,NA,NA
2007,F,2007-10-17,JG,2,2,100,Y,PELE,NA,NA,0,NA,NA,NA,NA,NA,NA,NA
2007,F,2007-10-17,JG,2,2,105,N,DIOR,F,A,84,Y,P,NA,NA,NA,NA,NA
2007,F,2007-10-17,JG,2,2,107,N,DIOR,M,A,63,Y,S,NA,NA,NA,NA,NA
2007,F,2007-10-17,JG,2,2,109,N,DIOR,M,A,53,Y,S,NA,NA,NA,NA,NA
2007,F,2007-10-17,JG,2,2,110,N,CHPE,M,A,15,Y,PS,NA,NA,NA,NA,NA
2007,F,2007-10-17,JG,2,2,120,N,CHPE,F,A,14,N,NA,NA,NA,NA,NA,NA
2007,F,2007-10-17,JG,2,2,126,N,DIOR,F,A,50,N,NA,NA,NA,NA,NA,NA
2007,F,2007-10-17,JG,2,2,131,N,DIOR,M,A,50,N,NA,NA,NA,NA,NA,NA
2007,F,2007-10-17,JG,2,2,136,N,DISP,NA,NA,0,NA,NA,Y,N,NA,NA,NA
2007,F,2007-10-17,JG,2,2,144,N,ONLE,M,A,24,N,NA,NA,NA,NA,NA,NA
2007,F,2007-10-17,JG,2,3,19,N,PGFL,M,A,6,N,NA,NA,NA,NA,4,NA
2007,F,2007-10-17,JG,2,3,20,Y,CHPE,NA,NA,0,NA,NA,NA,NA,NA,NA,NA
2007,F,2007-10-17,JG,2,3,21,Y,CHPE,NA,NA,0,NA,NA,NA,NA,NA,NA,NA
2007,F,2007-10-17,JG,2,3,25,Y,DIOR,NA,NA,0,NA,NA,NA,NA,NA,NA,NA
2007,F,2007-10-17,JG,2,3,30,Y,DIOR,NA,NA,0,NA,NA,NA,NA,NA,NA,NA
2007,F,2007-10-17,JG,2,3,34,N,DIOR,M,A,64,Y,PS,NA,NA,NA,NA,NA
2007,F,2007-10-17,JG,2,3,35,N,SIHI,NA,J,41,N,NA,NA,NA,NA,NA,NA
2007,F,2007-10-17,JG,2,3,36,N,CHPE,F,A,18,N,NA,NA,NA,NA,NA,NA
2007,F,2007-10-17,JG,2,3,38,Y,DIOR,NA,NA,0,NA,NA,NA,NA,NA,NA,NA
2007,F,2007-10-17,JG,2,3,41,Y,DISP,NA,NA,0,NA,NA,NA,NA,NA,NA,NA
2007,F,2007-10-17,JG,2,3,44,N,PGFL,M,A,8,N,NA,NA,NA,NA,NA,NA
2007,F,2007-10-17,JG,2,3,45,N,SIHI,NA,J,34,N,NA,NA,NA,NA,NA,NA
2007,F,2007-10-17,JG,2,3,47,N,NEMI,NA,J,105,N,NA,NA,NA,NA,NA,NA
2007,F,2007-10-17,JG,2,3,48,N,ONAR,M,A,20,N,NA,NA,NA,NA,NA,NA
2007,F,2007-10-17,JG,2,3,49,N,DIOR,M,A,52,Y,PS,NA,NA,NA,NA,NA
2007,F,2007-10-17,JG,2,3,50,N,DIOR,M,A,60,Y,S,NA,NA,NA,NA,NA
2007,F,2007-10-17,JG,2,3,51,N,CHPE,M,A,14,N,NA,NA,NA,NA,NA,NA
2007,F,2007-10-17,JG,2,3,59,N,DIOR,F,A,54,N,NA,NA,NA,NA,NA,NA
2007,F,2007-10-17,JG,2,3,60,Y,DIOR,NA,NA,0,NA,NA,NA,NA,NA,NA,NA
2007,F,2007-10-17,JG,2,3,61,N,PELE,M,A,14,Y,PS,NA,NA,NA,NA,NA
2007,F,2007-10-17,JG,2,3,62,N,PGFL,M,A,7,N,NA,NA,NA,NA,NA,NA
2007,F,2007-10-17,JG,2,3,66,Y,SIHI,NA,NA,0,NA,NA,NA,NA,NA,NA,NA
2007,F,2007-10-17,JG,2,3,67,N,SIHI,M,A,0,Y,S,Y,U,NA,NA,NA
2007,F,2007-10-17,JG,2,3,76,N,ONLE,F,A,19,N,NA,NA,NA,NA,NA,NA
2007,F,2007-10-17,JG,2,3,77,N,CHPE,M,A,16,Y,PS,NA,NA,NA,NA,NA
2007,F,2007-10-17,JG,2,3,78,Y,SIHI,NA,NA,0,NA,NA,NA,NA,NA,NA,NA
2007,F,2007-10-17,JG,2,3,79,Y,SIHI,NA,NA,0,NA,NA,NA,NA,NA,NA,NA
2007,F,2007-10-17,JG,2,3,83,N,PGFL,F,A,7,N,NA,NA,NA,NA,NA,NA
2007,F,2007-10-17,JG,2,3,85,N,PGFL,M,A,5,N,NA,NA,NA,NA,NA,NA
2007,F,2007-10-17,JG,2,3,93,N,DIOR,F,A,57,Y,P?,NA,NA,NA,NA,NA
2007,F,2007-10-17,JG,2,3,96,N,ONAR,M,A,27,N,NA,NA,NA,NA,NA,NA
2007,F,2007-10-17,JG,2,3,105,N,CHPE,F,A,28,Y,P,NA,NA,NA,NA,NA
2007,F,2007-10-17,JG,2,3,108,Y,NEMI,NA,NA,0,NA,NA,NA,NA,NA,NA,NA
2007,F,2007-10-17,JG,2,3,113,N,DISP,M,A,160,Y,PS,NA,NA,NA,NA,NA
2007,F,2007-10-17,JG,2,3,117,N,DIOR,F,A,60,N,NA,NA,NA,NA,NA,NA
2007,F,2007-10-17,JG,2,3,122,Y,ONLE,NA,NA,0,NA,NA,NA,NA,NA,NA,NA
2007,F,2007-10-17,JG,2,3,125,Y,PELE,NA,NA,0,NA,NA,NA,NA,NA,NA,NA
2007,F,2007-10-17,JG,2,3,127,N,DISP,F,A,150,N,NA,NA,NA,NA,NA,NA
2007,F,2007-10-17,JG,2,3,129,N,SIHI,NA,J,38,N,NA,NA,NA,NA,NA,NA
2007,F,2007-10-17,JG,2,3,133,N,CHPE,M,A,18,N,NA,NA,NA,NA,NA,NA
2007,F,2007-10-17,JG,2,3,141,N,CHPE,F,A,18,N,NA,NA,NA,NA,NA,NA
2007,F,2007-10-17,JG,2,3,145,N,CHPE,F,A,14,N,NA,NA,NA,NA,NA,NA
2007,F,2007-10-18,JG,3,1,1,Y,NEMI,NA,NA,0,NA,NA,NA,NA,NA,6,NA
2007,F,2007-10-18,JG,3,1,3,N,PGFL,M,A,6,N,NA,NA,NA,NA,NA,NA
2007,F,2007-10-18,JG,3,1,5,Y,DIOR,NA,NA,0,NA,NA,NA,NA,NA,NA,NA
2007,F,2007-10-18,JG,3,1,6,N,ONAR,M,A,30,N,NA,NA,NA,NA,NA,NA
2007,F,2007-10-18,JG,3,1,11,Y,DIOR,NA,NA,0,NA,NA,NA,NA,NA,NA,NA
2007,F,2007-10-18,JG,3,1,12,N,DIOR,M,A,34,Y,S,NA,NA,NA,NA,NA
2007,F,2007-10-18,JG,3,1,21,Y,DIOR,NA,NA,0,NA,NA,NA,NA,NA,NA,NA
2007,F,2007-10-18,JG,3,1,23,N,PGFL,M,A,7,N,NA,NA,NA,NA,NA,NA
2007,F,2007-10-18,JG,3,1,26,N,PELE,M,A,17,N,NA,NA,NA,NA,NA,NA
2007,F,2007-10-18,JG,3,1,27,N,PELE,F,A,18,N,NA,NA,NA,NA,NA,NA
2007,F,2007-10-18,JG,3,1,31,N,PGFL,F,A,7,N,NA,NA,NA,NA,NA,NA
2007,F,2007-10-18,JG,3,1,35,Y,CHPE,NA,NA,0,NA,NA,NA,NA,NA,NA,NA
2007,F,2007-10-18,JG,3,1,37,N,SIHI,M,A,46,N,NA,NA,NA,NA,NA,NA
2007,F,2007-10-18,JG,3,1,38,N,ONLE,F,A,23,Y,V,NA,NA,NA,NA,NA
2007,F,2007-10-18,JG,3,1,39,Y,CHPE,NA,NA,0,NA,NA,NA,NA,NA,NA,NA
2007,F,2007-10-18,JG,3,1,41,N,ONLE,M,A,33,N,NA,NA,NA,NA,NA,NA
2007,F,2007-10-18,JG,3,1,42,Y,DIOR,NA,NA,0,NA,NA,NA,NA,NA,NA,NA
2007,F,2007-10-18,JG,3,1,46,Y,DIOR,NA,NA,0,NA,NA,NA,NA,NA,NA,NA
2007,F,2007-10-18,JG,3,1,48,Y,PELE,NA,NA,0,NA,NA,NA,NA,NA,NA,NA
2007,F,2007-10-18,JG,3,1,49,Y,DIOR,NA,NA,0,NA,NA,NA,NA,NA,NA,NA
2007,F,2007-10-18,JG,3,1,50,N,PGFL,NA,J,5,N,NA,NA,NA,NA,NA,NA
2007,F,2007-10-18,JG,3,1,53,N,CHPE,F,A,13,N,NA,NA,NA,NA,NA,NA
2007,F,2007-10-18,JG,3,1,55,Y,DIOR,NA,NA,0,NA,NA,NA,NA,NA,NA,NA
2007,F,2007-10-18,JG,3,1,56,Y,CHPE,NA,NA,0,NA,NA,NA,NA,NA,NA,NA
2007,F,2007-10-18,JG,3,1,61,N,DIOR,F,A,35,Y,V,NA,NA,NA,NA,NA
2007,F,2007-10-18,JG,3,1,63,N,ONLE,M,A,21,N,NA,NA,NA,NA,NA,NA
2007,F,2007-10-18,JG,3,1,65,Y,DIOR,NA,NA,0,NA,NA,NA,NA,NA,NA,NA
2007,F,2007-10-18,JG,3,1,66,Y,CHPE,NA,NA,0,NA,NA,NA,NA,NA,NA,NA
2007,F,2007-10-18,JG,3,1,70,Y,NEMI,NA,NA,0,NA,NA,NA,NA,NA,NA,NA
2007,F,2007-10-18,JG,3,1,71,N,PGFL,M,A,6,N,NA,NA,NA,NA,NA,NA
2007,F,2007-10-18,JG,3,1,72,Y,DISP,NA,NA,0,NA,NA,NA,NA,NA,NA,NA
2007,F,2007-10-18,JG,3,1,75,Y,DIOR,NA,NA,0,NA,NA,NA,NA,NA,NA,NA
2007,F,2007-10-18,JG,3,1,81,Y,DIOR,NA,NA,0,NA,NA,NA,NA,NA,NA,NA
2007,F,2007-10-18,JG,3,1,89,Y,PGFL,NA,NA,0,NA,NA,NA,NA,NA,NA,NA
2007,F,2007-10-18,JG,3,1,90,Y,CHPE,NA,NA,0,NA,NA,NA,NA,NA,NA,NA
2007,F,2007-10-18,JG,3,1,91,Y,DIOR,NA,NA,0,NA,NA,NA,NA,NA,NA,NA
2007,F,2007-10-18,JG,3,1,92,N,DISP,M,A,130,N,NA,NA,NA,NA,NA,NA
2007,F,2007-10-18,JG,3,1,93,N,DISP,NA,NA,0,NA,NA,Y,U,NA,NA,NA
2007,F,2007-10-18,JG,3,1,100,Y,DIOR,NA,NA,0,NA,NA,NA,NA,NA,NA,NA
2007,F,2007-10-18,JG,3,1,101,N,ONLE,M,A,25,N,NA,NA,NA,NA,NA,NA
2007,F,2007-10-18,JG,3,1,102,Y,DIOR,NA,NA,0,NA,NA,NA,NA,NA,NA,NA
2007,F,2007-10-18,JG,3,1,103,Y,DIOR,NA,NA,0,NA,NA,NA,NA,NA,NA,NA
2007,F,2007-10-18,JG,3,1,105,Y,DIOR,NA,NA,0,NA,NA,NA,NA,NA,NA,NA
2007,F,2007-10-18,JG,3,1,106,Y,DIOR,NA,NA,0,NA,NA,NA,NA,NA,NA,NA
2007,F,2007-10-18,JG,3,1,108,NA,SIHI,NA,NA,0,NA,NA,Y,U,NA,NA,NA
2007,F,2007-10-18,JG,3,1,110,N,DIOR,M,A,59,Y,PS,NA,NA,NA,NA,NA
2007,F,2007-10-18,JG,3,1,114,Y,SIHI,NA,NA,0,NA,NA,NA,NA,NA,NA,NA
2007,F,2007-10-18,JG,3,1,115,N,DIOR,M,A,66,Y,S,NA,NA,NA,NA,NA
2007,F,2007-10-18,JG,3,1,120,Y,CHPE,NA,NA,0,NA,NA,NA,NA,NA,NA,NA
2007,F,2007-10-18,JG,3,1,121,Y,DIOR,NA,NA,0,NA,NA,NA,NA,NA,NA,NA
2007,F,2007-10-18,JG,3,1,123,Y,DISP,NA,NA,0,NA,NA,NA,NA,NA,NA,NA
2007,F,2007-10-18,JG,3,1,127,Y,DIOR,NA,NA,0,NA,NA,NA,NA,NA,NA,NA
2007,F,2007-10-18,JG,3,1,128,Y,SIHI,NA,NA,0,NA,NA,NA,NA,NA,NA,NA
2007,F,2007-10-18,JG,3,1,130,Y,DISP,NA,NA,0,NA,NA,NA,NA,NA,NA,NA
2007,F,2007-10-18,JG,3,1,131,N,DISP,F,A,140,N,NA,NA,NA,NA,NA,NA
2007,F,2007-10-18,JG,3,1,132,Y,CHPE,NA,NA,0,NA,NA,NA,NA,NA,NA,NA
2007,F,2007-10-18,JG,3,1,137,Y,PGFL,NA,NA,0,NA,NA,NA,NA,NA,NA,NA
2007,F,2007-10-18,JG,3,1,141,Y,DIOR,NA,NA,0,NA,NA,NA,NA,NA,NA,NA
2007,F,2007-10-18,JG,3,1,144,N,DIOR,M,A,0,Y,PS,Y,M,NA,NA,NA
2007,F,2007-10-18,JG,3,2,5,N,DIOR,M,A,65,Y,S,NA,NA,NA,4,NA
2007,F,2007-10-18,JG,3,2,7,Y,DIOR,NA,NA,0,NA,NA,NA,NA,NA,NA,NA
2007,F,2007-10-18,JG,3,2,13,Y,SPSP,NA,NA,0,NA,NA,NA,NA,NA,NA,NA
2007,F,2007-10-18,JG,3,2,14,N,ONLE,M,A,21,N,NA,NA,NA,NA,NA,NA
2007,F,2007-10-18,JG,3,2,15,Y,NEMI,NA,NA,0,NA,NA,NA,NA,NA,NA,NA
2007,F,2007-10-18,JG,3,2,17,Y,DIOR,NA,NA,0,NA,NA,NA,NA,NA,NA,NA
2007,F,2007-10-18,JG,3,2,19,Y,PELE,NA,NA,0,NA,NA,NA,NA,NA,NA,NA
2007,F,2007-10-18,JG,3,2,23,N,DIOR,F,A,60,N,NA,NA,NA,NA,NA,NA
2007,F,2007-10-18,JG,3,2,42,Y,DIOR,NA,NA,0,NA,NA,NA,NA,NA,NA,NA
2007,F,2007-10-18,JG,3,2,43,N,CHPE,M,A,15,Y,PS,NA,NA,NA,NA,NA
2007,F,2007-10-18,JG,3,2,46,Y,CHPE,NA,NA,0,NA,NA,NA,NA,NA,NA,NA
2007,F,2007-10-18,JG,3,2,47,Y,DISP,NA,NA,0,NA,NA,NA,NA,NA,NA,NA
2007,F,2007-10-18,JG,3,2,48,Y,DIOR,NA,NA,0,NA,NA,NA,NA,NA,NA,NA
2007,F,2007-10-18,JG,3,2,54,Y,DIOR,NA,NA,0,NA,NA,NA,NA,NA,NA,NA
2007,F,2007-10-18,JG,3,2,60,Y,DIOR,NA,NA,0,NA,NA,NA,NA,NA,NA,NA
2007,F,2007-10-18,JG,3,2,61,Y,PELE,NA,NA,0,NA,NA,NA,NA,NA,NA,NA
2007,F,2007-10-18,JG,3,2,62,N,SIHI,F,A,120,N,NA,NA,NA,NA,NA,NA
2007,F,2007-10-18,JG,3,2,63,N,SIHI,NA,J,44,N,NA,NA,NA,NA,NA,NA
2007,F,2007-10-18,JG,3,2,64,Y,DIOR,NA,NA,0,NA,NA,NA,NA,NA,NA,NA
2007,F,2007-10-18,JG,3,2,66,N,CHPE,M,A,19,N,NA,NA,NA,NA,NA,NA
2007,F,2007-10-18,JG,3,2,69,Y,CHPE,NA,NA,0,NA,NA,NA,NA,NA,NA,NA
2007,F,2007-10-18,JG,3,2,71,N,SPSP,M,A,95,N,NA,NA,NA,NA,NA,NA
2007,F,2007-10-18,JG,3,2,72,Y,DIOR,NA,NA,0,NA,NA,NA,NA,NA,NA,NA
2007,F,2007-10-18,JG,3,2,82,N,PGFL,M,A,8,N,NA,NA,NA,NA,NA,NA
2007,F,2007-10-18,JG,3,2,86,Y,PELE,NA,NA,0,NA,NA,NA,NA,NA,NA,NA
2007,F,2007-10-18,JG,3,2,89,Y,DIOR,NA,NA,0,NA,NA,NA,NA,NA,NA,NA
2007,F,2007-10-18,JG,3,2,90,N,DISP,M,A,125,Y,PS,NA,NA,NA,NA,NA
2007,F,2007-10-18,JG,3,2,96,N,NEMI,F,A,0,N,NA,Y,U,NA,NA,NA
2007,F,2007-10-18,JG,3,2,100,Y,PELE,NA,NA,0,NA,NA,NA,NA,NA,NA,NA
2007,F,2007-10-18,JG,3,2,105,Y,NEMI,NA,NA,0,NA,NA,NA,NA,NA,NA,NA
2007,F,2007-10-18,JG,3,2,109,Y,DIOR,NA,NA,0,NA,NA,NA,NA,NA,NA,NA
2007,F,2007-10-18,JG,3,2,110,Y,DIOR,NA,NA,0,NA,NA,NA,NA,NA,NA,NA
2007,F,2007-10-18,JG,3,2,114,Y,DIOR,NA,NA,0,NA,NA,NA,NA,NA,NA,NA
2007,F,2007-10-18,JG,3,2,115,N,CHPE,F,A,13,N,NA,NA,NA,NA,NA,NA
2007,F,2007-10-18,JG,3,2,122,N,CHPE,F,A,13,N,NA,NA,NA,NA,NA,NA
2007,F,2007-10-18,JG,3,2,134,N,CHPE,F,A,14,N,NA,NA,NA,NA,NA,NA
2007,F,2007-10-18,JG,3,2,136,N,DISP,M,A,159,Y,S,NA,NA,NA,NA,NA
2007,F,2007-10-18,JG,3,2,138,N,PGFL,NA,J,5,N,NA,NA,NA,NA,NA,NA
2007,F,2007-10-18,JG,3,2,141,Y,DIOR,NA,NA,0,NA,NA,NA,NA,NA,NA,NA
2007,F,2007-10-18,JG,3,2,143,N,ONLE,F,A,30,Y,P,NA,NA,NA,NA,NA
2007,F,2007-10-18,JG,3,2,144,N,CHPE,F,A,8,N,NA,NA,NA,NA,NA,NA
2007,F,2007-10-18,JG,3,3,12,N,SIHI,M,A,56,N,NA,NA,NA,NA,3,NA
2007,F,2007-10-18,JG,3,3,17,Y,DIOR,NA,NA,0,NA,NA,NA,NA,NA,NA,NA
2007,F,2007-10-18,JG,3,3,21,Y,CHPE,NA,NA,0,NA,NA,NA,NA,NA,NA,NA
2007,F,2007-10-18,JG,3,3,30,N,CHPE,M,A,16,N,NA,NA,NA,NA,NA,NA
2007,F,2007-10-18,JG,3,3,33,Y,CHPE,NA,NA,0,NA,NA,NA,NA,NA,NA,NA
2007,F,2007-10-18,JG,3,3,34,N,CHPE,F,A,18,N,NA,NA,NA,NA,NA,NA
2007,F,2007-10-18,JG,3,3,35,Y,SIHI,NA,NA,0,NA,NA,NA,NA,NA,NA,NA
2007,F,2007-10-18,JG,3,3,36,N,SIHI,NA,J,38,N,NA,NA,NA,NA,NA,NA
2007,F,2007-10-18,JG,3,3,40,N,SIHI,NA,J,45,N,NA,NA,NA,NA,NA,NA
2007,F,2007-10-18,JG,3,3,41,Y,DISP,NA,NA,0,NA,NA,NA,NA,NA,NA,NA
2007,F,2007-10-18,JG,3,3,47,Y,NEMI,NA,NA,0,NA,NA,NA,NA,NA,NA,NA
2007,F,2007-10-18,JG,3,3,49,Y,DISP,NA,NA,0,NA,NA,NA,NA,NA,NA,NA
2007,F,2007-10-18,JG,3,3,50,N,PELE,M,A,20,N,NA,NA,NA,NA,NA,NA
2007,F,2007-10-18,JG,3,3,51,Y,DIOR,NA,NA,0,NA,NA,NA,NA,NA,NA,NA
2007,F,2007-10-18,JG,3,3,52,Y,CHPE,NA,NA,0,NA,NA,NA,NA,NA,NA,NA
2007,F,2007-10-18,JG,3,3,58,N,SIHI,NA,J,42,N,NA,NA,NA,NA,NA,NA
2007,F,2007-10-18,JG,3,3,59,Y,DIOR,NA,NA,0,NA,NA,NA,NA,NA,NA,NA
2007,F,2007-10-18,JG,3,3,60,Y,DIOR,NA,NA,0,NA,NA,NA,NA,NA,NA,NA
2007,F,2007-10-18,JG,3,3,67,Y,SIHI,NA,NA,0,NA,NA,NA,NA,NA,NA,NA
2007,F,2007-10-18,JG,3,3,69,Y,SIHI,NA,NA,0,NA,NA,NA,NA,NA,NA,NA
2007,F,2007-10-18,JG,3,3,78,Y,SIHI,NA,NA,0,NA,NA,NA,NA,NA,NA,NA
2007,F,2007-10-18,JG,3,3,82,Y,DIOR,NA,NA,0,NA,NA,NA,NA,NA,NA,NA
2007,F,2007-10-18,JG,3,3,84,Y,PGFL,NA,NA,0,NA,NA,NA,NA,NA,NA,NA
2007,F,2007-10-18,JG,3,3,92,Y,SIHI,NA,NA,0,NA,NA,NA,NA,NA,NA,NA
2007,F,2007-10-18,JG,3,3,94,N,ONLE,F,A,22,Y,V,NA,NA,NA,NA,NA
2007,F,2007-10-18,JG,3,3,96,Y,DIOR,NA,NA,0,NA,NA,NA,NA,NA,NA,NA
2007,F,2007-10-18,JG,3,3,97,N,PGFL,F,A,8,N,NA,NA,NA,NA,NA,NA
2007,F,2007-10-18,JG,3,3,99,Y,ONLE,NA,NA,0,NA,NA,NA,NA,NA,NA,NA
2007,F,2007-10-18,JG,3,3,101,N,PGFL,M,A,8,N,NA,NA,NA,NA,NA,NA
2007,F,2007-10-18,JG,3,3,102,N,PGFL,F,A,9,N,NA,NA,NA,NA,NA,NA
2007,F,2007-10-18,JG,3,3,103,Y,DIOR,NA,NA,0,NA,NA,NA,NA,NA,NA,NA
2007,F,2007-10-18,JG,3,3,105,Y,DISP,NA,NA,0,NA,NA,NA,NA,NA,NA,NA
2007,F,2007-10-18,JG,3,3,106,N,PGFL,M,A,9,Y,S,NA,NA,NA,NA,NA
2007,F,2007-10-18,JG,3,3,107,Y,NEMI,NA,NA,0,NA,NA,NA,NA,NA,NA,NA
2007,F,2007-10-18,JG,3,3,117,N,ONLE,F,A,27,Y,P,NA,NA,NA,NA,NA
2007,F,2007-10-18,JG,3,3,118,N,SIHI,NA,J,44,N,NA,NA,NA,NA,NA,NA
2007,F,2007-10-18,JG,3,3,120,N,PGFL,M,A,7,N,NA,NA,NA,NA,NA,NA
2007,F,2007-10-18,JG,3,3,124,N,ONLE,F,A,25,N,NA,NA,NA,NA,NA,NA
2007,F,2007-10-18,JG,3,3,125,Y,ONLE,NA,NA,0,NA,NA,NA,NA,NA,NA,NA
2007,F,2007-10-18,JG,3,3,126,Y,DISP,NA,NA,0,NA,NA,NA,NA,NA,NA,NA
2007,F,2007-10-18,JG,3,3,127,N,CHPE,F,A,14,N,NA,NA,NA,NA,NA,NA
2007,F,2007-10-18,JG,3,3,130,N,PGFL,M,A,8,N,NA,NA,NA,NA,NA,NA
2007,F,2007-10-18,JG,3,3,133,Y,CHPE,NA,NA,0,NA,NA,NA,NA,NA,NA,NA
2007,F,2007-10-18,JG,3,3,135,Y,DIOR,NA,NA,0,NA,NA,NA,NA,NA,NA,NA
2007,F,2007-10-18,JG,3,3,136,N,PELE,F,A,20,N,NA,NA,NA,NA,NA,NA
2007,F,2007-10-18,JG,3,3,138,N,SIHI,NA,J,40,N,NA,NA,NA,NA,NA,NA
2007,F,2007-10-18,JG,3,3,141,Y,CHPE,NA,NA,0,NA,NA,NA,NA,NA,NA,NA
2007,F,2007-10-18,JG,3,3,144,N,NEAL,F,A,150,N,NA,NA,NA,NA,NA,NA
2007,F,2007-10-18,JG,3,3,145,Y,DIOR,NA,NA,0,NA,NA,NA,NA,NA,NA,NA
